<?xml version="1.0" encoding="UTF-8"?><gpx creator="Wikiloc - https://www.wikiloc.com" version="1.1" xmlns="http://www.topografix.com/GPX/1/1" xmlns:xsi="http://www.w3.org/2001/XMLSchema-instance" xsi:schemaLocation="http://www.topografix.com/GPX/1/1 http://www.topografix.com/GPX/1/1/gpx.xsd"><metadata><name>Wikiloc - 10/17/21, 5:04 PM</name><author><name>Koushik Jandhyala 1</name><link href="https://www.wikiloc.com/wikiloc/user.do?id=9382037"><text>Koushik Jandhyala 1 on Wikiloc</text></link></author><link href="https://www.wikiloc.com/cycling-trails/10-17-21-5-04-pm-86742630"><text>10/17/21, 5:04 PM on Wikiloc</text></link><time>2021-10-18T01:24:33Z</time></metadata><trk><name>10/17/21, 5:04 PM - Wikiloc</name><cmt></cmt><desc></desc><trkseg><trkpt lat="32.971190" lon="-117.202880"><ele>70.522</ele><time>2021-10-18T02:04:35Z</time></trkpt><trkpt lat="32.971237" lon="-117.202896"><ele>70.562</ele><time>2021-10-18T02:04:37Z</time></trkpt><trkpt lat="32.971280" lon="-117.202919"><ele>70.508</ele><time>2021-10-18T02:04:39Z</time></trkpt><trkpt lat="32.971320" lon="-117.202973"><ele>70.508</ele><time>2021-10-18T02:04:42Z</time></trkpt><trkpt lat="32.971272" lon="-117.202977"><ele>70.580</ele><time>2021-10-18T02:04:49Z</time></trkpt><trkpt lat="32.971231" lon="-117.202941"><ele>70.468</ele><time>2021-10-18T02:04:52Z</time></trkpt><trkpt lat="32.971191" lon="-117.202874"><ele>70.389</ele><time>2021-10-18T02:04:55Z</time></trkpt><trkpt lat="32.971177" lon="-117.202803"><ele>70.386</ele><time>2021-10-18T02:04:57Z</time></trkpt><trkpt lat="32.971161" lon="-117.202723"><ele>70.314</ele><time>2021-10-18T02:04:59Z</time></trkpt><trkpt lat="32.971159" lon="-117.202643"><ele>70.488</ele><time>2021-10-18T02:05:01Z</time></trkpt><trkpt lat="32.971157" lon="-117.202563"><ele>70.465</ele><time>2021-10-18T02:05:03Z</time></trkpt><trkpt lat="32.971151" lon="-117.202468"><ele>70.542</ele><time>2021-10-18T02:05:05Z</time></trkpt><trkpt lat="32.971153" lon="-117.202371"><ele>70.687</ele><time>2021-10-18T02:05:07Z</time></trkpt><trkpt lat="32.971156" lon="-117.202279"><ele>70.742</ele><time>2021-10-18T02:05:09Z</time></trkpt><trkpt lat="32.971191" lon="-117.202219"><ele>70.826</ele><time>2021-10-18T02:05:10Z</time></trkpt><trkpt lat="32.971172" lon="-117.202142"><ele>71.008</ele><time>2021-10-18T02:05:12Z</time></trkpt><trkpt lat="32.971152" lon="-117.202055"><ele>71.166</ele><time>2021-10-18T02:05:14Z</time></trkpt><trkpt lat="32.971136" lon="-117.201976"><ele>71.244</ele><time>2021-10-18T02:05:16Z</time></trkpt><trkpt lat="32.971120" lon="-117.201894"><ele>71.435</ele><time>2021-10-18T02:05:18Z</time></trkpt><trkpt lat="32.971106" lon="-117.201802"><ele>71.762</ele><time>2021-10-18T02:05:20Z</time></trkpt><trkpt lat="32.971067" lon="-117.201736"><ele>72.060</ele><time>2021-10-18T02:05:21Z</time></trkpt><trkpt lat="32.971068" lon="-117.201648"><ele>72.154</ele><time>2021-10-18T02:05:23Z</time></trkpt><trkpt lat="32.971074" lon="-117.201560"><ele>72.251</ele><time>2021-10-18T02:05:25Z</time></trkpt><trkpt lat="32.971086" lon="-117.201471"><ele>72.358</ele><time>2021-10-18T02:05:27Z</time></trkpt><trkpt lat="32.971099" lon="-117.201369"><ele>72.484</ele><time>2021-10-18T02:05:29Z</time></trkpt><trkpt lat="32.971110" lon="-117.201317"><ele>72.707</ele><time>2021-10-18T02:05:30Z</time></trkpt><trkpt lat="32.971146" lon="-117.201224"><ele>72.917</ele><time>2021-10-18T02:05:32Z</time></trkpt><trkpt lat="32.971181" lon="-117.201135"><ele>73.008</ele><time>2021-10-18T02:05:34Z</time></trkpt><trkpt lat="32.971171" lon="-117.201054"><ele>73.226</ele><time>2021-10-18T02:05:36Z</time></trkpt><trkpt lat="32.971138" lon="-117.200984"><ele>73.454</ele><time>2021-10-18T02:05:37Z</time></trkpt><trkpt lat="32.971124" lon="-117.200909"><ele>73.545</ele><time>2021-10-18T02:05:39Z</time></trkpt><trkpt lat="32.971105" lon="-117.200851"><ele>73.552</ele><time>2021-10-18T02:05:41Z</time></trkpt><trkpt lat="32.971129" lon="-117.200798"><ele>73.780</ele><time>2021-10-18T02:05:43Z</time></trkpt><trkpt lat="32.971179" lon="-117.200730"><ele>74.254</ele><time>2021-10-18T02:05:45Z</time></trkpt><trkpt lat="32.971235" lon="-117.200657"><ele>74.811</ele><time>2021-10-18T02:05:47Z</time></trkpt><trkpt lat="32.971270" lon="-117.200613"><ele>74.898</ele><time>2021-10-18T02:05:48Z</time></trkpt><trkpt lat="32.971332" lon="-117.200553"><ele>74.927</ele><time>2021-10-18T02:05:50Z</time></trkpt><trkpt lat="32.971402" lon="-117.200501"><ele>75.068</ele><time>2021-10-18T02:05:52Z</time></trkpt><trkpt lat="32.971437" lon="-117.200461"><ele>75.014</ele><time>2021-10-18T02:05:53Z</time></trkpt><trkpt lat="32.971473" lon="-117.200419"><ele>75.008</ele><time>2021-10-18T02:05:54Z</time></trkpt><trkpt lat="32.971505" lon="-117.200379"><ele>75.020</ele><time>2021-10-18T02:05:55Z</time></trkpt><trkpt lat="32.971536" lon="-117.200301"><ele>75.098</ele><time>2021-10-18T02:05:57Z</time></trkpt><trkpt lat="32.971501" lon="-117.200217"><ele>75.099</ele><time>2021-10-18T02:05:59Z</time></trkpt><trkpt lat="32.971463" lon="-117.200140"><ele>74.836</ele><time>2021-10-18T02:06:01Z</time></trkpt><trkpt lat="32.971478" lon="-117.200054"><ele>74.894</ele><time>2021-10-18T02:06:03Z</time></trkpt><trkpt lat="32.971470" lon="-117.199965"><ele>75.058</ele><time>2021-10-18T02:06:05Z</time></trkpt><trkpt lat="32.971433" lon="-117.199871"><ele>75.045</ele><time>2021-10-18T02:06:07Z</time></trkpt><trkpt lat="32.971421" lon="-117.199818"><ele>74.742</ele><time>2021-10-18T02:06:08Z</time></trkpt><trkpt lat="32.971412" lon="-117.199765"><ele>74.523</ele><time>2021-10-18T02:06:09Z</time></trkpt><trkpt lat="32.971409" lon="-117.199704"><ele>74.583</ele><time>2021-10-18T02:06:10Z</time></trkpt><trkpt lat="32.971410" lon="-117.199637"><ele>73.911</ele><time>2021-10-18T02:06:11Z</time></trkpt><trkpt lat="32.971419" lon="-117.199568"><ele>73.908</ele><time>2021-10-18T02:06:12Z</time></trkpt><trkpt lat="32.971431" lon="-117.199499"><ele>73.950</ele><time>2021-10-18T02:06:13Z</time></trkpt><trkpt lat="32.971441" lon="-117.199425"><ele>73.728</ele><time>2021-10-18T02:06:14Z</time></trkpt><trkpt lat="32.971456" lon="-117.199359"><ele>73.779</ele><time>2021-10-18T02:06:15Z</time></trkpt><trkpt lat="32.971474" lon="-117.199300"><ele>73.626</ele><time>2021-10-18T02:06:16Z</time></trkpt><trkpt lat="32.971499" lon="-117.199245"><ele>73.674</ele><time>2021-10-18T02:06:17Z</time></trkpt><trkpt lat="32.971522" lon="-117.199190"><ele>73.638</ele><time>2021-10-18T02:06:18Z</time></trkpt><trkpt lat="32.971543" lon="-117.199139"><ele>73.675</ele><time>2021-10-18T02:06:19Z</time></trkpt><trkpt lat="32.971568" lon="-117.199034"><ele>73.672</ele><time>2021-10-18T02:06:20Z</time></trkpt><trkpt lat="32.971608" lon="-117.198957"><ele>73.775</ele><time>2021-10-18T02:06:22Z</time></trkpt><trkpt lat="32.971650" lon="-117.198874"><ele>73.828</ele><time>2021-10-18T02:06:24Z</time></trkpt><trkpt lat="32.971689" lon="-117.198797"><ele>73.920</ele><time>2021-10-18T02:06:26Z</time></trkpt><trkpt lat="32.971730" lon="-117.198719"><ele>73.908</ele><time>2021-10-18T02:06:28Z</time></trkpt><trkpt lat="32.971773" lon="-117.198634"><ele>73.925</ele><time>2021-10-18T02:06:30Z</time></trkpt><trkpt lat="32.971814" lon="-117.198551"><ele>74.013</ele><time>2021-10-18T02:06:32Z</time></trkpt><trkpt lat="32.971857" lon="-117.198469"><ele>74.274</ele><time>2021-10-18T02:06:34Z</time></trkpt><trkpt lat="32.971903" lon="-117.198380"><ele>74.331</ele><time>2021-10-18T02:06:36Z</time></trkpt><trkpt lat="32.971926" lon="-117.198333"><ele>74.439</ele><time>2021-10-18T02:06:37Z</time></trkpt><trkpt lat="32.971951" lon="-117.198287"><ele>74.513</ele><time>2021-10-18T02:06:38Z</time></trkpt><trkpt lat="32.971993" lon="-117.198199"><ele>74.710</ele><time>2021-10-18T02:06:40Z</time></trkpt><trkpt lat="32.972031" lon="-117.198104"><ele>74.757</ele><time>2021-10-18T02:06:42Z</time></trkpt><trkpt lat="32.972048" lon="-117.198054"><ele>74.997</ele><time>2021-10-18T02:06:43Z</time></trkpt><trkpt lat="32.972082" lon="-117.197960"><ele>75.023</ele><time>2021-10-18T02:06:45Z</time></trkpt><trkpt lat="32.972115" lon="-117.197865"><ele>75.125</ele><time>2021-10-18T02:06:47Z</time></trkpt><trkpt lat="32.972131" lon="-117.197734"><ele>75.208</ele><time>2021-10-18T02:06:49Z</time></trkpt><trkpt lat="32.972141" lon="-117.197627"><ele>75.287</ele><time>2021-10-18T02:06:51Z</time></trkpt><trkpt lat="32.972145" lon="-117.197573"><ele>75.595</ele><time>2021-10-18T02:06:52Z</time></trkpt><trkpt lat="32.972148" lon="-117.197520"><ele>75.846</ele><time>2021-10-18T02:06:53Z</time></trkpt><trkpt lat="32.972151" lon="-117.197414"><ele>75.883</ele><time>2021-10-18T02:06:55Z</time></trkpt><trkpt lat="32.972155" lon="-117.197308"><ele>75.951</ele><time>2021-10-18T02:06:57Z</time></trkpt><trkpt lat="32.972161" lon="-117.197201"><ele>75.935</ele><time>2021-10-18T02:06:59Z</time></trkpt><trkpt lat="32.972165" lon="-117.197146"><ele>75.912</ele><time>2021-10-18T02:07:00Z</time></trkpt><trkpt lat="32.972167" lon="-117.197091"><ele>76.019</ele><time>2021-10-18T02:07:01Z</time></trkpt><trkpt lat="32.972164" lon="-117.197037"><ele>76.158</ele><time>2021-10-18T02:07:02Z</time></trkpt><trkpt lat="32.972153" lon="-117.196931"><ele>76.152</ele><time>2021-10-18T02:07:04Z</time></trkpt><trkpt lat="32.972146" lon="-117.196878"><ele>76.117</ele><time>2021-10-18T02:07:05Z</time></trkpt><trkpt lat="32.972112" lon="-117.196792"><ele>76.208</ele><time>2021-10-18T02:07:06Z</time></trkpt><trkpt lat="32.972097" lon="-117.196706"><ele>76.323</ele><time>2021-10-18T02:07:08Z</time></trkpt><trkpt lat="32.972069" lon="-117.196616"><ele>76.471</ele><time>2021-10-18T02:07:10Z</time></trkpt><trkpt lat="32.972033" lon="-117.196531"><ele>76.572</ele><time>2021-10-18T02:07:12Z</time></trkpt><trkpt lat="32.971996" lon="-117.196442"><ele>76.639</ele><time>2021-10-18T02:07:14Z</time></trkpt><trkpt lat="32.971952" lon="-117.196347"><ele>76.757</ele><time>2021-10-18T02:07:16Z</time></trkpt><trkpt lat="32.971931" lon="-117.196298"><ele>76.821</ele><time>2021-10-18T02:07:17Z</time></trkpt><trkpt lat="32.971882" lon="-117.196212"><ele>76.868</ele><time>2021-10-18T02:07:19Z</time></trkpt><trkpt lat="32.971822" lon="-117.196140"><ele>76.835</ele><time>2021-10-18T02:07:21Z</time></trkpt><trkpt lat="32.971775" lon="-117.196131"><ele>76.846</ele><time>2021-10-18T02:07:22Z</time></trkpt><trkpt lat="32.971710" lon="-117.196061"><ele>77.188</ele><time>2021-10-18T02:07:24Z</time></trkpt><trkpt lat="32.971670" lon="-117.196034"><ele>77.116</ele><time>2021-10-18T02:07:25Z</time></trkpt><trkpt lat="32.971591" lon="-117.195989"><ele>77.408</ele><time>2021-10-18T02:07:27Z</time></trkpt><trkpt lat="32.971509" lon="-117.195952"><ele>77.482</ele><time>2021-10-18T02:07:29Z</time></trkpt><trkpt lat="32.971465" lon="-117.195933"><ele>77.480</ele><time>2021-10-18T02:07:30Z</time></trkpt><trkpt lat="32.971419" lon="-117.195915"><ele>77.451</ele><time>2021-10-18T02:07:31Z</time></trkpt><trkpt lat="32.971375" lon="-117.195898"><ele>77.468</ele><time>2021-10-18T02:07:32Z</time></trkpt><trkpt lat="32.971291" lon="-117.195869"><ele>77.326</ele><time>2021-10-18T02:07:34Z</time></trkpt><trkpt lat="32.971245" lon="-117.195854"><ele>77.350</ele><time>2021-10-18T02:07:35Z</time></trkpt><trkpt lat="32.971199" lon="-117.195838"><ele>77.267</ele><time>2021-10-18T02:07:36Z</time></trkpt><trkpt lat="32.971153" lon="-117.195819"><ele>77.274</ele><time>2021-10-18T02:07:37Z</time></trkpt><trkpt lat="32.971092" lon="-117.195807"><ele>77.216</ele><time>2021-10-18T02:07:38Z</time></trkpt><trkpt lat="32.971050" lon="-117.195785"><ele>77.276</ele><time>2021-10-18T02:07:39Z</time></trkpt><trkpt lat="32.971005" lon="-117.195764"><ele>77.213</ele><time>2021-10-18T02:07:40Z</time></trkpt><trkpt lat="32.970960" lon="-117.195741"><ele>77.408</ele><time>2021-10-18T02:07:41Z</time></trkpt><trkpt lat="32.970916" lon="-117.195713"><ele>77.649</ele><time>2021-10-18T02:07:42Z</time></trkpt><trkpt lat="32.970872" lon="-117.195686"><ele>77.737</ele><time>2021-10-18T02:07:43Z</time></trkpt><trkpt lat="32.970830" lon="-117.195656"><ele>77.898</ele><time>2021-10-18T02:07:44Z</time></trkpt><trkpt lat="32.970789" lon="-117.195624"><ele>77.835</ele><time>2021-10-18T02:07:45Z</time></trkpt><trkpt lat="32.970747" lon="-117.195589"><ele>77.973</ele><time>2021-10-18T02:07:46Z</time></trkpt><trkpt lat="32.970705" lon="-117.195554"><ele>78.027</ele><time>2021-10-18T02:07:47Z</time></trkpt><trkpt lat="32.970662" lon="-117.195518"><ele>78.024</ele><time>2021-10-18T02:07:48Z</time></trkpt><trkpt lat="32.970618" lon="-117.195480"><ele>78.011</ele><time>2021-10-18T02:07:49Z</time></trkpt><trkpt lat="32.970575" lon="-117.195442"><ele>78.082</ele><time>2021-10-18T02:07:50Z</time></trkpt><trkpt lat="32.970531" lon="-117.195403"><ele>77.843</ele><time>2021-10-18T02:07:51Z</time></trkpt><trkpt lat="32.970487" lon="-117.195364"><ele>77.617</ele><time>2021-10-18T02:07:52Z</time></trkpt><trkpt lat="32.970446" lon="-117.195326"><ele>77.608</ele><time>2021-10-18T02:07:53Z</time></trkpt><trkpt lat="32.970378" lon="-117.195282"><ele>77.356</ele><time>2021-10-18T02:07:54Z</time></trkpt><trkpt lat="32.970341" lon="-117.195244"><ele>77.314</ele><time>2021-10-18T02:07:55Z</time></trkpt><trkpt lat="32.970304" lon="-117.195206"><ele>77.135</ele><time>2021-10-18T02:07:56Z</time></trkpt><trkpt lat="32.970266" lon="-117.195167"><ele>77.172</ele><time>2021-10-18T02:07:57Z</time></trkpt><trkpt lat="32.970229" lon="-117.195126"><ele>77.190</ele><time>2021-10-18T02:07:58Z</time></trkpt><trkpt lat="32.970192" lon="-117.195085"><ele>77.194</ele><time>2021-10-18T02:07:59Z</time></trkpt><trkpt lat="32.970148" lon="-117.195048"><ele>77.161</ele><time>2021-10-18T02:08:00Z</time></trkpt><trkpt lat="32.970109" lon="-117.195003"><ele>77.248</ele><time>2021-10-18T02:08:01Z</time></trkpt><trkpt lat="32.970069" lon="-117.194963"><ele>77.288</ele><time>2021-10-18T02:08:02Z</time></trkpt><trkpt lat="32.970029" lon="-117.194932"><ele>77.224</ele><time>2021-10-18T02:08:03Z</time></trkpt><trkpt lat="32.969988" lon="-117.194903"><ele>77.226</ele><time>2021-10-18T02:08:04Z</time></trkpt><trkpt lat="32.969945" lon="-117.194873"><ele>77.108</ele><time>2021-10-18T02:08:05Z</time></trkpt><trkpt lat="32.969902" lon="-117.194845"><ele>77.046</ele><time>2021-10-18T02:08:06Z</time></trkpt><trkpt lat="32.969859" lon="-117.194821"><ele>76.924</ele><time>2021-10-18T02:08:07Z</time></trkpt><trkpt lat="32.969814" lon="-117.194799"><ele>76.985</ele><time>2021-10-18T02:08:08Z</time></trkpt><trkpt lat="32.969771" lon="-117.194768"><ele>76.712</ele><time>2021-10-18T02:08:09Z</time></trkpt><trkpt lat="32.969735" lon="-117.194729"><ele>76.560</ele><time>2021-10-18T02:08:10Z</time></trkpt><trkpt lat="32.969700" lon="-117.194686"><ele>76.564</ele><time>2021-10-18T02:08:11Z</time></trkpt><trkpt lat="32.969679" lon="-117.194634"><ele>76.221</ele><time>2021-10-18T02:08:12Z</time></trkpt><trkpt lat="32.969672" lon="-117.194578"><ele>75.938</ele><time>2021-10-18T02:08:13Z</time></trkpt><trkpt lat="32.969672" lon="-117.194523"><ele>75.767</ele><time>2021-10-18T02:08:14Z</time></trkpt><trkpt lat="32.969668" lon="-117.194468"><ele>75.581</ele><time>2021-10-18T02:08:15Z</time></trkpt><trkpt lat="32.969639" lon="-117.194400"><ele>75.519</ele><time>2021-10-18T02:08:16Z</time></trkpt><trkpt lat="32.969601" lon="-117.194313"><ele>75.508</ele><time>2021-10-18T02:08:18Z</time></trkpt><trkpt lat="32.969567" lon="-117.194220"><ele>75.454</ele><time>2021-10-18T02:08:20Z</time></trkpt><trkpt lat="32.969579" lon="-117.194163"><ele>75.222</ele><time>2021-10-18T02:08:21Z</time></trkpt><trkpt lat="32.969603" lon="-117.194106"><ele>75.173</ele><time>2021-10-18T02:08:22Z</time></trkpt><trkpt lat="32.969641" lon="-117.194061"><ele>75.170</ele><time>2021-10-18T02:08:23Z</time></trkpt><trkpt lat="32.969679" lon="-117.194022"><ele>75.138</ele><time>2021-10-18T02:08:24Z</time></trkpt><trkpt lat="32.969717" lon="-117.193987"><ele>75.172</ele><time>2021-10-18T02:08:25Z</time></trkpt><trkpt lat="32.969753" lon="-117.193953"><ele>75.129</ele><time>2021-10-18T02:08:26Z</time></trkpt><trkpt lat="32.969787" lon="-117.193917"><ele>75.296</ele><time>2021-10-18T02:08:27Z</time></trkpt><trkpt lat="32.969819" lon="-117.193874"><ele>75.322</ele><time>2021-10-18T02:08:28Z</time></trkpt><trkpt lat="32.969854" lon="-117.193829"><ele>75.562</ele><time>2021-10-18T02:08:29Z</time></trkpt><trkpt lat="32.969888" lon="-117.193788"><ele>75.708</ele><time>2021-10-18T02:08:30Z</time></trkpt><trkpt lat="32.969923" lon="-117.193746"><ele>75.708</ele><time>2021-10-18T02:08:31Z</time></trkpt><trkpt lat="32.969959" lon="-117.193706"><ele>75.840</ele><time>2021-10-18T02:08:32Z</time></trkpt><trkpt lat="32.969997" lon="-117.193668"><ele>75.918</ele><time>2021-10-18T02:08:33Z</time></trkpt><trkpt lat="32.970035" lon="-117.193632"><ele>75.939</ele><time>2021-10-18T02:08:34Z</time></trkpt><trkpt lat="32.970074" lon="-117.193596"><ele>76.126</ele><time>2021-10-18T02:08:35Z</time></trkpt><trkpt lat="32.970111" lon="-117.193562"><ele>76.344</ele><time>2021-10-18T02:08:36Z</time></trkpt><trkpt lat="32.970147" lon="-117.193526"><ele>76.458</ele><time>2021-10-18T02:08:37Z</time></trkpt><trkpt lat="32.970182" lon="-117.193490"><ele>76.485</ele><time>2021-10-18T02:08:38Z</time></trkpt><trkpt lat="32.970245" lon="-117.193417"><ele>76.562</ele><time>2021-10-18T02:08:40Z</time></trkpt><trkpt lat="32.970318" lon="-117.193370"><ele>76.397</ele><time>2021-10-18T02:08:42Z</time></trkpt><trkpt lat="32.970384" lon="-117.193355"><ele>76.323</ele><time>2021-10-18T02:08:44Z</time></trkpt><trkpt lat="32.970413" lon="-117.193307"><ele>76.425</ele><time>2021-10-18T02:08:50Z</time></trkpt><trkpt lat="32.970458" lon="-117.193283"><ele>76.508</ele><time>2021-10-18T02:08:54Z</time></trkpt><trkpt lat="32.970505" lon="-117.193245"><ele>76.857</ele><time>2021-10-18T02:08:56Z</time></trkpt><trkpt lat="32.970539" lon="-117.193191"><ele>76.955</ele><time>2021-10-18T02:08:58Z</time></trkpt><trkpt lat="32.970568" lon="-117.193116"><ele>77.016</ele><time>2021-10-18T02:09:00Z</time></trkpt><trkpt lat="32.970603" lon="-117.193028"><ele>77.333</ele><time>2021-10-18T02:09:02Z</time></trkpt><trkpt lat="32.970632" lon="-117.192911"><ele>77.331</ele><time>2021-10-18T02:09:04Z</time></trkpt><trkpt lat="32.970639" lon="-117.192809"><ele>77.445</ele><time>2021-10-18T02:09:06Z</time></trkpt><trkpt lat="32.970636" lon="-117.192704"><ele>77.582</ele><time>2021-10-18T02:09:08Z</time></trkpt><trkpt lat="32.970637" lon="-117.192650"><ele>77.569</ele><time>2021-10-18T02:09:09Z</time></trkpt><trkpt lat="32.970627" lon="-117.192596"><ele>77.524</ele><time>2021-10-18T02:09:10Z</time></trkpt><trkpt lat="32.970624" lon="-117.192488"><ele>77.804</ele><time>2021-10-18T02:09:12Z</time></trkpt><trkpt lat="32.970623" lon="-117.192432"><ele>77.814</ele><time>2021-10-18T02:09:13Z</time></trkpt><trkpt lat="32.970628" lon="-117.192326"><ele>77.808</ele><time>2021-10-18T02:09:15Z</time></trkpt><trkpt lat="32.970632" lon="-117.192272"><ele>77.880</ele><time>2021-10-18T02:09:16Z</time></trkpt><trkpt lat="32.970638" lon="-117.192218"><ele>77.848</ele><time>2021-10-18T02:09:17Z</time></trkpt><trkpt lat="32.970642" lon="-117.192117"><ele>77.949</ele><time>2021-10-18T02:09:19Z</time></trkpt><trkpt lat="32.970639" lon="-117.192016"><ele>77.966</ele><time>2021-10-18T02:09:21Z</time></trkpt><trkpt lat="32.970637" lon="-117.191907"><ele>78.184</ele><time>2021-10-18T02:09:23Z</time></trkpt><trkpt lat="32.970635" lon="-117.191850"><ele>78.198</ele><time>2021-10-18T02:09:24Z</time></trkpt><trkpt lat="32.970633" lon="-117.191791"><ele>78.065</ele><time>2021-10-18T02:09:25Z</time></trkpt><trkpt lat="32.970640" lon="-117.191731"><ele>77.882</ele><time>2021-10-18T02:09:26Z</time></trkpt><trkpt lat="32.970641" lon="-117.191671"><ele>77.866</ele><time>2021-10-18T02:09:27Z</time></trkpt><trkpt lat="32.970642" lon="-117.191612"><ele>77.629</ele><time>2021-10-18T02:09:28Z</time></trkpt><trkpt lat="32.970642" lon="-117.191547"><ele>77.421</ele><time>2021-10-18T02:09:29Z</time></trkpt><trkpt lat="32.970642" lon="-117.191481"><ele>77.408</ele><time>2021-10-18T02:09:30Z</time></trkpt><trkpt lat="32.970645" lon="-117.191418"><ele>77.354</ele><time>2021-10-18T02:09:31Z</time></trkpt><trkpt lat="32.970648" lon="-117.191355"><ele>77.282</ele><time>2021-10-18T02:09:32Z</time></trkpt><trkpt lat="32.970652" lon="-117.191295"><ele>77.223</ele><time>2021-10-18T02:09:33Z</time></trkpt><trkpt lat="32.970659" lon="-117.191236"><ele>77.180</ele><time>2021-10-18T02:09:34Z</time></trkpt><trkpt lat="32.970669" lon="-117.191173"><ele>77.048</ele><time>2021-10-18T02:09:35Z</time></trkpt><trkpt lat="32.970683" lon="-117.191107"><ele>76.972</ele><time>2021-10-18T02:09:36Z</time></trkpt><trkpt lat="32.970702" lon="-117.191043"><ele>76.829</ele><time>2021-10-18T02:09:37Z</time></trkpt><trkpt lat="32.970723" lon="-117.190980"><ele>76.846</ele><time>2021-10-18T02:09:38Z</time></trkpt><trkpt lat="32.970745" lon="-117.190918"><ele>76.892</ele><time>2021-10-18T02:09:39Z</time></trkpt><trkpt lat="32.970768" lon="-117.190859"><ele>76.873</ele><time>2021-10-18T02:09:40Z</time></trkpt><trkpt lat="32.970792" lon="-117.190798"><ele>76.820</ele><time>2021-10-18T02:09:41Z</time></trkpt><trkpt lat="32.970827" lon="-117.190679"><ele>76.808</ele><time>2021-10-18T02:09:42Z</time></trkpt><trkpt lat="32.970866" lon="-117.190591"><ele>77.087</ele><time>2021-10-18T02:09:44Z</time></trkpt><trkpt lat="32.970905" lon="-117.190500"><ele>77.635</ele><time>2021-10-18T02:09:46Z</time></trkpt><trkpt lat="32.970924" lon="-117.190449"><ele>77.596</ele><time>2021-10-18T02:09:47Z</time></trkpt><trkpt lat="32.970942" lon="-117.190397"><ele>77.483</ele><time>2021-10-18T02:09:48Z</time></trkpt><trkpt lat="32.970974" lon="-117.190303"><ele>77.491</ele><time>2021-10-18T02:09:50Z</time></trkpt><trkpt lat="32.971010" lon="-117.190209"><ele>77.495</ele><time>2021-10-18T02:09:52Z</time></trkpt><trkpt lat="32.971047" lon="-117.190123"><ele>77.682</ele><time>2021-10-18T02:09:54Z</time></trkpt><trkpt lat="32.971083" lon="-117.190044"><ele>77.829</ele><time>2021-10-18T02:09:56Z</time></trkpt><trkpt lat="32.971132" lon="-117.189909"><ele>78.396</ele><time>2021-10-18T02:09:58Z</time></trkpt><trkpt lat="32.971171" lon="-117.189823"><ele>78.331</ele><time>2021-10-18T02:10:00Z</time></trkpt><trkpt lat="32.971196" lon="-117.189731"><ele>78.124</ele><time>2021-10-18T02:10:02Z</time></trkpt><trkpt lat="32.971210" lon="-117.189680"><ele>78.108</ele><time>2021-10-18T02:10:03Z</time></trkpt><trkpt lat="32.971226" lon="-117.189624"><ele>78.127</ele><time>2021-10-18T02:10:04Z</time></trkpt><trkpt lat="32.971243" lon="-117.189570"><ele>78.145</ele><time>2021-10-18T02:10:05Z</time></trkpt><trkpt lat="32.971278" lon="-117.189473"><ele>78.156</ele><time>2021-10-18T02:10:07Z</time></trkpt><trkpt lat="32.971296" lon="-117.189421"><ele>77.993</ele><time>2021-10-18T02:10:08Z</time></trkpt><trkpt lat="32.971313" lon="-117.189371"><ele>77.971</ele><time>2021-10-18T02:10:09Z</time></trkpt><trkpt lat="32.971330" lon="-117.189321"><ele>77.925</ele><time>2021-10-18T02:10:10Z</time></trkpt><trkpt lat="32.971347" lon="-117.189270"><ele>77.972</ele><time>2021-10-18T02:10:11Z</time></trkpt><trkpt lat="32.971385" lon="-117.189174"><ele>78.289</ele><time>2021-10-18T02:10:13Z</time></trkpt><trkpt lat="32.971382" lon="-117.189106"><ele>78.217</ele><time>2021-10-18T02:10:14Z</time></trkpt><trkpt lat="32.971406" lon="-117.189060"><ele>79.087</ele><time>2021-10-18T02:10:15Z</time></trkpt><trkpt lat="32.971454" lon="-117.188976"><ele>79.315</ele><time>2021-10-18T02:10:17Z</time></trkpt><trkpt lat="32.971486" lon="-117.188933"><ele>79.408</ele><time>2021-10-18T02:10:18Z</time></trkpt><trkpt lat="32.971516" lon="-117.188889"><ele>79.479</ele><time>2021-10-18T02:10:19Z</time></trkpt><trkpt lat="32.971563" lon="-117.188797"><ele>79.427</ele><time>2021-10-18T02:10:21Z</time></trkpt><trkpt lat="32.971589" lon="-117.188753"><ele>79.428</ele><time>2021-10-18T02:10:22Z</time></trkpt><trkpt lat="32.971646" lon="-117.188664"><ele>79.245</ele><time>2021-10-18T02:10:24Z</time></trkpt><trkpt lat="32.971678" lon="-117.188621"><ele>79.243</ele><time>2021-10-18T02:10:25Z</time></trkpt><trkpt lat="32.971709" lon="-117.188582"><ele>79.217</ele><time>2021-10-18T02:10:26Z</time></trkpt><trkpt lat="32.971772" lon="-117.188509"><ele>79.254</ele><time>2021-10-18T02:10:28Z</time></trkpt><trkpt lat="32.971834" lon="-117.188433"><ele>79.331</ele><time>2021-10-18T02:10:30Z</time></trkpt><trkpt lat="32.971864" lon="-117.188392"><ele>79.484</ele><time>2021-10-18T02:10:31Z</time></trkpt><trkpt lat="32.971894" lon="-117.188347"><ele>79.507</ele><time>2021-10-18T02:10:32Z</time></trkpt><trkpt lat="32.971920" lon="-117.188303"><ele>79.617</ele><time>2021-10-18T02:10:33Z</time></trkpt><trkpt lat="32.971941" lon="-117.188250"><ele>79.608</ele><time>2021-10-18T02:10:34Z</time></trkpt><trkpt lat="32.971979" lon="-117.188157"><ele>79.886</ele><time>2021-10-18T02:10:36Z</time></trkpt><trkpt lat="32.972029" lon="-117.188029"><ele>80.084</ele><time>2021-10-18T02:10:38Z</time></trkpt><trkpt lat="32.972070" lon="-117.187946"><ele>80.415</ele><time>2021-10-18T02:10:40Z</time></trkpt><trkpt lat="32.972110" lon="-117.187856"><ele>80.412</ele><time>2021-10-18T02:10:42Z</time></trkpt><trkpt lat="32.972129" lon="-117.187804"><ele>80.430</ele><time>2021-10-18T02:10:43Z</time></trkpt><trkpt lat="32.972150" lon="-117.187753"><ele>80.474</ele><time>2021-10-18T02:10:44Z</time></trkpt><trkpt lat="32.972171" lon="-117.187702"><ele>80.531</ele><time>2021-10-18T02:10:45Z</time></trkpt><trkpt lat="32.972210" lon="-117.187605"><ele>80.598</ele><time>2021-10-18T02:10:47Z</time></trkpt><trkpt lat="32.972230" lon="-117.187556"><ele>80.576</ele><time>2021-10-18T02:10:48Z</time></trkpt><trkpt lat="32.972252" lon="-117.187506"><ele>80.990</ele><time>2021-10-18T02:10:49Z</time></trkpt><trkpt lat="32.972296" lon="-117.187407"><ele>81.119</ele><time>2021-10-18T02:10:51Z</time></trkpt><trkpt lat="32.972318" lon="-117.187358"><ele>81.108</ele><time>2021-10-18T02:10:52Z</time></trkpt><trkpt lat="32.972341" lon="-117.187312"><ele>81.255</ele><time>2021-10-18T02:10:53Z</time></trkpt><trkpt lat="32.972371" lon="-117.187222"><ele>81.253</ele><time>2021-10-18T02:10:55Z</time></trkpt><trkpt lat="32.972404" lon="-117.187139"><ele>81.254</ele><time>2021-10-18T02:10:57Z</time></trkpt><trkpt lat="32.972436" lon="-117.187044"><ele>81.761</ele><time>2021-10-18T02:10:59Z</time></trkpt><trkpt lat="32.972454" lon="-117.186994"><ele>82.039</ele><time>2021-10-18T02:11:00Z</time></trkpt><trkpt lat="32.972472" lon="-117.186940"><ele>82.163</ele><time>2021-10-18T02:11:01Z</time></trkpt><trkpt lat="32.972503" lon="-117.186849"><ele>82.170</ele><time>2021-10-18T02:11:03Z</time></trkpt><trkpt lat="32.972538" lon="-117.186756"><ele>82.547</ele><time>2021-10-18T02:11:05Z</time></trkpt><trkpt lat="32.972555" lon="-117.186706"><ele>82.582</ele><time>2021-10-18T02:11:06Z</time></trkpt><trkpt lat="32.972579" lon="-117.186608"><ele>83.143</ele><time>2021-10-18T02:11:08Z</time></trkpt><trkpt lat="32.972590" lon="-117.186465"><ele>83.217</ele><time>2021-10-18T02:11:10Z</time></trkpt><trkpt lat="32.972565" lon="-117.186390"><ele>83.208</ele><time>2021-10-18T02:11:12Z</time></trkpt><trkpt lat="32.972556" lon="-117.186300"><ele>83.046</ele><time>2021-10-18T02:11:14Z</time></trkpt><trkpt lat="32.972561" lon="-117.186205"><ele>82.734</ele><time>2021-10-18T02:11:16Z</time></trkpt><trkpt lat="32.972567" lon="-117.186111"><ele>82.575</ele><time>2021-10-18T02:11:18Z</time></trkpt><trkpt lat="32.972572" lon="-117.186021"><ele>82.422</ele><time>2021-10-18T02:11:20Z</time></trkpt><trkpt lat="32.972573" lon="-117.185931"><ele>82.230</ele><time>2021-10-18T02:11:22Z</time></trkpt><trkpt lat="32.972569" lon="-117.185877"><ele>82.144</ele><time>2021-10-18T02:11:23Z</time></trkpt><trkpt lat="32.972567" lon="-117.185822"><ele>82.191</ele><time>2021-10-18T02:11:24Z</time></trkpt><trkpt lat="32.972559" lon="-117.185723"><ele>82.188</ele><time>2021-10-18T02:11:26Z</time></trkpt><trkpt lat="32.972548" lon="-117.185625"><ele>82.177</ele><time>2021-10-18T02:11:28Z</time></trkpt><trkpt lat="32.972534" lon="-117.185538"><ele>81.961</ele><time>2021-10-18T02:11:30Z</time></trkpt><trkpt lat="32.972526" lon="-117.185442"><ele>81.727</ele><time>2021-10-18T02:11:32Z</time></trkpt><trkpt lat="32.972570" lon="-117.185362"><ele>81.608</ele><time>2021-10-18T02:11:34Z</time></trkpt><trkpt lat="32.972584" lon="-117.185276"><ele>81.655</ele><time>2021-10-18T02:11:36Z</time></trkpt><trkpt lat="32.972576" lon="-117.185172"><ele>81.783</ele><time>2021-10-18T02:11:38Z</time></trkpt><trkpt lat="32.972573" lon="-117.185115"><ele>81.854</ele><time>2021-10-18T02:11:39Z</time></trkpt><trkpt lat="32.972569" lon="-117.185061"><ele>81.991</ele><time>2021-10-18T02:11:40Z</time></trkpt><trkpt lat="32.972565" lon="-117.185006"><ele>81.919</ele><time>2021-10-18T02:11:41Z</time></trkpt><trkpt lat="32.972548" lon="-117.184900"><ele>82.033</ele><time>2021-10-18T02:11:42Z</time></trkpt><trkpt lat="32.972550" lon="-117.184807"><ele>82.060</ele><time>2021-10-18T02:11:44Z</time></trkpt><trkpt lat="32.972552" lon="-117.184753"><ele>82.277</ele><time>2021-10-18T02:11:45Z</time></trkpt><trkpt lat="32.972551" lon="-117.184699"><ele>82.288</ele><time>2021-10-18T02:11:46Z</time></trkpt><trkpt lat="32.972551" lon="-117.184644"><ele>82.324</ele><time>2021-10-18T02:11:47Z</time></trkpt><trkpt lat="32.972552" lon="-117.184586"><ele>82.326</ele><time>2021-10-18T02:11:48Z</time></trkpt><trkpt lat="32.972555" lon="-117.184526"><ele>82.308</ele><time>2021-10-18T02:11:49Z</time></trkpt><trkpt lat="32.972562" lon="-117.184465"><ele>82.386</ele><time>2021-10-18T02:11:50Z</time></trkpt><trkpt lat="32.972571" lon="-117.184404"><ele>82.384</ele><time>2021-10-18T02:11:51Z</time></trkpt><trkpt lat="32.972587" lon="-117.184346"><ele>82.375</ele><time>2021-10-18T02:11:52Z</time></trkpt><trkpt lat="32.972609" lon="-117.184288"><ele>82.362</ele><time>2021-10-18T02:11:53Z</time></trkpt><trkpt lat="32.972636" lon="-117.184231"><ele>82.330</ele><time>2021-10-18T02:11:54Z</time></trkpt><trkpt lat="32.972665" lon="-117.184176"><ele>82.344</ele><time>2021-10-18T02:11:55Z</time></trkpt><trkpt lat="32.972694" lon="-117.184129"><ele>82.361</ele><time>2021-10-18T02:11:56Z</time></trkpt><trkpt lat="32.972724" lon="-117.184077"><ele>82.398</ele><time>2021-10-18T02:11:57Z</time></trkpt><trkpt lat="32.972746" lon="-117.184011"><ele>82.393</ele><time>2021-10-18T02:11:58Z</time></trkpt><trkpt lat="32.972779" lon="-117.183965"><ele>82.365</ele><time>2021-10-18T02:11:59Z</time></trkpt><trkpt lat="32.972812" lon="-117.183915"><ele>82.121</ele><time>2021-10-18T02:12:00Z</time></trkpt><trkpt lat="32.972844" lon="-117.183866"><ele>81.908</ele><time>2021-10-18T02:12:01Z</time></trkpt><trkpt lat="32.972875" lon="-117.183820"><ele>81.877</ele><time>2021-10-18T02:12:02Z</time></trkpt><trkpt lat="32.972906" lon="-117.183766"><ele>81.745</ele><time>2021-10-18T02:12:03Z</time></trkpt><trkpt lat="32.972935" lon="-117.183714"><ele>81.746</ele><time>2021-10-18T02:12:04Z</time></trkpt><trkpt lat="32.972959" lon="-117.183659"><ele>81.763</ele><time>2021-10-18T02:12:05Z</time></trkpt><trkpt lat="32.972975" lon="-117.183600"><ele>81.771</ele><time>2021-10-18T02:12:06Z</time></trkpt><trkpt lat="32.972990" lon="-117.183541"><ele>81.515</ele><time>2021-10-18T02:12:07Z</time></trkpt><trkpt lat="32.973002" lon="-117.183480"><ele>81.332</ele><time>2021-10-18T02:12:08Z</time></trkpt><trkpt lat="32.973008" lon="-117.183422"><ele>81.369</ele><time>2021-10-18T02:12:09Z</time></trkpt><trkpt lat="32.973010" lon="-117.183361"><ele>81.117</ele><time>2021-10-18T02:12:10Z</time></trkpt><trkpt lat="32.973008" lon="-117.183298"><ele>80.987</ele><time>2021-10-18T02:12:11Z</time></trkpt><trkpt lat="32.973002" lon="-117.183235"><ele>80.915</ele><time>2021-10-18T02:12:12Z</time></trkpt><trkpt lat="32.972993" lon="-117.183175"><ele>80.908</ele><time>2021-10-18T02:12:13Z</time></trkpt><trkpt lat="32.972956" lon="-117.183005"><ele>80.999</ele><time>2021-10-18T02:12:14Z</time></trkpt><trkpt lat="32.972921" lon="-117.182934"><ele>80.967</ele><time>2021-10-18T02:12:16Z</time></trkpt><trkpt lat="32.972867" lon="-117.182846"><ele>81.128</ele><time>2021-10-18T02:12:18Z</time></trkpt><trkpt lat="32.972835" lon="-117.182800"><ele>81.365</ele><time>2021-10-18T02:12:19Z</time></trkpt><trkpt lat="32.972804" lon="-117.182760"><ele>81.583</ele><time>2021-10-18T02:12:20Z</time></trkpt><trkpt lat="32.972772" lon="-117.182719"><ele>81.527</ele><time>2021-10-18T02:12:21Z</time></trkpt><trkpt lat="32.972742" lon="-117.182676"><ele>81.514</ele><time>2021-10-18T02:12:22Z</time></trkpt><trkpt lat="32.972685" lon="-117.182603"><ele>81.791</ele><time>2021-10-18T02:12:24Z</time></trkpt><trkpt lat="32.972633" lon="-117.182512"><ele>81.882</ele><time>2021-10-18T02:12:26Z</time></trkpt><trkpt lat="32.972612" lon="-117.182457"><ele>82.043</ele><time>2021-10-18T02:12:27Z</time></trkpt><trkpt lat="32.972598" lon="-117.182401"><ele>82.117</ele><time>2021-10-18T02:12:28Z</time></trkpt><trkpt lat="32.972594" lon="-117.182347"><ele>82.108</ele><time>2021-10-18T02:12:29Z</time></trkpt><trkpt lat="32.972576" lon="-117.182260"><ele>82.476</ele><time>2021-10-18T02:12:30Z</time></trkpt><trkpt lat="32.972576" lon="-117.182199"><ele>82.494</ele><time>2021-10-18T02:12:31Z</time></trkpt><trkpt lat="32.972583" lon="-117.182142"><ele>82.485</ele><time>2021-10-18T02:12:32Z</time></trkpt><trkpt lat="32.972592" lon="-117.182086"><ele>82.692</ele><time>2021-10-18T02:12:33Z</time></trkpt><trkpt lat="32.972607" lon="-117.182032"><ele>82.830</ele><time>2021-10-18T02:12:34Z</time></trkpt><trkpt lat="32.972625" lon="-117.181980"><ele>82.834</ele><time>2021-10-18T02:12:35Z</time></trkpt><trkpt lat="32.972644" lon="-117.181926"><ele>82.971</ele><time>2021-10-18T02:12:36Z</time></trkpt><trkpt lat="32.972668" lon="-117.181871"><ele>83.038</ele><time>2021-10-18T02:12:37Z</time></trkpt><trkpt lat="32.972691" lon="-117.181818"><ele>83.033</ele><time>2021-10-18T02:12:38Z</time></trkpt><trkpt lat="32.972714" lon="-117.181769"><ele>83.023</ele><time>2021-10-18T02:12:39Z</time></trkpt><trkpt lat="32.972743" lon="-117.181724"><ele>83.015</ele><time>2021-10-18T02:12:40Z</time></trkpt><trkpt lat="32.972771" lon="-117.181674"><ele>83.108</ele><time>2021-10-18T02:12:41Z</time></trkpt><trkpt lat="32.972800" lon="-117.181628"><ele>83.251</ele><time>2021-10-18T02:12:42Z</time></trkpt><trkpt lat="32.972831" lon="-117.181582"><ele>83.359</ele><time>2021-10-18T02:12:43Z</time></trkpt><trkpt lat="32.972886" lon="-117.181497"><ele>83.450</ele><time>2021-10-18T02:12:45Z</time></trkpt><trkpt lat="32.972922" lon="-117.181388"><ele>83.687</ele><time>2021-10-18T02:12:46Z</time></trkpt><trkpt lat="32.972973" lon="-117.181311"><ele>84.265</ele><time>2021-10-18T02:12:48Z</time></trkpt><trkpt lat="32.972998" lon="-117.181266"><ele>84.289</ele><time>2021-10-18T02:12:49Z</time></trkpt><trkpt lat="32.973043" lon="-117.181189"><ele>84.386</ele><time>2021-10-18T02:12:51Z</time></trkpt><trkpt lat="32.973092" lon="-117.181094"><ele>84.613</ele><time>2021-10-18T02:12:53Z</time></trkpt><trkpt lat="32.973116" lon="-117.181045"><ele>84.877</ele><time>2021-10-18T02:12:54Z</time></trkpt><trkpt lat="32.973142" lon="-117.180993"><ele>85.061</ele><time>2021-10-18T02:12:55Z</time></trkpt><trkpt lat="32.973168" lon="-117.180949"><ele>85.227</ele><time>2021-10-18T02:12:56Z</time></trkpt><trkpt lat="32.973195" lon="-117.180902"><ele>85.208</ele><time>2021-10-18T02:12:57Z</time></trkpt><trkpt lat="32.973228" lon="-117.180859"><ele>85.265</ele><time>2021-10-18T02:12:58Z</time></trkpt><trkpt lat="32.973262" lon="-117.180818"><ele>85.213</ele><time>2021-10-18T02:12:59Z</time></trkpt><trkpt lat="32.973295" lon="-117.180774"><ele>85.274</ele><time>2021-10-18T02:13:00Z</time></trkpt><trkpt lat="32.973330" lon="-117.180732"><ele>85.181</ele><time>2021-10-18T02:13:01Z</time></trkpt><trkpt lat="32.973371" lon="-117.180634"><ele>85.039</ele><time>2021-10-18T02:13:02Z</time></trkpt><trkpt lat="32.973431" lon="-117.180569"><ele>85.083</ele><time>2021-10-18T02:13:04Z</time></trkpt><trkpt lat="32.973494" lon="-117.180496"><ele>85.180</ele><time>2021-10-18T02:13:06Z</time></trkpt><trkpt lat="32.973527" lon="-117.180449"><ele>85.167</ele><time>2021-10-18T02:13:07Z</time></trkpt><trkpt lat="32.973550" lon="-117.180396"><ele>85.027</ele><time>2021-10-18T02:13:08Z</time></trkpt><trkpt lat="32.973557" lon="-117.180334"><ele>84.968</ele><time>2021-10-18T02:13:09Z</time></trkpt><trkpt lat="32.973559" lon="-117.180272"><ele>84.914</ele><time>2021-10-18T02:13:10Z</time></trkpt><trkpt lat="32.973558" lon="-117.180214"><ele>84.708</ele><time>2021-10-18T02:13:11Z</time></trkpt><trkpt lat="32.973555" lon="-117.180158"><ele>84.530</ele><time>2021-10-18T02:13:12Z</time></trkpt><trkpt lat="32.973551" lon="-117.180102"><ele>84.518</ele><time>2021-10-18T02:13:13Z</time></trkpt><trkpt lat="32.973548" lon="-117.180044"><ele>84.549</ele><time>2021-10-18T02:13:14Z</time></trkpt><trkpt lat="32.973547" lon="-117.179984"><ele>84.516</ele><time>2021-10-18T02:13:15Z</time></trkpt><trkpt lat="32.973545" lon="-117.179921"><ele>84.564</ele><time>2021-10-18T02:13:16Z</time></trkpt><trkpt lat="32.973543" lon="-117.179861"><ele>84.628</ele><time>2021-10-18T02:13:17Z</time></trkpt><trkpt lat="32.973527" lon="-117.179774"><ele>84.775</ele><time>2021-10-18T02:13:18Z</time></trkpt><trkpt lat="32.973527" lon="-117.179674"><ele>85.162</ele><time>2021-10-18T02:13:20Z</time></trkpt><trkpt lat="32.973525" lon="-117.179571"><ele>85.368</ele><time>2021-10-18T02:13:22Z</time></trkpt><trkpt lat="32.973525" lon="-117.179516"><ele>85.642</ele><time>2021-10-18T02:13:23Z</time></trkpt><trkpt lat="32.973519" lon="-117.179413"><ele>85.826</ele><time>2021-10-18T02:13:25Z</time></trkpt><trkpt lat="32.973489" lon="-117.179320"><ele>85.908</ele><time>2021-10-18T02:13:27Z</time></trkpt><trkpt lat="32.973427" lon="-117.179244"><ele>86.024</ele><time>2021-10-18T02:13:29Z</time></trkpt><trkpt lat="32.973385" lon="-117.179217"><ele>86.042</ele><time>2021-10-18T02:13:30Z</time></trkpt><trkpt lat="32.973341" lon="-117.179201"><ele>86.033</ele><time>2021-10-18T02:13:31Z</time></trkpt><trkpt lat="32.973293" lon="-117.179195"><ele>86.060</ele><time>2021-10-18T02:13:32Z</time></trkpt><trkpt lat="32.973174" lon="-117.179206"><ele>86.028</ele><time>2021-10-18T02:13:34Z</time></trkpt><trkpt lat="32.973113" lon="-117.179169"><ele>86.382</ele><time>2021-10-18T02:13:36Z</time></trkpt><trkpt lat="32.973082" lon="-117.179090"><ele>86.669</ele><time>2021-10-18T02:13:38Z</time></trkpt><trkpt lat="32.973066" lon="-117.178993"><ele>87.176</ele><time>2021-10-18T02:13:40Z</time></trkpt><trkpt lat="32.973062" lon="-117.178934"><ele>87.478</ele><time>2021-10-18T02:13:41Z</time></trkpt><trkpt lat="32.973068" lon="-117.178876"><ele>87.433</ele><time>2021-10-18T02:13:42Z</time></trkpt><trkpt lat="32.973078" lon="-117.178818"><ele>87.426</ele><time>2021-10-18T02:13:43Z</time></trkpt><trkpt lat="32.973085" lon="-117.178762"><ele>87.408</ele><time>2021-10-18T02:13:44Z</time></trkpt><trkpt lat="32.973080" lon="-117.178680"><ele>87.255</ele><time>2021-10-18T02:13:46Z</time></trkpt><trkpt lat="32.973022" lon="-117.178660"><ele>87.093</ele><time>2021-10-18T02:13:48Z</time></trkpt><trkpt lat="32.972956" lon="-117.178662"><ele>86.414</ele><time>2021-10-18T02:13:50Z</time></trkpt><trkpt lat="32.972892" lon="-117.178654"><ele>86.051</ele><time>2021-10-18T02:13:52Z</time></trkpt><trkpt lat="32.972825" lon="-117.178653"><ele>86.049</ele><time>2021-10-18T02:13:54Z</time></trkpt><trkpt lat="32.972753" lon="-117.178659"><ele>86.093</ele><time>2021-10-18T02:13:56Z</time></trkpt><trkpt lat="32.972675" lon="-117.178662"><ele>86.570</ele><time>2021-10-18T02:13:58Z</time></trkpt><trkpt lat="32.972597" lon="-117.178662"><ele>86.677</ele><time>2021-10-18T02:14:00Z</time></trkpt><trkpt lat="32.972520" lon="-117.178658"><ele>86.639</ele><time>2021-10-18T02:14:02Z</time></trkpt><trkpt lat="32.972440" lon="-117.178645"><ele>86.501</ele><time>2021-10-18T02:14:04Z</time></trkpt><trkpt lat="32.972246" lon="-117.178661"><ele>86.321</ele><time>2021-10-18T02:14:06Z</time></trkpt><trkpt lat="32.972191" lon="-117.178666"><ele>86.308</ele><time>2021-10-18T02:14:08Z</time></trkpt><trkpt lat="32.972124" lon="-117.178663"><ele>86.861</ele><time>2021-10-18T02:14:11Z</time></trkpt><trkpt lat="32.972063" lon="-117.178670"><ele>86.719</ele><time>2021-10-18T02:14:13Z</time></trkpt><trkpt lat="32.971976" lon="-117.178659"><ele>86.790</ele><time>2021-10-18T02:14:15Z</time></trkpt><trkpt lat="32.971927" lon="-117.178651"><ele>86.627</ele><time>2021-10-18T02:14:16Z</time></trkpt><trkpt lat="32.971879" lon="-117.178635"><ele>86.625</ele><time>2021-10-18T02:14:17Z</time></trkpt><trkpt lat="32.971828" lon="-117.178622"><ele>85.169</ele><time>2021-10-18T02:14:18Z</time></trkpt><trkpt lat="32.971771" lon="-117.178612"><ele>85.136</ele><time>2021-10-18T02:14:19Z</time></trkpt><trkpt lat="32.971712" lon="-117.178608"><ele>85.133</ele><time>2021-10-18T02:14:20Z</time></trkpt><trkpt lat="32.971649" lon="-117.178607"><ele>83.762</ele><time>2021-10-18T02:14:21Z</time></trkpt><trkpt lat="32.971554" lon="-117.178608"><ele>83.683</ele><time>2021-10-18T02:14:22Z</time></trkpt><trkpt lat="32.971501" lon="-117.178608"><ele>83.511</ele><time>2021-10-18T02:14:23Z</time></trkpt><trkpt lat="32.971445" lon="-117.178609"><ele>83.508</ele><time>2021-10-18T02:14:24Z</time></trkpt><trkpt lat="32.971386" lon="-117.178610"><ele>83.534</ele><time>2021-10-18T02:14:25Z</time></trkpt><trkpt lat="32.971325" lon="-117.178613"><ele>83.262</ele><time>2021-10-18T02:14:26Z</time></trkpt><trkpt lat="32.971268" lon="-117.178613"><ele>83.263</ele><time>2021-10-18T02:14:27Z</time></trkpt><trkpt lat="32.971215" lon="-117.178615"><ele>82.230</ele><time>2021-10-18T02:14:28Z</time></trkpt><trkpt lat="32.971160" lon="-117.178616"><ele>82.238</ele><time>2021-10-18T02:14:29Z</time></trkpt><trkpt lat="32.971104" lon="-117.178617"><ele>82.242</ele><time>2021-10-18T02:14:30Z</time></trkpt><trkpt lat="32.971047" lon="-117.178618"><ele>81.749</ele><time>2021-10-18T02:14:31Z</time></trkpt><trkpt lat="32.970991" lon="-117.178619"><ele>81.756</ele><time>2021-10-18T02:14:32Z</time></trkpt><trkpt lat="32.970935" lon="-117.178619"><ele>81.783</ele><time>2021-10-18T02:14:33Z</time></trkpt><trkpt lat="32.970879" lon="-117.178617"><ele>81.725</ele><time>2021-10-18T02:14:34Z</time></trkpt><trkpt lat="32.970819" lon="-117.178616"><ele>81.717</ele><time>2021-10-18T02:14:35Z</time></trkpt><trkpt lat="32.970762" lon="-117.178614"><ele>81.908</ele><time>2021-10-18T02:14:36Z</time></trkpt><trkpt lat="32.970706" lon="-117.178615"><ele>81.926</ele><time>2021-10-18T02:14:37Z</time></trkpt><trkpt lat="32.970609" lon="-117.178612"><ele>81.914</ele><time>2021-10-18T02:14:38Z</time></trkpt><trkpt lat="32.970519" lon="-117.178614"><ele>82.345</ele><time>2021-10-18T02:14:40Z</time></trkpt><trkpt lat="32.970472" lon="-117.178614"><ele>82.742</ele><time>2021-10-18T02:14:41Z</time></trkpt><trkpt lat="32.970426" lon="-117.178614"><ele>83.130</ele><time>2021-10-18T02:14:42Z</time></trkpt><trkpt lat="32.970337" lon="-117.178617"><ele>83.854</ele><time>2021-10-18T02:14:44Z</time></trkpt><trkpt lat="32.970252" lon="-117.178619"><ele>84.531</ele><time>2021-10-18T02:14:46Z</time></trkpt><trkpt lat="32.970207" lon="-117.178620"><ele>85.748</ele><time>2021-10-18T02:14:47Z</time></trkpt><trkpt lat="32.970119" lon="-117.178625"><ele>86.041</ele><time>2021-10-18T02:14:49Z</time></trkpt><trkpt lat="32.970073" lon="-117.178627"><ele>86.381</ele><time>2021-10-18T02:14:50Z</time></trkpt><trkpt lat="32.970025" lon="-117.178629"><ele>86.809</ele><time>2021-10-18T02:14:51Z</time></trkpt><trkpt lat="32.969974" lon="-117.178631"><ele>86.808</ele><time>2021-10-18T02:14:52Z</time></trkpt><trkpt lat="32.969923" lon="-117.178633"><ele>86.872</ele><time>2021-10-18T02:14:53Z</time></trkpt><trkpt lat="32.969828" lon="-117.178604"><ele>87.390</ele><time>2021-10-18T02:14:54Z</time></trkpt><trkpt lat="32.969756" lon="-117.178616"><ele>87.631</ele><time>2021-10-18T02:14:56Z</time></trkpt><trkpt lat="32.969678" lon="-117.178623"><ele>87.978</ele><time>2021-10-18T02:14:58Z</time></trkpt><trkpt lat="32.969600" lon="-117.178626"><ele>88.166</ele><time>2021-10-18T02:15:00Z</time></trkpt><trkpt lat="32.969522" lon="-117.178625"><ele>88.510</ele><time>2021-10-18T02:15:02Z</time></trkpt><trkpt lat="32.969443" lon="-117.178628"><ele>88.827</ele><time>2021-10-18T02:15:04Z</time></trkpt><trkpt lat="32.969366" lon="-117.178631"><ele>89.094</ele><time>2021-10-18T02:15:06Z</time></trkpt><trkpt lat="32.969294" lon="-117.178644"><ele>89.364</ele><time>2021-10-18T02:15:08Z</time></trkpt><trkpt lat="32.969186" lon="-117.178628"><ele>89.906</ele><time>2021-10-18T02:15:10Z</time></trkpt><trkpt lat="32.969128" lon="-117.178639"><ele>90.616</ele><time>2021-10-18T02:15:12Z</time></trkpt><trkpt lat="32.969060" lon="-117.178651"><ele>91.308</ele><time>2021-10-18T02:15:14Z</time></trkpt><trkpt lat="32.968992" lon="-117.178662"><ele>91.794</ele><time>2021-10-18T02:15:16Z</time></trkpt><trkpt lat="32.968927" lon="-117.178667"><ele>91.722</ele><time>2021-10-18T02:15:18Z</time></trkpt><trkpt lat="32.968860" lon="-117.178674"><ele>92.543</ele><time>2021-10-18T02:15:20Z</time></trkpt><trkpt lat="32.968787" lon="-117.178675"><ele>93.130</ele><time>2021-10-18T02:15:22Z</time></trkpt><trkpt lat="32.968711" lon="-117.178677"><ele>93.428</ele><time>2021-10-18T02:15:24Z</time></trkpt><trkpt lat="32.968634" lon="-117.178639"><ele>93.612</ele><time>2021-10-18T02:15:26Z</time></trkpt><trkpt lat="32.968552" lon="-117.178639"><ele>94.189</ele><time>2021-10-18T02:15:28Z</time></trkpt><trkpt lat="32.968472" lon="-117.178635"><ele>94.616</ele><time>2021-10-18T02:15:30Z</time></trkpt><trkpt lat="32.968407" lon="-117.178628"><ele>95.186</ele><time>2021-10-18T02:15:32Z</time></trkpt><trkpt lat="32.968344" lon="-117.178613"><ele>95.360</ele><time>2021-10-18T02:15:34Z</time></trkpt><trkpt lat="32.968287" lon="-117.178594"><ele>95.326</ele><time>2021-10-18T02:15:36Z</time></trkpt><trkpt lat="32.968237" lon="-117.178591"><ele>95.708</ele><time>2021-10-18T02:15:39Z</time></trkpt><trkpt lat="32.968175" lon="-117.178649"><ele>96.196</ele><time>2021-10-18T02:15:42Z</time></trkpt><trkpt lat="32.968141" lon="-117.178611"><ele>96.474</ele><time>2021-10-18T02:15:54Z</time></trkpt><trkpt lat="32.968095" lon="-117.178577"><ele>96.485</ele><time>2021-10-18T02:15:56Z</time></trkpt><trkpt lat="32.968044" lon="-117.178541"><ele>96.462</ele><time>2021-10-18T02:15:58Z</time></trkpt><trkpt lat="32.967977" lon="-117.178502"><ele>96.560</ele><time>2021-10-18T02:16:00Z</time></trkpt><trkpt lat="32.967908" lon="-117.178452"><ele>96.474</ele><time>2021-10-18T02:16:02Z</time></trkpt><trkpt lat="32.967856" lon="-117.178386"><ele>96.441</ele><time>2021-10-18T02:16:04Z</time></trkpt><trkpt lat="32.967794" lon="-117.178353"><ele>96.478</ele><time>2021-10-18T02:16:06Z</time></trkpt><trkpt lat="32.967724" lon="-117.178326"><ele>96.437</ele><time>2021-10-18T02:16:08Z</time></trkpt><trkpt lat="32.967657" lon="-117.178286"><ele>96.449</ele><time>2021-10-18T02:16:10Z</time></trkpt><trkpt lat="32.967591" lon="-117.178263"><ele>96.513</ele><time>2021-10-18T02:16:12Z</time></trkpt><trkpt lat="32.967519" lon="-117.178243"><ele>96.808</ele><time>2021-10-18T02:16:14Z</time></trkpt><trkpt lat="32.967449" lon="-117.178235"><ele>97.271</ele><time>2021-10-18T02:16:16Z</time></trkpt><trkpt lat="32.967385" lon="-117.178224"><ele>97.599</ele><time>2021-10-18T02:16:18Z</time></trkpt><trkpt lat="32.967317" lon="-117.178214"><ele>97.670</ele><time>2021-10-18T02:16:20Z</time></trkpt><trkpt lat="32.967243" lon="-117.178195"><ele>97.657</ele><time>2021-10-18T02:16:22Z</time></trkpt><trkpt lat="32.967169" lon="-117.178179"><ele>97.635</ele><time>2021-10-18T02:16:24Z</time></trkpt><trkpt lat="32.967095" lon="-117.178154"><ele>97.669</ele><time>2021-10-18T02:16:26Z</time></trkpt><trkpt lat="32.967024" lon="-117.178135"><ele>97.666</ele><time>2021-10-18T02:16:28Z</time></trkpt><trkpt lat="32.966949" lon="-117.178115"><ele>97.973</ele><time>2021-10-18T02:16:30Z</time></trkpt><trkpt lat="32.966878" lon="-117.178093"><ele>98.056</ele><time>2021-10-18T02:16:32Z</time></trkpt><trkpt lat="32.966802" lon="-117.178066"><ele>98.059</ele><time>2021-10-18T02:16:34Z</time></trkpt><trkpt lat="32.966716" lon="-117.178034"><ele>97.614</ele><time>2021-10-18T02:16:36Z</time></trkpt><trkpt lat="32.966671" lon="-117.178016"><ele>97.408</ele><time>2021-10-18T02:16:37Z</time></trkpt><trkpt lat="32.966630" lon="-117.177994"><ele>97.493</ele><time>2021-10-18T02:16:38Z</time></trkpt><trkpt lat="32.966553" lon="-117.177943"><ele>97.451</ele><time>2021-10-18T02:16:40Z</time></trkpt><trkpt lat="32.966517" lon="-117.177911"><ele>97.482</ele><time>2021-10-18T02:16:41Z</time></trkpt><trkpt lat="32.966409" lon="-117.177803"><ele>97.479</ele><time>2021-10-18T02:16:43Z</time></trkpt><trkpt lat="32.966341" lon="-117.177760"><ele>97.447</ele><time>2021-10-18T02:16:45Z</time></trkpt><trkpt lat="32.966260" lon="-117.177708"><ele>97.241</ele><time>2021-10-18T02:16:47Z</time></trkpt><trkpt lat="32.966217" lon="-117.177679"><ele>97.168</ele><time>2021-10-18T02:16:48Z</time></trkpt><trkpt lat="32.966174" lon="-117.177649"><ele>97.045</ele><time>2021-10-18T02:16:49Z</time></trkpt><trkpt lat="32.966128" lon="-117.177615"><ele>97.084</ele><time>2021-10-18T02:16:50Z</time></trkpt><trkpt lat="32.966081" lon="-117.177581"><ele>97.007</ele><time>2021-10-18T02:16:51Z</time></trkpt><trkpt lat="32.966032" lon="-117.177548"><ele>96.817</ele><time>2021-10-18T02:16:52Z</time></trkpt><trkpt lat="32.965981" lon="-117.177514"><ele>96.608</ele><time>2021-10-18T02:16:53Z</time></trkpt><trkpt lat="32.965929" lon="-117.177479"><ele>96.346</ele><time>2021-10-18T02:16:54Z</time></trkpt><trkpt lat="32.965877" lon="-117.177443"><ele>96.314</ele><time>2021-10-18T02:16:55Z</time></trkpt><trkpt lat="32.965824" lon="-117.177407"><ele>96.355</ele><time>2021-10-18T02:16:56Z</time></trkpt><trkpt lat="32.965772" lon="-117.177371"><ele>96.432</ele><time>2021-10-18T02:16:57Z</time></trkpt><trkpt lat="32.965724" lon="-117.177339"><ele>96.450</ele><time>2021-10-18T02:16:58Z</time></trkpt><trkpt lat="32.965627" lon="-117.177243"><ele>96.274</ele><time>2021-10-18T02:16:59Z</time></trkpt><trkpt lat="32.965579" lon="-117.177217"><ele>96.041</ele><time>2021-10-18T02:17:07Z</time></trkpt><trkpt lat="32.965565" lon="-117.177128"><ele>95.698</ele><time>2021-10-18T02:17:09Z</time></trkpt><trkpt lat="32.965551" lon="-117.177038"><ele>95.015</ele><time>2021-10-18T02:17:11Z</time></trkpt><trkpt lat="32.965513" lon="-117.176983"><ele>94.965</ele><time>2021-10-18T02:17:13Z</time></trkpt><trkpt lat="32.965444" lon="-117.176919"><ele>94.411</ele><time>2021-10-18T02:17:15Z</time></trkpt><trkpt lat="32.965369" lon="-117.176861"><ele>94.008</ele><time>2021-10-18T02:17:17Z</time></trkpt><trkpt lat="32.965335" lon="-117.176769"><ele>93.879</ele><time>2021-10-18T02:17:19Z</time></trkpt><trkpt lat="32.965370" lon="-117.176679"><ele>93.527</ele><time>2021-10-18T02:17:21Z</time></trkpt><trkpt lat="32.965463" lon="-117.176653"><ele>92.968</ele><time>2021-10-18T02:17:23Z</time></trkpt><trkpt lat="32.965523" lon="-117.176647"><ele>92.465</ele><time>2021-10-18T02:17:24Z</time></trkpt><trkpt lat="32.965584" lon="-117.176641"><ele>92.273</ele><time>2021-10-18T02:17:25Z</time></trkpt><trkpt lat="32.965642" lon="-117.176626"><ele>92.257</ele><time>2021-10-18T02:17:26Z</time></trkpt><trkpt lat="32.965713" lon="-117.176608"><ele>92.284</ele><time>2021-10-18T02:17:27Z</time></trkpt><trkpt lat="32.965781" lon="-117.176595"><ele>91.911</ele><time>2021-10-18T02:17:28Z</time></trkpt><trkpt lat="32.965850" lon="-117.176582"><ele>91.366</ele><time>2021-10-18T02:17:29Z</time></trkpt><trkpt lat="32.965918" lon="-117.176572"><ele>90.729</ele><time>2021-10-18T02:17:30Z</time></trkpt><trkpt lat="32.966112" lon="-117.176699"><ele>89.821</ele><time>2021-10-18T02:17:31Z</time></trkpt><trkpt lat="32.966178" lon="-117.176650"><ele>88.408</ele><time>2021-10-18T02:17:33Z</time></trkpt><trkpt lat="32.966225" lon="-117.176559"><ele>87.934</ele><time>2021-10-18T02:17:35Z</time></trkpt><trkpt lat="32.966243" lon="-117.176486"><ele>87.952</ele><time>2021-10-18T02:17:36Z</time></trkpt><trkpt lat="32.966246" lon="-117.176414"><ele>87.913</ele><time>2021-10-18T02:17:37Z</time></trkpt><trkpt lat="32.966251" lon="-117.176347"><ele>87.940</ele><time>2021-10-18T02:17:38Z</time></trkpt><trkpt lat="32.966258" lon="-117.176282"><ele>87.918</ele><time>2021-10-18T02:17:39Z</time></trkpt><trkpt lat="32.966271" lon="-117.176218"><ele>87.942</ele><time>2021-10-18T02:17:40Z</time></trkpt><trkpt lat="32.966280" lon="-117.176155"><ele>87.929</ele><time>2021-10-18T02:17:41Z</time></trkpt><trkpt lat="32.966292" lon="-117.176090"><ele>87.976</ele><time>2021-10-18T02:17:42Z</time></trkpt><trkpt lat="32.966306" lon="-117.176026"><ele>87.778</ele><time>2021-10-18T02:17:43Z</time></trkpt><trkpt lat="32.966318" lon="-117.175964"><ele>87.733</ele><time>2021-10-18T02:17:44Z</time></trkpt><trkpt lat="32.966331" lon="-117.175905"><ele>87.726</ele><time>2021-10-18T02:17:45Z</time></trkpt><trkpt lat="32.966344" lon="-117.175844"><ele>87.508</ele><time>2021-10-18T02:17:46Z</time></trkpt><trkpt lat="32.966357" lon="-117.175784"><ele>87.335</ele><time>2021-10-18T02:17:47Z</time></trkpt><trkpt lat="32.966350" lon="-117.175684"><ele>87.343</ele><time>2021-10-18T02:17:48Z</time></trkpt><trkpt lat="32.966366" lon="-117.175622"><ele>87.334</ele><time>2021-10-18T02:17:49Z</time></trkpt><trkpt lat="32.966382" lon="-117.175559"><ele>87.361</ele><time>2021-10-18T02:17:50Z</time></trkpt><trkpt lat="32.966400" lon="-117.175496"><ele>87.369</ele><time>2021-10-18T02:17:51Z</time></trkpt><trkpt lat="32.966417" lon="-117.175431"><ele>87.343</ele><time>2021-10-18T02:17:52Z</time></trkpt><trkpt lat="32.966433" lon="-117.175367"><ele>87.260</ele><time>2021-10-18T02:17:53Z</time></trkpt><trkpt lat="32.966453" lon="-117.175305"><ele>87.267</ele><time>2021-10-18T02:17:54Z</time></trkpt><trkpt lat="32.966471" lon="-117.175234"><ele>87.267</ele><time>2021-10-18T02:17:55Z</time></trkpt><trkpt lat="32.966490" lon="-117.175168"><ele>86.881</ele><time>2021-10-18T02:17:56Z</time></trkpt><trkpt lat="32.966508" lon="-117.175105"><ele>86.819</ele><time>2021-10-18T02:17:57Z</time></trkpt><trkpt lat="32.966525" lon="-117.175048"><ele>86.708</ele><time>2021-10-18T02:17:58Z</time></trkpt><trkpt lat="32.966545" lon="-117.174975"><ele>86.724</ele><time>2021-10-18T02:17:59Z</time></trkpt><trkpt lat="32.966563" lon="-117.174910"><ele>86.742</ele><time>2021-10-18T02:18:00Z</time></trkpt><trkpt lat="32.966581" lon="-117.174840"><ele>86.663</ele><time>2021-10-18T02:18:01Z</time></trkpt><trkpt lat="32.966597" lon="-117.174775"><ele>86.690</ele><time>2021-10-18T02:18:02Z</time></trkpt><trkpt lat="32.966614" lon="-117.174706"><ele>86.688</ele><time>2021-10-18T02:18:03Z</time></trkpt><trkpt lat="32.966630" lon="-117.174648"><ele>86.352</ele><time>2021-10-18T02:18:04Z</time></trkpt><trkpt lat="32.966651" lon="-117.174546"><ele>86.389</ele><time>2021-10-18T02:18:05Z</time></trkpt><trkpt lat="32.966664" lon="-117.174488"><ele>86.156</ele><time>2021-10-18T02:18:06Z</time></trkpt><trkpt lat="32.966678" lon="-117.174426"><ele>86.126</ele><time>2021-10-18T02:18:07Z</time></trkpt><trkpt lat="32.966691" lon="-117.174363"><ele>86.147</ele><time>2021-10-18T02:18:08Z</time></trkpt><trkpt lat="32.966704" lon="-117.174299"><ele>85.811</ele><time>2021-10-18T02:18:09Z</time></trkpt><trkpt lat="32.966716" lon="-117.174234"><ele>85.808</ele><time>2021-10-18T02:18:10Z</time></trkpt><trkpt lat="32.966728" lon="-117.174165"><ele>85.640</ele><time>2021-10-18T02:18:11Z</time></trkpt><trkpt lat="32.966739" lon="-117.174095"><ele>85.648</ele><time>2021-10-18T02:18:12Z</time></trkpt><trkpt lat="32.966749" lon="-117.174021"><ele>85.629</ele><time>2021-10-18T02:18:13Z</time></trkpt><trkpt lat="32.966759" lon="-117.173951"><ele>85.566</ele><time>2021-10-18T02:18:14Z</time></trkpt><trkpt lat="32.966769" lon="-117.173884"><ele>85.534</ele><time>2021-10-18T02:18:15Z</time></trkpt><trkpt lat="32.966780" lon="-117.173819"><ele>85.368</ele><time>2021-10-18T02:18:16Z</time></trkpt><trkpt lat="32.966788" lon="-117.173752"><ele>85.355</ele><time>2021-10-18T02:18:17Z</time></trkpt><trkpt lat="32.966796" lon="-117.173683"><ele>85.312</ele><time>2021-10-18T02:18:18Z</time></trkpt><trkpt lat="32.966803" lon="-117.173610"><ele>85.269</ele><time>2021-10-18T02:18:19Z</time></trkpt><trkpt lat="32.966810" lon="-117.173536"><ele>85.204</ele><time>2021-10-18T02:18:20Z</time></trkpt><trkpt lat="32.966817" lon="-117.173464"><ele>85.224</ele><time>2021-10-18T02:18:21Z</time></trkpt><trkpt lat="32.966824" lon="-117.173391"><ele>84.808</ele><time>2021-10-18T02:18:22Z</time></trkpt><trkpt lat="32.966823" lon="-117.173316"><ele>84.844</ele><time>2021-10-18T02:18:23Z</time></trkpt><trkpt lat="32.966833" lon="-117.173241"><ele>84.522</ele><time>2021-10-18T02:18:24Z</time></trkpt><trkpt lat="32.966842" lon="-117.173169"><ele>84.523</ele><time>2021-10-18T02:18:25Z</time></trkpt><trkpt lat="32.966851" lon="-117.173094"><ele>84.510</ele><time>2021-10-18T02:18:26Z</time></trkpt><trkpt lat="32.966859" lon="-117.173021"><ele>84.828</ele><time>2021-10-18T02:18:27Z</time></trkpt><trkpt lat="32.966868" lon="-117.172949"><ele>84.892</ele><time>2021-10-18T02:18:28Z</time></trkpt><trkpt lat="32.966877" lon="-117.172875"><ele>85.139</ele><time>2021-10-18T02:18:29Z</time></trkpt><trkpt lat="32.966886" lon="-117.172802"><ele>85.196</ele><time>2021-10-18T02:18:30Z</time></trkpt><trkpt lat="32.966896" lon="-117.172728"><ele>85.126</ele><time>2021-10-18T02:18:31Z</time></trkpt><trkpt lat="32.966904" lon="-117.172652"><ele>85.147</ele><time>2021-10-18T02:18:32Z</time></trkpt><trkpt lat="32.966912" lon="-117.172579"><ele>85.111</ele><time>2021-10-18T02:18:33Z</time></trkpt><trkpt lat="32.966919" lon="-117.172508"><ele>85.108</ele><time>2021-10-18T02:18:34Z</time></trkpt><trkpt lat="32.966921" lon="-117.172436"><ele>85.160</ele><time>2021-10-18T02:18:35Z</time></trkpt><trkpt lat="32.966920" lon="-117.172366"><ele>85.118</ele><time>2021-10-18T02:18:36Z</time></trkpt><trkpt lat="32.966919" lon="-117.172297"><ele>85.079</ele><time>2021-10-18T02:18:37Z</time></trkpt><trkpt lat="32.966915" lon="-117.172228"><ele>85.036</ele><time>2021-10-18T02:18:38Z</time></trkpt><trkpt lat="32.966904" lon="-117.172040"><ele>84.654</ele><time>2021-10-18T02:18:39Z</time></trkpt><trkpt lat="32.966894" lon="-117.171946"><ele>84.638</ele><time>2021-10-18T02:18:41Z</time></trkpt><trkpt lat="32.966888" lon="-117.171891"><ele>84.195</ele><time>2021-10-18T02:18:42Z</time></trkpt><trkpt lat="32.966883" lon="-117.171831"><ele>84.152</ele><time>2021-10-18T02:18:43Z</time></trkpt><trkpt lat="32.966880" lon="-117.171763"><ele>84.158</ele><time>2021-10-18T02:18:44Z</time></trkpt><trkpt lat="32.966877" lon="-117.171696"><ele>83.952</ele><time>2021-10-18T02:18:45Z</time></trkpt><trkpt lat="32.966872" lon="-117.171628"><ele>83.917</ele><time>2021-10-18T02:18:46Z</time></trkpt><trkpt lat="32.966867" lon="-117.171561"><ele>83.808</ele><time>2021-10-18T02:18:47Z</time></trkpt><trkpt lat="32.966861" lon="-117.171487"><ele>83.863</ele><time>2021-10-18T02:18:48Z</time></trkpt><trkpt lat="32.966855" lon="-117.171417"><ele>83.881</ele><time>2021-10-18T02:18:49Z</time></trkpt><trkpt lat="32.966844" lon="-117.171357"><ele>84.042</ele><time>2021-10-18T02:18:50Z</time></trkpt><trkpt lat="32.966837" lon="-117.171292"><ele>84.049</ele><time>2021-10-18T02:18:51Z</time></trkpt><trkpt lat="32.966829" lon="-117.171223"><ele>84.227</ele><time>2021-10-18T02:18:52Z</time></trkpt><trkpt lat="32.966819" lon="-117.171161"><ele>84.281</ele><time>2021-10-18T02:18:53Z</time></trkpt><trkpt lat="32.966809" lon="-117.171091"><ele>84.278</ele><time>2021-10-18T02:18:54Z</time></trkpt><trkpt lat="32.966786" lon="-117.171028"><ele>84.285</ele><time>2021-10-18T02:18:55Z</time></trkpt><trkpt lat="32.966766" lon="-117.170964"><ele>84.259</ele><time>2021-10-18T02:18:56Z</time></trkpt><trkpt lat="32.966752" lon="-117.170905"><ele>84.203</ele><time>2021-10-18T02:18:57Z</time></trkpt><trkpt lat="32.966739" lon="-117.170842"><ele>84.223</ele><time>2021-10-18T02:18:58Z</time></trkpt><trkpt lat="32.966727" lon="-117.170778"><ele>84.208</ele><time>2021-10-18T02:18:59Z</time></trkpt><trkpt lat="32.966716" lon="-117.170715"><ele>84.073</ele><time>2021-10-18T02:19:00Z</time></trkpt><trkpt lat="32.966706" lon="-117.170652"><ele>84.011</ele><time>2021-10-18T02:19:01Z</time></trkpt><trkpt lat="32.966697" lon="-117.170585"><ele>84.072</ele><time>2021-10-18T02:19:02Z</time></trkpt><trkpt lat="32.966697" lon="-117.170508"><ele>84.029</ele><time>2021-10-18T02:19:03Z</time></trkpt><trkpt lat="32.966686" lon="-117.170439"><ele>84.067</ele><time>2021-10-18T02:19:04Z</time></trkpt><trkpt lat="32.966675" lon="-117.170371"><ele>83.981</ele><time>2021-10-18T02:19:05Z</time></trkpt><trkpt lat="32.966665" lon="-117.170307"><ele>83.978</ele><time>2021-10-18T02:19:06Z</time></trkpt><trkpt lat="32.966654" lon="-117.170242"><ele>83.945</ele><time>2021-10-18T02:19:07Z</time></trkpt><trkpt lat="32.966644" lon="-117.170175"><ele>83.862</ele><time>2021-10-18T02:19:08Z</time></trkpt><trkpt lat="32.966633" lon="-117.170106"><ele>83.883</ele><time>2021-10-18T02:19:09Z</time></trkpt><trkpt lat="32.966620" lon="-117.170040"><ele>83.811</ele><time>2021-10-18T02:19:10Z</time></trkpt><trkpt lat="32.966608" lon="-117.169973"><ele>83.808</ele><time>2021-10-18T02:19:11Z</time></trkpt><trkpt lat="32.966596" lon="-117.169906"><ele>83.824</ele><time>2021-10-18T02:19:12Z</time></trkpt><trkpt lat="32.966585" lon="-117.169834"><ele>84.022</ele><time>2021-10-18T02:19:13Z</time></trkpt><trkpt lat="32.966571" lon="-117.169765"><ele>84.023</ele><time>2021-10-18T02:19:14Z</time></trkpt><trkpt lat="32.966557" lon="-117.169701"><ele>84.070</ele><time>2021-10-18T02:19:15Z</time></trkpt><trkpt lat="32.966545" lon="-117.169635"><ele>84.078</ele><time>2021-10-18T02:19:16Z</time></trkpt><trkpt lat="32.966526" lon="-117.169567"><ele>84.022</ele><time>2021-10-18T02:19:17Z</time></trkpt><trkpt lat="32.966507" lon="-117.169498"><ele>83.559</ele><time>2021-10-18T02:19:18Z</time></trkpt><trkpt lat="32.966489" lon="-117.169430"><ele>83.536</ele><time>2021-10-18T02:19:19Z</time></trkpt><trkpt lat="32.966473" lon="-117.169362"><ele>82.432</ele><time>2021-10-18T02:19:20Z</time></trkpt><trkpt lat="32.966456" lon="-117.169292"><ele>82.492</ele><time>2021-10-18T02:19:21Z</time></trkpt><trkpt lat="32.966439" lon="-117.169223"><ele>82.411</ele><time>2021-10-18T02:19:22Z</time></trkpt><trkpt lat="32.966423" lon="-117.169157"><ele>81.808</ele><time>2021-10-18T02:19:23Z</time></trkpt><trkpt lat="32.966405" lon="-117.169089"><ele>81.811</ele><time>2021-10-18T02:19:24Z</time></trkpt><trkpt lat="32.966387" lon="-117.169020"><ele>81.859</ele><time>2021-10-18T02:19:25Z</time></trkpt><trkpt lat="32.966370" lon="-117.168952"><ele>81.810</ele><time>2021-10-18T02:19:26Z</time></trkpt><trkpt lat="32.966353" lon="-117.168884"><ele>81.887</ele><time>2021-10-18T02:19:27Z</time></trkpt><trkpt lat="32.966334" lon="-117.168816"><ele>81.555</ele><time>2021-10-18T02:19:28Z</time></trkpt><trkpt lat="32.966313" lon="-117.168749"><ele>81.549</ele><time>2021-10-18T02:19:29Z</time></trkpt><trkpt lat="32.966293" lon="-117.168683"><ele>81.596</ele><time>2021-10-18T02:19:30Z</time></trkpt><trkpt lat="32.966273" lon="-117.168616"><ele>81.393</ele><time>2021-10-18T02:19:31Z</time></trkpt><trkpt lat="32.966249" lon="-117.168543"><ele>81.324</ele><time>2021-10-18T02:19:32Z</time></trkpt><trkpt lat="32.966224" lon="-117.168470"><ele>81.204</ele><time>2021-10-18T02:19:33Z</time></trkpt><trkpt lat="32.966199" lon="-117.168398"><ele>81.214</ele><time>2021-10-18T02:19:34Z</time></trkpt><trkpt lat="32.966175" lon="-117.168328"><ele>81.208</ele><time>2021-10-18T02:19:35Z</time></trkpt><trkpt lat="32.966151" lon="-117.168259"><ele>81.230</ele><time>2021-10-18T02:19:36Z</time></trkpt><trkpt lat="32.966126" lon="-117.168190"><ele>81.228</ele><time>2021-10-18T02:19:37Z</time></trkpt><trkpt lat="32.966100" lon="-117.168119"><ele>81.279</ele><time>2021-10-18T02:19:38Z</time></trkpt><trkpt lat="32.966075" lon="-117.168049"><ele>81.216</ele><time>2021-10-18T02:19:39Z</time></trkpt><trkpt lat="32.966049" lon="-117.167979"><ele>81.274</ele><time>2021-10-18T02:19:40Z</time></trkpt><trkpt lat="32.966022" lon="-117.167911"><ele>81.188</ele><time>2021-10-18T02:19:41Z</time></trkpt><trkpt lat="32.965994" lon="-117.167845"><ele>81.195</ele><time>2021-10-18T02:19:42Z</time></trkpt><trkpt lat="32.965965" lon="-117.167778"><ele>81.152</ele><time>2021-10-18T02:19:43Z</time></trkpt><trkpt lat="32.965937" lon="-117.167715"><ele>81.013</ele><time>2021-10-18T02:19:44Z</time></trkpt><trkpt lat="32.965909" lon="-117.167652"><ele>81.043</ele><time>2021-10-18T02:19:45Z</time></trkpt><trkpt lat="32.965882" lon="-117.167589"><ele>80.707</ele><time>2021-10-18T02:19:46Z</time></trkpt><trkpt lat="32.965853" lon="-117.167527"><ele>80.708</ele><time>2021-10-18T02:19:47Z</time></trkpt><trkpt lat="32.965823" lon="-117.167465"><ele>80.779</ele><time>2021-10-18T02:19:48Z</time></trkpt><trkpt lat="32.965793" lon="-117.167403"><ele>80.797</ele><time>2021-10-18T02:19:49Z</time></trkpt><trkpt lat="32.965762" lon="-117.167343"><ele>80.758</ele><time>2021-10-18T02:19:50Z</time></trkpt><trkpt lat="32.965730" lon="-117.167282"><ele>80.755</ele><time>2021-10-18T02:19:51Z</time></trkpt><trkpt lat="32.965696" lon="-117.167219"><ele>80.713</ele><time>2021-10-18T02:19:52Z</time></trkpt><trkpt lat="32.965666" lon="-117.167162"><ele>80.747</ele><time>2021-10-18T02:19:53Z</time></trkpt><trkpt lat="32.965634" lon="-117.167103"><ele>81.084</ele><time>2021-10-18T02:19:54Z</time></trkpt><trkpt lat="32.965603" lon="-117.167045"><ele>81.021</ele><time>2021-10-18T02:19:55Z</time></trkpt><trkpt lat="32.965572" lon="-117.166987"><ele>81.029</ele><time>2021-10-18T02:19:56Z</time></trkpt><trkpt lat="32.965542" lon="-117.166931"><ele>81.000</ele><time>2021-10-18T02:19:57Z</time></trkpt><trkpt lat="32.965510" lon="-117.166874"><ele>81.020</ele><time>2021-10-18T02:19:58Z</time></trkpt><trkpt lat="32.965480" lon="-117.166820"><ele>80.908</ele><time>2021-10-18T02:19:59Z</time></trkpt><trkpt lat="32.965452" lon="-117.166767"><ele>80.950</ele><time>2021-10-18T02:20:00Z</time></trkpt><trkpt lat="32.965437" lon="-117.166658"><ele>80.948</ele><time>2021-10-18T02:20:01Z</time></trkpt><trkpt lat="32.965405" lon="-117.166612"><ele>80.919</ele><time>2021-10-18T02:20:02Z</time></trkpt><trkpt lat="32.965374" lon="-117.166565"><ele>80.986</ele><time>2021-10-18T02:20:03Z</time></trkpt><trkpt lat="32.965344" lon="-117.166519"><ele>81.184</ele><time>2021-10-18T02:20:04Z</time></trkpt><trkpt lat="32.965313" lon="-117.166468"><ele>81.118</ele><time>2021-10-18T02:20:05Z</time></trkpt><trkpt lat="32.965282" lon="-117.166416"><ele>81.125</ele><time>2021-10-18T02:20:06Z</time></trkpt><trkpt lat="32.965251" lon="-117.166364"><ele>81.222</ele><time>2021-10-18T02:20:07Z</time></trkpt><trkpt lat="32.965222" lon="-117.166310"><ele>81.383</ele><time>2021-10-18T02:20:08Z</time></trkpt><trkpt lat="32.965194" lon="-117.166256"><ele>81.525</ele><time>2021-10-18T02:20:09Z</time></trkpt><trkpt lat="32.965166" lon="-117.166205"><ele>81.717</ele><time>2021-10-18T02:20:10Z</time></trkpt><trkpt lat="32.965139" lon="-117.166152"><ele>81.708</ele><time>2021-10-18T02:20:11Z</time></trkpt><trkpt lat="32.965112" lon="-117.166097"><ele>81.916</ele><time>2021-10-18T02:20:12Z</time></trkpt><trkpt lat="32.965087" lon="-117.166044"><ele>82.124</ele><time>2021-10-18T02:20:13Z</time></trkpt><trkpt lat="32.965061" lon="-117.165990"><ele>82.345</ele><time>2021-10-18T02:20:14Z</time></trkpt><trkpt lat="32.965036" lon="-117.165934"><ele>82.552</ele><time>2021-10-18T02:20:15Z</time></trkpt><trkpt lat="32.965012" lon="-117.165876"><ele>82.560</ele><time>2021-10-18T02:20:16Z</time></trkpt><trkpt lat="32.964990" lon="-117.165824"><ele>82.664</ele><time>2021-10-18T02:20:17Z</time></trkpt><trkpt lat="32.964969" lon="-117.165775"><ele>82.741</ele><time>2021-10-18T02:20:18Z</time></trkpt><trkpt lat="32.964945" lon="-117.165721"><ele>82.888</ele><time>2021-10-18T02:20:19Z</time></trkpt><trkpt lat="32.964921" lon="-117.165667"><ele>82.911</ele><time>2021-10-18T02:20:20Z</time></trkpt><trkpt lat="32.964898" lon="-117.165614"><ele>82.921</ele><time>2021-10-18T02:20:21Z</time></trkpt><trkpt lat="32.964878" lon="-117.165561"><ele>83.003</ele><time>2021-10-18T02:20:22Z</time></trkpt><trkpt lat="32.964857" lon="-117.165510"><ele>83.108</ele><time>2021-10-18T02:20:23Z</time></trkpt><trkpt lat="32.964835" lon="-117.165458"><ele>83.129</ele><time>2021-10-18T02:20:24Z</time></trkpt><trkpt lat="32.964815" lon="-117.165405"><ele>83.347</ele><time>2021-10-18T02:20:25Z</time></trkpt><trkpt lat="32.964795" lon="-117.165355"><ele>83.548</ele><time>2021-10-18T02:20:26Z</time></trkpt><trkpt lat="32.964776" lon="-117.165303"><ele>83.695</ele><time>2021-10-18T02:20:27Z</time></trkpt><trkpt lat="32.964741" lon="-117.165204"><ele>83.743</ele><time>2021-10-18T02:20:29Z</time></trkpt><trkpt lat="32.964707" lon="-117.165107"><ele>83.857</ele><time>2021-10-18T02:20:31Z</time></trkpt><trkpt lat="32.964676" lon="-117.165015"><ele>84.224</ele><time>2021-10-18T02:20:33Z</time></trkpt><trkpt lat="32.964644" lon="-117.164921"><ele>84.641</ele><time>2021-10-18T02:20:35Z</time></trkpt><trkpt lat="32.964614" lon="-117.164829"><ele>85.097</ele><time>2021-10-18T02:20:37Z</time></trkpt><trkpt lat="32.964583" lon="-117.164737"><ele>85.223</ele><time>2021-10-18T02:20:39Z</time></trkpt><trkpt lat="32.964552" lon="-117.164653"><ele>85.425</ele><time>2021-10-18T02:20:41Z</time></trkpt><trkpt lat="32.964516" lon="-117.164568"><ele>85.808</ele><time>2021-10-18T02:20:43Z</time></trkpt><trkpt lat="32.964480" lon="-117.164488"><ele>86.317</ele><time>2021-10-18T02:20:45Z</time></trkpt><trkpt lat="32.964446" lon="-117.164410"><ele>86.685</ele><time>2021-10-18T02:20:47Z</time></trkpt><trkpt lat="32.964409" lon="-117.164335"><ele>86.886</ele><time>2021-10-18T02:20:49Z</time></trkpt><trkpt lat="32.964374" lon="-117.164271"><ele>87.353</ele><time>2021-10-18T02:20:51Z</time></trkpt><trkpt lat="32.964337" lon="-117.164192"><ele>87.881</ele><time>2021-10-18T02:20:53Z</time></trkpt><trkpt lat="32.964308" lon="-117.164126"><ele>88.255</ele><time>2021-10-18T02:20:55Z</time></trkpt><trkpt lat="32.964284" lon="-117.164066"><ele>88.452</ele><time>2021-10-18T02:20:57Z</time></trkpt><trkpt lat="32.964255" lon="-117.164004"><ele>88.439</ele><time>2021-10-18T02:20:59Z</time></trkpt><trkpt lat="32.964223" lon="-117.163936"><ele>88.718</ele><time>2021-10-18T02:21:01Z</time></trkpt><trkpt lat="32.964190" lon="-117.163866"><ele>88.998</ele><time>2021-10-18T02:21:03Z</time></trkpt><trkpt lat="32.964153" lon="-117.163788"><ele>89.217</ele><time>2021-10-18T02:21:05Z</time></trkpt><trkpt lat="32.964131" lon="-117.163741"><ele>89.208</ele><time>2021-10-18T02:21:06Z</time></trkpt><trkpt lat="32.964086" lon="-117.163649"><ele>89.759</ele><time>2021-10-18T02:21:08Z</time></trkpt><trkpt lat="32.964053" lon="-117.163568"><ele>89.827</ele><time>2021-10-18T02:21:10Z</time></trkpt><trkpt lat="32.964020" lon="-117.163505"><ele>90.198</ele><time>2021-10-18T02:21:12Z</time></trkpt><trkpt lat="32.963979" lon="-117.163431"><ele>90.695</ele><time>2021-10-18T02:21:14Z</time></trkpt><trkpt lat="32.963942" lon="-117.163361"><ele>90.933</ele><time>2021-10-18T02:21:16Z</time></trkpt><trkpt lat="32.963909" lon="-117.163295"><ele>91.267</ele><time>2021-10-18T02:21:18Z</time></trkpt><trkpt lat="32.963873" lon="-117.163220"><ele>91.314</ele><time>2021-10-18T02:21:20Z</time></trkpt><trkpt lat="32.963843" lon="-117.163150"><ele>91.441</ele><time>2021-10-18T02:21:22Z</time></trkpt><trkpt lat="32.963814" lon="-117.163077"><ele>91.733</ele><time>2021-10-18T02:21:24Z</time></trkpt><trkpt lat="32.963783" lon="-117.162998"><ele>92.123</ele><time>2021-10-18T02:21:26Z</time></trkpt><trkpt lat="32.963751" lon="-117.162932"><ele>92.315</ele><time>2021-10-18T02:21:28Z</time></trkpt><trkpt lat="32.963715" lon="-117.162856"><ele>92.508</ele><time>2021-10-18T02:21:30Z</time></trkpt><trkpt lat="32.963681" lon="-117.162787"><ele>92.841</ele><time>2021-10-18T02:21:32Z</time></trkpt><trkpt lat="32.963649" lon="-117.162722"><ele>92.919</ele><time>2021-10-18T02:21:34Z</time></trkpt><trkpt lat="32.963616" lon="-117.162658"><ele>93.510</ele><time>2021-10-18T02:21:36Z</time></trkpt><trkpt lat="32.963582" lon="-117.162597"><ele>93.927</ele><time>2021-10-18T02:21:38Z</time></trkpt><trkpt lat="32.963550" lon="-117.162537"><ele>93.995</ele><time>2021-10-18T02:21:40Z</time></trkpt><trkpt lat="32.963516" lon="-117.162470"><ele>94.019</ele><time>2021-10-18T02:21:42Z</time></trkpt><trkpt lat="32.963477" lon="-117.162405"><ele>94.066</ele><time>2021-10-18T02:21:44Z</time></trkpt><trkpt lat="32.963442" lon="-117.162341"><ele>94.263</ele><time>2021-10-18T02:21:46Z</time></trkpt><trkpt lat="32.963406" lon="-117.162278"><ele>94.262</ele><time>2021-10-18T02:21:48Z</time></trkpt><trkpt lat="32.963365" lon="-117.162207"><ele>94.683</ele><time>2021-10-18T02:21:50Z</time></trkpt><trkpt lat="32.963322" lon="-117.162139"><ele>95.011</ele><time>2021-10-18T02:21:52Z</time></trkpt><trkpt lat="32.963276" lon="-117.162070"><ele>95.308</ele><time>2021-10-18T02:21:54Z</time></trkpt><trkpt lat="32.963235" lon="-117.162004"><ele>95.544</ele><time>2021-10-18T02:21:56Z</time></trkpt><trkpt lat="32.963196" lon="-117.161940"><ele>95.752</ele><time>2021-10-18T02:21:58Z</time></trkpt><trkpt lat="32.963157" lon="-117.161877"><ele>96.033</ele><time>2021-10-18T02:22:00Z</time></trkpt><trkpt lat="32.963117" lon="-117.161808"><ele>96.270</ele><time>2021-10-18T02:22:02Z</time></trkpt><trkpt lat="32.963080" lon="-117.161742"><ele>96.318</ele><time>2021-10-18T02:22:04Z</time></trkpt><trkpt lat="32.963039" lon="-117.161670"><ele>96.552</ele><time>2021-10-18T02:22:06Z</time></trkpt><trkpt lat="32.963004" lon="-117.161607"><ele>96.779</ele><time>2021-10-18T02:22:08Z</time></trkpt><trkpt lat="32.962968" lon="-117.161535"><ele>97.196</ele><time>2021-10-18T02:22:10Z</time></trkpt><trkpt lat="32.962935" lon="-117.161467"><ele>97.479</ele><time>2021-10-18T02:22:12Z</time></trkpt><trkpt lat="32.962902" lon="-117.161398"><ele>97.505</ele><time>2021-10-18T02:22:14Z</time></trkpt><trkpt lat="32.962870" lon="-117.161355"><ele>97.525</ele><time>2021-10-18T02:22:15Z</time></trkpt><trkpt lat="32.962845" lon="-117.161288"><ele>97.708</ele><time>2021-10-18T02:22:17Z</time></trkpt><trkpt lat="32.962816" lon="-117.161215"><ele>98.075</ele><time>2021-10-18T02:22:19Z</time></trkpt><trkpt lat="32.962784" lon="-117.161141"><ele>98.033</ele><time>2021-10-18T02:22:21Z</time></trkpt><trkpt lat="32.962753" lon="-117.161070"><ele>98.434</ele><time>2021-10-18T02:22:23Z</time></trkpt><trkpt lat="32.962721" lon="-117.161001"><ele>98.571</ele><time>2021-10-18T02:22:25Z</time></trkpt><trkpt lat="32.962685" lon="-117.160933"><ele>98.549</ele><time>2021-10-18T02:22:27Z</time></trkpt><trkpt lat="32.962655" lon="-117.160867"><ele>98.513</ele><time>2021-10-18T02:22:29Z</time></trkpt><trkpt lat="32.962630" lon="-117.160810"><ele>98.880</ele><time>2021-10-18T02:22:31Z</time></trkpt><trkpt lat="32.962600" lon="-117.160743"><ele>99.217</ele><time>2021-10-18T02:22:33Z</time></trkpt><trkpt lat="32.962566" lon="-117.160676"><ele>99.674</ele><time>2021-10-18T02:22:35Z</time></trkpt><trkpt lat="32.962527" lon="-117.160609"><ele>100.056</ele><time>2021-10-18T02:22:37Z</time></trkpt><trkpt lat="32.962490" lon="-117.160539"><ele>100.021</ele><time>2021-10-18T02:22:39Z</time></trkpt><trkpt lat="32.962461" lon="-117.160471"><ele>100.408</ele><time>2021-10-18T02:22:41Z</time></trkpt><trkpt lat="32.962425" lon="-117.160397"><ele>101.085</ele><time>2021-10-18T02:22:43Z</time></trkpt><trkpt lat="32.962393" lon="-117.160327"><ele>101.363</ele><time>2021-10-18T02:22:45Z</time></trkpt><trkpt lat="32.962358" lon="-117.160256"><ele>101.424</ele><time>2021-10-18T02:22:47Z</time></trkpt><trkpt lat="32.962323" lon="-117.160183"><ele>101.581</ele><time>2021-10-18T02:22:49Z</time></trkpt><trkpt lat="32.962293" lon="-117.160116"><ele>101.719</ele><time>2021-10-18T02:22:51Z</time></trkpt><trkpt lat="32.962257" lon="-117.160045"><ele>102.063</ele><time>2021-10-18T02:22:53Z</time></trkpt><trkpt lat="32.962224" lon="-117.159974"><ele>102.180</ele><time>2021-10-18T02:22:55Z</time></trkpt><trkpt lat="32.962184" lon="-117.159899"><ele>102.357</ele><time>2021-10-18T02:22:57Z</time></trkpt><trkpt lat="32.962150" lon="-117.159828"><ele>102.631</ele><time>2021-10-18T02:22:59Z</time></trkpt><trkpt lat="32.962117" lon="-117.159769"><ele>102.961</ele><time>2021-10-18T02:23:01Z</time></trkpt><trkpt lat="32.962081" lon="-117.159704"><ele>103.007</ele><time>2021-10-18T02:23:03Z</time></trkpt><trkpt lat="32.962049" lon="-117.159645"><ele>103.108</ele><time>2021-10-18T02:23:05Z</time></trkpt><trkpt lat="32.962017" lon="-117.159585"><ele>103.191</ele><time>2021-10-18T02:23:07Z</time></trkpt><trkpt lat="32.961982" lon="-117.159517"><ele>103.449</ele><time>2021-10-18T02:23:09Z</time></trkpt><trkpt lat="32.961946" lon="-117.159452"><ele>103.950</ele><time>2021-10-18T02:23:11Z</time></trkpt><trkpt lat="32.961905" lon="-117.159375"><ele>104.257</ele><time>2021-10-18T02:23:13Z</time></trkpt><trkpt lat="32.961866" lon="-117.159306"><ele>104.415</ele><time>2021-10-18T02:23:15Z</time></trkpt><trkpt lat="32.961826" lon="-117.159234"><ele>104.819</ele><time>2021-10-18T02:23:17Z</time></trkpt><trkpt lat="32.961787" lon="-117.159165"><ele>105.236</ele><time>2021-10-18T02:23:19Z</time></trkpt><trkpt lat="32.961752" lon="-117.159097"><ele>105.563</ele><time>2021-10-18T02:23:21Z</time></trkpt><trkpt lat="32.961714" lon="-117.159025"><ele>105.639</ele><time>2021-10-18T02:23:23Z</time></trkpt><trkpt lat="32.961679" lon="-117.158957"><ele>105.801</ele><time>2021-10-18T02:23:25Z</time></trkpt><trkpt lat="32.961643" lon="-117.158884"><ele>106.221</ele><time>2021-10-18T02:23:27Z</time></trkpt><trkpt lat="32.961605" lon="-117.158815"><ele>106.508</ele><time>2021-10-18T02:23:29Z</time></trkpt><trkpt lat="32.961574" lon="-117.158752"><ele>106.661</ele><time>2021-10-18T02:23:31Z</time></trkpt><trkpt lat="32.961544" lon="-117.158694"><ele>106.669</ele><time>2021-10-18T02:23:33Z</time></trkpt><trkpt lat="32.961507" lon="-117.158624"><ele>106.850</ele><time>2021-10-18T02:23:35Z</time></trkpt><trkpt lat="32.961477" lon="-117.158557"><ele>107.017</ele><time>2021-10-18T02:23:37Z</time></trkpt><trkpt lat="32.961444" lon="-117.158493"><ele>107.295</ele><time>2021-10-18T02:23:39Z</time></trkpt><trkpt lat="32.961413" lon="-117.158426"><ele>107.669</ele><time>2021-10-18T02:23:41Z</time></trkpt><trkpt lat="32.961381" lon="-117.158356"><ele>107.686</ele><time>2021-10-18T02:23:43Z</time></trkpt><trkpt lat="32.961353" lon="-117.158287"><ele>107.913</ele><time>2021-10-18T02:23:45Z</time></trkpt><trkpt lat="32.961323" lon="-117.158220"><ele>108.258</ele><time>2021-10-18T02:23:47Z</time></trkpt><trkpt lat="32.961291" lon="-117.158149"><ele>108.552</ele><time>2021-10-18T02:23:49Z</time></trkpt><trkpt lat="32.961261" lon="-117.158082"><ele>108.517</ele><time>2021-10-18T02:23:51Z</time></trkpt><trkpt lat="32.961233" lon="-117.158012"><ele>108.708</ele><time>2021-10-18T02:23:53Z</time></trkpt><trkpt lat="32.961206" lon="-117.157938"><ele>108.953</ele><time>2021-10-18T02:23:55Z</time></trkpt><trkpt lat="32.961173" lon="-117.157869"><ele>109.111</ele><time>2021-10-18T02:23:57Z</time></trkpt><trkpt lat="32.961129" lon="-117.157798"><ele>109.492</ele><time>2021-10-18T02:23:59Z</time></trkpt><trkpt lat="32.961100" lon="-117.157724"><ele>109.639</ele><time>2021-10-18T02:24:01Z</time></trkpt><trkpt lat="32.961068" lon="-117.157650"><ele>109.937</ele><time>2021-10-18T02:24:03Z</time></trkpt><trkpt lat="32.961038" lon="-117.157578"><ele>110.281</ele><time>2021-10-18T02:24:05Z</time></trkpt><trkpt lat="32.961007" lon="-117.157507"><ele>110.568</ele><time>2021-10-18T02:24:07Z</time></trkpt><trkpt lat="32.960975" lon="-117.157437"><ele>110.675</ele><time>2021-10-18T02:24:09Z</time></trkpt><trkpt lat="32.960942" lon="-117.157368"><ele>110.622</ele><time>2021-10-18T02:24:11Z</time></trkpt><trkpt lat="32.960909" lon="-117.157300"><ele>110.962</ele><time>2021-10-18T02:24:13Z</time></trkpt><trkpt lat="32.960911" lon="-117.157221"><ele>111.108</ele><time>2021-10-18T02:24:14Z</time></trkpt><trkpt lat="32.960883" lon="-117.157177"><ele>111.308</ele><time>2021-10-18T02:24:16Z</time></trkpt><trkpt lat="32.960850" lon="-117.157133"><ele>111.380</ele><time>2021-10-18T02:24:18Z</time></trkpt><trkpt lat="32.960812" lon="-117.157074"><ele>111.648</ele><time>2021-10-18T02:24:20Z</time></trkpt><trkpt lat="32.960778" lon="-117.157006"><ele>111.939</ele><time>2021-10-18T02:24:22Z</time></trkpt><trkpt lat="32.960742" lon="-117.156944"><ele>111.976</ele><time>2021-10-18T02:24:24Z</time></trkpt><trkpt lat="32.960697" lon="-117.156877"><ele>112.184</ele><time>2021-10-18T02:24:26Z</time></trkpt><trkpt lat="32.960649" lon="-117.156804"><ele>112.678</ele><time>2021-10-18T02:24:28Z</time></trkpt><trkpt lat="32.960650" lon="-117.156666"><ele>112.825</ele><time>2021-10-18T02:24:30Z</time></trkpt><trkpt lat="32.960601" lon="-117.156624"><ele>113.022</ele><time>2021-10-18T02:24:32Z</time></trkpt><trkpt lat="32.960551" lon="-117.156574"><ele>113.398</ele><time>2021-10-18T02:24:34Z</time></trkpt><trkpt lat="32.960502" lon="-117.156514"><ele>113.415</ele><time>2021-10-18T02:24:36Z</time></trkpt><trkpt lat="32.960455" lon="-117.156450"><ele>113.426</ele><time>2021-10-18T02:24:38Z</time></trkpt><trkpt lat="32.960411" lon="-117.156386"><ele>113.408</ele><time>2021-10-18T02:24:40Z</time></trkpt><trkpt lat="32.960372" lon="-117.156324"><ele>113.527</ele><time>2021-10-18T02:24:42Z</time></trkpt><trkpt lat="32.960332" lon="-117.156256"><ele>113.825</ele><time>2021-10-18T02:24:44Z</time></trkpt><trkpt lat="32.960294" lon="-117.156189"><ele>114.276</ele><time>2021-10-18T02:24:46Z</time></trkpt><trkpt lat="32.960258" lon="-117.156123"><ele>114.463</ele><time>2021-10-18T02:24:48Z</time></trkpt><trkpt lat="32.960230" lon="-117.156061"><ele>114.631</ele><time>2021-10-18T02:24:50Z</time></trkpt><trkpt lat="32.960187" lon="-117.155995"><ele>114.625</ele><time>2021-10-18T02:24:52Z</time></trkpt><trkpt lat="32.960139" lon="-117.155925"><ele>114.972</ele><time>2021-10-18T02:24:54Z</time></trkpt><trkpt lat="32.960086" lon="-117.155858"><ele>115.189</ele><time>2021-10-18T02:24:56Z</time></trkpt><trkpt lat="32.960033" lon="-117.155796"><ele>115.237</ele><time>2021-10-18T02:24:58Z</time></trkpt><trkpt lat="32.959987" lon="-117.155743"><ele>115.349</ele><time>2021-10-18T02:25:00Z</time></trkpt><trkpt lat="32.959935" lon="-117.155689"><ele>115.513</ele><time>2021-10-18T02:25:02Z</time></trkpt><trkpt lat="32.959882" lon="-117.155629"><ele>115.608</ele><time>2021-10-18T02:25:04Z</time></trkpt><trkpt lat="32.959828" lon="-117.155569"><ele>115.841</ele><time>2021-10-18T02:25:06Z</time></trkpt><trkpt lat="32.959771" lon="-117.155520"><ele>115.959</ele><time>2021-10-18T02:25:08Z</time></trkpt><trkpt lat="32.959710" lon="-117.155469"><ele>116.050</ele><time>2021-10-18T02:25:10Z</time></trkpt><trkpt lat="32.959652" lon="-117.155420"><ele>116.267</ele><time>2021-10-18T02:25:12Z</time></trkpt><trkpt lat="32.959598" lon="-117.155371"><ele>116.335</ele><time>2021-10-18T02:25:14Z</time></trkpt><trkpt lat="32.959543" lon="-117.155326"><ele>116.369</ele><time>2021-10-18T02:25:16Z</time></trkpt><trkpt lat="32.959478" lon="-117.155281"><ele>116.456</ele><time>2021-10-18T02:25:18Z</time></trkpt><trkpt lat="32.959416" lon="-117.155233"><ele>116.663</ele><time>2021-10-18T02:25:20Z</time></trkpt><trkpt lat="32.959349" lon="-117.155183"><ele>116.776</ele><time>2021-10-18T02:25:22Z</time></trkpt><trkpt lat="32.959281" lon="-117.155135"><ele>116.790</ele><time>2021-10-18T02:25:24Z</time></trkpt><trkpt lat="32.959217" lon="-117.155087"><ele>116.719</ele><time>2021-10-18T02:25:26Z</time></trkpt><trkpt lat="32.959151" lon="-117.155039"><ele>116.708</ele><time>2021-10-18T02:25:28Z</time></trkpt><trkpt lat="32.959087" lon="-117.155001"><ele>116.765</ele><time>2021-10-18T02:25:30Z</time></trkpt><trkpt lat="32.959016" lon="-117.154958"><ele>116.723</ele><time>2021-10-18T02:25:32Z</time></trkpt><trkpt lat="32.958951" lon="-117.154919"><ele>116.734</ele><time>2021-10-18T02:25:34Z</time></trkpt><trkpt lat="32.958883" lon="-117.154882"><ele>116.771</ele><time>2021-10-18T02:25:36Z</time></trkpt><trkpt lat="32.958811" lon="-117.154835"><ele>116.699</ele><time>2021-10-18T02:25:38Z</time></trkpt><trkpt lat="32.958740" lon="-117.154783"><ele>116.483</ele><time>2021-10-18T02:25:40Z</time></trkpt><trkpt lat="32.958701" lon="-117.154754"><ele>116.130</ele><time>2021-10-18T02:25:41Z</time></trkpt><trkpt lat="32.958661" lon="-117.154724"><ele>115.957</ele><time>2021-10-18T02:25:42Z</time></trkpt><trkpt lat="32.958620" lon="-117.154695"><ele>115.953</ele><time>2021-10-18T02:25:43Z</time></trkpt><trkpt lat="32.958579" lon="-117.154666"><ele>115.904</ele><time>2021-10-18T02:25:44Z</time></trkpt><trkpt lat="32.958538" lon="-117.154636"><ele>115.814</ele><time>2021-10-18T02:25:45Z</time></trkpt><trkpt lat="32.958496" lon="-117.154604"><ele>115.708</ele><time>2021-10-18T02:25:46Z</time></trkpt><trkpt lat="32.958453" lon="-117.154570"><ele>115.583</ele><time>2021-10-18T02:25:47Z</time></trkpt><trkpt lat="32.958411" lon="-117.154533"><ele>115.381</ele><time>2021-10-18T02:25:48Z</time></trkpt><trkpt lat="32.958372" lon="-117.154491"><ele>115.352</ele><time>2021-10-18T02:25:49Z</time></trkpt><trkpt lat="32.958334" lon="-117.154447"><ele>115.119</ele><time>2021-10-18T02:25:50Z</time></trkpt><trkpt lat="32.958296" lon="-117.154401"><ele>114.937</ele><time>2021-10-18T02:25:51Z</time></trkpt><trkpt lat="32.958257" lon="-117.154353"><ele>114.941</ele><time>2021-10-18T02:25:52Z</time></trkpt><trkpt lat="32.958216" lon="-117.154301"><ele>114.478</ele><time>2021-10-18T02:25:53Z</time></trkpt><trkpt lat="32.958177" lon="-117.154246"><ele>114.485</ele><time>2021-10-18T02:25:54Z</time></trkpt><trkpt lat="32.958139" lon="-117.154184"><ele>114.053</ele><time>2021-10-18T02:25:55Z</time></trkpt><trkpt lat="32.958104" lon="-117.154119"><ele>114.004</ele><time>2021-10-18T02:25:56Z</time></trkpt><trkpt lat="32.958073" lon="-117.154051"><ele>114.014</ele><time>2021-10-18T02:25:57Z</time></trkpt><trkpt lat="32.958045" lon="-117.153979"><ele>113.408</ele><time>2021-10-18T02:25:58Z</time></trkpt><trkpt lat="32.958019" lon="-117.153906"><ele>113.453</ele><time>2021-10-18T02:25:59Z</time></trkpt><trkpt lat="32.957997" lon="-117.153828"><ele>112.411</ele><time>2021-10-18T02:26:00Z</time></trkpt><trkpt lat="32.957977" lon="-117.153747"><ele>112.442</ele><time>2021-10-18T02:26:01Z</time></trkpt><trkpt lat="32.957960" lon="-117.153662"><ele>111.949</ele><time>2021-10-18T02:26:02Z</time></trkpt><trkpt lat="32.957950" lon="-117.153572"><ele>111.447</ele><time>2021-10-18T02:26:03Z</time></trkpt><trkpt lat="32.957941" lon="-117.153495"><ele>110.981</ele><time>2021-10-18T02:26:04Z</time></trkpt><trkpt lat="32.957935" lon="-117.153425"><ele>110.498</ele><time>2021-10-18T02:26:05Z</time></trkpt><trkpt lat="32.957929" lon="-117.153361"><ele>110.475</ele><time>2021-10-18T02:26:06Z</time></trkpt><trkpt lat="32.957924" lon="-117.153302"><ele>110.473</ele><time>2021-10-18T02:26:07Z</time></trkpt><trkpt lat="32.957916" lon="-117.153219"><ele>109.785</ele><time>2021-10-18T02:26:09Z</time></trkpt><trkpt lat="32.957890" lon="-117.153170"><ele>109.713</ele><time>2021-10-18T02:26:11Z</time></trkpt><trkpt lat="32.957840" lon="-117.153145"><ele>109.408</ele><time>2021-10-18T02:26:13Z</time></trkpt><trkpt lat="32.957769" lon="-117.153155"><ele>109.345</ele><time>2021-10-18T02:26:15Z</time></trkpt><trkpt lat="32.957694" lon="-117.153175"><ele>109.333</ele><time>2021-10-18T02:26:17Z</time></trkpt><trkpt lat="32.957613" lon="-117.153184"><ele>108.814</ele><time>2021-10-18T02:26:19Z</time></trkpt><trkpt lat="32.957527" lon="-117.153180"><ele>108.461</ele><time>2021-10-18T02:26:21Z</time></trkpt><trkpt lat="32.957427" lon="-117.153110"><ele>108.099</ele><time>2021-10-18T02:26:23Z</time></trkpt><trkpt lat="32.957356" lon="-117.153120"><ele>108.013</ele><time>2021-10-18T02:26:25Z</time></trkpt><trkpt lat="32.957278" lon="-117.153131"><ele>108.080</ele><time>2021-10-18T02:26:27Z</time></trkpt><trkpt lat="32.957203" lon="-117.153139"><ele>108.067</ele><time>2021-10-18T02:26:29Z</time></trkpt><trkpt lat="32.957126" lon="-117.153143"><ele>108.063</ele><time>2021-10-18T02:26:31Z</time></trkpt><trkpt lat="32.957057" lon="-117.153150"><ele>108.144</ele><time>2021-10-18T02:26:33Z</time></trkpt><trkpt lat="32.956995" lon="-117.153160"><ele>108.218</ele><time>2021-10-18T02:26:35Z</time></trkpt><trkpt lat="32.956949" lon="-117.153178"><ele>108.308</ele><time>2021-10-18T02:26:38Z</time></trkpt><trkpt lat="32.956949" lon="-117.153118"><ele>108.484</ele><time>2021-10-18T02:26:39Z</time></trkpt><trkpt lat="32.956916" lon="-117.153154"><ele>108.692</ele><time>2021-10-18T02:28:15Z</time></trkpt><trkpt lat="32.956852" lon="-117.153147"><ele>108.993</ele><time>2021-10-18T02:28:19Z</time></trkpt><trkpt lat="32.956794" lon="-117.153138"><ele>109.180</ele><time>2021-10-18T02:28:21Z</time></trkpt><trkpt lat="32.956736" lon="-117.153126"><ele>109.678</ele><time>2021-10-18T02:28:23Z</time></trkpt><trkpt lat="32.956680" lon="-117.153103"><ele>109.692</ele><time>2021-10-18T02:28:25Z</time></trkpt><trkpt lat="32.956668" lon="-117.153048"><ele>109.669</ele><time>2021-10-18T02:28:27Z</time></trkpt><trkpt lat="32.956677" lon="-117.152990"><ele>109.446</ele><time>2021-10-18T02:28:30Z</time></trkpt><trkpt lat="32.956680" lon="-117.152920"><ele>109.473</ele><time>2021-10-18T02:28:33Z</time></trkpt><trkpt lat="32.956762" lon="-117.152810"><ele>109.585</ele><time>2021-10-18T02:28:35Z</time></trkpt><trkpt lat="32.956712" lon="-117.152830"><ele>109.613</ele><time>2021-10-18T02:28:40Z</time></trkpt><trkpt lat="32.956720" lon="-117.152757"><ele>109.608</ele><time>2021-10-18T02:29:00Z</time></trkpt><trkpt lat="32.956747" lon="-117.152713"><ele>109.675</ele><time>2021-10-18T02:29:02Z</time></trkpt><trkpt lat="32.956773" lon="-117.152659"><ele>109.613</ele><time>2021-10-18T02:29:04Z</time></trkpt><trkpt lat="32.956790" lon="-117.152606"><ele>109.614</ele><time>2021-10-18T02:29:06Z</time></trkpt><trkpt lat="32.956803" lon="-117.152544"><ele>109.621</ele><time>2021-10-18T02:29:08Z</time></trkpt><trkpt lat="32.956819" lon="-117.152478"><ele>109.659</ele><time>2021-10-18T02:29:10Z</time></trkpt><trkpt lat="32.956838" lon="-117.152427"><ele>109.643</ele><time>2021-10-18T02:29:12Z</time></trkpt><trkpt lat="32.956888" lon="-117.152397"><ele>109.530</ele><time>2021-10-18T02:29:14Z</time></trkpt><trkpt lat="32.956909" lon="-117.152346"><ele>109.457</ele><time>2021-10-18T02:29:16Z</time></trkpt><trkpt lat="32.956933" lon="-117.152294"><ele>109.497</ele><time>2021-10-18T02:29:18Z</time></trkpt><trkpt lat="32.956970" lon="-117.152253"><ele>109.423</ele><time>2021-10-18T02:29:20Z</time></trkpt><trkpt lat="32.957028" lon="-117.152249"><ele>109.425</ele><time>2021-10-18T02:29:23Z</time></trkpt><trkpt lat="32.957074" lon="-117.152212"><ele>109.408</ele><time>2021-10-18T02:29:31Z</time></trkpt><trkpt lat="32.957125" lon="-117.152213"><ele>109.587</ele><time>2021-10-18T02:30:59Z</time></trkpt><trkpt lat="32.957188" lon="-117.152203"><ele>109.645</ele><time>2021-10-18T02:31:17Z</time></trkpt><trkpt lat="32.957022" lon="-117.152149"><ele>109.646</ele><time>2021-10-18T02:33:39Z</time></trkpt><trkpt lat="32.957054" lon="-117.152193"><ele>109.553</ele><time>2021-10-18T02:34:08Z</time></trkpt><trkpt lat="32.957070" lon="-117.152244"><ele>109.511</ele><time>2021-10-18T02:34:10Z</time></trkpt><trkpt lat="32.957033" lon="-117.152281"><ele>109.535</ele><time>2021-10-18T02:38:27Z</time></trkpt><trkpt lat="32.956996" lon="-117.152327"><ele>109.532</ele><time>2021-10-18T02:38:31Z</time></trkpt><trkpt lat="32.956959" lon="-117.152392"><ele>109.289</ele><time>2021-10-18T02:38:34Z</time></trkpt><trkpt lat="32.956940" lon="-117.152445"><ele>108.955</ele><time>2021-10-18T02:38:36Z</time></trkpt><trkpt lat="32.956926" lon="-117.152497"><ele>108.707</ele><time>2021-10-18T02:38:38Z</time></trkpt><trkpt lat="32.956929" lon="-117.152573"><ele>108.517</ele><time>2021-10-18T02:38:40Z</time></trkpt><trkpt lat="32.956897" lon="-117.152637"><ele>108.108</ele><time>2021-10-18T02:38:42Z</time></trkpt><trkpt lat="32.956930" lon="-117.152678"><ele>108.173</ele><time>2021-10-18T02:38:46Z</time></trkpt><trkpt lat="32.956978" lon="-117.152679"><ele>108.151</ele><time>2021-10-18T02:38:48Z</time></trkpt><trkpt lat="32.957037" lon="-117.152674"><ele>108.192</ele><time>2021-10-18T02:38:50Z</time></trkpt><trkpt lat="32.957112" lon="-117.152668"><ele>108.259</ele><time>2021-10-18T02:38:52Z</time></trkpt><trkpt lat="32.957192" lon="-117.152666"><ele>108.787</ele><time>2021-10-18T02:38:54Z</time></trkpt><trkpt lat="32.957279" lon="-117.152667"><ele>108.761</ele><time>2021-10-18T02:38:56Z</time></trkpt><trkpt lat="32.957356" lon="-117.152672"><ele>108.528</ele><time>2021-10-18T02:38:58Z</time></trkpt><trkpt lat="32.957442" lon="-117.152678"><ele>108.175</ele><time>2021-10-18T02:39:00Z</time></trkpt><trkpt lat="32.957517" lon="-117.152650"><ele>107.873</ele><time>2021-10-18T02:39:02Z</time></trkpt><trkpt lat="32.957587" lon="-117.152663"><ele>107.685</ele><time>2021-10-18T02:39:04Z</time></trkpt><trkpt lat="32.957655" lon="-117.152673"><ele>107.513</ele><time>2021-10-18T02:39:06Z</time></trkpt><trkpt lat="32.957723" lon="-117.152684"><ele>107.508</ele><time>2021-10-18T02:39:08Z</time></trkpt><trkpt lat="32.957794" lon="-117.152692"><ele>107.675</ele><time>2021-10-18T02:39:10Z</time></trkpt><trkpt lat="32.957842" lon="-117.152698"><ele>107.793</ele><time>2021-10-18T02:39:12Z</time></trkpt><trkpt lat="32.957888" lon="-117.152697"><ele>108.234</ele><time>2021-10-18T02:39:18Z</time></trkpt><trkpt lat="32.957910" lon="-117.152757"><ele>108.231</ele><time>2021-10-18T02:39:29Z</time></trkpt><trkpt lat="32.957917" lon="-117.152863"><ele>108.289</ele><time>2021-10-18T02:39:31Z</time></trkpt><trkpt lat="32.957918" lon="-117.152947"><ele>108.063</ele><time>2021-10-18T02:39:33Z</time></trkpt><trkpt lat="32.957914" lon="-117.153019"><ele>107.340</ele><time>2021-10-18T02:39:35Z</time></trkpt><trkpt lat="32.957908" lon="-117.153092"><ele>107.367</ele><time>2021-10-18T02:39:37Z</time></trkpt><trkpt lat="32.957909" lon="-117.153155"><ele>107.415</ele><time>2021-10-18T02:39:39Z</time></trkpt><trkpt lat="32.957922" lon="-117.153226"><ele>107.465</ele><time>2021-10-18T02:39:41Z</time></trkpt><trkpt lat="32.957937" lon="-117.153302"><ele>107.611</ele><time>2021-10-18T02:39:43Z</time></trkpt><trkpt lat="32.957951" lon="-117.153374"><ele>107.808</ele><time>2021-10-18T02:39:45Z</time></trkpt><trkpt lat="32.957967" lon="-117.153445"><ele>108.039</ele><time>2021-10-18T02:39:47Z</time></trkpt><trkpt lat="32.957983" lon="-117.153514"><ele>108.027</ele><time>2021-10-18T02:39:49Z</time></trkpt><trkpt lat="32.957998" lon="-117.153583"><ele>108.148</ele><time>2021-10-18T02:39:51Z</time></trkpt><trkpt lat="32.958010" lon="-117.153650"><ele>108.475</ele><time>2021-10-18T02:39:53Z</time></trkpt><trkpt lat="32.958024" lon="-117.153715"><ele>108.573</ele><time>2021-10-18T02:39:55Z</time></trkpt><trkpt lat="32.958041" lon="-117.153783"><ele>108.517</ele><time>2021-10-18T02:39:57Z</time></trkpt><trkpt lat="32.958056" lon="-117.153851"><ele>108.914</ele><time>2021-10-18T02:39:59Z</time></trkpt><trkpt lat="32.958075" lon="-117.153911"><ele>109.551</ele><time>2021-10-18T02:40:01Z</time></trkpt><trkpt lat="32.958095" lon="-117.153967"><ele>109.896</ele><time>2021-10-18T02:40:03Z</time></trkpt><trkpt lat="32.958121" lon="-117.154026"><ele>110.331</ele><time>2021-10-18T02:40:05Z</time></trkpt><trkpt lat="32.958150" lon="-117.154084"><ele>110.324</ele><time>2021-10-18T02:40:07Z</time></trkpt><trkpt lat="32.958173" lon="-117.154135"><ele>110.608</ele><time>2021-10-18T02:40:09Z</time></trkpt><trkpt lat="32.958203" lon="-117.154190"><ele>111.137</ele><time>2021-10-18T02:40:11Z</time></trkpt><trkpt lat="32.958234" lon="-117.154243"><ele>111.585</ele><time>2021-10-18T02:40:13Z</time></trkpt><trkpt lat="32.958265" lon="-117.154290"><ele>111.756</ele><time>2021-10-18T02:40:15Z</time></trkpt><trkpt lat="32.958301" lon="-117.154342"><ele>111.983</ele><time>2021-10-18T02:40:17Z</time></trkpt><trkpt lat="32.958342" lon="-117.154392"><ele>112.481</ele><time>2021-10-18T02:40:19Z</time></trkpt><trkpt lat="32.958382" lon="-117.154439"><ele>112.745</ele><time>2021-10-18T02:40:21Z</time></trkpt><trkpt lat="32.958423" lon="-117.154477"><ele>113.092</ele><time>2021-10-18T02:40:23Z</time></trkpt><trkpt lat="32.958471" lon="-117.154516"><ele>113.069</ele><time>2021-10-18T02:40:25Z</time></trkpt><trkpt lat="32.958516" lon="-117.154550"><ele>113.341</ele><time>2021-10-18T02:40:27Z</time></trkpt><trkpt lat="32.958568" lon="-117.154586"><ele>113.881</ele><time>2021-10-18T02:40:29Z</time></trkpt><trkpt lat="32.958610" lon="-117.154617"><ele>114.209</ele><time>2021-10-18T02:40:31Z</time></trkpt><trkpt lat="32.958658" lon="-117.154651"><ele>114.208</ele><time>2021-10-18T02:40:33Z</time></trkpt><trkpt lat="32.958716" lon="-117.154690"><ele>114.292</ele><time>2021-10-18T02:40:35Z</time></trkpt><trkpt lat="32.958767" lon="-117.154724"><ele>114.750</ele><time>2021-10-18T02:40:37Z</time></trkpt><trkpt lat="32.958818" lon="-117.154760"><ele>114.851</ele><time>2021-10-18T02:40:39Z</time></trkpt><trkpt lat="32.958873" lon="-117.154798"><ele>114.858</ele><time>2021-10-18T02:40:41Z</time></trkpt><trkpt lat="32.958921" lon="-117.154834"><ele>114.986</ele><time>2021-10-18T02:40:43Z</time></trkpt><trkpt lat="32.958969" lon="-117.154868"><ele>115.110</ele><time>2021-10-18T02:40:45Z</time></trkpt><trkpt lat="32.959016" lon="-117.154902"><ele>115.837</ele><time>2021-10-18T02:40:47Z</time></trkpt><trkpt lat="32.959067" lon="-117.154939"><ele>115.834</ele><time>2021-10-18T02:40:49Z</time></trkpt><trkpt lat="32.959124" lon="-117.154980"><ele>115.868</ele><time>2021-10-18T02:40:51Z</time></trkpt><trkpt lat="32.959181" lon="-117.155018"><ele>115.542</ele><time>2021-10-18T02:40:53Z</time></trkpt><trkpt lat="32.959237" lon="-117.155057"><ele>115.526</ele><time>2021-10-18T02:40:55Z</time></trkpt><trkpt lat="32.959293" lon="-117.155095"><ele>115.508</ele><time>2021-10-18T02:40:57Z</time></trkpt><trkpt lat="32.959347" lon="-117.155131"><ele>115.684</ele><time>2021-10-18T02:40:59Z</time></trkpt><trkpt lat="32.959398" lon="-117.155167"><ele>115.642</ele><time>2021-10-18T02:41:01Z</time></trkpt><trkpt lat="32.959454" lon="-117.155203"><ele>115.883</ele><time>2021-10-18T02:41:03Z</time></trkpt><trkpt lat="32.959519" lon="-117.155242"><ele>116.090</ele><time>2021-10-18T02:41:05Z</time></trkpt><trkpt lat="32.959572" lon="-117.155279"><ele>116.068</ele><time>2021-10-18T02:41:07Z</time></trkpt><trkpt lat="32.959697" lon="-117.155342"><ele>116.062</ele><time>2021-10-18T02:41:09Z</time></trkpt><trkpt lat="32.959745" lon="-117.155400"><ele>116.089</ele><time>2021-10-18T02:41:13Z</time></trkpt><trkpt lat="32.959795" lon="-117.155456"><ele>116.616</ele><time>2021-10-18T02:41:16Z</time></trkpt><trkpt lat="32.959835" lon="-117.155500"><ele>116.636</ele><time>2021-10-18T02:41:18Z</time></trkpt><trkpt lat="32.959883" lon="-117.155552"><ele>116.617</ele><time>2021-10-18T02:41:20Z</time></trkpt><trkpt lat="32.959931" lon="-117.155606"><ele>116.618</ele><time>2021-10-18T02:41:22Z</time></trkpt><trkpt lat="32.959977" lon="-117.155656"><ele>116.608</ele><time>2021-10-18T02:41:24Z</time></trkpt><trkpt lat="32.960058" lon="-117.155689"><ele>115.921</ele><time>2021-10-18T02:41:25Z</time></trkpt><trkpt lat="32.960082" lon="-117.155738"><ele>115.679</ele><time>2021-10-18T02:41:27Z</time></trkpt><trkpt lat="32.960116" lon="-117.155792"><ele>115.650</ele><time>2021-10-18T02:41:29Z</time></trkpt><trkpt lat="32.960148" lon="-117.155842"><ele>115.247</ele><time>2021-10-18T02:41:31Z</time></trkpt><trkpt lat="32.960185" lon="-117.155899"><ele>114.685</ele><time>2021-10-18T02:41:33Z</time></trkpt><trkpt lat="32.960227" lon="-117.155960"><ele>114.279</ele><time>2021-10-18T02:41:35Z</time></trkpt><trkpt lat="32.960272" lon="-117.156025"><ele>114.226</ele><time>2021-10-18T02:41:37Z</time></trkpt><trkpt lat="32.960315" lon="-117.156090"><ele>114.013</ele><time>2021-10-18T02:41:39Z</time></trkpt><trkpt lat="32.960357" lon="-117.156212"><ele>113.586</ele><time>2021-10-18T02:41:41Z</time></trkpt><trkpt lat="32.960396" lon="-117.156267"><ele>113.260</ele><time>2021-10-18T02:41:43Z</time></trkpt><trkpt lat="32.960437" lon="-117.156327"><ele>113.226</ele><time>2021-10-18T02:41:45Z</time></trkpt><trkpt lat="32.960478" lon="-117.156390"><ele>113.108</ele><time>2021-10-18T02:41:47Z</time></trkpt><trkpt lat="32.960521" lon="-117.156455"><ele>113.136</ele><time>2021-10-18T02:41:49Z</time></trkpt><trkpt lat="32.960568" lon="-117.156530"><ele>113.064</ele><time>2021-10-18T02:41:51Z</time></trkpt><trkpt lat="32.960615" lon="-117.156604"><ele>112.815</ele><time>2021-10-18T02:41:53Z</time></trkpt><trkpt lat="32.960659" lon="-117.156681"><ele>112.792</ele><time>2021-10-18T02:41:55Z</time></trkpt><trkpt lat="32.960731" lon="-117.156733"><ele>112.520</ele><time>2021-10-18T02:41:57Z</time></trkpt><trkpt lat="32.960755" lon="-117.156786"><ele>112.384</ele><time>2021-10-18T02:41:58Z</time></trkpt><trkpt lat="32.960777" lon="-117.156838"><ele>112.211</ele><time>2021-10-18T02:41:59Z</time></trkpt><trkpt lat="32.960796" lon="-117.156892"><ele>112.218</ele><time>2021-10-18T02:42:00Z</time></trkpt><trkpt lat="32.960832" lon="-117.156994"><ele>111.787</ele><time>2021-10-18T02:42:02Z</time></trkpt><trkpt lat="32.960852" lon="-117.157049"><ele>111.742</ele><time>2021-10-18T02:42:03Z</time></trkpt><trkpt lat="32.960873" lon="-117.157100"><ele>111.126</ele><time>2021-10-18T02:42:04Z</time></trkpt><trkpt lat="32.960895" lon="-117.157148"><ele>111.108</ele><time>2021-10-18T02:42:05Z</time></trkpt><trkpt lat="32.960917" lon="-117.157197"><ele>110.986</ele><time>2021-10-18T02:42:06Z</time></trkpt><trkpt lat="32.960941" lon="-117.157249"><ele>110.974</ele><time>2021-10-18T02:42:07Z</time></trkpt><trkpt lat="32.960963" lon="-117.157301"><ele>110.955</ele><time>2021-10-18T02:42:08Z</time></trkpt><trkpt lat="32.960987" lon="-117.157352"><ele>110.712</ele><time>2021-10-18T02:42:09Z</time></trkpt><trkpt lat="32.961012" lon="-117.157401"><ele>110.530</ele><time>2021-10-18T02:42:10Z</time></trkpt><trkpt lat="32.961036" lon="-117.157452"><ele>110.524</ele><time>2021-10-18T02:42:11Z</time></trkpt><trkpt lat="32.961058" lon="-117.157503"><ele>110.271</ele><time>2021-10-18T02:42:12Z</time></trkpt><trkpt lat="32.961094" lon="-117.157587"><ele>109.938</ele><time>2021-10-18T02:42:13Z</time></trkpt><trkpt lat="32.961135" lon="-117.157677"><ele>109.195</ele><time>2021-10-18T02:42:15Z</time></trkpt><trkpt lat="32.961174" lon="-117.157771"><ele>108.849</ele><time>2021-10-18T02:42:17Z</time></trkpt><trkpt lat="32.961211" lon="-117.157870"><ele>108.423</ele><time>2021-10-18T02:42:19Z</time></trkpt><trkpt lat="32.961233" lon="-117.157925"><ele>108.308</ele><time>2021-10-18T02:42:20Z</time></trkpt><trkpt lat="32.961256" lon="-117.157979"><ele>108.117</ele><time>2021-10-18T02:42:21Z</time></trkpt><trkpt lat="32.961281" lon="-117.158037"><ele>107.935</ele><time>2021-10-18T02:42:22Z</time></trkpt><trkpt lat="32.961309" lon="-117.158097"><ele>107.916</ele><time>2021-10-18T02:42:23Z</time></trkpt><trkpt lat="32.961334" lon="-117.158157"><ele>106.983</ele><time>2021-10-18T02:42:24Z</time></trkpt><trkpt lat="32.961358" lon="-117.158216"><ele>106.941</ele><time>2021-10-18T02:42:25Z</time></trkpt><trkpt lat="32.961383" lon="-117.158271"><ele>106.955</ele><time>2021-10-18T02:42:26Z</time></trkpt><trkpt lat="32.961409" lon="-117.158327"><ele>106.522</ele><time>2021-10-18T02:42:27Z</time></trkpt><trkpt lat="32.961434" lon="-117.158380"><ele>106.589</ele><time>2021-10-18T02:42:28Z</time></trkpt><trkpt lat="32.961462" lon="-117.158434"><ele>106.523</ele><time>2021-10-18T02:42:29Z</time></trkpt><trkpt lat="32.961490" lon="-117.158486"><ele>106.583</ele><time>2021-10-18T02:42:30Z</time></trkpt><trkpt lat="32.961520" lon="-117.158541"><ele>106.511</ele><time>2021-10-18T02:42:31Z</time></trkpt><trkpt lat="32.961549" lon="-117.158596"><ele>106.508</ele><time>2021-10-18T02:42:32Z</time></trkpt><trkpt lat="32.961577" lon="-117.158650"><ele>106.430</ele><time>2021-10-18T02:42:33Z</time></trkpt><trkpt lat="32.961605" lon="-117.158705"><ele>106.448</ele><time>2021-10-18T02:42:34Z</time></trkpt><trkpt lat="32.961634" lon="-117.158761"><ele>106.019</ele><time>2021-10-18T02:42:35Z</time></trkpt><trkpt lat="32.961662" lon="-117.158817"><ele>106.016</ele><time>2021-10-18T02:42:36Z</time></trkpt><trkpt lat="32.961690" lon="-117.158872"><ele>105.514</ele><time>2021-10-18T02:42:37Z</time></trkpt><trkpt lat="32.961717" lon="-117.158925"><ele>105.598</ele><time>2021-10-18T02:42:38Z</time></trkpt><trkpt lat="32.961744" lon="-117.158976"><ele>105.575</ele><time>2021-10-18T02:42:39Z</time></trkpt><trkpt lat="32.961770" lon="-117.159028"><ele>105.342</ele><time>2021-10-18T02:42:40Z</time></trkpt><trkpt lat="32.961798" lon="-117.159081"><ele>105.111</ele><time>2021-10-18T02:42:41Z</time></trkpt><trkpt lat="32.961826" lon="-117.159133"><ele>104.921</ele><time>2021-10-18T02:42:42Z</time></trkpt><trkpt lat="32.961853" lon="-117.159187"><ele>104.703</ele><time>2021-10-18T02:42:43Z</time></trkpt><trkpt lat="32.961880" lon="-117.159241"><ele>104.708</ele><time>2021-10-18T02:42:44Z</time></trkpt><trkpt lat="32.961910" lon="-117.159296"><ele>104.499</ele><time>2021-10-18T02:42:45Z</time></trkpt><trkpt lat="32.961938" lon="-117.159347"><ele>104.127</ele><time>2021-10-18T02:42:46Z</time></trkpt><trkpt lat="32.961965" lon="-117.159396"><ele>103.858</ele><time>2021-10-18T02:42:47Z</time></trkpt><trkpt lat="32.961991" lon="-117.159443"><ele>103.565</ele><time>2021-10-18T02:42:48Z</time></trkpt><trkpt lat="32.962016" lon="-117.159490"><ele>103.523</ele><time>2021-10-18T02:42:49Z</time></trkpt><trkpt lat="32.962044" lon="-117.159539"><ele>103.347</ele><time>2021-10-18T02:42:50Z</time></trkpt><trkpt lat="32.962069" lon="-117.159586"><ele>103.174</ele><time>2021-10-18T02:42:51Z</time></trkpt><trkpt lat="32.962096" lon="-117.159636"><ele>103.171</ele><time>2021-10-18T02:42:52Z</time></trkpt><trkpt lat="32.962120" lon="-117.159684"><ele>103.036</ele><time>2021-10-18T02:42:53Z</time></trkpt><trkpt lat="32.962145" lon="-117.159730"><ele>102.917</ele><time>2021-10-18T02:42:54Z</time></trkpt><trkpt lat="32.962190" lon="-117.159819"><ele>102.518</ele><time>2021-10-18T02:42:56Z</time></trkpt><trkpt lat="32.962231" lon="-117.159899"><ele>102.508</ele><time>2021-10-18T02:42:58Z</time></trkpt><trkpt lat="32.962256" lon="-117.159947"><ele>102.231</ele><time>2021-10-18T02:42:59Z</time></trkpt><trkpt lat="32.962282" lon="-117.159998"><ele>102.229</ele><time>2021-10-18T02:43:00Z</time></trkpt><trkpt lat="32.962308" lon="-117.160046"><ele>102.270</ele><time>2021-10-18T02:43:01Z</time></trkpt><trkpt lat="32.962332" lon="-117.160093"><ele>102.187</ele><time>2021-10-18T02:43:02Z</time></trkpt><trkpt lat="32.962395" lon="-117.160131"><ele>102.165</ele><time>2021-10-18T02:43:03Z</time></trkpt><trkpt lat="32.962415" lon="-117.160183"><ele>102.049</ele><time>2021-10-18T02:43:04Z</time></trkpt><trkpt lat="32.962435" lon="-117.160234"><ele>102.096</ele><time>2021-10-18T02:43:05Z</time></trkpt><trkpt lat="32.962454" lon="-117.160285"><ele>102.023</ele><time>2021-10-18T02:43:06Z</time></trkpt><trkpt lat="32.962473" lon="-117.160338"><ele>102.041</ele><time>2021-10-18T02:43:07Z</time></trkpt><trkpt lat="32.962493" lon="-117.160393"><ele>101.881</ele><time>2021-10-18T02:43:08Z</time></trkpt><trkpt lat="32.962511" lon="-117.160445"><ele>101.609</ele><time>2021-10-18T02:43:09Z</time></trkpt><trkpt lat="32.962530" lon="-117.160495"><ele>101.608</ele><time>2021-10-18T02:43:10Z</time></trkpt><trkpt lat="32.962570" lon="-117.160592"><ele>100.542</ele><time>2021-10-18T02:43:12Z</time></trkpt><trkpt lat="32.962597" lon="-117.160643"><ele>100.540</ele><time>2021-10-18T02:43:13Z</time></trkpt><trkpt lat="32.962623" lon="-117.160698"><ele>99.581</ele><time>2021-10-18T02:43:14Z</time></trkpt><trkpt lat="32.962644" lon="-117.160748"><ele>99.598</ele><time>2021-10-18T02:43:15Z</time></trkpt><trkpt lat="32.962673" lon="-117.160797"><ele>98.536</ele><time>2021-10-18T02:43:16Z</time></trkpt><trkpt lat="32.962718" lon="-117.160897"><ele>98.510</ele><time>2021-10-18T02:43:18Z</time></trkpt><trkpt lat="32.962742" lon="-117.160953"><ele>98.447</ele><time>2021-10-18T02:43:19Z</time></trkpt><trkpt lat="32.962766" lon="-117.161005"><ele>98.474</ele><time>2021-10-18T02:43:20Z</time></trkpt><trkpt lat="32.962794" lon="-117.161061"><ele>97.927</ele><time>2021-10-18T02:43:21Z</time></trkpt><trkpt lat="32.962824" lon="-117.161118"><ele>97.968</ele><time>2021-10-18T02:43:22Z</time></trkpt><trkpt lat="32.962851" lon="-117.161173"><ele>97.814</ele><time>2021-10-18T02:43:23Z</time></trkpt><trkpt lat="32.962874" lon="-117.161226"><ele>97.908</ele><time>2021-10-18T02:43:24Z</time></trkpt><trkpt lat="32.962898" lon="-117.161280"><ele>97.940</ele><time>2021-10-18T02:43:25Z</time></trkpt><trkpt lat="32.962925" lon="-117.161336"><ele>97.738</ele><time>2021-10-18T02:43:26Z</time></trkpt><trkpt lat="32.962953" lon="-117.161392"><ele>97.789</ele><time>2021-10-18T02:43:27Z</time></trkpt><trkpt lat="32.962981" lon="-117.161451"><ele>97.686</ele><time>2021-10-18T02:43:28Z</time></trkpt><trkpt lat="32.963009" lon="-117.161508"><ele>97.554</ele><time>2021-10-18T02:43:29Z</time></trkpt><trkpt lat="32.963038" lon="-117.161567"><ele>97.538</ele><time>2021-10-18T02:43:30Z</time></trkpt><trkpt lat="32.963066" lon="-117.161625"><ele>96.945</ele><time>2021-10-18T02:43:31Z</time></trkpt><trkpt lat="32.963095" lon="-117.161683"><ele>96.942</ele><time>2021-10-18T02:43:32Z</time></trkpt><trkpt lat="32.963129" lon="-117.161741"><ele>96.933</ele><time>2021-10-18T02:43:33Z</time></trkpt><trkpt lat="32.963166" lon="-117.161801"><ele>96.323</ele><time>2021-10-18T02:43:34Z</time></trkpt><trkpt lat="32.963198" lon="-117.161859"><ele>96.315</ele><time>2021-10-18T02:43:35Z</time></trkpt><trkpt lat="32.963231" lon="-117.161916"><ele>95.908</ele><time>2021-10-18T02:43:36Z</time></trkpt><trkpt lat="32.963263" lon="-117.161971"><ele>95.961</ele><time>2021-10-18T02:43:37Z</time></trkpt><trkpt lat="32.963296" lon="-117.162027"><ele>95.969</ele><time>2021-10-18T02:43:38Z</time></trkpt><trkpt lat="32.963329" lon="-117.162082"><ele>95.320</ele><time>2021-10-18T02:43:39Z</time></trkpt><trkpt lat="32.963363" lon="-117.162137"><ele>95.327</ele><time>2021-10-18T02:43:40Z</time></trkpt><trkpt lat="32.963396" lon="-117.162192"><ele>95.065</ele><time>2021-10-18T02:43:41Z</time></trkpt><trkpt lat="32.963425" lon="-117.162247"><ele>95.079</ele><time>2021-10-18T02:43:42Z</time></trkpt><trkpt lat="32.963459" lon="-117.162303"><ele>95.046</ele><time>2021-10-18T02:43:43Z</time></trkpt><trkpt lat="32.963493" lon="-117.162360"><ele>94.343</ele><time>2021-10-18T02:43:44Z</time></trkpt><trkpt lat="32.963522" lon="-117.162419"><ele>94.333</ele><time>2021-10-18T02:43:45Z</time></trkpt><trkpt lat="32.963551" lon="-117.162480"><ele>93.823</ele><time>2021-10-18T02:43:46Z</time></trkpt><trkpt lat="32.963578" lon="-117.162538"><ele>93.815</ele><time>2021-10-18T02:43:47Z</time></trkpt><trkpt lat="32.963604" lon="-117.162602"><ele>93.808</ele><time>2021-10-18T02:43:48Z</time></trkpt><trkpt lat="32.963630" lon="-117.162665"><ele>93.291</ele><time>2021-10-18T02:43:49Z</time></trkpt><trkpt lat="32.963655" lon="-117.162727"><ele>93.279</ele><time>2021-10-18T02:43:50Z</time></trkpt><trkpt lat="32.963681" lon="-117.162786"><ele>93.240</ele><time>2021-10-18T02:43:51Z</time></trkpt><trkpt lat="32.963712" lon="-117.162847"><ele>92.617</ele><time>2021-10-18T02:43:52Z</time></trkpt><trkpt lat="32.963742" lon="-117.162907"><ele>92.685</ele><time>2021-10-18T02:43:53Z</time></trkpt><trkpt lat="32.963772" lon="-117.162965"><ele>92.259</ele><time>2021-10-18T02:43:54Z</time></trkpt><trkpt lat="32.963800" lon="-117.163022"><ele>92.286</ele><time>2021-10-18T02:43:55Z</time></trkpt><trkpt lat="32.963829" lon="-117.163080"><ele>92.273</ele><time>2021-10-18T02:43:56Z</time></trkpt><trkpt lat="32.963859" lon="-117.163139"><ele>91.073</ele><time>2021-10-18T02:43:57Z</time></trkpt><trkpt lat="32.963888" lon="-117.163196"><ele>91.085</ele><time>2021-10-18T02:43:58Z</time></trkpt><trkpt lat="32.963917" lon="-117.163253"><ele>89.313</ele><time>2021-10-18T02:43:59Z</time></trkpt><trkpt lat="32.963947" lon="-117.163310"><ele>89.308</ele><time>2021-10-18T02:44:00Z</time></trkpt><trkpt lat="32.963976" lon="-117.163365"><ele>89.345</ele><time>2021-10-18T02:44:01Z</time></trkpt><trkpt lat="32.964004" lon="-117.163420"><ele>89.263</ele><time>2021-10-18T02:44:02Z</time></trkpt><trkpt lat="32.964034" lon="-117.163475"><ele>89.274</ele><time>2021-10-18T02:44:03Z</time></trkpt><trkpt lat="32.964066" lon="-117.163534"><ele>89.071</ele><time>2021-10-18T02:44:04Z</time></trkpt><trkpt lat="32.964097" lon="-117.163591"><ele>89.099</ele><time>2021-10-18T02:44:05Z</time></trkpt><trkpt lat="32.964127" lon="-117.163649"><ele>89.043</ele><time>2021-10-18T02:44:06Z</time></trkpt><trkpt lat="32.964157" lon="-117.163708"><ele>89.090</ele><time>2021-10-18T02:44:07Z</time></trkpt><trkpt lat="32.964186" lon="-117.163766"><ele>89.067</ele><time>2021-10-18T02:44:08Z</time></trkpt><trkpt lat="32.964215" lon="-117.163825"><ele>88.386</ele><time>2021-10-18T02:44:09Z</time></trkpt><trkpt lat="32.964243" lon="-117.163884"><ele>88.360</ele><time>2021-10-18T02:44:10Z</time></trkpt><trkpt lat="32.964273" lon="-117.163945"><ele>88.326</ele><time>2021-10-18T02:44:11Z</time></trkpt><trkpt lat="32.964304" lon="-117.164007"><ele>86.808</ele><time>2021-10-18T02:44:12Z</time></trkpt><trkpt lat="32.964332" lon="-117.164066"><ele>86.876</ele><time>2021-10-18T02:44:13Z</time></trkpt><trkpt lat="32.964358" lon="-117.164125"><ele>86.864</ele><time>2021-10-18T02:44:14Z</time></trkpt><trkpt lat="32.964383" lon="-117.164183"><ele>86.325</ele><time>2021-10-18T02:44:15Z</time></trkpt><trkpt lat="32.964408" lon="-117.164242"><ele>86.332</ele><time>2021-10-18T02:44:16Z</time></trkpt><trkpt lat="32.964432" lon="-117.164303"><ele>85.650</ele><time>2021-10-18T02:44:17Z</time></trkpt><trkpt lat="32.964457" lon="-117.164365"><ele>85.614</ele><time>2021-10-18T02:44:18Z</time></trkpt><trkpt lat="32.964481" lon="-117.164425"><ele>85.621</ele><time>2021-10-18T02:44:19Z</time></trkpt><trkpt lat="32.964506" lon="-117.164484"><ele>84.918</ele><time>2021-10-18T02:44:20Z</time></trkpt><trkpt lat="32.964532" lon="-117.164544"><ele>84.965</ele><time>2021-10-18T02:44:21Z</time></trkpt><trkpt lat="32.964559" lon="-117.164605"><ele>84.368</ele><time>2021-10-18T02:44:22Z</time></trkpt><trkpt lat="32.964583" lon="-117.164662"><ele>84.314</ele><time>2021-10-18T02:44:23Z</time></trkpt><trkpt lat="32.964608" lon="-117.164719"><ele>84.308</ele><time>2021-10-18T02:44:24Z</time></trkpt><trkpt lat="32.964634" lon="-117.164781"><ele>83.944</ele><time>2021-10-18T02:44:25Z</time></trkpt><trkpt lat="32.964658" lon="-117.164841"><ele>83.942</ele><time>2021-10-18T02:44:26Z</time></trkpt><trkpt lat="32.964685" lon="-117.164900"><ele>83.573</ele><time>2021-10-18T02:44:27Z</time></trkpt><trkpt lat="32.964712" lon="-117.164962"><ele>83.570</ele><time>2021-10-18T02:44:28Z</time></trkpt><trkpt lat="32.964739" lon="-117.165024"><ele>83.588</ele><time>2021-10-18T02:44:29Z</time></trkpt><trkpt lat="32.964761" lon="-117.165083"><ele>83.382</ele><time>2021-10-18T02:44:30Z</time></trkpt><trkpt lat="32.964783" lon="-117.165142"><ele>83.389</ele><time>2021-10-18T02:44:31Z</time></trkpt><trkpt lat="32.964805" lon="-117.165202"><ele>83.316</ele><time>2021-10-18T02:44:32Z</time></trkpt><trkpt lat="32.964827" lon="-117.165260"><ele>83.191</ele><time>2021-10-18T02:44:33Z</time></trkpt><trkpt lat="32.964849" lon="-117.165319"><ele>83.181</ele><time>2021-10-18T02:44:34Z</time></trkpt><trkpt lat="32.964868" lon="-117.165378"><ele>83.019</ele><time>2021-10-18T02:44:35Z</time></trkpt><trkpt lat="32.964887" lon="-117.165435"><ele>83.008</ele><time>2021-10-18T02:44:36Z</time></trkpt><trkpt lat="32.964905" lon="-117.165490"><ele>83.017</ele><time>2021-10-18T02:44:37Z</time></trkpt><trkpt lat="32.964925" lon="-117.165545"><ele>83.065</ele><time>2021-10-18T02:44:38Z</time></trkpt><trkpt lat="32.964946" lon="-117.165597"><ele>83.186</ele><time>2021-10-18T02:44:39Z</time></trkpt><trkpt lat="32.965006" lon="-117.165675"><ele>83.133</ele><time>2021-10-18T02:44:40Z</time></trkpt><trkpt lat="32.965037" lon="-117.165766"><ele>83.171</ele><time>2021-10-18T02:44:42Z</time></trkpt><trkpt lat="32.965074" lon="-117.165860"><ele>82.965</ele><time>2021-10-18T02:44:44Z</time></trkpt><trkpt lat="32.965093" lon="-117.165910"><ele>82.292</ele><time>2021-10-18T02:44:45Z</time></trkpt><trkpt lat="32.965113" lon="-117.165961"><ele>81.739</ele><time>2021-10-18T02:44:46Z</time></trkpt><trkpt lat="32.965134" lon="-117.166012"><ele>81.786</ele><time>2021-10-18T02:44:47Z</time></trkpt><trkpt lat="32.965154" lon="-117.166063"><ele>80.760</ele><time>2021-10-18T02:44:48Z</time></trkpt><trkpt lat="32.965175" lon="-117.166113"><ele>80.726</ele><time>2021-10-18T02:44:49Z</time></trkpt><trkpt lat="32.965197" lon="-117.166163"><ele>80.508</ele><time>2021-10-18T02:44:50Z</time></trkpt><trkpt lat="32.965219" lon="-117.166213"><ele>80.556</ele><time>2021-10-18T02:44:51Z</time></trkpt><trkpt lat="32.965241" lon="-117.166261"><ele>80.534</ele><time>2021-10-18T02:44:52Z</time></trkpt><trkpt lat="32.965264" lon="-117.166309"><ele>80.525</ele><time>2021-10-18T02:44:53Z</time></trkpt><trkpt lat="32.965288" lon="-117.166360"><ele>80.772</ele><time>2021-10-18T02:44:54Z</time></trkpt><trkpt lat="32.965312" lon="-117.166409"><ele>80.720</ele><time>2021-10-18T02:44:55Z</time></trkpt><trkpt lat="32.965337" lon="-117.166456"><ele>80.714</ele><time>2021-10-18T02:44:56Z</time></trkpt><trkpt lat="32.965363" lon="-117.166506"><ele>80.771</ele><time>2021-10-18T02:44:57Z</time></trkpt><trkpt lat="32.965388" lon="-117.166554"><ele>80.588</ele><time>2021-10-18T02:44:58Z</time></trkpt><trkpt lat="32.965477" lon="-117.166583"><ele>80.317</ele><time>2021-10-18T02:44:59Z</time></trkpt><trkpt lat="32.965510" lon="-117.166673"><ele>80.087</ele><time>2021-10-18T02:45:01Z</time></trkpt><trkpt lat="32.965547" lon="-117.166767"><ele>79.415</ele><time>2021-10-18T02:45:03Z</time></trkpt><trkpt lat="32.965586" lon="-117.166859"><ele>79.108</ele><time>2021-10-18T02:45:05Z</time></trkpt><trkpt lat="32.965608" lon="-117.166906"><ele>79.199</ele><time>2021-10-18T02:45:06Z</time></trkpt><trkpt lat="32.965651" lon="-117.166999"><ele>79.117</ele><time>2021-10-18T02:45:08Z</time></trkpt><trkpt lat="32.965684" lon="-117.167092"><ele>79.128</ele><time>2021-10-18T02:45:10Z</time></trkpt><trkpt lat="32.965703" lon="-117.167144"><ele>79.165</ele><time>2021-10-18T02:45:11Z</time></trkpt><trkpt lat="32.965745" lon="-117.167235"><ele>79.123</ele><time>2021-10-18T02:45:13Z</time></trkpt><trkpt lat="32.965786" lon="-117.167319"><ele>79.177</ele><time>2021-10-18T02:45:15Z</time></trkpt><trkpt lat="32.965826" lon="-117.167400"><ele>79.154</ele><time>2021-10-18T02:45:17Z</time></trkpt><trkpt lat="32.965869" lon="-117.167481"><ele>79.291</ele><time>2021-10-18T02:45:19Z</time></trkpt><trkpt lat="32.965915" lon="-117.167571"><ele>79.814</ele><time>2021-10-18T02:45:21Z</time></trkpt><trkpt lat="32.965936" lon="-117.167618"><ele>80.154</ele><time>2021-10-18T02:45:22Z</time></trkpt><trkpt lat="32.965975" lon="-117.167708"><ele>80.109</ele><time>2021-10-18T02:45:24Z</time></trkpt><trkpt lat="32.966015" lon="-117.167803"><ele>79.508</ele><time>2021-10-18T02:45:26Z</time></trkpt><trkpt lat="32.966034" lon="-117.167852"><ele>79.049</ele><time>2021-10-18T02:45:27Z</time></trkpt><trkpt lat="32.966070" lon="-117.167938"><ele>78.927</ele><time>2021-10-18T02:45:29Z</time></trkpt><trkpt lat="32.966105" lon="-117.168032"><ele>78.668</ele><time>2021-10-18T02:45:31Z</time></trkpt><trkpt lat="32.966137" lon="-117.168123"><ele>78.455</ele><time>2021-10-18T02:45:33Z</time></trkpt><trkpt lat="32.966169" lon="-117.168210"><ele>78.393</ele><time>2021-10-18T02:45:35Z</time></trkpt><trkpt lat="32.966200" lon="-117.168298"><ele>78.367</ele><time>2021-10-18T02:45:37Z</time></trkpt><trkpt lat="32.966230" lon="-117.168385"><ele>78.344</ele><time>2021-10-18T02:45:39Z</time></trkpt><trkpt lat="32.966261" lon="-117.168472"><ele>78.461</ele><time>2021-10-18T02:45:41Z</time></trkpt><trkpt lat="32.966291" lon="-117.168557"><ele>78.556</ele><time>2021-10-18T02:45:43Z</time></trkpt><trkpt lat="32.966320" lon="-117.168643"><ele>79.359</ele><time>2021-10-18T02:45:45Z</time></trkpt><trkpt lat="32.966322" lon="-117.168801"><ele>80.014</ele><time>2021-10-18T02:45:47Z</time></trkpt><trkpt lat="32.966352" lon="-117.168860"><ele>80.008</ele><time>2021-10-18T02:45:49Z</time></trkpt><trkpt lat="32.966380" lon="-117.168932"><ele>80.093</ele><time>2021-10-18T02:45:51Z</time></trkpt><trkpt lat="32.966408" lon="-117.169006"><ele>80.061</ele><time>2021-10-18T02:45:53Z</time></trkpt><trkpt lat="32.966433" lon="-117.169084"><ele>80.062</ele><time>2021-10-18T02:45:55Z</time></trkpt><trkpt lat="32.966458" lon="-117.169166"><ele>80.399</ele><time>2021-10-18T02:45:57Z</time></trkpt><trkpt lat="32.966480" lon="-117.169248"><ele>80.417</ele><time>2021-10-18T02:45:59Z</time></trkpt><trkpt lat="32.966502" lon="-117.169330"><ele>80.581</ele><time>2021-10-18T02:46:01Z</time></trkpt><trkpt lat="32.966523" lon="-117.169413"><ele>80.818</ele><time>2021-10-18T02:46:03Z</time></trkpt><trkpt lat="32.966544" lon="-117.169496"><ele>81.155</ele><time>2021-10-18T02:46:05Z</time></trkpt><trkpt lat="32.966563" lon="-117.169584"><ele>81.272</ele><time>2021-10-18T02:46:07Z</time></trkpt><trkpt lat="32.966582" lon="-117.169669"><ele>81.213</ele><time>2021-10-18T02:46:09Z</time></trkpt><trkpt lat="32.966600" lon="-117.169758"><ele>81.214</ele><time>2021-10-18T02:46:11Z</time></trkpt><trkpt lat="32.966617" lon="-117.169841"><ele>81.208</ele><time>2021-10-18T02:46:13Z</time></trkpt><trkpt lat="32.966636" lon="-117.169931"><ele>81.545</ele><time>2021-10-18T02:46:15Z</time></trkpt><trkpt lat="32.966655" lon="-117.170027"><ele>81.883</ele><time>2021-10-18T02:46:17Z</time></trkpt><trkpt lat="32.966672" lon="-117.170114"><ele>81.864</ele><time>2021-10-18T02:46:19Z</time></trkpt><trkpt lat="32.966683" lon="-117.170179"><ele>81.751</ele><time>2021-10-18T02:46:21Z</time></trkpt><trkpt lat="32.966698" lon="-117.170249"><ele>81.719</ele><time>2021-10-18T02:46:23Z</time></trkpt><trkpt lat="32.966709" lon="-117.170318"><ele>81.863</ele><time>2021-10-18T02:46:25Z</time></trkpt><trkpt lat="32.966720" lon="-117.170383"><ele>82.110</ele><time>2021-10-18T02:46:27Z</time></trkpt><trkpt lat="32.966723" lon="-117.170450"><ele>82.157</ele><time>2021-10-18T02:46:30Z</time></trkpt><trkpt lat="32.966703" lon="-117.170399"><ele>82.146</ele><time>2021-10-18T02:46:39Z</time></trkpt><trkpt lat="32.966693" lon="-117.170323"><ele>82.288</ele><time>2021-10-18T02:46:41Z</time></trkpt><trkpt lat="32.966676" lon="-117.170227"><ele>82.716</ele><time>2021-10-18T02:46:43Z</time></trkpt><trkpt lat="32.966660" lon="-117.170141"><ele>82.708</ele><time>2021-10-18T02:46:45Z</time></trkpt><trkpt lat="32.966646" lon="-117.170076"><ele>82.752</ele><time>2021-10-18T02:46:47Z</time></trkpt><trkpt lat="32.966627" lon="-117.170023"><ele>82.750</ele><time>2021-10-18T02:46:52Z</time></trkpt><trkpt lat="32.966583" lon="-117.170042"><ele>82.731</ele><time>2021-10-18T02:46:58Z</time></trkpt><trkpt lat="32.966530" lon="-117.170058"><ele>82.658</ele><time>2021-10-18T02:47:02Z</time></trkpt><trkpt lat="32.966482" lon="-117.170058"><ele>82.666</ele><time>2021-10-18T02:47:04Z</time></trkpt><trkpt lat="32.966425" lon="-117.170102"><ele>82.560</ele><time>2021-10-18T02:47:07Z</time></trkpt><trkpt lat="32.966472" lon="-117.170074"><ele>82.357</ele><time>2021-10-18T02:47:19Z</time></trkpt><trkpt lat="32.966482" lon="-117.170011"><ele>81.854</ele><time>2021-10-18T02:47:22Z</time></trkpt><trkpt lat="32.966482" lon="-117.169945"><ele>81.736</ele><time>2021-10-18T02:47:24Z</time></trkpt><trkpt lat="32.966472" lon="-117.169873"><ele>81.517</ele><time>2021-10-18T02:47:26Z</time></trkpt><trkpt lat="32.966464" lon="-117.169820"><ele>81.518</ele><time>2021-10-18T02:47:29Z</time></trkpt><trkpt lat="32.966446" lon="-117.169769"><ele>81.308</ele><time>2021-10-18T02:47:35Z</time></trkpt><trkpt lat="32.966470" lon="-117.169815"><ele>81.321</ele><time>2021-10-18T02:48:03Z</time></trkpt><trkpt lat="32.966488" lon="-117.169871"><ele>81.349</ele><time>2021-10-18T02:48:06Z</time></trkpt><trkpt lat="32.966492" lon="-117.169932"><ele>81.330</ele><time>2021-10-18T02:48:08Z</time></trkpt><trkpt lat="32.966492" lon="-117.169994"><ele>81.667</ele><time>2021-10-18T02:48:10Z</time></trkpt><trkpt lat="32.966472" lon="-117.170057"><ele>81.745</ele><time>2021-10-18T02:48:13Z</time></trkpt><trkpt lat="32.966440" lon="-117.170098"><ele>81.829</ele><time>2021-10-18T02:48:16Z</time></trkpt><trkpt lat="32.966391" lon="-117.170128"><ele>81.856</ele><time>2021-10-18T02:48:20Z</time></trkpt><trkpt lat="32.966346" lon="-117.170140"><ele>81.883</ele><time>2021-10-18T02:48:26Z</time></trkpt><trkpt lat="32.966307" lon="-117.170106"><ele>81.827</ele><time>2021-10-18T02:48:30Z</time></trkpt><trkpt lat="32.966268" lon="-117.170153"><ele>81.468</ele><time>2021-10-18T02:48:34Z</time></trkpt><trkpt lat="32.966223" lon="-117.170162"><ele>81.014</ele><time>2021-10-18T02:48:36Z</time></trkpt><trkpt lat="32.966170" lon="-117.170172"><ele>80.808</ele><time>2021-10-18T02:48:38Z</time></trkpt><trkpt lat="32.966115" lon="-117.170193"><ele>80.780</ele><time>2021-10-18T02:48:40Z</time></trkpt><trkpt lat="32.966065" lon="-117.170242"><ele>80.588</ele><time>2021-10-18T02:48:42Z</time></trkpt><trkpt lat="32.966064" lon="-117.170309"><ele>80.129</ele><time>2021-10-18T02:48:44Z</time></trkpt><trkpt lat="32.966064" lon="-117.170385"><ele>79.486</ele><time>2021-10-18T02:48:46Z</time></trkpt><trkpt lat="32.966065" lon="-117.170482"><ele>79.454</ele><time>2021-10-18T02:48:48Z</time></trkpt><trkpt lat="32.966077" lon="-117.170580"><ele>79.788</ele><time>2021-10-18T02:48:50Z</time></trkpt><trkpt lat="32.966088" lon="-117.170688"><ele>79.755</ele><time>2021-10-18T02:48:52Z</time></trkpt><trkpt lat="32.966098" lon="-117.170745"><ele>79.742</ele><time>2021-10-18T02:48:53Z</time></trkpt><trkpt lat="32.966106" lon="-117.170803"><ele>79.484</ele><time>2021-10-18T02:48:54Z</time></trkpt><trkpt lat="32.966118" lon="-117.170862"><ele>79.407</ele><time>2021-10-18T02:48:55Z</time></trkpt><trkpt lat="32.966130" lon="-117.170921"><ele>77.917</ele><time>2021-10-18T02:48:56Z</time></trkpt><trkpt lat="32.966141" lon="-117.170985"><ele>77.908</ele><time>2021-10-18T02:48:57Z</time></trkpt><trkpt lat="32.966150" lon="-117.171051"><ele>77.916</ele><time>2021-10-18T02:48:58Z</time></trkpt><trkpt lat="32.966152" lon="-117.171118"><ele>76.864</ele><time>2021-10-18T02:48:59Z</time></trkpt><trkpt lat="32.966132" lon="-117.171205"><ele>75.785</ele><time>2021-10-18T02:49:00Z</time></trkpt><trkpt lat="32.966136" lon="-117.171271"><ele>75.712</ele><time>2021-10-18T02:49:01Z</time></trkpt><trkpt lat="32.966136" lon="-117.171338"><ele>75.140</ele><time>2021-10-18T02:49:02Z</time></trkpt><trkpt lat="32.966137" lon="-117.171408"><ele>75.164</ele><time>2021-10-18T02:49:03Z</time></trkpt><trkpt lat="32.966138" lon="-117.171482"><ele>74.231</ele><time>2021-10-18T02:49:04Z</time></trkpt><trkpt lat="32.966140" lon="-117.171547"><ele>74.218</ele><time>2021-10-18T02:49:05Z</time></trkpt><trkpt lat="32.966145" lon="-117.171609"><ele>74.234</ele><time>2021-10-18T02:49:06Z</time></trkpt><trkpt lat="32.966146" lon="-117.171750"><ele>72.755</ele><time>2021-10-18T02:49:07Z</time></trkpt><trkpt lat="32.966151" lon="-117.171805"><ele>72.310</ele><time>2021-10-18T02:49:08Z</time></trkpt><trkpt lat="32.966159" lon="-117.171858"><ele>71.908</ele><time>2021-10-18T02:49:09Z</time></trkpt><trkpt lat="32.966176" lon="-117.171956"><ele>71.981</ele><time>2021-10-18T02:49:11Z</time></trkpt><trkpt lat="32.966196" lon="-117.172053"><ele>71.959</ele><time>2021-10-18T02:49:13Z</time></trkpt><trkpt lat="32.966216" lon="-117.172128"><ele>71.060</ele><time>2021-10-18T02:49:15Z</time></trkpt><trkpt lat="32.966265" lon="-117.172158"><ele>70.737</ele><time>2021-10-18T02:49:17Z</time></trkpt><trkpt lat="32.966328" lon="-117.172144"><ele>70.885</ele><time>2021-10-18T02:49:19Z</time></trkpt><trkpt lat="32.966394" lon="-117.172107"><ele>70.819</ele><time>2021-10-18T02:49:21Z</time></trkpt><trkpt lat="32.966467" lon="-117.172090"><ele>70.816</ele><time>2021-10-18T02:49:23Z</time></trkpt><trkpt lat="32.966537" lon="-117.172091"><ele>71.183</ele><time>2021-10-18T02:49:25Z</time></trkpt><trkpt lat="32.966600" lon="-117.172093"><ele>71.344</ele><time>2021-10-18T02:49:27Z</time></trkpt><trkpt lat="32.966659" lon="-117.172088"><ele>71.505</ele><time>2021-10-18T02:49:29Z</time></trkpt><trkpt lat="32.966721" lon="-117.172089"><ele>71.515</ele><time>2021-10-18T02:49:31Z</time></trkpt><trkpt lat="32.966783" lon="-117.172092"><ele>72.108</ele><time>2021-10-18T02:49:33Z</time></trkpt><trkpt lat="32.966834" lon="-117.172097"><ele>72.512</ele><time>2021-10-18T02:49:35Z</time></trkpt><trkpt lat="32.966887" lon="-117.172103"><ele>73.040</ele><time>2021-10-18T02:49:37Z</time></trkpt><trkpt lat="32.966945" lon="-117.172107"><ele>73.441</ele><time>2021-10-18T02:49:39Z</time></trkpt><trkpt lat="32.967010" lon="-117.172110"><ele>73.478</ele><time>2021-10-18T02:49:41Z</time></trkpt><trkpt lat="32.967067" lon="-117.172108"><ele>73.696</ele><time>2021-10-18T02:49:43Z</time></trkpt><trkpt lat="32.967125" lon="-117.172107"><ele>73.740</ele><time>2021-10-18T02:49:45Z</time></trkpt><trkpt lat="32.967186" lon="-117.172103"><ele>73.887</ele><time>2021-10-18T02:49:47Z</time></trkpt><trkpt lat="32.967259" lon="-117.172101"><ele>73.814</ele><time>2021-10-18T02:49:49Z</time></trkpt><trkpt lat="32.967312" lon="-117.172089"><ele>73.813</ele><time>2021-10-18T02:49:50Z</time></trkpt><trkpt lat="32.967384" lon="-117.172072"><ele>73.843</ele><time>2021-10-18T02:49:52Z</time></trkpt><trkpt lat="32.967450" lon="-117.172063"><ele>73.807</ele><time>2021-10-18T02:49:54Z</time></trkpt><trkpt lat="32.967505" lon="-117.172106"><ele>74.208</ele><time>2021-10-18T02:49:55Z</time></trkpt><trkpt lat="32.967560" lon="-117.172093"><ele>74.649</ele><time>2021-10-18T02:49:57Z</time></trkpt><trkpt lat="32.967616" lon="-117.172082"><ele>74.657</ele><time>2021-10-18T02:49:59Z</time></trkpt><trkpt lat="32.967674" lon="-117.172073"><ele>74.628</ele><time>2021-10-18T02:50:01Z</time></trkpt><trkpt lat="32.967741" lon="-117.172044"><ele>74.745</ele><time>2021-10-18T02:50:04Z</time></trkpt><trkpt lat="32.967785" lon="-117.172012"><ele>75.123</ele><time>2021-10-18T02:50:06Z</time></trkpt><trkpt lat="32.967830" lon="-117.171992"><ele>75.537</ele><time>2021-10-18T02:50:08Z</time></trkpt><trkpt lat="32.967876" lon="-117.171981"><ele>76.034</ele><time>2021-10-18T02:50:10Z</time></trkpt><trkpt lat="32.967938" lon="-117.171989"><ele>76.041</ele><time>2021-10-18T02:50:12Z</time></trkpt><trkpt lat="32.967975" lon="-117.172041"><ele>76.368</ele><time>2021-10-18T02:50:13Z</time></trkpt><trkpt lat="32.968027" lon="-117.172021"><ele>76.942</ele><time>2021-10-18T02:50:15Z</time></trkpt><trkpt lat="32.968078" lon="-117.172000"><ele>77.226</ele><time>2021-10-18T02:50:17Z</time></trkpt><trkpt lat="32.968132" lon="-117.171980"><ele>77.608</ele><time>2021-10-18T02:50:19Z</time></trkpt><trkpt lat="32.968183" lon="-117.171959"><ele>78.064</ele><time>2021-10-18T02:50:21Z</time></trkpt><trkpt lat="32.968236" lon="-117.171945"><ele>78.482</ele><time>2021-10-18T02:50:23Z</time></trkpt><trkpt lat="32.968287" lon="-117.171946"><ele>78.463</ele><time>2021-10-18T02:50:25Z</time></trkpt><trkpt lat="32.968345" lon="-117.171947"><ele>78.830</ele><time>2021-10-18T02:50:27Z</time></trkpt><trkpt lat="32.968443" lon="-117.171951"><ele>79.188</ele><time>2021-10-18T02:50:29Z</time></trkpt><trkpt lat="32.968499" lon="-117.171927"><ele>79.442</ele><time>2021-10-18T02:50:32Z</time></trkpt><trkpt lat="32.968564" lon="-117.171925"><ele>79.989</ele><time>2021-10-18T02:50:34Z</time></trkpt><trkpt lat="32.968613" lon="-117.171919"><ele>80.326</ele><time>2021-10-18T02:50:36Z</time></trkpt><trkpt lat="32.968671" lon="-117.171911"><ele>80.571</ele><time>2021-10-18T02:50:38Z</time></trkpt><trkpt lat="32.968732" lon="-117.171901"><ele>80.541</ele><time>2021-10-18T02:50:40Z</time></trkpt><trkpt lat="32.968791" lon="-117.171897"><ele>80.615</ele><time>2021-10-18T02:50:42Z</time></trkpt><trkpt lat="32.968848" lon="-117.171890"><ele>80.608</ele><time>2021-10-18T02:50:44Z</time></trkpt><trkpt lat="32.968897" lon="-117.171913"><ele>80.635</ele><time>2021-10-18T02:50:46Z</time></trkpt><trkpt lat="32.968948" lon="-117.171924"><ele>80.623</ele><time>2021-10-18T02:50:48Z</time></trkpt><trkpt lat="32.969001" lon="-117.171933"><ele>80.854</ele><time>2021-10-18T02:50:50Z</time></trkpt><trkpt lat="32.969050" lon="-117.171937"><ele>81.041</ele><time>2021-10-18T02:50:52Z</time></trkpt><trkpt lat="32.969110" lon="-117.171945"><ele>81.589</ele><time>2021-10-18T02:50:54Z</time></trkpt><trkpt lat="32.969163" lon="-117.171935"><ele>81.993</ele><time>2021-10-18T02:50:56Z</time></trkpt><trkpt lat="32.969212" lon="-117.171910"><ele>82.050</ele><time>2021-10-18T02:50:58Z</time></trkpt><trkpt lat="32.969270" lon="-117.171916"><ele>82.187</ele><time>2021-10-18T02:51:00Z</time></trkpt><trkpt lat="32.969314" lon="-117.171936"><ele>82.278</ele><time>2021-10-18T02:51:02Z</time></trkpt><trkpt lat="32.969364" lon="-117.171949"><ele>82.333</ele><time>2021-10-18T02:51:04Z</time></trkpt><trkpt lat="32.969427" lon="-117.171957"><ele>82.426</ele><time>2021-10-18T02:51:06Z</time></trkpt><trkpt lat="32.969485" lon="-117.171960"><ele>82.808</ele><time>2021-10-18T02:51:08Z</time></trkpt><trkpt lat="32.969533" lon="-117.171961"><ele>82.915</ele><time>2021-10-18T02:51:10Z</time></trkpt><trkpt lat="32.969587" lon="-117.171964"><ele>83.513</ele><time>2021-10-18T02:51:12Z</time></trkpt><trkpt lat="32.969643" lon="-117.171968"><ele>84.034</ele><time>2021-10-18T02:51:14Z</time></trkpt><trkpt lat="32.969695" lon="-117.171971"><ele>84.021</ele><time>2021-10-18T02:51:16Z</time></trkpt><trkpt lat="32.969746" lon="-117.172001"><ele>84.269</ele><time>2021-10-18T02:51:18Z</time></trkpt><trkpt lat="32.969812" lon="-117.172018"><ele>84.563</ele><time>2021-10-18T02:51:21Z</time></trkpt><trkpt lat="32.969868" lon="-117.172021"><ele>84.610</ele><time>2021-10-18T02:51:23Z</time></trkpt><trkpt lat="32.969918" lon="-117.172016"><ele>84.887</ele><time>2021-10-18T02:51:25Z</time></trkpt><trkpt lat="32.969969" lon="-117.172017"><ele>85.426</ele><time>2021-10-18T02:51:28Z</time></trkpt><trkpt lat="32.970013" lon="-117.172004"><ele>85.447</ele><time>2021-10-18T02:51:32Z</time></trkpt><trkpt lat="32.970075" lon="-117.171987"><ele>85.911</ele><time>2021-10-18T02:52:12Z</time></trkpt><trkpt lat="32.970141" lon="-117.171992"><ele>86.508</ele><time>2021-10-18T02:52:14Z</time></trkpt><trkpt lat="32.970205" lon="-117.172000"><ele>87.020</ele><time>2021-10-18T02:52:16Z</time></trkpt><trkpt lat="32.970263" lon="-117.172001"><ele>87.168</ele><time>2021-10-18T02:52:18Z</time></trkpt><trkpt lat="32.970321" lon="-117.171995"><ele>87.119</ele><time>2021-10-18T02:52:21Z</time></trkpt><trkpt lat="32.970280" lon="-117.172074"><ele>87.136</ele><time>2021-10-18T02:52:23Z</time></trkpt><trkpt lat="32.970308" lon="-117.172127"><ele>87.034</ele><time>2021-10-18T02:52:29Z</time></trkpt><trkpt lat="32.970341" lon="-117.172167"><ele>87.018</ele><time>2021-10-18T02:53:45Z</time></trkpt><trkpt lat="32.970335" lon="-117.172234"><ele>86.845</ele><time>2021-10-18T02:53:48Z</time></trkpt><trkpt lat="32.970333" lon="-117.172297"><ele>86.492</ele><time>2021-10-18T02:53:50Z</time></trkpt><trkpt lat="32.970336" lon="-117.172364"><ele>86.428</ele><time>2021-10-18T02:53:52Z</time></trkpt><trkpt lat="32.970341" lon="-117.172442"><ele>86.289</ele><time>2021-10-18T02:53:54Z</time></trkpt><trkpt lat="32.970347" lon="-117.172519"><ele>85.917</ele><time>2021-10-18T02:53:56Z</time></trkpt><trkpt lat="32.970337" lon="-117.172594"><ele>85.608</ele><time>2021-10-18T02:53:58Z</time></trkpt><trkpt lat="32.970341" lon="-117.172667"><ele>85.690</ele><time>2021-10-18T02:54:00Z</time></trkpt><trkpt lat="32.970347" lon="-117.172732"><ele>85.468</ele><time>2021-10-18T02:54:02Z</time></trkpt><trkpt lat="32.970312" lon="-117.172776"><ele>85.419</ele><time>2021-10-18T02:54:03Z</time></trkpt><trkpt lat="32.970323" lon="-117.172858"><ele>85.436</ele><time>2021-10-18T02:54:05Z</time></trkpt><trkpt lat="32.970331" lon="-117.172925"><ele>85.454</ele><time>2021-10-18T02:54:07Z</time></trkpt><trkpt lat="32.970330" lon="-117.173009"><ele>85.568</ele><time>2021-10-18T02:54:09Z</time></trkpt><trkpt lat="32.970328" lon="-117.173104"><ele>85.545</ele><time>2021-10-18T02:54:11Z</time></trkpt><trkpt lat="32.970326" lon="-117.173201"><ele>85.232</ele><time>2021-10-18T02:54:13Z</time></trkpt><trkpt lat="32.970324" lon="-117.173303"><ele>84.819</ele><time>2021-10-18T02:54:15Z</time></trkpt><trkpt lat="32.970325" lon="-117.173401"><ele>84.709</ele><time>2021-10-18T02:54:17Z</time></trkpt><trkpt lat="32.970278" lon="-117.173499"><ele>84.719</ele><time>2021-10-18T02:54:19Z</time></trkpt><trkpt lat="32.970280" lon="-117.173553"><ele>84.808</ele><time>2021-10-18T02:54:20Z</time></trkpt><trkpt lat="32.970283" lon="-117.173614"><ele>84.979</ele><time>2021-10-18T02:54:21Z</time></trkpt><trkpt lat="32.970282" lon="-117.173677"><ele>84.847</ele><time>2021-10-18T02:54:22Z</time></trkpt><trkpt lat="32.970280" lon="-117.173745"><ele>84.818</ele><time>2021-10-18T02:54:23Z</time></trkpt><trkpt lat="32.970271" lon="-117.173819"><ele>84.765</ele><time>2021-10-18T02:54:24Z</time></trkpt><trkpt lat="32.970263" lon="-117.173898"><ele>84.733</ele><time>2021-10-18T02:54:25Z</time></trkpt><trkpt lat="32.970252" lon="-117.173972"><ele>84.717</ele><time>2021-10-18T02:54:26Z</time></trkpt><trkpt lat="32.970240" lon="-117.174050"><ele>84.444</ele><time>2021-10-18T02:54:27Z</time></trkpt><trkpt lat="32.970229" lon="-117.174124"><ele>84.451</ele><time>2021-10-18T02:54:28Z</time></trkpt><trkpt lat="32.970219" lon="-117.174191"><ele>84.454</ele><time>2021-10-18T02:54:29Z</time></trkpt><trkpt lat="32.970149" lon="-117.174268"><ele>84.356</ele><time>2021-10-18T02:54:30Z</time></trkpt><trkpt lat="32.970146" lon="-117.174368"><ele>84.711</ele><time>2021-10-18T02:54:32Z</time></trkpt><trkpt lat="32.970142" lon="-117.174455"><ele>85.208</ele><time>2021-10-18T02:54:34Z</time></trkpt><trkpt lat="32.970132" lon="-117.174530"><ele>85.933</ele><time>2021-10-18T02:54:36Z</time></trkpt><trkpt lat="32.970128" lon="-117.174599"><ele>87.041</ele><time>2021-10-18T02:54:38Z</time></trkpt><trkpt lat="32.970155" lon="-117.174652"><ele>87.492</ele><time>2021-10-18T02:54:40Z</time></trkpt><trkpt lat="32.970157" lon="-117.174711"><ele>87.579</ele><time>2021-10-18T02:54:43Z</time></trkpt><trkpt lat="32.970145" lon="-117.174782"><ele>87.727</ele><time>2021-10-18T02:54:46Z</time></trkpt><trkpt lat="32.970116" lon="-117.174845"><ele>88.531</ele><time>2021-10-18T02:54:48Z</time></trkpt><trkpt lat="32.970088" lon="-117.174925"><ele>89.068</ele><time>2021-10-18T02:54:50Z</time></trkpt><trkpt lat="32.970074" lon="-117.175001"><ele>89.545</ele><time>2021-10-18T02:54:52Z</time></trkpt><trkpt lat="32.970051" lon="-117.175068"><ele>89.567</ele><time>2021-10-18T02:54:54Z</time></trkpt><trkpt lat="32.970028" lon="-117.175133"><ele>89.781</ele><time>2021-10-18T02:54:56Z</time></trkpt><trkpt lat="32.970019" lon="-117.175202"><ele>89.719</ele><time>2021-10-18T02:54:58Z</time></trkpt><trkpt lat="32.970019" lon="-117.175276"><ele>89.808</ele><time>2021-10-18T02:55:00Z</time></trkpt><trkpt lat="32.969993" lon="-117.175373"><ele>90.114</ele><time>2021-10-18T02:55:02Z</time></trkpt><trkpt lat="32.969957" lon="-117.175440"><ele>90.262</ele><time>2021-10-18T02:55:05Z</time></trkpt><trkpt lat="32.969939" lon="-117.175497"><ele>90.363</ele><time>2021-10-18T02:55:07Z</time></trkpt><trkpt lat="32.969936" lon="-117.175561"><ele>90.340</ele><time>2021-10-18T02:55:09Z</time></trkpt><trkpt lat="32.969939" lon="-117.175636"><ele>90.358</ele><time>2021-10-18T02:55:11Z</time></trkpt><trkpt lat="32.969942" lon="-117.175710"><ele>90.372</ele><time>2021-10-18T02:55:13Z</time></trkpt><trkpt lat="32.969940" lon="-117.175781"><ele>90.359</ele><time>2021-10-18T02:55:15Z</time></trkpt><trkpt lat="32.969941" lon="-117.175848"><ele>90.326</ele><time>2021-10-18T02:55:17Z</time></trkpt><trkpt lat="32.969944" lon="-117.175906"><ele>90.457</ele><time>2021-10-18T02:55:18Z</time></trkpt><trkpt lat="32.969934" lon="-117.175978"><ele>90.400</ele><time>2021-10-18T02:55:20Z</time></trkpt><trkpt lat="32.969925" lon="-117.176050"><ele>90.420</ele><time>2021-10-18T02:55:22Z</time></trkpt><trkpt lat="32.969920" lon="-117.176126"><ele>90.408</ele><time>2021-10-18T02:55:24Z</time></trkpt><trkpt lat="32.969916" lon="-117.176206"><ele>90.443</ele><time>2021-10-18T02:55:26Z</time></trkpt><trkpt lat="32.969917" lon="-117.176290"><ele>89.541</ele><time>2021-10-18T02:55:28Z</time></trkpt><trkpt lat="32.969921" lon="-117.176372"><ele>89.412</ele><time>2021-10-18T02:55:30Z</time></trkpt><trkpt lat="32.969918" lon="-117.176462"><ele>89.869</ele><time>2021-10-18T02:55:32Z</time></trkpt><trkpt lat="32.969893" lon="-117.176613"><ele>90.397</ele><time>2021-10-18T02:55:34Z</time></trkpt><trkpt lat="32.969884" lon="-117.176715"><ele>90.361</ele><time>2021-10-18T02:55:36Z</time></trkpt><trkpt lat="32.969885" lon="-117.176777"><ele>90.368</ele><time>2021-10-18T02:55:37Z</time></trkpt><trkpt lat="32.969889" lon="-117.176845"><ele>89.115</ele><time>2021-10-18T02:55:38Z</time></trkpt><trkpt lat="32.969892" lon="-117.176918"><ele>87.972</ele><time>2021-10-18T02:55:39Z</time></trkpt><trkpt lat="32.969892" lon="-117.176992"><ele>87.913</ele><time>2021-10-18T02:55:40Z</time></trkpt><trkpt lat="32.969895" lon="-117.177069"><ele>84.814</ele><time>2021-10-18T02:55:41Z</time></trkpt><trkpt lat="32.969898" lon="-117.177148"><ele>84.808</ele><time>2021-10-18T02:55:42Z</time></trkpt><trkpt lat="32.969901" lon="-117.177232"><ele>84.835</ele><time>2021-10-18T02:55:43Z</time></trkpt><trkpt lat="32.969907" lon="-117.177314"><ele>83.133</ele><time>2021-10-18T02:55:44Z</time></trkpt><trkpt lat="32.969921" lon="-117.177393"><ele>83.184</ele><time>2021-10-18T02:55:45Z</time></trkpt><trkpt lat="32.969935" lon="-117.177467"><ele>82.221</ele><time>2021-10-18T02:55:46Z</time></trkpt><trkpt lat="32.969908" lon="-117.177547"><ele>81.339</ele><time>2021-10-18T02:55:47Z</time></trkpt><trkpt lat="32.969924" lon="-117.177611"><ele>81.363</ele><time>2021-10-18T02:55:48Z</time></trkpt><trkpt lat="32.969936" lon="-117.177672"><ele>80.740</ele><time>2021-10-18T02:55:49Z</time></trkpt><trkpt lat="32.969945" lon="-117.177730"><ele>80.747</ele><time>2021-10-18T02:55:50Z</time></trkpt><trkpt lat="32.969952" lon="-117.177787"><ele>80.749</ele><time>2021-10-18T02:55:51Z</time></trkpt><trkpt lat="32.969957" lon="-117.177841"><ele>81.202</ele><time>2021-10-18T02:55:52Z</time></trkpt><trkpt lat="32.969962" lon="-117.177897"><ele>81.722</ele><time>2021-10-18T02:55:53Z</time></trkpt><trkpt lat="32.969964" lon="-117.177951"><ele>82.008</ele><time>2021-10-18T02:55:54Z</time></trkpt><trkpt lat="32.969963" lon="-117.178055"><ele>82.362</ele><time>2021-10-18T02:55:56Z</time></trkpt><trkpt lat="32.969964" lon="-117.178148"><ele>82.360</ele><time>2021-10-18T02:55:58Z</time></trkpt><trkpt lat="32.969972" lon="-117.178243"><ele>82.521</ele><time>2021-10-18T02:56:00Z</time></trkpt><trkpt lat="32.969976" lon="-117.178336"><ele>82.488</ele><time>2021-10-18T02:56:02Z</time></trkpt><trkpt lat="32.969978" lon="-117.178418"><ele>82.016</ele><time>2021-10-18T02:56:04Z</time></trkpt><trkpt lat="32.969995" lon="-117.178469"><ele>81.940</ele><time>2021-10-18T02:56:07Z</time></trkpt><trkpt lat="32.970060" lon="-117.178464"><ele>81.917</ele><time>2021-10-18T02:56:10Z</time></trkpt><trkpt lat="32.970106" lon="-117.178473"><ele>81.934</ele><time>2021-10-18T02:56:12Z</time></trkpt><trkpt lat="32.970149" lon="-117.178508"><ele>81.922</ele><time>2021-10-18T02:56:15Z</time></trkpt><trkpt lat="32.970202" lon="-117.178530"><ele>81.962</ele><time>2021-10-18T02:56:18Z</time></trkpt><trkpt lat="32.970257" lon="-117.178518"><ele>81.908</ele><time>2021-10-18T02:56:20Z</time></trkpt><trkpt lat="32.970322" lon="-117.178515"><ele>81.808</ele><time>2021-10-18T02:56:22Z</time></trkpt><trkpt lat="32.970395" lon="-117.178516"><ele>81.790</ele><time>2021-10-18T02:56:24Z</time></trkpt><trkpt lat="32.970477" lon="-117.178518"><ele>81.648</ele><time>2021-10-18T02:56:26Z</time></trkpt><trkpt lat="32.970564" lon="-117.178521"><ele>81.359</ele><time>2021-10-18T02:56:28Z</time></trkpt><trkpt lat="32.970612" lon="-117.178523"><ele>80.996</ele><time>2021-10-18T02:56:29Z</time></trkpt><trkpt lat="32.970664" lon="-117.178523"><ele>80.614</ele><time>2021-10-18T02:56:30Z</time></trkpt><trkpt lat="32.970747" lon="-117.178533"><ele>80.628</ele><time>2021-10-18T02:56:31Z</time></trkpt><trkpt lat="32.970831" lon="-117.178534"><ele>80.675</ele><time>2021-10-18T02:56:33Z</time></trkpt><trkpt lat="32.970923" lon="-117.178534"><ele>79.792</ele><time>2021-10-18T02:56:35Z</time></trkpt><trkpt lat="32.970974" lon="-117.178532"><ele>79.498</ele><time>2021-10-18T02:56:36Z</time></trkpt><trkpt lat="32.971023" lon="-117.178529"><ele>79.215</ele><time>2021-10-18T02:56:37Z</time></trkpt><trkpt lat="32.971072" lon="-117.178529"><ele>79.026</ele><time>2021-10-18T02:56:38Z</time></trkpt><trkpt lat="32.971124" lon="-117.178531"><ele>79.008</ele><time>2021-10-18T02:56:39Z</time></trkpt><trkpt lat="32.971174" lon="-117.178533"><ele>78.737</ele><time>2021-10-18T02:56:40Z</time></trkpt><trkpt lat="32.971227" lon="-117.178531"><ele>78.415</ele><time>2021-10-18T02:56:41Z</time></trkpt><trkpt lat="32.971280" lon="-117.178526"><ele>78.416</ele><time>2021-10-18T02:56:42Z</time></trkpt><trkpt lat="32.971334" lon="-117.178521"><ele>78.463</ele><time>2021-10-18T02:56:43Z</time></trkpt><trkpt lat="32.971387" lon="-117.178516"><ele>78.431</ele><time>2021-10-18T02:56:44Z</time></trkpt><trkpt lat="32.971436" lon="-117.178510"><ele>78.025</ele><time>2021-10-18T02:56:45Z</time></trkpt><trkpt lat="32.971481" lon="-117.178506"><ele>77.622</ele><time>2021-10-18T02:56:46Z</time></trkpt><trkpt lat="32.971598" lon="-117.178543"><ele>77.659</ele><time>2021-10-18T02:56:47Z</time></trkpt><trkpt lat="32.971674" lon="-117.178534"><ele>77.381</ele><time>2021-10-18T02:56:49Z</time></trkpt><trkpt lat="32.971735" lon="-117.178522"><ele>77.461</ele><time>2021-10-18T02:56:51Z</time></trkpt><trkpt lat="32.971807" lon="-117.178515"><ele>77.817</ele><time>2021-10-18T02:56:53Z</time></trkpt><trkpt lat="32.971870" lon="-117.178531"><ele>77.808</ele><time>2021-10-18T02:56:55Z</time></trkpt><trkpt lat="32.971938" lon="-117.178543"><ele>77.886</ele><time>2021-10-18T02:56:57Z</time></trkpt><trkpt lat="32.972012" lon="-117.178545"><ele>77.554</ele><time>2021-10-18T02:56:59Z</time></trkpt><trkpt lat="32.972074" lon="-117.178541"><ele>77.815</ele><time>2021-10-18T02:57:01Z</time></trkpt><trkpt lat="32.972136" lon="-117.178598"><ele>78.132</ele><time>2021-10-18T02:57:03Z</time></trkpt><trkpt lat="32.972204" lon="-117.178580"><ele>78.330</ele><time>2021-10-18T02:57:05Z</time></trkpt><trkpt lat="32.972267" lon="-117.178567"><ele>78.744</ele><time>2021-10-18T02:57:07Z</time></trkpt><trkpt lat="32.972325" lon="-117.178547"><ele>79.491</ele><time>2021-10-18T02:57:09Z</time></trkpt><trkpt lat="32.972393" lon="-117.178534"><ele>79.868</ele><time>2021-10-18T02:57:11Z</time></trkpt><trkpt lat="32.972474" lon="-117.178545"><ele>80.229</ele><time>2021-10-18T02:57:13Z</time></trkpt><trkpt lat="32.972551" lon="-117.178567"><ele>80.300</ele><time>2021-10-18T02:57:15Z</time></trkpt><trkpt lat="32.972598" lon="-117.178574"><ele>80.620</ele><time>2021-10-18T02:57:16Z</time></trkpt><trkpt lat="32.972685" lon="-117.178577"><ele>80.808</ele><time>2021-10-18T02:57:18Z</time></trkpt><trkpt lat="32.972773" lon="-117.178574"><ele>80.880</ele><time>2021-10-18T02:57:20Z</time></trkpt><trkpt lat="32.972854" lon="-117.178570"><ele>80.818</ele><time>2021-10-18T02:57:22Z</time></trkpt><trkpt lat="32.972917" lon="-117.178562"><ele>80.819</ele><time>2021-10-18T02:57:24Z</time></trkpt><trkpt lat="32.972978" lon="-117.178560"><ele>80.816</ele><time>2021-10-18T02:57:26Z</time></trkpt><trkpt lat="32.973051" lon="-117.178567"><ele>80.854</ele><time>2021-10-18T02:57:28Z</time></trkpt><trkpt lat="32.973123" lon="-117.178578"><ele>80.888</ele><time>2021-10-18T02:57:30Z</time></trkpt><trkpt lat="32.973192" lon="-117.178612"><ele>80.615</ele><time>2021-10-18T02:57:32Z</time></trkpt><trkpt lat="32.973240" lon="-117.178645"><ele>80.152</ele><time>2021-10-18T02:57:34Z</time></trkpt><trkpt lat="32.973222" lon="-117.178720"><ele>79.899</ele><time>2021-10-18T02:57:36Z</time></trkpt><trkpt lat="32.973242" lon="-117.178783"><ele>79.807</ele><time>2021-10-18T02:58:28Z</time></trkpt><trkpt lat="32.973258" lon="-117.178835"><ele>79.827</ele><time>2021-10-18T02:58:30Z</time></trkpt><trkpt lat="32.973263" lon="-117.178892"><ele>79.808</ele><time>2021-10-18T02:58:32Z</time></trkpt><trkpt lat="32.973263" lon="-117.178948"><ele>80.087</ele><time>2021-10-18T02:58:34Z</time></trkpt><trkpt lat="32.973264" lon="-117.179018"><ele>80.485</ele><time>2021-10-18T02:58:37Z</time></trkpt><trkpt lat="32.973277" lon="-117.179076"><ele>80.756</ele><time>2021-10-18T02:58:40Z</time></trkpt><trkpt lat="32.973259" lon="-117.179135"><ele>81.043</ele><time>2021-10-18T02:58:43Z</time></trkpt><trkpt lat="32.973247" lon="-117.179195"><ele>81.261</ele><time>2021-10-18T02:58:46Z</time></trkpt><trkpt lat="32.973298" lon="-117.179212"><ele>81.235</ele><time>2021-10-18T02:58:49Z</time></trkpt><trkpt lat="32.973346" lon="-117.179227"><ele>81.242</ele><time>2021-10-18T02:58:51Z</time></trkpt><trkpt lat="32.973398" lon="-117.179242"><ele>81.299</ele><time>2021-10-18T02:58:53Z</time></trkpt><trkpt lat="32.973447" lon="-117.179271"><ele>81.196</ele><time>2021-10-18T02:58:55Z</time></trkpt><trkpt lat="32.973487" lon="-117.179322"><ele>81.131</ele><time>2021-10-18T02:58:57Z</time></trkpt><trkpt lat="32.973517" lon="-117.179371"><ele>81.124</ele><time>2021-10-18T02:58:59Z</time></trkpt><trkpt lat="32.973537" lon="-117.179427"><ele>81.008</ele><time>2021-10-18T02:59:01Z</time></trkpt><trkpt lat="32.973555" lon="-117.179495"><ele>80.947</ele><time>2021-10-18T02:59:03Z</time></trkpt><trkpt lat="32.973564" lon="-117.179550"><ele>80.925</ele><time>2021-10-18T02:59:05Z</time></trkpt><trkpt lat="32.973570" lon="-117.179608"><ele>80.976</ele><time>2021-10-18T02:59:07Z</time></trkpt><trkpt lat="32.973567" lon="-117.179666"><ele>81.053</ele><time>2021-10-18T02:59:09Z</time></trkpt><trkpt lat="32.973563" lon="-117.179725"><ele>81.081</ele><time>2021-10-18T02:59:11Z</time></trkpt><trkpt lat="32.973557" lon="-117.179794"><ele>81.065</ele><time>2021-10-18T02:59:13Z</time></trkpt><trkpt lat="32.973560" lon="-117.179852"><ele>80.952</ele><time>2021-10-18T02:59:15Z</time></trkpt><trkpt lat="32.973563" lon="-117.179909"><ele>80.749</ele><time>2021-10-18T02:59:17Z</time></trkpt><trkpt lat="32.973570" lon="-117.179966"><ele>80.393</ele><time>2021-10-18T02:59:19Z</time></trkpt><trkpt lat="32.973582" lon="-117.180030"><ele>79.765</ele><time>2021-10-18T02:59:21Z</time></trkpt><trkpt lat="32.973590" lon="-117.180099"><ele>79.421</ele><time>2021-10-18T02:59:23Z</time></trkpt><trkpt lat="32.973591" lon="-117.180180"><ele>79.408</ele><time>2021-10-18T02:59:25Z</time></trkpt><trkpt lat="32.973586" lon="-117.180265"><ele>79.327</ele><time>2021-10-18T02:59:27Z</time></trkpt><trkpt lat="32.973555" lon="-117.180345"><ele>78.925</ele><time>2021-10-18T02:59:29Z</time></trkpt><trkpt lat="32.973548" lon="-117.180427"><ele>78.696</ele><time>2021-10-18T02:59:31Z</time></trkpt><trkpt lat="32.973544" lon="-117.180500"><ele>78.683</ele><time>2021-10-18T02:59:33Z</time></trkpt><trkpt lat="32.973512" lon="-117.180569"><ele>78.811</ele><time>2021-10-18T02:59:35Z</time></trkpt><trkpt lat="32.973491" lon="-117.180649"><ele>79.035</ele><time>2021-10-18T02:59:37Z</time></trkpt><trkpt lat="32.973456" lon="-117.180713"><ele>79.052</ele><time>2021-10-18T02:59:39Z</time></trkpt><trkpt lat="32.973405" lon="-117.180786"><ele>79.149</ele><time>2021-10-18T02:59:41Z</time></trkpt><trkpt lat="32.973349" lon="-117.180851"><ele>79.153</ele><time>2021-10-18T02:59:43Z</time></trkpt><trkpt lat="32.973308" lon="-117.180907"><ele>79.004</ele><time>2021-10-18T02:59:45Z</time></trkpt><trkpt lat="32.973266" lon="-117.180967"><ele>79.014</ele><time>2021-10-18T02:59:47Z</time></trkpt><trkpt lat="32.973226" lon="-117.181006"><ele>79.008</ele><time>2021-10-18T02:59:48Z</time></trkpt><trkpt lat="32.973194" lon="-117.181045"><ele>79.093</ele><time>2021-10-18T02:59:49Z</time></trkpt><trkpt lat="32.973116" lon="-117.181154"><ele>78.611</ele><time>2021-10-18T02:59:50Z</time></trkpt><trkpt lat="32.973083" lon="-117.181214"><ele>78.632</ele><time>2021-10-18T02:59:52Z</time></trkpt><trkpt lat="32.973054" lon="-117.181278"><ele>78.699</ele><time>2021-10-18T02:59:54Z</time></trkpt><trkpt lat="32.973016" lon="-117.181358"><ele>78.597</ele><time>2021-10-18T02:59:56Z</time></trkpt><trkpt lat="32.972983" lon="-117.181430"><ele>78.671</ele><time>2021-10-18T02:59:58Z</time></trkpt><trkpt lat="32.972949" lon="-117.181500"><ele>78.728</ele><time>2021-10-18T03:00:00Z</time></trkpt><trkpt lat="32.972914" lon="-117.181566"><ele>78.915</ele><time>2021-10-18T03:00:02Z</time></trkpt><trkpt lat="32.972880" lon="-117.181632"><ele>78.948</ele><time>2021-10-18T03:00:04Z</time></trkpt><trkpt lat="32.972817" lon="-117.181725"><ele>79.561</ele><time>2021-10-18T03:00:06Z</time></trkpt><trkpt lat="32.972783" lon="-117.181795"><ele>79.517</ele><time>2021-10-18T03:00:08Z</time></trkpt><trkpt lat="32.972749" lon="-117.181867"><ele>79.508</ele><time>2021-10-18T03:00:10Z</time></trkpt><trkpt lat="32.972709" lon="-117.181956"><ele>79.482</ele><time>2021-10-18T03:00:12Z</time></trkpt><trkpt lat="32.972664" lon="-117.182042"><ele>78.950</ele><time>2021-10-18T03:00:14Z</time></trkpt><trkpt lat="32.972628" lon="-117.182132"><ele>78.211</ele><time>2021-10-18T03:00:16Z</time></trkpt><trkpt lat="32.972615" lon="-117.182219"><ele>77.488</ele><time>2021-10-18T03:00:18Z</time></trkpt><trkpt lat="32.972609" lon="-117.182295"><ele>76.986</ele><time>2021-10-18T03:00:20Z</time></trkpt><trkpt lat="32.972621" lon="-117.182380"><ele>76.770</ele><time>2021-10-18T03:00:22Z</time></trkpt><trkpt lat="32.972652" lon="-117.182475"><ele>76.527</ele><time>2021-10-18T03:00:24Z</time></trkpt><trkpt lat="32.972681" lon="-117.182560"><ele>76.334</ele><time>2021-10-18T03:00:26Z</time></trkpt><trkpt lat="32.972724" lon="-117.182648"><ele>76.021</ele><time>2021-10-18T03:00:28Z</time></trkpt><trkpt lat="32.972775" lon="-117.182729"><ele>75.641</ele><time>2021-10-18T03:00:30Z</time></trkpt><trkpt lat="32.972827" lon="-117.182808"><ele>75.205</ele><time>2021-10-18T03:00:32Z</time></trkpt><trkpt lat="32.972874" lon="-117.182885"><ele>74.808</ele><time>2021-10-18T03:00:34Z</time></trkpt><trkpt lat="32.972916" lon="-117.182967"><ele>74.770</ele><time>2021-10-18T03:00:36Z</time></trkpt><trkpt lat="32.972954" lon="-117.183050"><ele>74.768</ele><time>2021-10-18T03:00:38Z</time></trkpt><trkpt lat="32.972983" lon="-117.183140"><ele>74.719</ele><time>2021-10-18T03:00:40Z</time></trkpt><trkpt lat="32.973005" lon="-117.183233"><ele>74.786</ele><time>2021-10-18T03:00:42Z</time></trkpt><trkpt lat="32.973013" lon="-117.183334"><ele>74.534</ele><time>2021-10-18T03:00:44Z</time></trkpt><trkpt lat="32.973013" lon="-117.183433"><ele>74.338</ele><time>2021-10-18T03:00:46Z</time></trkpt><trkpt lat="32.973004" lon="-117.183532"><ele>74.365</ele><time>2021-10-18T03:00:48Z</time></trkpt><trkpt lat="32.972985" lon="-117.183632"><ele>74.382</ele><time>2021-10-18T03:00:50Z</time></trkpt><trkpt lat="32.972974" lon="-117.183684"><ele>74.912</ele><time>2021-10-18T03:00:51Z</time></trkpt><trkpt lat="32.972949" lon="-117.183779"><ele>75.432</ele><time>2021-10-18T03:00:53Z</time></trkpt><trkpt lat="32.972857" lon="-117.183910"><ele>75.505</ele><time>2021-10-18T03:00:54Z</time></trkpt><trkpt lat="32.972833" lon="-117.183960"><ele>75.508</ele><time>2021-10-18T03:00:56Z</time></trkpt><trkpt lat="32.972802" lon="-117.184005"><ele>75.049</ele><time>2021-10-18T03:00:58Z</time></trkpt><trkpt lat="32.972766" lon="-117.184060"><ele>74.637</ele><time>2021-10-18T03:01:00Z</time></trkpt><trkpt lat="32.972729" lon="-117.184125"><ele>74.698</ele><time>2021-10-18T03:01:02Z</time></trkpt><trkpt lat="32.972690" lon="-117.184197"><ele>74.615</ele><time>2021-10-18T03:01:04Z</time></trkpt><trkpt lat="32.972629" lon="-117.184310"><ele>74.573</ele><time>2021-10-18T03:01:06Z</time></trkpt><trkpt lat="32.972598" lon="-117.184388"><ele>74.547</ele><time>2021-10-18T03:01:08Z</time></trkpt><trkpt lat="32.972561" lon="-117.184473"><ele>74.734</ele><time>2021-10-18T03:01:10Z</time></trkpt><trkpt lat="32.972557" lon="-117.184567"><ele>74.951</ele><time>2021-10-18T03:01:12Z</time></trkpt><trkpt lat="32.972545" lon="-117.184667"><ele>74.988</ele><time>2021-10-18T03:01:14Z</time></trkpt><trkpt lat="32.972557" lon="-117.184758"><ele>74.824</ele><time>2021-10-18T03:01:16Z</time></trkpt><trkpt lat="32.972561" lon="-117.184847"><ele>74.726</ele><time>2021-10-18T03:01:18Z</time></trkpt><trkpt lat="32.972563" lon="-117.184943"><ele>74.708</ele><time>2021-10-18T03:01:20Z</time></trkpt><trkpt lat="32.972538" lon="-117.185204"><ele>74.846</ele><time>2021-10-18T03:01:22Z</time></trkpt><trkpt lat="32.972554" lon="-117.185282"><ele>75.124</ele><time>2021-10-18T03:01:26Z</time></trkpt><trkpt lat="32.972559" lon="-117.185348"><ele>75.235</ele><time>2021-10-18T03:01:28Z</time></trkpt><trkpt lat="32.972544" lon="-117.185415"><ele>75.062</ele><time>2021-10-18T03:01:30Z</time></trkpt><trkpt lat="32.972490" lon="-117.185449"><ele>74.860</ele><time>2021-10-18T03:01:32Z</time></trkpt><trkpt lat="32.972459" lon="-117.185508"><ele>74.764</ele><time>2021-10-18T03:01:34Z</time></trkpt><trkpt lat="32.972419" lon="-117.185564"><ele>74.761</ele><time>2021-10-18T03:01:37Z</time></trkpt><trkpt lat="32.972391" lon="-117.185625"><ele>74.738</ele><time>2021-10-18T03:01:38Z</time></trkpt><trkpt lat="32.972325" lon="-117.185625"><ele>74.914</ele><time>2021-10-18T03:01:41Z</time></trkpt><trkpt lat="32.972263" lon="-117.185602"><ele>75.454</ele><time>2021-10-18T03:01:43Z</time></trkpt><trkpt lat="32.972217" lon="-117.185553"><ele>75.709</ele><time>2021-10-18T03:01:45Z</time></trkpt><trkpt lat="32.972154" lon="-117.185545"><ele>75.708</ele><time>2021-10-18T03:01:48Z</time></trkpt><trkpt lat="32.972090" lon="-117.185557"><ele>75.719</ele><time>2021-10-18T03:01:50Z</time></trkpt><trkpt lat="32.972028" lon="-117.185549"><ele>76.097</ele><time>2021-10-18T03:01:52Z</time></trkpt><trkpt lat="32.971958" lon="-117.185586"><ele>76.088</ele><time>2021-10-18T03:01:54Z</time></trkpt><trkpt lat="32.971894" lon="-117.185578"><ele>76.035</ele><time>2021-10-18T03:01:56Z</time></trkpt><trkpt lat="32.971845" lon="-117.185586"><ele>76.053</ele><time>2021-10-18T03:01:58Z</time></trkpt><trkpt lat="32.971833" lon="-117.185664"><ele>75.927</ele><time>2021-10-18T03:02:01Z</time></trkpt><trkpt lat="32.971807" lon="-117.185722"><ele>75.924</ele><time>2021-10-18T03:02:03Z</time></trkpt><trkpt lat="32.971805" lon="-117.185797"><ele>75.851</ele><time>2021-10-18T03:02:05Z</time></trkpt><trkpt lat="32.971815" lon="-117.185883"><ele>75.751</ele><time>2021-10-18T03:02:07Z</time></trkpt><trkpt lat="32.971821" lon="-117.185972"><ele>75.701</ele><time>2021-10-18T03:02:09Z</time></trkpt><trkpt lat="32.971827" lon="-117.186038"><ele>75.611</ele><time>2021-10-18T03:02:10Z</time></trkpt><trkpt lat="32.971831" lon="-117.186120"><ele>75.208</ele><time>2021-10-18T03:02:12Z</time></trkpt><trkpt lat="32.971826" lon="-117.186202"><ele>74.993</ele><time>2021-10-18T03:02:14Z</time></trkpt><trkpt lat="32.971821" lon="-117.186292"><ele>74.581</ele><time>2021-10-18T03:02:16Z</time></trkpt><trkpt lat="32.971813" lon="-117.186383"><ele>74.512</ele><time>2021-10-18T03:02:18Z</time></trkpt><trkpt lat="32.971793" lon="-117.186482"><ele>74.519</ele><time>2021-10-18T03:02:20Z</time></trkpt><trkpt lat="32.971772" lon="-117.186569"><ele>74.947</ele><time>2021-10-18T03:02:22Z</time></trkpt><trkpt lat="32.971747" lon="-117.186661"><ele>75.011</ele><time>2021-10-18T03:02:24Z</time></trkpt><trkpt lat="32.971702" lon="-117.186822"><ele>74.828</ele><time>2021-10-18T03:02:26Z</time></trkpt><trkpt lat="32.971677" lon="-117.186878"><ele>74.895</ele><time>2021-10-18T03:02:28Z</time></trkpt><trkpt lat="32.971648" lon="-117.186943"><ele>74.262</ele><time>2021-10-18T03:02:30Z</time></trkpt><trkpt lat="32.971620" lon="-117.187014"><ele>73.483</ele><time>2021-10-18T03:02:32Z</time></trkpt><trkpt lat="32.971587" lon="-117.187104"><ele>73.111</ele><time>2021-10-18T03:02:34Z</time></trkpt><trkpt lat="32.971553" lon="-117.187195"><ele>73.108</ele><time>2021-10-18T03:02:36Z</time></trkpt><trkpt lat="32.971519" lon="-117.187268"><ele>73.144</ele><time>2021-10-18T03:02:38Z</time></trkpt><trkpt lat="32.971485" lon="-117.187345"><ele>73.022</ele><time>2021-10-18T03:02:40Z</time></trkpt><trkpt lat="32.971473" lon="-117.187428"><ele>72.863</ele><time>2021-10-18T03:02:42Z</time></trkpt><trkpt lat="32.971444" lon="-117.187500"><ele>72.670</ele><time>2021-10-18T03:02:44Z</time></trkpt><trkpt lat="32.971417" lon="-117.187569"><ele>72.658</ele><time>2021-10-18T03:02:46Z</time></trkpt><trkpt lat="32.971381" lon="-117.187650"><ele>72.972</ele><time>2021-10-18T03:02:48Z</time></trkpt><trkpt lat="32.971347" lon="-117.187733"><ele>73.589</ele><time>2021-10-18T03:02:50Z</time></trkpt><trkpt lat="32.971310" lon="-117.187812"><ele>73.566</ele><time>2021-10-18T03:02:52Z</time></trkpt><trkpt lat="32.971278" lon="-117.187885"><ele>73.443</ele><time>2021-10-18T03:02:54Z</time></trkpt><trkpt lat="32.971243" lon="-117.187956"><ele>73.064</ele><time>2021-10-18T03:02:56Z</time></trkpt><trkpt lat="32.971190" lon="-117.188039"><ele>73.010</ele><time>2021-10-18T03:02:58Z</time></trkpt><trkpt lat="32.971156" lon="-117.188096"><ele>73.008</ele><time>2021-10-18T03:03:00Z</time></trkpt><trkpt lat="32.971114" lon="-117.188152"><ele>73.092</ele><time>2021-10-18T03:03:02Z</time></trkpt><trkpt lat="32.971061" lon="-117.188216"><ele>73.080</ele><time>2021-10-18T03:03:04Z</time></trkpt><trkpt lat="32.971018" lon="-117.188275"><ele>73.061</ele><time>2021-10-18T03:03:06Z</time></trkpt><trkpt lat="32.970978" lon="-117.188331"><ele>73.088</ele><time>2021-10-18T03:03:08Z</time></trkpt><trkpt lat="32.970948" lon="-117.188395"><ele>73.296</ele><time>2021-10-18T03:03:10Z</time></trkpt><trkpt lat="32.970915" lon="-117.188451"><ele>73.630</ele><time>2021-10-18T03:03:12Z</time></trkpt><trkpt lat="32.970872" lon="-117.188502"><ele>73.667</ele><time>2021-10-18T03:03:13Z</time></trkpt><trkpt lat="32.970836" lon="-117.188554"><ele>73.614</ele><time>2021-10-18T03:03:15Z</time></trkpt><trkpt lat="32.970805" lon="-117.188615"><ele>73.361</ele><time>2021-10-18T03:03:17Z</time></trkpt><trkpt lat="32.970747" lon="-117.188676"><ele>73.321</ele><time>2021-10-18T03:03:19Z</time></trkpt><trkpt lat="32.970715" lon="-117.188754"><ele>72.913</ele><time>2021-10-18T03:03:21Z</time></trkpt><trkpt lat="32.970689" lon="-117.188837"><ele>72.708</ele><time>2021-10-18T03:03:23Z</time></trkpt><trkpt lat="32.970661" lon="-117.188935"><ele>73.244</ele><time>2021-10-18T03:03:25Z</time></trkpt><trkpt lat="32.970629" lon="-117.189018"><ele>73.582</ele><time>2021-10-18T03:03:27Z</time></trkpt><trkpt lat="32.970603" lon="-117.189100"><ele>73.533</ele><time>2021-10-18T03:03:29Z</time></trkpt><trkpt lat="32.970572" lon="-117.189187"><ele>73.390</ele><time>2021-10-18T03:03:31Z</time></trkpt><trkpt lat="32.970546" lon="-117.189266"><ele>72.428</ele><time>2021-10-18T03:03:33Z</time></trkpt><trkpt lat="32.970503" lon="-117.189333"><ele>71.232</ele><time>2021-10-18T03:03:35Z</time></trkpt><trkpt lat="32.970477" lon="-117.189402"><ele>71.069</ele><time>2021-10-18T03:03:37Z</time></trkpt><trkpt lat="32.970450" lon="-117.189473"><ele>71.016</ele><time>2021-10-18T03:03:39Z</time></trkpt><trkpt lat="32.970429" lon="-117.189544"><ele>71.256</ele><time>2021-10-18T03:03:41Z</time></trkpt><trkpt lat="32.970408" lon="-117.189614"><ele>72.559</ele><time>2021-10-18T03:03:43Z</time></trkpt><trkpt lat="32.970380" lon="-117.189691"><ele>72.514</ele><time>2021-10-18T03:03:45Z</time></trkpt><trkpt lat="32.970353" lon="-117.189771"><ele>72.508</ele><time>2021-10-18T03:03:47Z</time></trkpt><trkpt lat="32.970323" lon="-117.189848"><ele>72.393</ele><time>2021-10-18T03:03:49Z</time></trkpt><trkpt lat="32.970300" lon="-117.189950"><ele>72.311</ele><time>2021-10-18T03:03:51Z</time></trkpt><trkpt lat="32.970287" lon="-117.190008"><ele>72.382</ele><time>2021-10-18T03:03:53Z</time></trkpt><trkpt lat="32.970259" lon="-117.190073"><ele>72.389</ele><time>2021-10-18T03:03:55Z</time></trkpt><trkpt lat="32.970230" lon="-117.190157"><ele>72.647</ele><time>2021-10-18T03:03:57Z</time></trkpt><trkpt lat="32.970203" lon="-117.190234"><ele>72.961</ele><time>2021-10-18T03:03:59Z</time></trkpt><trkpt lat="32.970170" lon="-117.190310"><ele>73.698</ele><time>2021-10-18T03:04:01Z</time></trkpt><trkpt lat="32.970128" lon="-117.190382"><ele>73.755</ele><time>2021-10-18T03:04:03Z</time></trkpt><trkpt lat="32.970086" lon="-117.190443"><ele>73.796</ele><time>2021-10-18T03:04:05Z</time></trkpt><trkpt lat="32.970009" lon="-117.190557"><ele>73.731</ele><time>2021-10-18T03:04:07Z</time></trkpt><trkpt lat="32.969980" lon="-117.190601"><ele>73.624</ele><time>2021-10-18T03:04:09Z</time></trkpt><trkpt lat="32.969939" lon="-117.190648"><ele>73.408</ele><time>2021-10-18T03:04:11Z</time></trkpt><trkpt lat="32.969889" lon="-117.190703"><ele>73.377</ele><time>2021-10-18T03:04:13Z</time></trkpt><trkpt lat="32.969848" lon="-117.190752"><ele>73.335</ele><time>2021-10-18T03:04:15Z</time></trkpt><trkpt lat="32.969807" lon="-117.190806"><ele>73.276</ele><time>2021-10-18T03:04:17Z</time></trkpt><trkpt lat="32.969770" lon="-117.190862"><ele>72.873</ele><time>2021-10-18T03:04:19Z</time></trkpt><trkpt lat="32.969772" lon="-117.190926"><ele>72.251</ele><time>2021-10-18T03:04:22Z</time></trkpt><trkpt lat="32.969804" lon="-117.190979"><ele>72.275</ele><time>2021-10-18T03:04:24Z</time></trkpt><trkpt lat="32.969840" lon="-117.191037"><ele>72.082</ele><time>2021-10-18T03:04:26Z</time></trkpt><trkpt lat="32.969867" lon="-117.191094"><ele>71.889</ele><time>2021-10-18T03:04:28Z</time></trkpt><trkpt lat="32.969890" lon="-117.191161"><ele>71.742</ele><time>2021-10-18T03:04:30Z</time></trkpt><trkpt lat="32.969902" lon="-117.191238"><ele>71.722</ele><time>2021-10-18T03:04:32Z</time></trkpt><trkpt lat="32.969907" lon="-117.191311"><ele>71.114</ele><time>2021-10-18T03:04:34Z</time></trkpt><trkpt lat="32.969910" lon="-117.191402"><ele>71.108</ele><time>2021-10-18T03:04:36Z</time></trkpt><trkpt lat="32.969913" lon="-117.191487"><ele>71.192</ele><time>2021-10-18T03:04:38Z</time></trkpt><trkpt lat="32.969918" lon="-117.191568"><ele>71.460</ele><time>2021-10-18T03:04:40Z</time></trkpt><trkpt lat="32.969916" lon="-117.191666"><ele>72.131</ele><time>2021-10-18T03:04:42Z</time></trkpt><trkpt lat="32.969919" lon="-117.191761"><ele>72.358</ele><time>2021-10-18T03:04:44Z</time></trkpt><trkpt lat="32.969919" lon="-117.191853"><ele>72.326</ele><time>2021-10-18T03:04:46Z</time></trkpt><trkpt lat="32.969922" lon="-117.191943"><ele>71.890</ele><time>2021-10-18T03:04:48Z</time></trkpt><trkpt lat="32.969921" lon="-117.192031"><ele>71.427</ele><time>2021-10-18T03:04:50Z</time></trkpt><trkpt lat="32.969919" lon="-117.192121"><ele>71.384</ele><time>2021-10-18T03:04:52Z</time></trkpt><trkpt lat="32.969924" lon="-117.192195"><ele>71.244</ele><time>2021-10-18T03:04:54Z</time></trkpt><trkpt lat="32.969900" lon="-117.192279"><ele>70.905</ele><time>2021-10-18T03:04:55Z</time></trkpt><trkpt lat="32.969900" lon="-117.192354"><ele>69.815</ele><time>2021-10-18T03:04:57Z</time></trkpt><trkpt lat="32.969900" lon="-117.192440"><ele>69.508</ele><time>2021-10-18T03:04:59Z</time></trkpt><trkpt lat="32.969896" lon="-117.192519"><ele>69.522</ele><time>2021-10-18T03:05:01Z</time></trkpt><trkpt lat="32.969892" lon="-117.192594"><ele>69.490</ele><time>2021-10-18T03:05:03Z</time></trkpt><trkpt lat="32.969885" lon="-117.192653"><ele>69.431</ele><time>2021-10-18T03:05:05Z</time></trkpt><trkpt lat="32.969872" lon="-117.192730"><ele>69.878</ele><time>2021-10-18T03:05:07Z</time></trkpt><trkpt lat="32.969862" lon="-117.192802"><ele>69.756</ele><time>2021-10-18T03:05:09Z</time></trkpt><trkpt lat="32.969835" lon="-117.192921"><ele>69.660</ele><time>2021-10-18T03:05:11Z</time></trkpt><trkpt lat="32.969823" lon="-117.192991"><ele>69.787</ele><time>2021-10-18T03:05:13Z</time></trkpt><trkpt lat="32.969801" lon="-117.193067"><ele>69.794</ele><time>2021-10-18T03:05:15Z</time></trkpt><trkpt lat="32.969770" lon="-117.193157"><ele>69.755</ele><time>2021-10-18T03:05:17Z</time></trkpt><trkpt lat="32.969728" lon="-117.193243"><ele>69.707</ele><time>2021-10-18T03:05:19Z</time></trkpt><trkpt lat="32.969689" lon="-117.193305"><ele>69.117</ele><time>2021-10-18T03:05:21Z</time></trkpt><trkpt lat="32.969653" lon="-117.193371"><ele>68.108</ele><time>2021-10-18T03:05:23Z</time></trkpt><trkpt lat="32.969608" lon="-117.193436"><ele>67.953</ele><time>2021-10-18T03:05:25Z</time></trkpt><trkpt lat="32.969515" lon="-117.193500"><ele>67.941</ele><time>2021-10-18T03:05:27Z</time></trkpt><trkpt lat="32.969466" lon="-117.193550"><ele>68.312</ele><time>2021-10-18T03:05:29Z</time></trkpt><trkpt lat="32.969407" lon="-117.193582"><ele>68.329</ele><time>2021-10-18T03:05:31Z</time></trkpt><trkpt lat="32.969339" lon="-117.193622"><ele>68.017</ele><time>2021-10-18T03:05:33Z</time></trkpt><trkpt lat="32.969276" lon="-117.193647"><ele>67.711</ele><time>2021-10-18T03:05:35Z</time></trkpt><trkpt lat="32.969221" lon="-117.193666"><ele>67.738</ele><time>2021-10-18T03:05:37Z</time></trkpt><trkpt lat="32.969172" lon="-117.193681"><ele>67.185</ele><time>2021-10-18T03:05:39Z</time></trkpt><trkpt lat="32.969117" lon="-117.193705"><ele>66.869</ele><time>2021-10-18T03:05:41Z</time></trkpt><trkpt lat="32.969058" lon="-117.193733"><ele>66.804</ele><time>2021-10-18T03:05:43Z</time></trkpt><trkpt lat="32.969001" lon="-117.193763"><ele>66.824</ele><time>2021-10-18T03:05:46Z</time></trkpt><trkpt lat="32.968933" lon="-117.193785"><ele>66.808</ele><time>2021-10-18T03:05:49Z</time></trkpt><trkpt lat="32.968887" lon="-117.193792"><ele>66.824</ele><time>2021-10-18T03:05:51Z</time></trkpt><trkpt lat="32.968830" lon="-117.193808"><ele>66.892</ele><time>2021-10-18T03:05:53Z</time></trkpt><trkpt lat="32.968768" lon="-117.193828"><ele>66.843</ele><time>2021-10-18T03:05:55Z</time></trkpt><trkpt lat="32.968712" lon="-117.193846"><ele>66.870</ele><time>2021-10-18T03:05:57Z</time></trkpt><trkpt lat="32.968648" lon="-117.193856"><ele>66.788</ele><time>2021-10-18T03:05:59Z</time></trkpt><trkpt lat="32.968579" lon="-117.193868"><ele>66.342</ele><time>2021-10-18T03:06:01Z</time></trkpt><trkpt lat="32.968515" lon="-117.193891"><ele>66.319</ele><time>2021-10-18T03:06:03Z</time></trkpt><trkpt lat="32.968482" lon="-117.193953"><ele>66.076</ele><time>2021-10-18T03:06:05Z</time></trkpt><trkpt lat="32.968495" lon="-117.194044"><ele>64.671</ele><time>2021-10-18T03:06:07Z</time></trkpt><trkpt lat="32.968505" lon="-117.194134"><ele>63.941</ele><time>2021-10-18T03:06:09Z</time></trkpt><trkpt lat="32.968515" lon="-117.194217"><ele>63.815</ele><time>2021-10-18T03:06:11Z</time></trkpt><trkpt lat="32.968526" lon="-117.194297"><ele>63.608</ele><time>2021-10-18T03:06:13Z</time></trkpt><trkpt lat="32.968564" lon="-117.194380"><ele>63.565</ele><time>2021-10-18T03:06:15Z</time></trkpt><trkpt lat="32.968562" lon="-117.194453"><ele>63.563</ele><time>2021-10-18T03:06:18Z</time></trkpt><trkpt lat="32.968594" lon="-117.194515"><ele>63.624</ele><time>2021-10-18T03:06:21Z</time></trkpt><trkpt lat="32.968605" lon="-117.194580"><ele>63.671</ele><time>2021-10-18T03:06:23Z</time></trkpt><trkpt lat="32.968605" lon="-117.194665"><ele>63.999</ele><time>2021-10-18T03:06:25Z</time></trkpt><trkpt lat="32.968612" lon="-117.194745"><ele>63.973</ele><time>2021-10-18T03:06:27Z</time></trkpt><trkpt lat="32.968613" lon="-117.194819"><ele>63.930</ele><time>2021-10-18T03:06:29Z</time></trkpt><trkpt lat="32.968605" lon="-117.194920"><ele>63.947</ele><time>2021-10-18T03:06:31Z</time></trkpt><trkpt lat="32.968608" lon="-117.194976"><ele>63.982</ele><time>2021-10-18T03:06:33Z</time></trkpt><trkpt lat="32.968594" lon="-117.195038"><ele>64.443</ele><time>2021-10-18T03:06:37Z</time></trkpt><trkpt lat="32.968561" lon="-117.195094"><ele>65.317</ele><time>2021-10-18T03:06:49Z</time></trkpt><trkpt lat="32.968527" lon="-117.195160"><ele>66.408</ele><time>2021-10-18T03:06:52Z</time></trkpt><trkpt lat="32.968547" lon="-117.195232"><ele>67.136</ele><time>2021-10-18T03:06:55Z</time></trkpt><trkpt lat="32.968590" lon="-117.195270"><ele>67.154</ele><time>2021-10-18T03:06:57Z</time></trkpt><trkpt lat="32.968638" lon="-117.195302"><ele>67.145</ele><time>2021-10-18T03:06:59Z</time></trkpt><trkpt lat="32.968685" lon="-117.195347"><ele>67.112</ele><time>2021-10-18T03:07:01Z</time></trkpt><trkpt lat="32.968698" lon="-117.195459"><ele>67.190</ele><time>2021-10-18T03:07:03Z</time></trkpt><trkpt lat="32.968667" lon="-117.195518"><ele>67.164</ele><time>2021-10-18T03:07:06Z</time></trkpt><trkpt lat="32.968677" lon="-117.195591"><ele>67.181</ele><time>2021-10-18T03:07:10Z</time></trkpt><trkpt lat="32.968685" lon="-117.195663"><ele>67.188</ele><time>2021-10-18T03:07:13Z</time></trkpt><trkpt lat="32.968686" lon="-117.195719"><ele>67.168</ele><time>2021-10-18T03:07:15Z</time></trkpt><trkpt lat="32.968687" lon="-117.195777"><ele>67.242</ele><time>2021-10-18T03:07:17Z</time></trkpt><trkpt lat="32.968639" lon="-117.195831"><ele>67.326</ele><time>2021-10-18T03:07:19Z</time></trkpt><trkpt lat="32.968588" lon="-117.195871"><ele>67.308</ele><time>2021-10-18T03:07:23Z</time></trkpt><trkpt lat="32.968539" lon="-117.195877"><ele>67.324</ele><time>2021-10-18T03:07:25Z</time></trkpt><trkpt lat="32.968491" lon="-117.195885"><ele>67.312</ele><time>2021-10-18T03:07:27Z</time></trkpt><trkpt lat="32.968438" lon="-117.195887"><ele>67.333</ele><time>2021-10-18T03:07:29Z</time></trkpt><trkpt lat="32.968496" lon="-117.195902"><ele>67.330</ele><time>2021-10-18T03:07:40Z</time></trkpt><trkpt lat="32.968562" lon="-117.195912"><ele>67.368</ele><time>2021-10-18T03:07:42Z</time></trkpt><trkpt lat="32.968624" lon="-117.195928"><ele>68.132</ele><time>2021-10-18T03:07:44Z</time></trkpt><trkpt lat="32.968675" lon="-117.195948"><ele>68.499</ele><time>2021-10-18T03:07:46Z</time></trkpt><trkpt lat="32.968725" lon="-117.195967"><ele>68.466</ele><time>2021-10-18T03:07:48Z</time></trkpt><trkpt lat="32.968778" lon="-117.195990"><ele>68.716</ele><time>2021-10-18T03:07:50Z</time></trkpt><trkpt lat="32.968825" lon="-117.196013"><ele>69.276</ele><time>2021-10-18T03:07:52Z</time></trkpt><trkpt lat="32.968878" lon="-117.196045"><ele>69.513</ele><time>2021-10-18T03:07:54Z</time></trkpt><trkpt lat="32.968924" lon="-117.196084"><ele>69.508</ele><time>2021-10-18T03:07:56Z</time></trkpt><trkpt lat="32.968956" lon="-117.196141"><ele>69.529</ele><time>2021-10-18T03:07:59Z</time></trkpt><trkpt lat="32.968982" lon="-117.196199"><ele>69.687</ele><time>2021-10-18T03:08:02Z</time></trkpt><trkpt lat="32.968985" lon="-117.196272"><ele>69.618</ele><time>2021-10-18T03:08:05Z</time></trkpt><trkpt lat="32.968967" lon="-117.196351"><ele>69.975</ele><time>2021-10-18T03:08:08Z</time></trkpt><trkpt lat="32.968942" lon="-117.196406"><ele>70.963</ele><time>2021-10-18T03:08:10Z</time></trkpt><trkpt lat="32.968910" lon="-117.196445"><ele>71.157</ele><time>2021-10-18T03:08:12Z</time></trkpt><trkpt lat="32.968879" lon="-117.196486"><ele>71.124</ele><time>2021-10-18T03:08:14Z</time></trkpt><trkpt lat="32.968831" lon="-117.196548"><ele>71.131</ele><time>2021-10-18T03:08:15Z</time></trkpt><trkpt lat="32.968797" lon="-117.196596"><ele>71.045</ele><time>2021-10-18T03:08:18Z</time></trkpt><trkpt lat="32.968770" lon="-117.196645"><ele>70.847</ele><time>2021-10-18T03:08:20Z</time></trkpt><trkpt lat="32.968738" lon="-117.196700"><ele>70.711</ele><time>2021-10-18T03:08:22Z</time></trkpt><trkpt lat="32.968706" lon="-117.196751"><ele>70.708</ele><time>2021-10-18T03:08:24Z</time></trkpt><trkpt lat="32.968668" lon="-117.196805"><ele>70.792</ele><time>2021-10-18T03:08:26Z</time></trkpt><trkpt lat="32.968610" lon="-117.196909"><ele>71.030</ele><time>2021-10-18T03:08:28Z</time></trkpt><trkpt lat="32.968582" lon="-117.196963"><ele>71.121</ele><time>2021-10-18T03:08:31Z</time></trkpt><trkpt lat="32.968556" lon="-117.197008"><ele>71.138</ele><time>2021-10-18T03:08:33Z</time></trkpt><trkpt lat="32.968533" lon="-117.197062"><ele>71.186</ele><time>2021-10-18T03:08:35Z</time></trkpt><trkpt lat="32.968504" lon="-117.197121"><ele>71.260</ele><time>2021-10-18T03:08:37Z</time></trkpt><trkpt lat="32.968478" lon="-117.197178"><ele>71.237</ele><time>2021-10-18T03:08:39Z</time></trkpt><trkpt lat="32.968447" lon="-117.197236"><ele>71.214</ele><time>2021-10-18T03:08:41Z</time></trkpt><trkpt lat="32.968425" lon="-117.197290"><ele>71.375</ele><time>2021-10-18T03:08:43Z</time></trkpt><trkpt lat="32.968405" lon="-117.197390"><ele>71.428</ele><time>2021-10-18T03:08:44Z</time></trkpt><trkpt lat="32.968380" lon="-117.197449"><ele>71.420</ele><time>2021-10-18T03:08:47Z</time></trkpt><trkpt lat="32.968359" lon="-117.197503"><ele>71.408</ele><time>2021-10-18T03:08:49Z</time></trkpt><trkpt lat="32.968339" lon="-117.197567"><ele>71.545</ele><time>2021-10-18T03:08:51Z</time></trkpt><trkpt lat="32.968321" lon="-117.197640"><ele>71.663</ele><time>2021-10-18T03:08:53Z</time></trkpt><trkpt lat="32.968302" lon="-117.197714"><ele>72.194</ele><time>2021-10-18T03:08:55Z</time></trkpt><trkpt lat="32.968288" lon="-117.197776"><ele>72.191</ele><time>2021-10-18T03:08:57Z</time></trkpt><trkpt lat="32.968278" lon="-117.197843"><ele>72.179</ele><time>2021-10-18T03:08:59Z</time></trkpt><trkpt lat="32.968261" lon="-117.197904"><ele>72.073</ele><time>2021-10-18T03:09:00Z</time></trkpt><trkpt lat="32.968258" lon="-117.197960"><ele>72.090</ele><time>2021-10-18T03:09:02Z</time></trkpt><trkpt lat="32.968248" lon="-117.198028"><ele>72.057</ele><time>2021-10-18T03:09:04Z</time></trkpt><trkpt lat="32.968239" lon="-117.198087"><ele>72.142</ele><time>2021-10-18T03:09:06Z</time></trkpt><trkpt lat="32.968233" lon="-117.198146"><ele>72.222</ele><time>2021-10-18T03:09:08Z</time></trkpt><trkpt lat="32.968229" lon="-117.198212"><ele>72.214</ele><time>2021-10-18T03:09:10Z</time></trkpt><trkpt lat="32.968225" lon="-117.198279"><ele>72.308</ele><time>2021-10-18T03:09:12Z</time></trkpt><trkpt lat="32.968217" lon="-117.198341"><ele>72.492</ele><time>2021-10-18T03:09:14Z</time></trkpt><trkpt lat="32.968217" lon="-117.198460"><ele>72.670</ele><time>2021-10-18T03:09:16Z</time></trkpt><trkpt lat="32.968208" lon="-117.198529"><ele>72.731</ele><time>2021-10-18T03:09:19Z</time></trkpt><trkpt lat="32.968189" lon="-117.198583"><ele>72.718</ele><time>2021-10-18T03:09:21Z</time></trkpt><trkpt lat="32.968159" lon="-117.198646"><ele>73.716</ele><time>2021-10-18T03:09:23Z</time></trkpt><trkpt lat="32.968118" lon="-117.198704"><ele>73.740</ele><time>2021-10-18T03:09:25Z</time></trkpt><trkpt lat="32.968067" lon="-117.198757"><ele>73.777</ele><time>2021-10-18T03:09:27Z</time></trkpt><trkpt lat="32.968011" lon="-117.198803"><ele>73.424</ele><time>2021-10-18T03:09:29Z</time></trkpt><trkpt lat="32.967949" lon="-117.198848"><ele>72.961</ele><time>2021-10-18T03:09:31Z</time></trkpt><trkpt lat="32.967902" lon="-117.198856"><ele>72.921</ele><time>2021-10-18T03:09:32Z</time></trkpt><trkpt lat="32.967884" lon="-117.198930"><ele>72.713</ele><time>2021-10-18T03:09:34Z</time></trkpt><trkpt lat="32.967913" lon="-117.199012"><ele>72.408</ele><time>2021-10-18T03:09:36Z</time></trkpt><trkpt lat="32.967939" lon="-117.199080"><ele>72.484</ele><time>2021-10-18T03:09:38Z</time></trkpt><trkpt lat="32.967965" lon="-117.199144"><ele>72.072</ele><time>2021-10-18T03:09:39Z</time></trkpt><trkpt lat="32.967987" lon="-117.199205"><ele>72.053</ele><time>2021-10-18T03:09:41Z</time></trkpt><trkpt lat="32.968003" lon="-117.199265"><ele>72.060</ele><time>2021-10-18T03:09:43Z</time></trkpt><trkpt lat="32.968021" lon="-117.199334"><ele>72.938</ele><time>2021-10-18T03:09:45Z</time></trkpt><trkpt lat="32.968037" lon="-117.199399"><ele>73.562</ele><time>2021-10-18T03:09:47Z</time></trkpt><trkpt lat="32.968049" lon="-117.199469"><ele>73.789</ele><time>2021-10-18T03:09:49Z</time></trkpt><trkpt lat="32.968054" lon="-117.199555"><ele>73.776</ele><time>2021-10-18T03:09:51Z</time></trkpt><trkpt lat="32.968059" lon="-117.199632"><ele>73.771</ele><time>2021-10-18T03:09:53Z</time></trkpt><trkpt lat="32.968083" lon="-117.199719"><ele>73.141</ele><time>2021-10-18T03:09:55Z</time></trkpt><trkpt lat="32.968101" lon="-117.199778"><ele>72.915</ele><time>2021-10-18T03:09:58Z</time></trkpt><trkpt lat="32.968111" lon="-117.199831"><ele>72.608</ele><time>2021-10-18T03:10:00Z</time></trkpt><trkpt lat="32.968119" lon="-117.199890"><ele>72.665</ele><time>2021-10-18T03:10:02Z</time></trkpt><trkpt lat="32.968123" lon="-117.199955"><ele>72.673</ele><time>2021-10-18T03:10:04Z</time></trkpt><trkpt lat="32.968124" lon="-117.200027"><ele>72.634</ele><time>2021-10-18T03:10:06Z</time></trkpt><trkpt lat="32.968131" lon="-117.200101"><ele>72.611</ele><time>2021-10-18T03:10:08Z</time></trkpt><trkpt lat="32.968138" lon="-117.200177"><ele>72.589</ele><time>2021-10-18T03:10:10Z</time></trkpt><trkpt lat="32.968196" lon="-117.200193"><ele>72.433</ele><time>2021-10-18T03:10:11Z</time></trkpt><trkpt lat="32.968225" lon="-117.200251"><ele>72.440</ele><time>2021-10-18T03:10:13Z</time></trkpt><trkpt lat="32.968273" lon="-117.200266"><ele>71.737</ele><time>2021-10-18T03:10:15Z</time></trkpt><trkpt lat="32.968330" lon="-117.200241"><ele>71.361</ele><time>2021-10-18T03:10:17Z</time></trkpt><trkpt lat="32.968382" lon="-117.200208"><ele>71.321</ele><time>2021-10-18T03:10:19Z</time></trkpt><trkpt lat="32.968434" lon="-117.200172"><ele>71.313</ele><time>2021-10-18T03:10:21Z</time></trkpt><trkpt lat="32.968488" lon="-117.200135"><ele>71.808</ele><time>2021-10-18T03:10:23Z</time></trkpt><trkpt lat="32.968554" lon="-117.200102"><ele>72.114</ele><time>2021-10-18T03:10:25Z</time></trkpt><trkpt lat="32.968660" lon="-117.200076"><ele>72.362</ele><time>2021-10-18T03:10:27Z</time></trkpt><trkpt lat="32.968716" lon="-117.200048"><ele>72.473</ele><time>2021-10-18T03:10:29Z</time></trkpt><trkpt lat="32.968783" lon="-117.200029"><ele>72.680</ele><time>2021-10-18T03:10:31Z</time></trkpt><trkpt lat="32.968849" lon="-117.200023"><ele>72.718</ele><time>2021-10-18T03:10:33Z</time></trkpt><trkpt lat="32.968910" lon="-117.200014"><ele>72.812</ele><time>2021-10-18T03:10:35Z</time></trkpt><trkpt lat="32.968967" lon="-117.200011"><ele>72.839</ele><time>2021-10-18T03:10:37Z</time></trkpt><trkpt lat="32.969034" lon="-117.200012"><ele>73.256</ele><time>2021-10-18T03:10:39Z</time></trkpt><trkpt lat="32.969098" lon="-117.200012"><ele>73.543</ele><time>2021-10-18T03:10:41Z</time></trkpt><trkpt lat="32.969171" lon="-117.200045"><ele>73.864</ele><time>2021-10-18T03:10:43Z</time></trkpt><trkpt lat="32.969237" lon="-117.200055"><ele>73.910</ele><time>2021-10-18T03:10:45Z</time></trkpt><trkpt lat="32.969292" lon="-117.200062"><ele>73.908</ele><time>2021-10-18T03:10:47Z</time></trkpt><trkpt lat="32.969353" lon="-117.200076"><ele>73.932</ele><time>2021-10-18T03:10:49Z</time></trkpt><trkpt lat="32.969431" lon="-117.200098"><ele>73.980</ele><time>2021-10-18T03:10:51Z</time></trkpt><trkpt lat="32.969512" lon="-117.200117"><ele>73.631</ele><time>2021-10-18T03:10:53Z</time></trkpt><trkpt lat="32.969554" lon="-117.200138"><ele>73.478</ele><time>2021-10-18T03:10:54Z</time></trkpt><trkpt lat="32.969596" lon="-117.200165"><ele>73.236</ele><time>2021-10-18T03:10:55Z</time></trkpt><trkpt lat="32.969635" lon="-117.200203"><ele>73.210</ele><time>2021-10-18T03:10:56Z</time></trkpt><trkpt lat="32.969670" lon="-117.200247"><ele>73.287</ele><time>2021-10-18T03:10:57Z</time></trkpt><trkpt lat="32.969702" lon="-117.200293"><ele>73.124</ele><time>2021-10-18T03:10:58Z</time></trkpt><trkpt lat="32.969736" lon="-117.200339"><ele>73.099</ele><time>2021-10-18T03:10:59Z</time></trkpt><trkpt lat="32.969767" lon="-117.200384"><ele>72.807</ele><time>2021-10-18T03:11:00Z</time></trkpt><trkpt lat="32.969816" lon="-117.200465"><ele>71.727</ele><time>2021-10-18T03:11:02Z</time></trkpt><trkpt lat="32.969842" lon="-117.200512"><ele>71.708</ele><time>2021-10-18T03:11:03Z</time></trkpt><trkpt lat="32.969863" lon="-117.200562"><ele>71.747</ele><time>2021-10-18T03:11:04Z</time></trkpt><trkpt lat="32.969891" lon="-117.200668"><ele>71.615</ele><time>2021-10-18T03:11:06Z</time></trkpt><trkpt lat="32.969901" lon="-117.200771"><ele>71.576</ele><time>2021-10-18T03:11:08Z</time></trkpt><trkpt lat="32.969914" lon="-117.200856"><ele>71.053</ele><time>2021-10-18T03:11:09Z</time></trkpt><trkpt lat="32.969911" lon="-117.200957"><ele>70.541</ele><time>2021-10-18T03:11:11Z</time></trkpt><trkpt lat="32.969904" lon="-117.201057"><ele>70.225</ele><time>2021-10-18T03:11:13Z</time></trkpt><trkpt lat="32.969897" lon="-117.201156"><ele>69.922</ele><time>2021-10-18T03:11:15Z</time></trkpt><trkpt lat="32.969895" lon="-117.201211"><ele>69.589</ele><time>2021-10-18T03:11:16Z</time></trkpt><trkpt lat="32.969893" lon="-117.201269"><ele>69.231</ele><time>2021-10-18T03:11:17Z</time></trkpt><trkpt lat="32.969891" lon="-117.201325"><ele>69.261</ele><time>2021-10-18T03:11:18Z</time></trkpt><trkpt lat="32.969890" lon="-117.201381"><ele>69.007</ele><time>2021-10-18T03:11:19Z</time></trkpt><trkpt lat="32.969896" lon="-117.201475"><ele>69.008</ele><time>2021-10-18T03:11:21Z</time></trkpt><trkpt lat="32.969902" lon="-117.201555"><ele>69.041</ele><time>2021-10-18T03:11:23Z</time></trkpt><trkpt lat="32.969855" lon="-117.201506"><ele>69.089</ele><time>2021-10-18T03:11:26Z</time></trkpt><trkpt lat="32.969901" lon="-117.201484"><ele>69.090</ele><time>2021-10-18T03:11:29Z</time></trkpt><trkpt lat="32.969905" lon="-117.201550"><ele>69.267</ele><time>2021-10-18T03:11:31Z</time></trkpt><trkpt lat="32.969890" lon="-117.201615"><ele>69.455</ele><time>2021-10-18T03:11:33Z</time></trkpt><trkpt lat="32.969868" lon="-117.201550"><ele>69.589</ele><time>2021-10-18T03:11:39Z</time></trkpt><trkpt lat="32.969918" lon="-117.201562"><ele>69.556</ele><time>2021-10-18T03:11:51Z</time></trkpt><trkpt lat="32.969906" lon="-117.201626"><ele>69.563</ele><time>2021-10-18T03:11:55Z</time></trkpt><trkpt lat="32.969853" lon="-117.201609"><ele>69.739</ele><time>2021-10-18T03:11:56Z</time></trkpt><trkpt lat="32.969849" lon="-117.201548"><ele>69.701</ele><time>2021-10-18T03:12:00Z</time></trkpt><trkpt lat="32.969871" lon="-117.201499"><ele>69.721</ele><time>2021-10-18T03:12:05Z</time></trkpt><trkpt lat="32.969863" lon="-117.201420"><ele>69.708</ele><time>2021-10-18T03:12:09Z</time></trkpt><trkpt lat="32.969852" lon="-117.201350"><ele>69.681</ele><time>2021-10-18T03:12:12Z</time></trkpt><trkpt lat="32.969857" lon="-117.201296"><ele>69.499</ele><time>2021-10-18T03:12:14Z</time></trkpt><trkpt lat="32.969847" lon="-117.201240"><ele>69.570</ele><time>2021-10-18T03:12:16Z</time></trkpt><trkpt lat="32.969892" lon="-117.201203"><ele>69.457</ele><time>2021-10-18T03:12:21Z</time></trkpt><trkpt lat="32.969880" lon="-117.201121"><ele>69.635</ele><time>2021-10-18T03:12:24Z</time></trkpt><trkpt lat="32.969881" lon="-117.201043"><ele>69.719</ele><time>2021-10-18T03:12:27Z</time></trkpt><trkpt lat="32.969868" lon="-117.200966"><ele>69.896</ele><time>2021-10-18T03:12:29Z</time></trkpt><trkpt lat="32.969851" lon="-117.200870"><ele>70.213</ele><time>2021-10-18T03:12:31Z</time></trkpt><trkpt lat="32.969855" lon="-117.200801"><ele>70.333</ele><time>2021-10-18T03:12:33Z</time></trkpt><trkpt lat="32.969827" lon="-117.200735"><ele>70.323</ele><time>2021-10-18T03:12:35Z</time></trkpt><trkpt lat="32.969801" lon="-117.200682"><ele>70.515</ele><time>2021-10-18T03:12:37Z</time></trkpt><trkpt lat="32.969774" lon="-117.200613"><ele>70.708</ele><time>2021-10-18T03:12:40Z</time></trkpt><trkpt lat="32.969754" lon="-117.200547"><ele>70.991</ele><time>2021-10-18T03:12:42Z</time></trkpt><trkpt lat="32.969736" lon="-117.200456"><ele>71.189</ele><time>2021-10-18T03:12:44Z</time></trkpt><trkpt lat="32.969702" lon="-117.200362"><ele>71.490</ele><time>2021-10-18T03:12:46Z</time></trkpt><trkpt lat="32.969659" lon="-117.200296"><ele>71.567</ele><time>2021-10-18T03:12:48Z</time></trkpt><trkpt lat="32.969613" lon="-117.200258"><ele>71.615</ele><time>2021-10-18T03:12:50Z</time></trkpt><trkpt lat="32.969565" lon="-117.200228"><ele>71.789</ele><time>2021-10-18T03:12:52Z</time></trkpt><trkpt lat="32.969524" lon="-117.200195"><ele>72.176</ele><time>2021-10-18T03:12:54Z</time></trkpt><trkpt lat="32.969483" lon="-117.200170"><ele>72.643</ele><time>2021-10-18T03:12:56Z</time></trkpt><trkpt lat="32.969419" lon="-117.200142"><ele>72.621</ele><time>2021-10-18T03:12:59Z</time></trkpt><trkpt lat="32.969364" lon="-117.200130"><ele>72.941</ele><time>2021-10-18T03:13:01Z</time></trkpt><trkpt lat="32.969303" lon="-117.200116"><ele>73.105</ele><time>2021-10-18T03:13:03Z</time></trkpt><trkpt lat="32.969151" lon="-117.200127"><ele>73.408</ele><time>2021-10-18T03:13:04Z</time></trkpt><trkpt lat="32.969098" lon="-117.200100"><ele>73.540</ele><time>2021-10-18T03:13:12Z</time></trkpt><trkpt lat="32.969037" lon="-117.200079"><ele>74.148</ele><time>2021-10-18T03:13:14Z</time></trkpt><trkpt lat="32.968958" lon="-117.200089"><ele>74.089</ele><time>2021-10-18T03:13:16Z</time></trkpt><trkpt lat="32.968879" lon="-117.200085"><ele>74.026</ele><time>2021-10-18T03:13:18Z</time></trkpt><trkpt lat="32.968682" lon="-117.200092"><ele>73.464</ele><time>2021-10-18T03:13:20Z</time></trkpt><trkpt lat="32.968744" lon="-117.200078"><ele>73.218</ele><time>2021-10-18T03:13:26Z</time></trkpt><trkpt lat="32.968695" lon="-117.200078"><ele>73.095</ele><time>2021-10-18T03:13:31Z</time></trkpt><trkpt lat="32.968636" lon="-117.200094"><ele>72.912</ele><time>2021-10-18T03:13:32Z</time></trkpt><trkpt lat="32.968589" lon="-117.200109"><ele>72.875</ele><time>2021-10-18T03:13:33Z</time></trkpt><trkpt lat="32.968527" lon="-117.200139"><ele>72.828</ele><time>2021-10-18T03:13:35Z</time></trkpt><trkpt lat="32.968467" lon="-117.200133"><ele>72.420</ele><time>2021-10-18T03:13:36Z</time></trkpt><trkpt lat="32.968397" lon="-117.200175"><ele>72.408</ele><time>2021-10-18T03:13:38Z</time></trkpt><trkpt lat="32.968337" lon="-117.200206"><ele>71.965</ele><time>2021-10-18T03:13:40Z</time></trkpt><trkpt lat="32.968282" lon="-117.200233"><ele>71.883</ele><time>2021-10-18T03:13:43Z</time></trkpt><trkpt lat="32.968238" lon="-117.200249"><ele>71.884</ele><time>2021-10-18T03:13:45Z</time></trkpt><trkpt lat="32.968176" lon="-117.200257"><ele>71.871</ele><time>2021-10-18T03:13:47Z</time></trkpt><trkpt lat="32.968126" lon="-117.200258"><ele>71.869</ele><time>2021-10-18T03:13:50Z</time></trkpt><trkpt lat="32.968069" lon="-117.200260"><ele>71.843</ele><time>2021-10-18T03:13:53Z</time></trkpt><trkpt lat="32.968030" lon="-117.200290"><ele>71.830</ele><time>2021-10-18T03:13:55Z</time></trkpt><trkpt lat="32.967987" lon="-117.200322"><ele>71.867</ele><time>2021-10-18T03:13:58Z</time></trkpt><trkpt lat="32.967932" lon="-117.200352"><ele>71.717</ele><time>2021-10-18T03:14:01Z</time></trkpt><trkpt lat="32.967879" lon="-117.200344"><ele>71.787</ele><time>2021-10-18T03:14:03Z</time></trkpt><trkpt lat="32.967827" lon="-117.200346"><ele>71.515</ele><time>2021-10-18T03:14:08Z</time></trkpt><trkpt lat="32.967877" lon="-117.200384"><ele>71.308</ele><time>2021-10-18T03:14:13Z</time></trkpt><trkpt lat="32.967932" lon="-117.200372"><ele>71.099</ele><time>2021-10-18T03:14:16Z</time></trkpt><trkpt lat="32.967983" lon="-117.200357"><ele>70.987</ele><time>2021-10-18T03:14:18Z</time></trkpt><trkpt lat="32.968051" lon="-117.200317"><ele>70.918</ele><time>2021-10-18T03:14:20Z</time></trkpt><trkpt lat="32.968114" lon="-117.200309"><ele>70.945</ele><time>2021-10-18T03:14:22Z</time></trkpt><trkpt lat="32.968163" lon="-117.200299"><ele>71.193</ele><time>2021-10-18T03:14:24Z</time></trkpt><trkpt lat="32.968172" lon="-117.200243"><ele>71.337</ele><time>2021-10-18T03:14:29Z</time></trkpt><trkpt lat="32.968217" lon="-117.200226"><ele>71.544</ele><time>2021-10-18T03:14:32Z</time></trkpt><trkpt lat="32.968153" lon="-117.200239"><ele>71.611</ele><time>2021-10-18T03:14:36Z</time></trkpt><trkpt lat="32.968119" lon="-117.200171"><ele>71.759</ele><time>2021-10-18T03:14:42Z</time></trkpt><trkpt lat="32.968118" lon="-117.200060"><ele>71.703</ele><time>2021-10-18T03:14:44Z</time></trkpt><trkpt lat="32.968130" lon="-117.199976"><ele>71.723</ele><time>2021-10-18T03:14:46Z</time></trkpt><trkpt lat="32.968121" lon="-117.199888"><ele>71.908</ele><time>2021-10-18T03:14:48Z</time></trkpt><trkpt lat="32.968093" lon="-117.199770"><ele>72.213</ele><time>2021-10-18T03:14:50Z</time></trkpt><trkpt lat="32.968051" lon="-117.199731"><ele>72.421</ele><time>2021-10-18T03:14:53Z</time></trkpt><trkpt lat="32.968045" lon="-117.199644"><ele>72.712</ele><time>2021-10-18T03:14:58Z</time></trkpt><trkpt lat="32.968037" lon="-117.199569"><ele>73.089</ele><time>2021-10-18T03:15:00Z</time></trkpt><trkpt lat="32.968032" lon="-117.199502"><ele>73.147</ele><time>2021-10-18T03:15:02Z</time></trkpt><trkpt lat="32.968034" lon="-117.199448"><ele>73.131</ele><time>2021-10-18T03:15:04Z</time></trkpt><trkpt lat="32.968085" lon="-117.199401"><ele>73.178</ele><time>2021-10-18T03:15:06Z</time></trkpt><trkpt lat="32.968086" lon="-117.199341"><ele>73.225</ele><time>2021-10-18T03:15:11Z</time></trkpt><trkpt lat="32.968096" lon="-117.199286"><ele>73.484</ele><time>2021-10-18T03:15:14Z</time></trkpt><trkpt lat="32.968156" lon="-117.199248"><ele>74.007</ele><time>2021-10-18T03:15:18Z</time></trkpt><trkpt lat="32.968226" lon="-117.199239"><ele>74.117</ele><time>2021-10-18T03:15:20Z</time></trkpt><trkpt lat="32.968306" lon="-117.199202"><ele>74.208</ele><time>2021-10-18T03:15:22Z</time></trkpt><trkpt lat="32.968384" lon="-117.199188"><ele>74.286</ele><time>2021-10-18T03:15:24Z</time></trkpt><trkpt lat="32.968444" lon="-117.199175"><ele>74.344</ele><time>2021-10-18T03:15:26Z</time></trkpt><trkpt lat="32.968500" lon="-117.199147"><ele>74.665</ele><time>2021-10-18T03:15:28Z</time></trkpt><trkpt lat="32.968551" lon="-117.199112"><ele>74.882</ele><time>2021-10-18T03:15:30Z</time></trkpt><trkpt lat="32.968604" lon="-117.199083"><ele>75.410</ele><time>2021-10-18T03:15:32Z</time></trkpt><trkpt lat="32.968671" lon="-117.199073"><ele>75.454</ele><time>2021-10-18T03:15:34Z</time></trkpt><trkpt lat="32.968734" lon="-117.199060"><ele>75.941</ele><time>2021-10-18T03:15:36Z</time></trkpt><trkpt lat="32.968817" lon="-117.199093"><ele>76.598</ele><time>2021-10-18T03:15:38Z</time></trkpt><trkpt lat="32.968878" lon="-117.199088"><ele>76.736</ele><time>2021-10-18T03:15:40Z</time></trkpt><trkpt lat="32.968963" lon="-117.199078"><ele>76.917</ele><time>2021-10-18T03:15:42Z</time></trkpt><trkpt lat="32.969040" lon="-117.199068"><ele>77.318</ele><time>2021-10-18T03:15:44Z</time></trkpt><trkpt lat="32.969111" lon="-117.199068"><ele>77.808</ele><time>2021-10-18T03:15:46Z</time></trkpt><trkpt lat="32.969174" lon="-117.199077"><ele>78.331</ele><time>2021-10-18T03:15:48Z</time></trkpt><trkpt lat="32.969225" lon="-117.199096"><ele>78.649</ele><time>2021-10-18T03:15:51Z</time></trkpt><trkpt lat="32.969272" lon="-117.199102"><ele>78.670</ele><time>2021-10-18T03:15:53Z</time></trkpt><trkpt lat="32.969368" lon="-117.199097"><ele>79.217</ele><time>2021-10-18T03:15:54Z</time></trkpt><trkpt lat="32.969405" lon="-117.199152"><ele>80.025</ele><time>2021-10-18T03:16:01Z</time></trkpt><trkpt lat="32.969454" lon="-117.199168"><ele>80.349</ele><time>2021-10-18T03:16:04Z</time></trkpt><trkpt lat="32.969419" lon="-117.199131"><ele>80.456</ele><time>2021-10-18T03:16:19Z</time></trkpt><trkpt lat="32.969370" lon="-117.199125"><ele>80.593</ele><time>2021-10-18T03:16:24Z</time></trkpt><trkpt lat="32.969322" lon="-117.199115"><ele>80.599</ele><time>2021-10-18T03:16:28Z</time></trkpt><trkpt lat="32.969275" lon="-117.199097"><ele>80.507</ele><time>2021-10-18T03:16:33Z</time></trkpt><trkpt lat="32.969227" lon="-117.199092"><ele>80.427</ele><time>2021-10-18T03:16:37Z</time></trkpt><trkpt lat="32.969172" lon="-117.199079"><ele>80.408</ele><time>2021-10-18T03:16:41Z</time></trkpt><trkpt lat="32.969118" lon="-117.199118"><ele>80.377</ele><time>2021-10-18T03:16:44Z</time></trkpt><trkpt lat="32.969051" lon="-117.199145"><ele>79.945</ele><time>2021-10-18T03:16:47Z</time></trkpt><trkpt lat="32.969001" lon="-117.199146"><ele>79.546</ele><time>2021-10-18T03:16:48Z</time></trkpt><trkpt lat="32.968946" lon="-117.199156"><ele>79.183</ele><time>2021-10-18T03:16:49Z</time></trkpt><trkpt lat="32.968896" lon="-117.199150"><ele>78.861</ele><time>2021-10-18T03:16:50Z</time></trkpt><trkpt lat="32.968847" lon="-117.199147"><ele>78.875</ele><time>2021-10-18T03:16:51Z</time></trkpt><trkpt lat="32.968802" lon="-117.199140"><ele>78.652</ele><time>2021-10-18T03:16:52Z</time></trkpt><trkpt lat="32.968726" lon="-117.199130"><ele>78.449</ele><time>2021-10-18T03:16:54Z</time></trkpt><trkpt lat="32.968674" lon="-117.199136"><ele>78.487</ele><time>2021-10-18T03:16:56Z</time></trkpt><trkpt lat="32.968597" lon="-117.199177"><ele>78.042</ele><time>2021-10-18T03:16:58Z</time></trkpt><trkpt lat="32.968552" lon="-117.199184"><ele>77.626</ele><time>2021-10-18T03:17:00Z</time></trkpt><trkpt lat="32.968497" lon="-117.199200"><ele>77.208</ele><time>2021-10-18T03:17:02Z</time></trkpt><trkpt lat="32.968432" lon="-117.199221"><ele>77.286</ele><time>2021-10-18T03:17:04Z</time></trkpt><trkpt lat="32.968361" lon="-117.199242"><ele>76.654</ele><time>2021-10-18T03:17:06Z</time></trkpt><trkpt lat="32.968291" lon="-117.199270"><ele>75.675</ele><time>2021-10-18T03:17:08Z</time></trkpt><trkpt lat="32.968227" lon="-117.199295"><ele>75.072</ele><time>2021-10-18T03:17:10Z</time></trkpt><trkpt lat="32.968166" lon="-117.199311"><ele>74.720</ele><time>2021-10-18T03:17:12Z</time></trkpt><trkpt lat="32.968113" lon="-117.199378"><ele>74.524</ele><time>2021-10-18T03:17:14Z</time></trkpt><trkpt lat="32.968066" lon="-117.199388"><ele>74.321</ele><time>2021-10-18T03:17:16Z</time></trkpt><trkpt lat="32.968026" lon="-117.199418"><ele>74.268</ele><time>2021-10-18T03:17:19Z</time></trkpt><trkpt lat="32.968030" lon="-117.199484"><ele>74.277</ele><time>2021-10-18T03:17:22Z</time></trkpt><trkpt lat="32.968059" lon="-117.199561"><ele>74.261</ele><time>2021-10-18T03:17:25Z</time></trkpt><trkpt lat="32.968073" lon="-117.199630"><ele>74.227</ele><time>2021-10-18T03:17:27Z</time></trkpt><trkpt lat="32.968069" lon="-117.199691"><ele>74.208</ele><time>2021-10-18T03:17:29Z</time></trkpt><trkpt lat="32.968073" lon="-117.199753"><ele>74.255</ele><time>2021-10-18T03:17:31Z</time></trkpt><trkpt lat="32.968080" lon="-117.199810"><ele>73.743</ele><time>2021-10-18T03:17:40Z</time></trkpt><trkpt lat="32.968102" lon="-117.199880"><ele>73.384</ele><time>2021-10-18T03:17:43Z</time></trkpt><trkpt lat="32.968116" lon="-117.199955"><ele>73.141</ele><time>2021-10-18T03:17:46Z</time></trkpt><trkpt lat="32.968122" lon="-117.200009"><ele>73.029</ele><time>2021-10-18T03:17:48Z</time></trkpt><trkpt lat="32.968133" lon="-117.200072"><ele>72.913</ele><time>2021-10-18T03:17:50Z</time></trkpt><trkpt lat="32.968146" lon="-117.200141"><ele>72.950</ele><time>2021-10-18T03:17:52Z</time></trkpt><trkpt lat="32.968146" lon="-117.200224"><ele>72.727</ele><time>2021-10-18T03:17:54Z</time></trkpt><trkpt lat="32.968193" lon="-117.200245"><ele>72.348</ele><time>2021-10-18T03:17:59Z</time></trkpt><trkpt lat="32.968232" lon="-117.200212"><ele>72.361</ele><time>2021-10-18T03:18:01Z</time></trkpt><trkpt lat="32.968319" lon="-117.200136"><ele>72.217</ele><time>2021-10-18T03:18:02Z</time></trkpt><trkpt lat="32.968352" lon="-117.200182"><ele>72.308</ele><time>2021-10-18T03:18:04Z</time></trkpt><trkpt lat="32.968398" lon="-117.200197"><ele>72.462</ele><time>2021-10-18T03:18:06Z</time></trkpt><trkpt lat="32.968442" lon="-117.200171"><ele>72.420</ele><time>2021-10-18T03:18:08Z</time></trkpt><trkpt lat="32.968489" lon="-117.200141"><ele>72.691</ele><time>2021-10-18T03:18:10Z</time></trkpt><trkpt lat="32.968539" lon="-117.200122"><ele>72.728</ele><time>2021-10-18T03:18:12Z</time></trkpt><trkpt lat="32.968610" lon="-117.200098"><ele>72.866</ele><time>2021-10-18T03:18:14Z</time></trkpt><trkpt lat="32.968678" lon="-117.200042"><ele>72.960</ele><time>2021-10-18T03:18:16Z</time></trkpt><trkpt lat="32.968752" lon="-117.200043"><ele>73.047</ele><time>2021-10-18T03:18:18Z</time></trkpt><trkpt lat="32.968834" lon="-117.200044"><ele>73.294</ele><time>2021-10-18T03:18:20Z</time></trkpt><trkpt lat="32.968899" lon="-117.200048"><ele>73.452</ele><time>2021-10-18T03:18:22Z</time></trkpt><trkpt lat="32.968958" lon="-117.200033"><ele>73.553</ele><time>2021-10-18T03:18:25Z</time></trkpt><trkpt lat="32.969028" lon="-117.200038"><ele>73.708</ele><time>2021-10-18T03:18:28Z</time></trkpt><trkpt lat="32.969092" lon="-117.200055"><ele>73.908</ele><time>2021-10-18T03:18:30Z</time></trkpt><trkpt lat="32.969330" lon="-117.200119"><ele>74.323</ele><time>2021-10-18T03:18:32Z</time></trkpt><trkpt lat="32.969373" lon="-117.200144"><ele>74.591</ele><time>2021-10-18T03:18:39Z</time></trkpt><trkpt lat="32.969431" lon="-117.200176"><ele>74.532</ele><time>2021-10-18T03:18:41Z</time></trkpt><trkpt lat="32.969491" lon="-117.200189"><ele>74.429</ele><time>2021-10-18T03:18:43Z</time></trkpt><trkpt lat="32.969551" lon="-117.200212"><ele>74.347</ele><time>2021-10-18T03:18:45Z</time></trkpt><trkpt lat="32.969625" lon="-117.200256"><ele>73.871</ele><time>2021-10-18T03:18:47Z</time></trkpt><trkpt lat="32.969619" lon="-117.200310"><ele>73.828</ele><time>2021-10-18T03:18:48Z</time></trkpt><trkpt lat="32.969691" lon="-117.200370"><ele>73.585</ele><time>2021-10-18T03:18:50Z</time></trkpt><trkpt lat="32.969733" lon="-117.200406"><ele>73.559</ele><time>2021-10-18T03:18:51Z</time></trkpt><trkpt lat="32.969773" lon="-117.200480"><ele>73.503</ele><time>2021-10-18T03:18:53Z</time></trkpt><trkpt lat="32.969811" lon="-117.200572"><ele>73.223</ele><time>2021-10-18T03:18:55Z</time></trkpt><trkpt lat="32.969821" lon="-117.200655"><ele>73.108</ele><time>2021-10-18T03:18:56Z</time></trkpt><trkpt lat="32.969837" lon="-117.200721"><ele>72.933</ele><time>2021-10-18T03:18:57Z</time></trkpt><trkpt lat="32.969842" lon="-117.200777"><ele>72.721</ele><time>2021-10-18T03:18:58Z</time></trkpt><trkpt lat="32.969852" lon="-117.200880"><ele>72.742</ele><time>2021-10-18T03:19:00Z</time></trkpt><trkpt lat="32.969866" lon="-117.200934"><ele>72.739</ele><time>2021-10-18T03:19:01Z</time></trkpt><trkpt lat="32.969874" lon="-117.200988"><ele>72.337</ele><time>2021-10-18T03:19:02Z</time></trkpt><trkpt lat="32.969885" lon="-117.201044"><ele>72.351</ele><time>2021-10-18T03:19:03Z</time></trkpt><trkpt lat="32.969947" lon="-117.201099"><ele>72.388</ele><time>2021-10-18T03:19:04Z</time></trkpt><trkpt lat="32.969939" lon="-117.201153"><ele>72.395</ele><time>2021-10-18T03:19:05Z</time></trkpt><trkpt lat="32.969942" lon="-117.201209"><ele>72.179</ele><time>2021-10-18T03:19:06Z</time></trkpt><trkpt lat="32.969940" lon="-117.201265"><ele>71.905</ele><time>2021-10-18T03:19:07Z</time></trkpt><trkpt lat="32.969929" lon="-117.201318"><ele>71.625</ele><time>2021-10-18T03:19:08Z</time></trkpt><trkpt lat="32.969910" lon="-117.201368"><ele>71.308</ele><time>2021-10-18T03:19:09Z</time></trkpt><trkpt lat="32.969875" lon="-117.201463"><ele>71.345</ele><time>2021-10-18T03:19:11Z</time></trkpt><trkpt lat="32.969861" lon="-117.201523"><ele>70.893</ele><time>2021-10-18T03:19:12Z</time></trkpt><trkpt lat="32.969861" lon="-117.201577"><ele>70.594</ele><time>2021-10-18T03:19:13Z</time></trkpt><trkpt lat="32.969852" lon="-117.201672"><ele>70.521</ele><time>2021-10-18T03:19:15Z</time></trkpt><trkpt lat="32.969869" lon="-117.201743"><ele>70.599</ele><time>2021-10-18T03:19:17Z</time></trkpt><trkpt lat="32.969881" lon="-117.201797"><ele>70.123</ele><time>2021-10-18T03:19:19Z</time></trkpt><trkpt lat="32.970004" lon="-117.201807"><ele>69.640</ele><time>2021-10-18T03:19:20Z</time></trkpt><trkpt lat="32.970046" lon="-117.201840"><ele>69.647</ele><time>2021-10-18T03:19:25Z</time></trkpt><trkpt lat="32.970113" lon="-117.201830"><ele>69.786</ele><time>2021-10-18T03:19:27Z</time></trkpt><trkpt lat="32.970159" lon="-117.201822"><ele>69.860</ele><time>2021-10-18T03:19:28Z</time></trkpt><trkpt lat="32.970247" lon="-117.201818"><ele>69.826</ele><time>2021-10-18T03:19:30Z</time></trkpt><trkpt lat="32.970294" lon="-117.201806"><ele>69.808</ele><time>2021-10-18T03:19:31Z</time></trkpt><trkpt lat="32.970347" lon="-117.201794"><ele>69.576</ele><time>2021-10-18T03:19:32Z</time></trkpt><trkpt lat="32.970398" lon="-117.201785"><ele>69.554</ele><time>2021-10-18T03:19:33Z</time></trkpt><trkpt lat="32.970449" lon="-117.201785"><ele>69.085</ele><time>2021-10-18T03:19:34Z</time></trkpt><trkpt lat="32.970500" lon="-117.201791"><ele>69.042</ele><time>2021-10-18T03:19:35Z</time></trkpt><trkpt lat="32.970552" lon="-117.201817"><ele>68.690</ele><time>2021-10-18T03:19:36Z</time></trkpt><trkpt lat="32.970614" lon="-117.201831"><ele>68.234</ele><time>2021-10-18T03:19:37Z</time></trkpt><trkpt lat="32.970667" lon="-117.201836"><ele>68.231</ele><time>2021-10-18T03:19:38Z</time></trkpt><trkpt lat="32.970723" lon="-117.201834"><ele>67.828</ele><time>2021-10-18T03:19:39Z</time></trkpt><trkpt lat="32.970778" lon="-117.201823"><ele>67.814</ele><time>2021-10-18T03:19:40Z</time></trkpt><trkpt lat="32.970839" lon="-117.201819"><ele>67.854</ele><time>2021-10-18T03:19:41Z</time></trkpt><trkpt lat="32.970895" lon="-117.201810"><ele>67.809</ele><time>2021-10-18T03:19:42Z</time></trkpt><trkpt lat="32.970948" lon="-117.201807"><ele>67.808</ele><time>2021-10-18T03:19:43Z</time></trkpt><trkpt lat="32.971017" lon="-117.201782"><ele>67.079</ele><time>2021-10-18T03:19:45Z</time></trkpt><trkpt lat="32.971120" lon="-117.201898"><ele>66.127</ele><time>2021-10-18T03:19:46Z</time></trkpt><trkpt lat="32.971185" lon="-117.201908"><ele>65.248</ele><time>2021-10-18T03:19:48Z</time></trkpt><trkpt lat="32.971214" lon="-117.201952"><ele>64.875</ele><time>2021-10-18T03:19:49Z</time></trkpt><trkpt lat="32.971227" lon="-117.202014"><ele>64.483</ele><time>2021-10-18T03:19:50Z</time></trkpt><trkpt lat="32.971218" lon="-117.202092"><ele>64.427</ele><time>2021-10-18T03:19:51Z</time></trkpt><trkpt lat="32.971207" lon="-117.202148"><ele>64.444</ele><time>2021-10-18T03:19:52Z</time></trkpt><trkpt lat="32.971207" lon="-117.202255"><ele>64.421</ele><time>2021-10-18T03:19:54Z</time></trkpt><trkpt lat="32.971218" lon="-117.202311"><ele>65.134</ele><time>2021-10-18T03:19:55Z</time></trkpt><trkpt lat="32.971241" lon="-117.202416"><ele>65.255</ele><time>2021-10-18T03:19:57Z</time></trkpt><trkpt lat="32.971254" lon="-117.202471"><ele>65.110</ele><time>2021-10-18T03:19:58Z</time></trkpt><trkpt lat="32.971268" lon="-117.202523"><ele>65.108</ele><time>2021-10-18T03:19:59Z</time></trkpt><trkpt lat="32.971273" lon="-117.202610"><ele>64.831</ele><time>2021-10-18T03:20:01Z</time></trkpt><trkpt lat="32.971338" lon="-117.202660"><ele>64.879</ele><time>2021-10-18T03:20:02Z</time></trkpt><trkpt lat="32.971335" lon="-117.202718"><ele>64.840</ele><time>2021-10-18T03:20:03Z</time></trkpt><trkpt lat="32.971342" lon="-117.202773"><ele>64.817</ele><time>2021-10-18T03:20:04Z</time></trkpt><trkpt lat="32.971319" lon="-117.202833"><ele>64.855</ele><time>2021-10-18T03:20:05Z</time></trkpt><trkpt lat="32.971292" lon="-117.202879"><ele>64.859</ele><time>2021-10-18T03:20:06Z</time></trkpt><trkpt lat="32.971294" lon="-117.202945"><ele>64.266</ele><time>2021-10-18T03:20:08Z</time></trkpt><trkpt lat="32.971316" lon="-117.203030"><ele>63.643</ele><time>2021-10-18T03:20:10Z</time></trkpt><trkpt lat="32.971281" lon="-117.203122"><ele>62.991</ele><time>2021-10-18T03:20:12Z</time></trkpt><trkpt lat="32.971222" lon="-117.203191"><ele>62.981</ele><time>2021-10-18T03:20:14Z</time></trkpt><trkpt lat="32.971182" lon="-117.203251"><ele>62.919</ele><time>2021-10-18T03:20:16Z</time></trkpt><trkpt lat="32.971182" lon="-117.203341"><ele>62.908</ele><time>2021-10-18T03:20:18Z</time></trkpt><trkpt lat="32.971170" lon="-117.203432"><ele>62.987</ele><time>2021-10-18T03:20:20Z</time></trkpt><trkpt lat="32.971160" lon="-117.203523"><ele>62.975</ele><time>2021-10-18T03:20:22Z</time></trkpt><trkpt lat="32.971150" lon="-117.203620"><ele>62.866</ele><time>2021-10-18T03:20:24Z</time></trkpt><trkpt lat="32.971142" lon="-117.203712"><ele>62.533</ele><time>2021-10-18T03:20:26Z</time></trkpt><trkpt lat="32.971132" lon="-117.203802"><ele>62.061</ele><time>2021-10-18T03:20:28Z</time></trkpt><trkpt lat="32.971121" lon="-117.203854"><ele>61.785</ele><time>2021-10-18T03:20:29Z</time></trkpt><trkpt lat="32.971088" lon="-117.203947"><ele>61.712</ele><time>2021-10-18T03:20:31Z</time></trkpt><trkpt lat="32.970995" lon="-117.203940"><ele>61.799</ele><time>2021-10-18T03:20:33Z</time></trkpt><trkpt lat="32.970953" lon="-117.203858"><ele>61.694</ele><time>2021-10-18T03:20:35Z</time></trkpt><trkpt lat="32.970973" lon="-117.203783"><ele>61.657</ele><time>2021-10-18T03:20:37Z</time></trkpt><trkpt lat="32.971008" lon="-117.203723"><ele>61.722</ele><time>2021-10-18T03:20:39Z</time></trkpt><trkpt lat="32.971052" lon="-117.203667"><ele>62.008</ele><time>2021-10-18T03:20:41Z</time></trkpt><trkpt lat="32.971109" lon="-117.203605"><ele>62.117</ele><time>2021-10-18T03:20:43Z</time></trkpt><trkpt lat="32.971139" lon="-117.203521"><ele>62.365</ele><time>2021-10-18T03:20:45Z</time></trkpt><trkpt lat="32.971145" lon="-117.203434"><ele>62.336</ele><time>2021-10-18T03:20:47Z</time></trkpt><trkpt lat="32.971156" lon="-117.203373"><ele>62.343</ele><time>2021-10-18T03:20:49Z</time></trkpt><trkpt lat="32.971156" lon="-117.203261"><ele>62.411</ele><time>2021-10-18T03:20:50Z</time></trkpt><trkpt lat="32.971173" lon="-117.203183"><ele>62.485</ele><time>2021-10-18T03:20:53Z</time></trkpt><trkpt lat="32.971204" lon="-117.203104"><ele>62.582</ele><time>2021-10-18T03:20:55Z</time></trkpt><trkpt lat="32.971240" lon="-117.203032"><ele>62.759</ele><time>2021-10-18T03:20:57Z</time></trkpt><trkpt lat="32.971271" lon="-117.202990"><ele>62.837</ele><time>2021-10-18T03:20:58Z</time></trkpt><trkpt lat="32.971329" lon="-117.202936"><ele>63.249</ele><time>2021-10-18T03:21:00Z</time></trkpt><trkpt lat="32.971375" lon="-117.202935"><ele>63.213</ele><time>2021-10-18T03:21:02Z</time></trkpt><trkpt lat="32.971440" lon="-117.202951"><ele>63.608</ele><time>2021-10-18T03:21:04Z</time></trkpt><trkpt lat="32.971494" lon="-117.202946"><ele>63.761</ele><time>2021-10-18T03:21:06Z</time></trkpt><trkpt lat="32.971573" lon="-117.202939"><ele>63.719</ele><time>2021-10-18T03:21:08Z</time></trkpt><trkpt lat="32.971660" lon="-117.202957"><ele>63.720</ele><time>2021-10-18T03:21:10Z</time></trkpt><trkpt lat="32.971664" lon="-117.203016"><ele>63.817</ele><time>2021-10-18T03:21:15Z</time></trkpt><trkpt lat="32.971714" lon="-117.203076"><ele>64.455</ele><time>2021-10-18T03:21:21Z</time></trkpt><trkpt lat="32.971698" lon="-117.202999"><ele>65.159</ele><time>2021-10-18T03:21:36Z</time></trkpt><trkpt lat="32.971683" lon="-117.202945"><ele>65.216</ele><time>2021-10-18T03:21:40Z</time></trkpt><trkpt lat="32.971622" lon="-117.202919"><ele>65.273</ele><time>2021-10-18T03:21:43Z</time></trkpt><trkpt lat="32.971499" lon="-117.202899"><ele>65.147</ele><time>2021-10-18T03:21:45Z</time></trkpt><trkpt lat="32.971407" lon="-117.202879"><ele>63.629</ele><time>2021-10-18T03:21:46Z</time></trkpt><trkpt lat="32.971329" lon="-117.202884"><ele>63.621</ele><time>2021-10-18T03:21:47Z</time></trkpt><trkpt lat="32.971284" lon="-117.202845"><ele>63.608</ele><time>2021-10-18T03:21:48Z</time></trkpt><trkpt lat="32.971239" lon="-117.202849"><ele>62.922</ele><time>2021-10-18T03:21:49Z</time></trkpt><trkpt lat="32.971177" lon="-117.202804"><ele>62.840</ele><time>2021-10-18T03:21:51Z</time></trkpt><trkpt lat="32.971165" lon="-117.202736"><ele>62.891</ele><time>2021-10-18T03:21:53Z</time></trkpt><trkpt lat="32.971181" lon="-117.202663"><ele>62.848</ele><time>2021-10-18T03:21:55Z</time></trkpt><trkpt lat="32.971177" lon="-117.202608"><ele>63.876</ele><time>2021-10-18T03:21:56Z</time></trkpt><trkpt lat="32.971180" lon="-117.202553"><ele>64.020</ele><time>2021-10-18T03:21:57Z</time></trkpt><trkpt lat="32.971201" lon="-117.202501"><ele>64.057</ele><time>2021-10-18T03:21:58Z</time></trkpt><trkpt lat="32.971210" lon="-117.202390"><ele>64.054</ele><time>2021-10-18T03:22:00Z</time></trkpt><trkpt lat="32.971207" lon="-117.202331"><ele>64.032</ele><time>2021-10-18T03:22:01Z</time></trkpt><trkpt lat="32.971204" lon="-117.202275"><ele>64.092</ele><time>2021-10-18T03:22:02Z</time></trkpt><trkpt lat="32.971184" lon="-117.202189"><ele>64.011</ele><time>2021-10-18T03:22:04Z</time></trkpt><trkpt lat="32.971171" lon="-117.202097"><ele>64.008</ele><time>2021-10-18T03:22:06Z</time></trkpt><trkpt lat="32.971162" lon="-117.202038"><ele>64.221</ele><time>2021-10-18T03:22:07Z</time></trkpt><trkpt lat="32.971163" lon="-117.201984"><ele>64.569</ele><time>2021-10-18T03:22:08Z</time></trkpt><trkpt lat="32.971102" lon="-117.201869"><ele>64.850</ele><time>2021-10-18T03:22:10Z</time></trkpt><trkpt lat="32.971100" lon="-117.201788"><ele>65.197</ele><time>2021-10-18T03:22:12Z</time></trkpt><trkpt lat="32.971101" lon="-117.201677"><ele>65.645</ele><time>2021-10-18T03:22:14Z</time></trkpt><trkpt lat="32.971110" lon="-117.201598"><ele>65.639</ele><time>2021-10-18T03:22:16Z</time></trkpt><trkpt lat="32.971129" lon="-117.201505"><ele>65.736</ele><time>2021-10-18T03:22:18Z</time></trkpt><trkpt lat="32.971146" lon="-117.201398"><ele>66.033</ele><time>2021-10-18T03:22:20Z</time></trkpt><trkpt lat="32.971190" lon="-117.201313"><ele>66.225</ele><time>2021-10-18T03:22:22Z</time></trkpt><trkpt lat="32.971240" lon="-117.201241"><ele>66.426</ele><time>2021-10-18T03:22:24Z</time></trkpt><trkpt lat="32.971260" lon="-117.201171"><ele>66.808</ele><time>2021-10-18T03:22:26Z</time></trkpt><trkpt lat="32.971337" lon="-117.201171"><ele>67.008</ele><time>2021-10-18T03:22:28Z</time></trkpt><trkpt lat="32.971381" lon="-117.201207"><ele>67.180</ele><time>2021-10-18T03:22:29Z</time></trkpt><trkpt lat="32.971422" lon="-117.201238"><ele>67.128</ele><time>2021-10-18T03:22:30Z</time></trkpt><trkpt lat="32.971464" lon="-117.201267"><ele>67.119</ele><time>2021-10-18T03:22:31Z</time></trkpt><trkpt lat="32.971510" lon="-117.201289"><ele>67.116</ele><time>2021-10-18T03:22:32Z</time></trkpt><trkpt lat="32.971560" lon="-117.201308"><ele>67.094</ele><time>2021-10-18T03:22:33Z</time></trkpt><trkpt lat="32.971610" lon="-117.201324"><ele>66.998</ele><time>2021-10-18T03:22:34Z</time></trkpt><trkpt lat="32.971686" lon="-117.201346"><ele>66.975</ele><time>2021-10-18T03:22:36Z</time></trkpt><trkpt lat="32.971758" lon="-117.201383"><ele>66.892</ele><time>2021-10-18T03:22:38Z</time></trkpt><trkpt lat="32.971836" lon="-117.201438"><ele>66.843</ele><time>2021-10-18T03:22:40Z</time></trkpt><trkpt lat="32.971921" lon="-117.201476"><ele>67.064</ele><time>2021-10-18T03:22:42Z</time></trkpt><trkpt lat="32.972001" lon="-117.201510"><ele>67.410</ele><time>2021-10-18T03:22:44Z</time></trkpt><trkpt lat="32.972081" lon="-117.201517"><ele>67.808</ele><time>2021-10-18T03:22:46Z</time></trkpt><trkpt lat="32.972153" lon="-117.201524"><ele>68.052</ele><time>2021-10-18T03:22:48Z</time></trkpt><trkpt lat="32.972225" lon="-117.201523"><ele>68.120</ele><time>2021-10-18T03:22:50Z</time></trkpt><trkpt lat="32.972266" lon="-117.201585"><ele>68.421</ele><time>2021-10-18T03:22:55Z</time></trkpt><trkpt lat="32.972232" lon="-117.201547"><ele>68.568</ele><time>2021-10-18T03:22:58Z</time></trkpt><trkpt lat="32.972276" lon="-117.201527"><ele>69.846</ele><time>2021-10-18T03:23:08Z</time></trkpt><trkpt lat="32.972229" lon="-117.201521"><ele>69.820</ele><time>2021-10-18T03:23:20Z</time></trkpt><trkpt lat="32.972183" lon="-117.201506"><ele>69.887</ele><time>2021-10-18T03:23:23Z</time></trkpt><trkpt lat="32.972071" lon="-117.201426"><ele>69.674</ele><time>2021-10-18T03:23:26Z</time></trkpt><trkpt lat="32.971975" lon="-117.201402"><ele>69.272</ele><time>2021-10-18T03:23:27Z</time></trkpt><trkpt lat="32.971891" lon="-117.201413"><ele>69.213</ele><time>2021-10-18T03:23:28Z</time></trkpt><trkpt lat="32.971818" lon="-117.201417"><ele>69.114</ele><time>2021-10-18T03:23:29Z</time></trkpt><trkpt lat="32.971738" lon="-117.201399"><ele>69.008</ele><time>2021-10-18T03:23:30Z</time></trkpt><trkpt lat="32.971674" lon="-117.201384"><ele>68.725</ele><time>2021-10-18T03:23:31Z</time></trkpt><trkpt lat="32.971627" lon="-117.201362"><ele>68.473</ele><time>2021-10-18T03:23:32Z</time></trkpt><trkpt lat="32.971532" lon="-117.201358"><ele>68.414</ele><time>2021-10-18T03:23:33Z</time></trkpt><trkpt lat="32.971471" lon="-117.201362"><ele>68.411</ele><time>2021-10-18T03:23:34Z</time></trkpt><trkpt lat="32.971433" lon="-117.201328"><ele>68.499</ele><time>2021-10-18T03:23:35Z</time></trkpt><trkpt lat="32.971396" lon="-117.201294"><ele>68.463</ele><time>2021-10-18T03:23:36Z</time></trkpt><trkpt lat="32.971320" lon="-117.201231"><ele>68.340</ele><time>2021-10-18T03:23:38Z</time></trkpt><trkpt lat="32.971273" lon="-117.201210"><ele>68.377</ele><time>2021-10-18T03:23:39Z</time></trkpt><trkpt lat="32.971217" lon="-117.201227"><ele>67.586</ele><time>2021-10-18T03:23:40Z</time></trkpt><trkpt lat="32.971151" lon="-117.201288"><ele>66.860</ele><time>2021-10-18T03:23:42Z</time></trkpt><trkpt lat="32.971131" lon="-117.201352"><ele>66.126</ele><time>2021-10-18T03:23:43Z</time></trkpt><trkpt lat="32.971132" lon="-117.201430"><ele>66.108</ele><time>2021-10-18T03:23:44Z</time></trkpt><trkpt lat="32.971147" lon="-117.201500"><ele>65.666</ele><time>2021-10-18T03:23:45Z</time></trkpt><trkpt lat="32.971164" lon="-117.201562"><ele>65.684</ele><time>2021-10-18T03:23:46Z</time></trkpt><trkpt lat="32.971160" lon="-117.201622"><ele>65.625</ele><time>2021-10-18T03:23:47Z</time></trkpt><trkpt lat="32.971161" lon="-117.201695"><ele>66.492</ele><time>2021-10-18T03:23:48Z</time></trkpt><trkpt lat="32.971153" lon="-117.201816"><ele>66.480</ele><time>2021-10-18T03:23:49Z</time></trkpt><trkpt lat="32.971135" lon="-117.201898"><ele>66.734</ele><time>2021-10-18T03:23:51Z</time></trkpt><trkpt lat="32.971126" lon="-117.202004"><ele>66.741</ele><time>2021-10-18T03:23:53Z</time></trkpt><trkpt lat="32.971143" lon="-117.202067"><ele>66.418</ele><time>2021-10-18T03:23:54Z</time></trkpt><trkpt lat="32.971183" lon="-117.202136"><ele>66.263</ele><time>2021-10-18T03:23:55Z</time></trkpt><trkpt lat="32.971215" lon="-117.202247"><ele>66.244</ele><time>2021-10-18T03:23:57Z</time></trkpt><trkpt lat="32.971216" lon="-117.202306"><ele>65.618</ele><time>2021-10-18T03:23:58Z</time></trkpt><trkpt lat="32.971230" lon="-117.202366"><ele>64.808</ele><time>2021-10-18T03:23:59Z</time></trkpt><trkpt lat="32.971235" lon="-117.202427"><ele>64.624</ele><time>2021-10-18T03:24:00Z</time></trkpt><trkpt lat="32.971253" lon="-117.202500"><ele>64.642</ele><time>2021-10-18T03:24:01Z</time></trkpt><trkpt lat="32.971249" lon="-117.202609"><ele>64.623</ele><time>2021-10-18T03:24:03Z</time></trkpt><trkpt lat="32.971259" lon="-117.202678"><ele>64.070</ele><time>2021-10-18T03:24:04Z</time></trkpt><trkpt lat="32.971317" lon="-117.202734"><ele>63.968</ele><time>2021-10-18T03:24:05Z</time></trkpt><trkpt lat="32.971279" lon="-117.202828"><ele>63.962</ele><time>2021-10-18T03:24:07Z</time></trkpt><trkpt lat="32.971257" lon="-117.202883"><ele>64.169</ele><time>2021-10-18T03:24:08Z</time></trkpt><trkpt lat="32.971268" lon="-117.202976"><ele>64.566</ele><time>2021-10-18T03:24:10Z</time></trkpt><trkpt lat="32.971330" lon="-117.202999"><ele>64.557</ele><time>2021-10-18T03:24:11Z</time></trkpt><trkpt lat="32.971386" lon="-117.203005"><ele>64.500</ele><time>2021-10-18T03:24:12Z</time></trkpt><trkpt lat="32.971464" lon="-117.202991"><ele>64.420</ele><time>2021-10-18T03:24:14Z</time></trkpt><trkpt lat="32.971551" lon="-117.202992"><ele>64.108</ele><time>2021-10-18T03:24:16Z</time></trkpt><trkpt lat="32.971610" lon="-117.203002"><ele>63.813</ele><time>2021-10-18T03:24:17Z</time></trkpt><trkpt lat="32.971667" lon="-117.203028"><ele>63.861</ele><time>2021-10-18T03:24:18Z</time></trkpt><trkpt lat="32.971719" lon="-117.203089"><ele>63.862</ele><time>2021-10-18T03:24:20Z</time></trkpt><trkpt lat="32.971680" lon="-117.203052"><ele>63.829</ele><time>2021-10-18T03:24:33Z</time></trkpt></trkseg></trk></gpx>