<?xml version="1.0" encoding="UTF-8"?><gpx creator="Wikiloc - https://www.wikiloc.com" version="1.1" xmlns="http://www.topografix.com/GPX/1/1" xmlns:xsi="http://www.w3.org/2001/XMLSchema-instance" xsi:schemaLocation="http://www.topografix.com/GPX/1/1 http://www.topografix.com/GPX/1/1/gpx.xsd"><metadata><name>Wikiloc - Encinitas</name><author><name>eduardpgc</name><link href="https://www.wikiloc.com/wikiloc/user.do?id=1689469"><text>eduardpgc on Wikiloc</text></link></author><link href="https://www.wikiloc.com/cycling-trails/encinitas-65301650"><text>Encinitas on Wikiloc</text></link><time>2021-02-06T22:33:01Z</time></metadata><trk><name>Encinitas - Wikiloc</name><cmt></cmt><desc></desc><trkseg><trkpt lat="33.041824" lon="-117.277207"><ele>84.855</ele><time>2021-02-06T20:10:58Z</time></trkpt><trkpt lat="33.041507" lon="-117.277222"><ele>84.407</ele><time>2021-02-06T20:11:05Z</time></trkpt><trkpt lat="33.041268" lon="-117.277235"><ele>83.817</ele><time>2021-02-06T20:11:09Z</time></trkpt><trkpt lat="33.041133" lon="-117.277234"><ele>83.608</ele><time>2021-02-06T20:11:11Z</time></trkpt><trkpt lat="33.040687" lon="-117.277230"><ele>82.851</ele><time>2021-02-06T20:11:17Z</time></trkpt><trkpt lat="33.040614" lon="-117.277229"><ele>82.630</ele><time>2021-02-06T20:11:18Z</time></trkpt><trkpt lat="33.040324" lon="-117.277234"><ele>81.698</ele><time>2021-02-06T20:11:22Z</time></trkpt><trkpt lat="33.039934" lon="-117.277235"><ele>81.275</ele><time>2021-02-06T20:11:28Z</time></trkpt><trkpt lat="33.039543" lon="-117.277227"><ele>81.016</ele><time>2021-02-06T20:11:35Z</time></trkpt><trkpt lat="33.039004" lon="-117.277214"><ele>81.041</ele><time>2021-02-06T20:11:42Z</time></trkpt><trkpt lat="33.038816" lon="-117.277211"><ele>80.430</ele><time>2021-02-06T20:11:44Z</time></trkpt><trkpt lat="33.038508" lon="-117.277220"><ele>79.615</ele><time>2021-02-06T20:11:47Z</time></trkpt><trkpt lat="33.038398" lon="-117.277224"><ele>78.845</ele><time>2021-02-06T20:11:48Z</time></trkpt><trkpt lat="33.038177" lon="-117.277232"><ele>76.847</ele><time>2021-02-06T20:11:50Z</time></trkpt><trkpt lat="33.037956" lon="-117.277239"><ele>75.011</ele><time>2021-02-06T20:11:52Z</time></trkpt><trkpt lat="33.037741" lon="-117.277247"><ele>73.008</ele><time>2021-02-06T20:11:54Z</time></trkpt><trkpt lat="33.037534" lon="-117.277253"><ele>71.610</ele><time>2021-02-06T20:11:56Z</time></trkpt><trkpt lat="33.037158" lon="-117.277267"><ele>70.489</ele><time>2021-02-06T20:12:00Z</time></trkpt><trkpt lat="33.036902" lon="-117.277276"><ele>70.267</ele><time>2021-02-06T20:12:03Z</time></trkpt><trkpt lat="33.036388" lon="-117.277280"><ele>70.694</ele><time>2021-02-06T20:12:10Z</time></trkpt><trkpt lat="33.036239" lon="-117.277287"><ele>71.295</ele><time>2021-02-06T20:12:14Z</time></trkpt><trkpt lat="33.036250" lon="-117.277294"><ele>71.660</ele><time>2021-02-06T20:12:18Z</time></trkpt><trkpt lat="33.036208" lon="-117.277289"><ele>72.889</ele><time>2021-02-06T20:12:35Z</time></trkpt><trkpt lat="33.036139" lon="-117.277298"><ele>72.614</ele><time>2021-02-06T20:12:37Z</time></trkpt><trkpt lat="33.035871" lon="-117.277295"><ele>72.461</ele><time>2021-02-06T20:12:42Z</time></trkpt><trkpt lat="33.035530" lon="-117.277298"><ele>70.821</ele><time>2021-02-06T20:12:47Z</time></trkpt><trkpt lat="33.035383" lon="-117.277297"><ele>70.013</ele><time>2021-02-06T20:12:49Z</time></trkpt><trkpt lat="33.035308" lon="-117.277297"><ele>69.608</ele><time>2021-02-06T20:12:50Z</time></trkpt><trkpt lat="33.034999" lon="-117.277290"><ele>68.622</ele><time>2021-02-06T20:12:54Z</time></trkpt><trkpt lat="33.034675" lon="-117.277280"><ele>67.611</ele><time>2021-02-06T20:12:58Z</time></trkpt><trkpt lat="33.034592" lon="-117.277277"><ele>67.489</ele><time>2021-02-06T20:12:59Z</time></trkpt><trkpt lat="33.034003" lon="-117.277304"><ele>66.246</ele><time>2021-02-06T20:13:06Z</time></trkpt><trkpt lat="33.033917" lon="-117.277308"><ele>66.247</ele><time>2021-02-06T20:13:07Z</time></trkpt><trkpt lat="33.033422" lon="-117.277319"><ele>65.282</ele><time>2021-02-06T20:13:13Z</time></trkpt><trkpt lat="33.033201" lon="-117.277318"><ele>65.271</ele><time>2021-02-06T20:13:16Z</time></trkpt><trkpt lat="33.032773" lon="-117.277323"><ele>66.646</ele><time>2021-02-06T20:13:23Z</time></trkpt><trkpt lat="33.032606" lon="-117.277318"><ele>67.869</ele><time>2021-02-06T20:13:26Z</time></trkpt><trkpt lat="33.032436" lon="-117.277299"><ele>69.004</ele><time>2021-02-06T20:13:29Z</time></trkpt><trkpt lat="33.032378" lon="-117.277295"><ele>69.224</ele><time>2021-02-06T20:13:30Z</time></trkpt><trkpt lat="33.032199" lon="-117.277290"><ele>70.008</ele><time>2021-02-06T20:13:33Z</time></trkpt><trkpt lat="33.031969" lon="-117.277306"><ele>71.222</ele><time>2021-02-06T20:13:37Z</time></trkpt><trkpt lat="33.031912" lon="-117.277310"><ele>71.251</ele><time>2021-02-06T20:13:38Z</time></trkpt><trkpt lat="33.031621" lon="-117.277311"><ele>72.429</ele><time>2021-02-06T20:13:43Z</time></trkpt><trkpt lat="33.031391" lon="-117.277304"><ele>73.666</ele><time>2021-02-06T20:13:47Z</time></trkpt><trkpt lat="33.031334" lon="-117.277300"><ele>73.617</ele><time>2021-02-06T20:13:48Z</time></trkpt><trkpt lat="33.031029" lon="-117.277294"><ele>74.692</ele><time>2021-02-06T20:13:53Z</time></trkpt><trkpt lat="33.030764" lon="-117.277302"><ele>75.271</ele><time>2021-02-06T20:13:57Z</time></trkpt><trkpt lat="33.030208" lon="-117.277309"><ele>75.476</ele><time>2021-02-06T20:14:05Z</time></trkpt><trkpt lat="33.029851" lon="-117.277309"><ele>75.284</ele><time>2021-02-06T20:14:10Z</time></trkpt><trkpt lat="33.029291" lon="-117.277314"><ele>75.207</ele><time>2021-02-06T20:14:18Z</time></trkpt><trkpt lat="33.029118" lon="-117.277313"><ele>75.417</ele><time>2021-02-06T20:14:21Z</time></trkpt><trkpt lat="33.028654" lon="-117.277302"><ele>75.608</ele><time>2021-02-06T20:14:30Z</time></trkpt><trkpt lat="33.028296" lon="-117.277301"><ele>75.464</ele><time>2021-02-06T20:14:36Z</time></trkpt><trkpt lat="33.027729" lon="-117.277317"><ele>74.493</ele><time>2021-02-06T20:14:45Z</time></trkpt><trkpt lat="33.027603" lon="-117.277320"><ele>74.271</ele><time>2021-02-06T20:14:47Z</time></trkpt><trkpt lat="33.027279" lon="-117.277324"><ele>73.898</ele><time>2021-02-06T20:14:52Z</time></trkpt><trkpt lat="33.026777" lon="-117.277324"><ele>73.699</ele><time>2021-02-06T20:15:00Z</time></trkpt><trkpt lat="33.026197" lon="-117.277330"><ele>73.854</ele><time>2021-02-06T20:15:09Z</time></trkpt><trkpt lat="33.026056" lon="-117.277337"><ele>73.853</ele><time>2021-02-06T20:15:11Z</time></trkpt><trkpt lat="33.025783" lon="-117.277371"><ele>74.058</ele><time>2021-02-06T20:15:16Z</time></trkpt><trkpt lat="33.025760" lon="-117.277387"><ele>74.282</ele><time>2021-02-06T20:15:20Z</time></trkpt><trkpt lat="33.025750" lon="-117.277420"><ele>74.243</ele><time>2021-02-06T20:15:23Z</time></trkpt><trkpt lat="33.025717" lon="-117.277515"><ele>73.817</ele><time>2021-02-06T20:15:26Z</time></trkpt><trkpt lat="33.025614" lon="-117.277742"><ele>73.808</ele><time>2021-02-06T20:15:30Z</time></trkpt><trkpt lat="33.025472" lon="-117.278057"><ele>73.034</ele><time>2021-02-06T20:15:34Z</time></trkpt><trkpt lat="33.025434" lon="-117.278141"><ele>71.623</ele><time>2021-02-06T20:15:35Z</time></trkpt><trkpt lat="33.025348" lon="-117.278315"><ele>70.251</ele><time>2021-02-06T20:15:37Z</time></trkpt><trkpt lat="33.025259" lon="-117.278494"><ele>68.878</ele><time>2021-02-06T20:15:39Z</time></trkpt><trkpt lat="33.025165" lon="-117.278690"><ele>67.699</ele><time>2021-02-06T20:15:41Z</time></trkpt><trkpt lat="33.025118" lon="-117.278785"><ele>66.444</ele><time>2021-02-06T20:15:42Z</time></trkpt><trkpt lat="33.025023" lon="-117.278977"><ele>65.033</ele><time>2021-02-06T20:15:44Z</time></trkpt><trkpt lat="33.024976" lon="-117.279074"><ele>64.078</ele><time>2021-02-06T20:15:45Z</time></trkpt><trkpt lat="33.024869" lon="-117.279280"><ele>62.227</ele><time>2021-02-06T20:15:47Z</time></trkpt><trkpt lat="33.024771" lon="-117.279495"><ele>61.068</ele><time>2021-02-06T20:15:49Z</time></trkpt><trkpt lat="33.024685" lon="-117.279692"><ele>59.614</ele><time>2021-02-06T20:15:51Z</time></trkpt><trkpt lat="33.024597" lon="-117.279881"><ele>58.008</ele><time>2021-02-06T20:15:53Z</time></trkpt><trkpt lat="33.024502" lon="-117.280074"><ele>56.228</ele><time>2021-02-06T20:15:55Z</time></trkpt><trkpt lat="33.024400" lon="-117.280271"><ele>54.447</ele><time>2021-02-06T20:15:57Z</time></trkpt><trkpt lat="33.024357" lon="-117.280365"><ele>53.215</ele><time>2021-02-06T20:15:58Z</time></trkpt><trkpt lat="33.024261" lon="-117.280556"><ele>51.482</ele><time>2021-02-06T20:16:00Z</time></trkpt><trkpt lat="33.024162" lon="-117.280739"><ele>49.443</ele><time>2021-02-06T20:16:02Z</time></trkpt><trkpt lat="33.024109" lon="-117.280834"><ele>47.488</ele><time>2021-02-06T20:16:03Z</time></trkpt><trkpt lat="33.024020" lon="-117.281026"><ele>46.017</ele><time>2021-02-06T20:16:05Z</time></trkpt><trkpt lat="33.023894" lon="-117.281310"><ele>44.412</ele><time>2021-02-06T20:16:08Z</time></trkpt><trkpt lat="33.023850" lon="-117.281405"><ele>43.241</ele><time>2021-02-06T20:16:09Z</time></trkpt><trkpt lat="33.023804" lon="-117.281501"><ele>41.881</ele><time>2021-02-06T20:16:10Z</time></trkpt><trkpt lat="33.023707" lon="-117.281696"><ele>40.009</ele><time>2021-02-06T20:16:12Z</time></trkpt><trkpt lat="33.023658" lon="-117.281791"><ele>38.808</ele><time>2021-02-06T20:16:13Z</time></trkpt><trkpt lat="33.023568" lon="-117.281986"><ele>37.430</ele><time>2021-02-06T20:16:15Z</time></trkpt><trkpt lat="33.023474" lon="-117.282179"><ele>35.619</ele><time>2021-02-06T20:16:17Z</time></trkpt><trkpt lat="33.023368" lon="-117.282369"><ele>34.027</ele><time>2021-02-06T20:16:19Z</time></trkpt><trkpt lat="33.023165" lon="-117.282640"><ele>32.814</ele><time>2021-02-06T20:16:22Z</time></trkpt><trkpt lat="33.022934" lon="-117.282849"><ele>31.215</ele><time>2021-02-06T20:16:25Z</time></trkpt><trkpt lat="33.022859" lon="-117.282916"><ele>30.420</ele><time>2021-02-06T20:16:26Z</time></trkpt><trkpt lat="33.022789" lon="-117.282986"><ele>29.869</ele><time>2021-02-06T20:16:27Z</time></trkpt><trkpt lat="33.022624" lon="-117.283206"><ele>28.284</ele><time>2021-02-06T20:16:30Z</time></trkpt><trkpt lat="33.022545" lon="-117.283367"><ele>27.632</ele><time>2021-02-06T20:16:33Z</time></trkpt><trkpt lat="33.022528" lon="-117.283406"><ele>27.692</ele><time>2021-02-06T20:16:36Z</time></trkpt><trkpt lat="33.022532" lon="-117.283408"><ele>27.611</ele><time>2021-02-06T20:16:37Z</time></trkpt><trkpt lat="33.022510" lon="-117.283429"><ele>28.208</ele><time>2021-02-06T20:17:57Z</time></trkpt><trkpt lat="33.022482" lon="-117.283435"><ele>28.279</ele><time>2021-02-06T20:17:58Z</time></trkpt><trkpt lat="33.022356" lon="-117.283398"><ele>28.218</ele><time>2021-02-06T20:18:01Z</time></trkpt><trkpt lat="33.022304" lon="-117.283369"><ele>28.216</ele><time>2021-02-06T20:18:02Z</time></trkpt><trkpt lat="33.022067" lon="-117.283221"><ele>27.873</ele><time>2021-02-06T20:18:06Z</time></trkpt><trkpt lat="33.022000" lon="-117.283177"><ele>27.664</ele><time>2021-02-06T20:18:07Z</time></trkpt><trkpt lat="33.021786" lon="-117.283033"><ele>26.649</ele><time>2021-02-06T20:18:10Z</time></trkpt><trkpt lat="33.021632" lon="-117.282934"><ele>26.298</ele><time>2021-02-06T20:18:12Z</time></trkpt><trkpt lat="33.021472" lon="-117.282826"><ele>25.273</ele><time>2021-02-06T20:18:14Z</time></trkpt><trkpt lat="33.021232" lon="-117.282665"><ele>24.083</ele><time>2021-02-06T20:18:17Z</time></trkpt><trkpt lat="33.021083" lon="-117.282572"><ele>23.225</ele><time>2021-02-06T20:18:19Z</time></trkpt><trkpt lat="33.021009" lon="-117.282534"><ele>22.817</ele><time>2021-02-06T20:18:20Z</time></trkpt><trkpt lat="33.020864" lon="-117.282463"><ele>21.608</ele><time>2021-02-06T20:18:22Z</time></trkpt><trkpt lat="33.020647" lon="-117.282345"><ele>21.234</ele><time>2021-02-06T20:18:25Z</time></trkpt><trkpt lat="33.020137" lon="-117.282070"><ele>20.873</ele><time>2021-02-06T20:18:32Z</time></trkpt><trkpt lat="33.019776" lon="-117.281886"><ele>20.631</ele><time>2021-02-06T20:18:37Z</time></trkpt><trkpt lat="33.019660" lon="-117.281824"><ele>20.628</ele><time>2021-02-06T20:18:39Z</time></trkpt><trkpt lat="33.019559" lon="-117.281770"><ele>20.699</ele><time>2021-02-06T20:18:43Z</time></trkpt><trkpt lat="33.019504" lon="-117.281775"><ele>21.484</ele><time>2021-02-06T20:18:48Z</time></trkpt><trkpt lat="33.019465" lon="-117.281819"><ele>21.883</ele><time>2021-02-06T20:18:50Z</time></trkpt><trkpt lat="33.019396" lon="-117.281890"><ele>21.878</ele><time>2021-02-06T20:18:52Z</time></trkpt><trkpt lat="33.019251" lon="-117.282061"><ele>21.885</ele><time>2021-02-06T20:18:56Z</time></trkpt><trkpt lat="33.019209" lon="-117.282142"><ele>21.489</ele><time>2021-02-06T20:18:58Z</time></trkpt><trkpt lat="33.019156" lon="-117.282236"><ele>20.817</ele><time>2021-02-06T20:19:00Z</time></trkpt><trkpt lat="33.019120" lon="-117.282287"><ele>20.608</ele><time>2021-02-06T20:19:01Z</time></trkpt><trkpt lat="33.019076" lon="-117.282334"><ele>20.264</ele><time>2021-02-06T20:19:02Z</time></trkpt><trkpt lat="33.018913" lon="-117.282372"><ele>19.873</ele><time>2021-02-06T20:19:05Z</time></trkpt><trkpt lat="33.018857" lon="-117.282351"><ele>19.851</ele><time>2021-02-06T20:19:06Z</time></trkpt><trkpt lat="33.018800" lon="-117.282322"><ele>19.648</ele><time>2021-02-06T20:19:07Z</time></trkpt><trkpt lat="33.018680" lon="-117.282255"><ele>19.059</ele><time>2021-02-06T20:19:09Z</time></trkpt><trkpt lat="33.018618" lon="-117.282221"><ele>18.614</ele><time>2021-02-06T20:19:10Z</time></trkpt><trkpt lat="33.018207" lon="-117.281990"><ele>17.293</ele><time>2021-02-06T20:19:16Z</time></trkpt><trkpt lat="33.017892" lon="-117.281845"><ele>16.028</ele><time>2021-02-06T20:19:20Z</time></trkpt><trkpt lat="33.017643" lon="-117.281739"><ele>15.225</ele><time>2021-02-06T20:19:23Z</time></trkpt><trkpt lat="33.017558" lon="-117.281702"><ele>14.826</ele><time>2021-02-06T20:19:24Z</time></trkpt><trkpt lat="33.017296" lon="-117.281586"><ele>13.808</ele><time>2021-02-06T20:19:27Z</time></trkpt><trkpt lat="33.017030" lon="-117.281467"><ele>12.608</ele><time>2021-02-06T20:19:30Z</time></trkpt><trkpt lat="33.016759" lon="-117.281347"><ele>11.478</ele><time>2021-02-06T20:19:33Z</time></trkpt><trkpt lat="33.016485" lon="-117.281231"><ele>10.457</ele><time>2021-02-06T20:19:36Z</time></trkpt><trkpt lat="33.015937" lon="-117.281001"><ele>9.835</ele><time>2021-02-06T20:19:42Z</time></trkpt><trkpt lat="33.015847" lon="-117.280964"><ele>9.642</ele><time>2021-02-06T20:19:43Z</time></trkpt><trkpt lat="33.015664" lon="-117.280884"><ele>9.213</ele><time>2021-02-06T20:19:45Z</time></trkpt><trkpt lat="33.015109" lon="-117.280645"><ele>8.868</ele><time>2021-02-06T20:19:51Z</time></trkpt><trkpt lat="33.014923" lon="-117.280565"><ele>8.867</ele><time>2021-02-06T20:19:53Z</time></trkpt><trkpt lat="33.014373" lon="-117.280333"><ele>8.452</ele><time>2021-02-06T20:19:59Z</time></trkpt><trkpt lat="33.014194" lon="-117.280256"><ele>8.226</ele><time>2021-02-06T20:20:01Z</time></trkpt><trkpt lat="33.014105" lon="-117.280218"><ele>8.047</ele><time>2021-02-06T20:20:02Z</time></trkpt><trkpt lat="33.013571" lon="-117.279993"><ele>7.811</ele><time>2021-02-06T20:20:08Z</time></trkpt><trkpt lat="33.013297" lon="-117.279897"><ele>7.808</ele><time>2021-02-06T20:20:11Z</time></trkpt><trkpt lat="33.012743" lon="-117.279720"><ele>8.088</ele><time>2021-02-06T20:20:17Z</time></trkpt><trkpt lat="33.012287" lon="-117.279597"><ele>8.097</ele><time>2021-02-06T20:20:22Z</time></trkpt><trkpt lat="33.011753" lon="-117.279479"><ele>8.075</ele><time>2021-02-06T20:20:28Z</time></trkpt><trkpt lat="33.011411" lon="-117.279399"><ele>8.212</ele><time>2021-02-06T20:20:32Z</time></trkpt><trkpt lat="33.010822" lon="-117.279254"><ele>8.633</ele><time>2021-02-06T20:20:39Z</time></trkpt><trkpt lat="33.010224" lon="-117.279106"><ele>9.098</ele><time>2021-02-06T20:20:46Z</time></trkpt><trkpt lat="33.009621" lon="-117.278968"><ele>9.067</ele><time>2021-02-06T20:20:53Z</time></trkpt><trkpt lat="33.009109" lon="-117.278848"><ele>9.242</ele><time>2021-02-06T20:20:59Z</time></trkpt><trkpt lat="33.008524" lon="-117.278721"><ele>9.468</ele><time>2021-02-06T20:21:06Z</time></trkpt><trkpt lat="33.008357" lon="-117.278685"><ele>9.442</ele><time>2021-02-06T20:21:08Z</time></trkpt><trkpt lat="33.007855" lon="-117.278576"><ele>9.626</ele><time>2021-02-06T20:21:14Z</time></trkpt><trkpt lat="33.007260" lon="-117.278463"><ele>10.008</ele><time>2021-02-06T20:21:21Z</time></trkpt><trkpt lat="33.006921" lon="-117.278418"><ele>10.212</ele><time>2021-02-06T20:21:25Z</time></trkpt><trkpt lat="33.006326" lon="-117.278351"><ele>10.071</ele><time>2021-02-06T20:21:32Z</time></trkpt><trkpt lat="33.006070" lon="-117.278324"><ele>9.889</ele><time>2021-02-06T20:21:35Z</time></trkpt><trkpt lat="33.005478" lon="-117.278272"><ele>9.276</ele><time>2021-02-06T20:21:42Z</time></trkpt><trkpt lat="33.004971" lon="-117.278203"><ele>9.227</ele><time>2021-02-06T20:21:48Z</time></trkpt><trkpt lat="33.004387" lon="-117.278119"><ele>9.452</ele><time>2021-02-06T20:21:55Z</time></trkpt><trkpt lat="33.004137" lon="-117.278058"><ele>9.431</ele><time>2021-02-06T20:21:58Z</time></trkpt><trkpt lat="33.003573" lon="-117.277872"><ele>9.436</ele><time>2021-02-06T20:22:05Z</time></trkpt><trkpt lat="33.003337" lon="-117.277782"><ele>9.654</ele><time>2021-02-06T20:22:08Z</time></trkpt><trkpt lat="33.002801" lon="-117.277515"><ele>9.856</ele><time>2021-02-06T20:22:15Z</time></trkpt><trkpt lat="33.002285" lon="-117.277215"><ele>10.011</ele><time>2021-02-06T20:22:22Z</time></trkpt><trkpt lat="33.002076" lon="-117.277084"><ele>10.008</ele><time>2021-02-06T20:22:25Z</time></trkpt><trkpt lat="33.001941" lon="-117.276997"><ele>10.441</ele><time>2021-02-06T20:22:27Z</time></trkpt><trkpt lat="33.001578" lon="-117.276742"><ele>11.840</ele><time>2021-02-06T20:22:33Z</time></trkpt><trkpt lat="33.001420" lon="-117.276620"><ele>13.058</ele><time>2021-02-06T20:22:36Z</time></trkpt><trkpt lat="33.001221" lon="-117.276455"><ele>14.255</ele><time>2021-02-06T20:22:40Z</time></trkpt><trkpt lat="33.001077" lon="-117.276323"><ele>15.616</ele><time>2021-02-06T20:22:43Z</time></trkpt><trkpt lat="33.000886" lon="-117.276130"><ele>16.851</ele><time>2021-02-06T20:22:47Z</time></trkpt><trkpt lat="33.000789" lon="-117.276031"><ele>17.220</ele><time>2021-02-06T20:22:49Z</time></trkpt><trkpt lat="33.000639" lon="-117.275866"><ele>18.095</ele><time>2021-02-06T20:22:52Z</time></trkpt><trkpt lat="33.000390" lon="-117.275595"><ele>19.047</ele><time>2021-02-06T20:22:57Z</time></trkpt><trkpt lat="33.000242" lon="-117.275448"><ele>19.429</ele><time>2021-02-06T20:23:00Z</time></trkpt><trkpt lat="32.999983" lon="-117.275231"><ele>20.021</ele><time>2021-02-06T20:23:05Z</time></trkpt><trkpt lat="32.999831" lon="-117.275098"><ele>20.608</ele><time>2021-02-06T20:23:08Z</time></trkpt><trkpt lat="32.999672" lon="-117.274980"><ele>21.010</ele><time>2021-02-06T20:23:11Z</time></trkpt><trkpt lat="32.999615" lon="-117.274944"><ele>21.229</ele><time>2021-02-06T20:23:12Z</time></trkpt><trkpt lat="32.999504" lon="-117.274861"><ele>21.447</ele><time>2021-02-06T20:23:14Z</time></trkpt><trkpt lat="32.999216" lon="-117.274641"><ele>22.294</ele><time>2021-02-06T20:23:19Z</time></trkpt><trkpt lat="32.999089" lon="-117.274573"><ele>22.455</ele><time>2021-02-06T20:23:21Z</time></trkpt><trkpt lat="32.998588" lon="-117.274326"><ele>22.870</ele><time>2021-02-06T20:23:29Z</time></trkpt><trkpt lat="32.998408" lon="-117.274246"><ele>23.089</ele><time>2021-02-06T20:23:33Z</time></trkpt><trkpt lat="32.998341" lon="-117.274224"><ele>23.254</ele><time>2021-02-06T20:23:37Z</time></trkpt><trkpt lat="32.998281" lon="-117.274204"><ele>23.418</ele><time>2021-02-06T20:23:39Z</time></trkpt><trkpt lat="32.998199" lon="-117.274166"><ele>23.498</ele><time>2021-02-06T20:23:41Z</time></trkpt><trkpt lat="32.997906" lon="-117.273990"><ele>23.817</ele><time>2021-02-06T20:23:47Z</time></trkpt><trkpt lat="32.997483" lon="-117.273766"><ele>24.008</ele><time>2021-02-06T20:23:54Z</time></trkpt><trkpt lat="32.997053" lon="-117.273555"><ele>24.087</ele><time>2021-02-06T20:24:01Z</time></trkpt><trkpt lat="32.996538" lon="-117.273278"><ele>23.896</ele><time>2021-02-06T20:24:08Z</time></trkpt><trkpt lat="32.995998" lon="-117.273002"><ele>23.844</ele><time>2021-02-06T20:24:15Z</time></trkpt><trkpt lat="32.995843" lon="-117.272928"><ele>23.881</ele><time>2021-02-06T20:24:17Z</time></trkpt><trkpt lat="32.995383" lon="-117.272701"><ele>24.672</ele><time>2021-02-06T20:24:23Z</time></trkpt><trkpt lat="32.995223" lon="-117.272637"><ele>24.617</ele><time>2021-02-06T20:24:25Z</time></trkpt><trkpt lat="32.994674" lon="-117.272416"><ele>24.876</ele><time>2021-02-06T20:24:32Z</time></trkpt><trkpt lat="32.994597" lon="-117.272390"><ele>25.041</ele><time>2021-02-06T20:24:33Z</time></trkpt><trkpt lat="32.994105" lon="-117.272287"><ele>25.233</ele><time>2021-02-06T20:24:39Z</time></trkpt><trkpt lat="32.993607" lon="-117.272179"><ele>25.623</ele><time>2021-02-06T20:24:45Z</time></trkpt><trkpt lat="32.993438" lon="-117.272140"><ele>25.615</ele><time>2021-02-06T20:24:47Z</time></trkpt><trkpt lat="32.992859" lon="-117.271998"><ele>25.808</ele><time>2021-02-06T20:24:54Z</time></trkpt><trkpt lat="32.992636" lon="-117.271946"><ele>26.059</ele><time>2021-02-06T20:24:57Z</time></trkpt><trkpt lat="32.992100" lon="-117.271827"><ele>26.448</ele><time>2021-02-06T20:25:05Z</time></trkpt><trkpt lat="32.991999" lon="-117.271804"><ele>26.646</ele><time>2021-02-06T20:25:08Z</time></trkpt><trkpt lat="32.991994" lon="-117.271803"><ele>26.893</ele><time>2021-02-06T20:25:10Z</time></trkpt><trkpt lat="32.991960" lon="-117.271798"><ele>28.044</ele><time>2021-02-06T20:26:22Z</time></trkpt><trkpt lat="32.991932" lon="-117.271794"><ele>28.049</ele><time>2021-02-06T20:26:23Z</time></trkpt><trkpt lat="32.991759" lon="-117.271754"><ele>27.828</ele><time>2021-02-06T20:26:27Z</time></trkpt><trkpt lat="32.991393" lon="-117.271663"><ele>27.283</ele><time>2021-02-06T20:26:33Z</time></trkpt><trkpt lat="32.990848" lon="-117.271513"><ele>27.035</ele><time>2021-02-06T20:26:41Z</time></trkpt><trkpt lat="32.990775" lon="-117.271493"><ele>27.086</ele><time>2021-02-06T20:26:42Z</time></trkpt><trkpt lat="32.990175" lon="-117.271348"><ele>27.614</ele><time>2021-02-06T20:26:50Z</time></trkpt><trkpt lat="32.990020" lon="-117.271312"><ele>27.608</ele><time>2021-02-06T20:26:52Z</time></trkpt><trkpt lat="32.989444" lon="-117.271168"><ele>27.629</ele><time>2021-02-06T20:27:00Z</time></trkpt><trkpt lat="32.988844" lon="-117.271031"><ele>27.218</ele><time>2021-02-06T20:27:08Z</time></trkpt><trkpt lat="32.988762" lon="-117.271015"><ele>27.216</ele><time>2021-02-06T20:27:09Z</time></trkpt><trkpt lat="32.988677" lon="-117.270999"><ele>27.233</ele><time>2021-02-06T20:27:10Z</time></trkpt><trkpt lat="32.988051" lon="-117.270886"><ele>26.624</ele><time>2021-02-06T20:27:17Z</time></trkpt><trkpt lat="32.987469" lon="-117.270755"><ele>26.469</ele><time>2021-02-06T20:27:23Z</time></trkpt><trkpt lat="32.987268" lon="-117.270717"><ele>26.258</ele><time>2021-02-06T20:27:25Z</time></trkpt><trkpt lat="32.987069" lon="-117.270683"><ele>26.033</ele><time>2021-02-06T20:27:27Z</time></trkpt><trkpt lat="32.986610" lon="-117.270589"><ele>25.478</ele><time>2021-02-06T20:27:32Z</time></trkpt><trkpt lat="32.986005" lon="-117.270452"><ele>25.433</ele><time>2021-02-06T20:27:39Z</time></trkpt><trkpt lat="32.985658" lon="-117.270370"><ele>25.626</ele><time>2021-02-06T20:27:43Z</time></trkpt><trkpt lat="32.985042" lon="-117.270236"><ele>26.008</ele><time>2021-02-06T20:27:50Z</time></trkpt><trkpt lat="32.984684" lon="-117.270150"><ele>26.283</ele><time>2021-02-06T20:27:54Z</time></trkpt><trkpt lat="32.984143" lon="-117.270020"><ele>26.082</ele><time>2021-02-06T20:28:00Z</time></trkpt><trkpt lat="32.983690" lon="-117.269910"><ele>26.050</ele><time>2021-02-06T20:28:05Z</time></trkpt><trkpt lat="32.983149" lon="-117.269781"><ele>25.697</ele><time>2021-02-06T20:28:11Z</time></trkpt><trkpt lat="32.982787" lon="-117.269686"><ele>25.668</ele><time>2021-02-06T20:28:15Z</time></trkpt><trkpt lat="32.982251" lon="-117.269530"><ele>25.453</ele><time>2021-02-06T20:28:21Z</time></trkpt><trkpt lat="32.981889" lon="-117.269451"><ele>25.452</ele><time>2021-02-06T20:28:25Z</time></trkpt><trkpt lat="32.981297" lon="-117.269301"><ele>25.487</ele><time>2021-02-06T20:28:32Z</time></trkpt><trkpt lat="32.980790" lon="-117.269164"><ele>25.848</ele><time>2021-02-06T20:28:39Z</time></trkpt><trkpt lat="32.980741" lon="-117.269150"><ele>26.061</ele><time>2021-02-06T20:28:40Z</time></trkpt><trkpt lat="32.980689" lon="-117.269133"><ele>26.417</ele><time>2021-02-06T20:28:42Z</time></trkpt><trkpt lat="32.980686" lon="-117.269129"><ele>26.608</ele><time>2021-02-06T20:28:45Z</time></trkpt><trkpt lat="32.980663" lon="-117.269121"><ele>27.470</ele><time>2021-02-06T20:29:41Z</time></trkpt><trkpt lat="32.980515" lon="-117.269114"><ele>27.499</ele><time>2021-02-06T20:29:45Z</time></trkpt><trkpt lat="32.980352" lon="-117.269095"><ele>27.467</ele><time>2021-02-06T20:29:48Z</time></trkpt><trkpt lat="32.980297" lon="-117.269068"><ele>27.464</ele><time>2021-02-06T20:29:49Z</time></trkpt><trkpt lat="32.980190" lon="-117.268889"><ele>27.245</ele><time>2021-02-06T20:29:52Z</time></trkpt><trkpt lat="32.980181" lon="-117.268660"><ele>27.060</ele><time>2021-02-06T20:29:55Z</time></trkpt><trkpt lat="32.980183" lon="-117.268584"><ele>27.019</ele><time>2021-02-06T20:29:56Z</time></trkpt><trkpt lat="32.980208" lon="-117.267883"><ele>27.044</ele><time>2021-02-06T20:30:05Z</time></trkpt><trkpt lat="32.980212" lon="-117.267806"><ele>27.036</ele><time>2021-02-06T20:30:06Z</time></trkpt><trkpt lat="32.980238" lon="-117.267107"><ele>28.017</ele><time>2021-02-06T20:30:15Z</time></trkpt><trkpt lat="32.980252" lon="-117.266718"><ele>28.418</ele><time>2021-02-06T20:30:20Z</time></trkpt><trkpt lat="32.980263" lon="-117.266390"><ele>29.808</ele><time>2021-02-06T20:30:24Z</time></trkpt><trkpt lat="32.980267" lon="-117.266300"><ele>30.019</ele><time>2021-02-06T20:30:25Z</time></trkpt><trkpt lat="32.980280" lon="-117.265638"><ele>30.858</ele><time>2021-02-06T20:30:32Z</time></trkpt><trkpt lat="32.980282" lon="-117.265536"><ele>30.896</ele><time>2021-02-06T20:30:33Z</time></trkpt><trkpt lat="32.980307" lon="-117.264860"><ele>30.663</ele><time>2021-02-06T20:30:39Z</time></trkpt><trkpt lat="32.980315" lon="-117.264739"><ele>30.294</ele><time>2021-02-06T20:30:40Z</time></trkpt><trkpt lat="32.980346" lon="-117.264361"><ele>29.049</ele><time>2021-02-06T20:30:43Z</time></trkpt><trkpt lat="32.980370" lon="-117.264103"><ele>27.838</ele><time>2021-02-06T20:30:45Z</time></trkpt><trkpt lat="32.980391" lon="-117.263835"><ele>27.013</ele><time>2021-02-06T20:30:47Z</time></trkpt><trkpt lat="32.980398" lon="-117.263700"><ele>26.295</ele><time>2021-02-06T20:30:48Z</time></trkpt><trkpt lat="32.980407" lon="-117.263423"><ele>24.649</ele><time>2021-02-06T20:30:50Z</time></trkpt><trkpt lat="32.980408" lon="-117.262998"><ele>23.223</ele><time>2021-02-06T20:30:53Z</time></trkpt><trkpt lat="32.980407" lon="-117.262856"><ele>22.608</ele><time>2021-02-06T20:30:54Z</time></trkpt><trkpt lat="32.980406" lon="-117.262714"><ele>21.665</ele><time>2021-02-06T20:30:55Z</time></trkpt><trkpt lat="32.980404" lon="-117.262427"><ele>19.674</ele><time>2021-02-06T20:30:57Z</time></trkpt><trkpt lat="32.980406" lon="-117.261996"><ele>18.242</ele><time>2021-02-06T20:31:00Z</time></trkpt><trkpt lat="32.980403" lon="-117.261714"><ele>16.639</ele><time>2021-02-06T20:31:02Z</time></trkpt><trkpt lat="32.980399" lon="-117.261435"><ele>16.060</ele><time>2021-02-06T20:31:04Z</time></trkpt><trkpt lat="32.980391" lon="-117.261299"><ele>15.685</ele><time>2021-02-06T20:31:05Z</time></trkpt><trkpt lat="32.980329" lon="-117.260905"><ele>14.664</ele><time>2021-02-06T20:31:08Z</time></trkpt><trkpt lat="32.980300" lon="-117.260777"><ele>13.839</ele><time>2021-02-06T20:31:09Z</time></trkpt><trkpt lat="32.980167" lon="-117.260274"><ele>12.837</ele><time>2021-02-06T20:31:13Z</time></trkpt><trkpt lat="32.980100" lon="-117.260026"><ele>12.649</ele><time>2021-02-06T20:31:15Z</time></trkpt><trkpt lat="32.979884" lon="-117.259313"><ele>12.013</ele><time>2021-02-06T20:31:21Z</time></trkpt><trkpt lat="32.979849" lon="-117.259194"><ele>11.808</ele><time>2021-02-06T20:31:22Z</time></trkpt><trkpt lat="32.979722" lon="-117.258737"><ele>10.629</ele><time>2021-02-06T20:31:26Z</time></trkpt><trkpt lat="32.979659" lon="-117.258513"><ele>10.478</ele><time>2021-02-06T20:31:28Z</time></trkpt><trkpt lat="32.979485" lon="-117.257882"><ele>10.226</ele><time>2021-02-06T20:31:34Z</time></trkpt><trkpt lat="32.979459" lon="-117.257785"><ele>10.273</ele><time>2021-02-06T20:31:35Z</time></trkpt><trkpt lat="32.979352" lon="-117.257279"><ele>10.474</ele><time>2021-02-06T20:31:41Z</time></trkpt><trkpt lat="32.979334" lon="-117.257103"><ele>11.479</ele><time>2021-02-06T20:31:45Z</time></trkpt><trkpt lat="32.979333" lon="-117.257084"><ele>11.688</ele><time>2021-02-06T20:31:47Z</time></trkpt><trkpt lat="32.979334" lon="-117.257085"><ele>12.053</ele><time>2021-02-06T20:31:48Z</time></trkpt><trkpt lat="32.979328" lon="-117.257037"><ele>13.285</ele><time>2021-02-06T20:32:22Z</time></trkpt><trkpt lat="32.979308" lon="-117.256868"><ele>13.489</ele><time>2021-02-06T20:32:27Z</time></trkpt><trkpt lat="32.979302" lon="-117.256576"><ele>13.217</ele><time>2021-02-06T20:32:32Z</time></trkpt><trkpt lat="32.979339" lon="-117.256062"><ele>13.008</ele><time>2021-02-06T20:32:39Z</time></trkpt><trkpt lat="32.979362" lon="-117.255833"><ele>13.084</ele><time>2021-02-06T20:32:42Z</time></trkpt><trkpt lat="32.979407" lon="-117.255623"><ele>13.223</ele><time>2021-02-06T20:32:45Z</time></trkpt><trkpt lat="32.979495" lon="-117.255161"><ele>14.661</ele><time>2021-02-06T20:32:52Z</time></trkpt><trkpt lat="32.979508" lon="-117.255100"><ele>15.258</ele><time>2021-02-06T20:32:53Z</time></trkpt><trkpt lat="32.979520" lon="-117.255040"><ele>15.619</ele><time>2021-02-06T20:32:54Z</time></trkpt><trkpt lat="32.979587" lon="-117.254735"><ele>16.864</ele><time>2021-02-06T20:32:59Z</time></trkpt><trkpt lat="32.979600" lon="-117.254672"><ele>17.233</ele><time>2021-02-06T20:33:00Z</time></trkpt><trkpt lat="32.979638" lon="-117.254483"><ele>18.098</ele><time>2021-02-06T20:33:03Z</time></trkpt><trkpt lat="32.979697" lon="-117.254207"><ele>18.848</ele><time>2021-02-06T20:33:07Z</time></trkpt><trkpt lat="32.979712" lon="-117.254134"><ele>19.061</ele><time>2021-02-06T20:33:08Z</time></trkpt><trkpt lat="32.979811" lon="-117.253667"><ele>19.617</ele><time>2021-02-06T20:33:14Z</time></trkpt><trkpt lat="32.979926" lon="-117.253093"><ele>19.608</ele><time>2021-02-06T20:33:21Z</time></trkpt><trkpt lat="32.980023" lon="-117.252593"><ele>19.040</ele><time>2021-02-06T20:33:27Z</time></trkpt><trkpt lat="32.980152" lon="-117.251945"><ele>18.429</ele><time>2021-02-06T20:33:34Z</time></trkpt><trkpt lat="32.980203" lon="-117.251692"><ele>18.217</ele><time>2021-02-06T20:33:37Z</time></trkpt><trkpt lat="32.980220" lon="-117.251616"><ele>18.244</ele><time>2021-02-06T20:33:39Z</time></trkpt><trkpt lat="32.980222" lon="-117.251615"><ele>18.255</ele><time>2021-02-06T20:33:41Z</time></trkpt><trkpt lat="32.980213" lon="-117.251597"><ele>19.280</ele><time>2021-02-06T20:34:07Z</time></trkpt><trkpt lat="32.980215" lon="-117.251571"><ele>19.249</ele><time>2021-02-06T20:34:08Z</time></trkpt><trkpt lat="32.980248" lon="-117.251397"><ele>19.294</ele><time>2021-02-06T20:34:12Z</time></trkpt><trkpt lat="32.980320" lon="-117.251012"><ele>19.023</ele><time>2021-02-06T20:34:18Z</time></trkpt><trkpt lat="32.980389" lon="-117.250475"><ele>18.683</ele><time>2021-02-06T20:34:25Z</time></trkpt><trkpt lat="32.980444" lon="-117.250175"><ele>18.611</ele><time>2021-02-06T20:34:30Z</time></trkpt><trkpt lat="32.980452" lon="-117.250108"><ele>18.608</ele><time>2021-02-06T20:34:33Z</time></trkpt><trkpt lat="32.980458" lon="-117.250101"><ele>18.638</ele><time>2021-02-06T20:34:35Z</time></trkpt><trkpt lat="32.980474" lon="-117.250018"><ele>18.657</ele><time>2021-02-06T20:34:58Z</time></trkpt><trkpt lat="32.980479" lon="-117.249983"><ele>18.625</ele><time>2021-02-06T20:34:59Z</time></trkpt><trkpt lat="32.980527" lon="-117.249740"><ele>18.642</ele><time>2021-02-06T20:35:04Z</time></trkpt><trkpt lat="32.980580" lon="-117.249475"><ele>18.283</ele><time>2021-02-06T20:35:08Z</time></trkpt><trkpt lat="32.980620" lon="-117.249265"><ele>17.618</ele><time>2021-02-06T20:35:11Z</time></trkpt><trkpt lat="32.980746" lon="-117.248588"><ele>17.227</ele><time>2021-02-06T20:35:21Z</time></trkpt><trkpt lat="32.980770" lon="-117.248472"><ele>17.622</ele><time>2021-02-06T20:35:25Z</time></trkpt><trkpt lat="32.980775" lon="-117.248464"><ele>17.866</ele><time>2021-02-06T20:35:28Z</time></trkpt><trkpt lat="32.980780" lon="-117.248431"><ele>18.429</ele><time>2021-02-06T20:36:03Z</time></trkpt><trkpt lat="32.980783" lon="-117.248405"><ele>18.421</ele><time>2021-02-06T20:36:04Z</time></trkpt><trkpt lat="32.980820" lon="-117.248216"><ele>18.408</ele><time>2021-02-06T20:36:09Z</time></trkpt><trkpt lat="32.980893" lon="-117.247916"><ele>18.472</ele><time>2021-02-06T20:36:14Z</time></trkpt><trkpt lat="32.981010" lon="-117.247544"><ele>18.491</ele><time>2021-02-06T20:36:19Z</time></trkpt><trkpt lat="32.981151" lon="-117.247024"><ele>18.659</ele><time>2021-02-06T20:36:25Z</time></trkpt><trkpt lat="32.981276" lon="-117.246401"><ele>19.496</ele><time>2021-02-06T20:36:32Z</time></trkpt><trkpt lat="32.981253" lon="-117.245950"><ele>20.687</ele><time>2021-02-06T20:36:37Z</time></trkpt><trkpt lat="32.981233" lon="-117.245775"><ele>20.612</ele><time>2021-02-06T20:36:39Z</time></trkpt><trkpt lat="32.981149" lon="-117.245103"><ele>21.061</ele><time>2021-02-06T20:36:47Z</time></trkpt><trkpt lat="32.981139" lon="-117.245023"><ele>21.076</ele><time>2021-02-06T20:36:48Z</time></trkpt><trkpt lat="32.981076" lon="-117.244540"><ele>21.811</ele><time>2021-02-06T20:36:54Z</time></trkpt><trkpt lat="32.981038" lon="-117.244220"><ele>23.021</ele><time>2021-02-06T20:36:58Z</time></trkpt><trkpt lat="32.980964" lon="-117.243673"><ele>24.203</ele><time>2021-02-06T20:37:05Z</time></trkpt><trkpt lat="32.980937" lon="-117.243432"><ele>25.008</ele><time>2021-02-06T20:37:08Z</time></trkpt><trkpt lat="32.980898" lon="-117.243100"><ele>25.287</ele><time>2021-02-06T20:37:12Z</time></trkpt><trkpt lat="32.980839" lon="-117.242506"><ele>25.846</ele><time>2021-02-06T20:37:19Z</time></trkpt><trkpt lat="32.980818" lon="-117.242152"><ele>26.224</ele><time>2021-02-06T20:37:23Z</time></trkpt><trkpt lat="32.980776" lon="-117.241439"><ele>26.441</ele><time>2021-02-06T20:37:31Z</time></trkpt><trkpt lat="32.980743" lon="-117.240791"><ele>26.432</ele><time>2021-02-06T20:37:38Z</time></trkpt><trkpt lat="32.980733" lon="-117.240400"><ele>26.417</ele><time>2021-02-06T20:37:42Z</time></trkpt><trkpt lat="32.980777" lon="-117.239651"><ele>25.656</ele><time>2021-02-06T20:37:49Z</time></trkpt><trkpt lat="32.980801" lon="-117.239323"><ele>25.221</ele><time>2021-02-06T20:37:52Z</time></trkpt><trkpt lat="32.980818" lon="-117.239104"><ele>24.057</ele><time>2021-02-06T20:37:54Z</time></trkpt><trkpt lat="32.980825" lon="-117.238994"><ele>23.000</ele><time>2021-02-06T20:37:55Z</time></trkpt><trkpt lat="32.980847" lon="-117.238453"><ele>22.220</ele><time>2021-02-06T20:38:00Z</time></trkpt><trkpt lat="32.980864" lon="-117.238029"><ele>21.808</ele><time>2021-02-06T20:38:04Z</time></trkpt><trkpt lat="32.980903" lon="-117.237489"><ele>21.211</ele><time>2021-02-06T20:38:09Z</time></trkpt><trkpt lat="32.980918" lon="-117.237272"><ele>21.020</ele><time>2021-02-06T20:38:11Z</time></trkpt><trkpt lat="32.980972" lon="-117.236611"><ele>20.848</ele><time>2021-02-06T20:38:17Z</time></trkpt><trkpt lat="32.981009" lon="-117.236166"><ele>20.815</ele><time>2021-02-06T20:38:21Z</time></trkpt><trkpt lat="32.981066" lon="-117.235512"><ele>21.066</ele><time>2021-02-06T20:38:27Z</time></trkpt><trkpt lat="32.981117" lon="-117.235198"><ele>21.251</ele><time>2021-02-06T20:38:30Z</time></trkpt><trkpt lat="32.981277" lon="-117.234494"><ele>22.490</ele><time>2021-02-06T20:38:37Z</time></trkpt><trkpt lat="32.981333" lon="-117.234300"><ele>22.695</ele><time>2021-02-06T20:38:39Z</time></trkpt><trkpt lat="32.981559" lon="-117.233643"><ele>22.883</ele><time>2021-02-06T20:38:46Z</time></trkpt><trkpt lat="32.981853" lon="-117.233025"><ele>23.625</ele><time>2021-02-06T20:38:53Z</time></trkpt><trkpt lat="32.981900" lon="-117.232942"><ele>23.617</ele><time>2021-02-06T20:38:54Z</time></trkpt><trkpt lat="32.982256" lon="-117.232329"><ele>23.608</ele><time>2021-02-06T20:39:01Z</time></trkpt><trkpt lat="32.982470" lon="-117.231833"><ele>23.424</ele><time>2021-02-06T20:39:06Z</time></trkpt><trkpt lat="32.982571" lon="-117.231296"><ele>22.013</ele><time>2021-02-06T20:39:11Z</time></trkpt><trkpt lat="32.982581" lon="-117.231191"><ele>21.621</ele><time>2021-02-06T20:39:12Z</time></trkpt><trkpt lat="32.982612" lon="-117.230870"><ele>20.628</ele><time>2021-02-06T20:39:15Z</time></trkpt><trkpt lat="32.982623" lon="-117.230599"><ele>19.429</ele><time>2021-02-06T20:39:18Z</time></trkpt><trkpt lat="32.982557" lon="-117.230520"><ele>18.674</ele><time>2021-02-06T20:39:20Z</time></trkpt><trkpt lat="32.982510" lon="-117.230510"><ele>18.493</ele><time>2021-02-06T20:39:21Z</time></trkpt><trkpt lat="32.982395" lon="-117.230512"><ele>18.228</ele><time>2021-02-06T20:39:23Z</time></trkpt><trkpt lat="32.981968" lon="-117.230529"><ele>17.437</ele><time>2021-02-06T20:39:29Z</time></trkpt><trkpt lat="32.981592" lon="-117.230521"><ele>16.049</ele><time>2021-02-06T20:39:34Z</time></trkpt><trkpt lat="32.981375" lon="-117.230522"><ele>15.413</ele><time>2021-02-06T20:39:37Z</time></trkpt><trkpt lat="32.981085" lon="-117.230513"><ele>15.008</ele><time>2021-02-06T20:39:41Z</time></trkpt><trkpt lat="32.980724" lon="-117.230523"><ele>14.639</ele><time>2021-02-06T20:39:46Z</time></trkpt><trkpt lat="32.980180" lon="-117.230510"><ele>14.658</ele><time>2021-02-06T20:39:54Z</time></trkpt><trkpt lat="32.979604" lon="-117.230504"><ele>14.856</ele><time>2021-02-06T20:40:02Z</time></trkpt><trkpt lat="32.979242" lon="-117.230502"><ele>14.833</ele><time>2021-02-06T20:40:07Z</time></trkpt><trkpt lat="32.978683" lon="-117.230497"><ele>15.234</ele><time>2021-02-06T20:40:15Z</time></trkpt><trkpt lat="32.978616" lon="-117.230496"><ele>15.289</ele><time>2021-02-06T20:40:16Z</time></trkpt><trkpt lat="32.978280" lon="-117.230491"><ele>16.248</ele><time>2021-02-06T20:40:21Z</time></trkpt><trkpt lat="32.977936" lon="-117.230482"><ele>17.033</ele><time>2021-02-06T20:40:26Z</time></trkpt><trkpt lat="32.977369" lon="-117.230475"><ele>17.253</ele><time>2021-02-06T20:40:34Z</time></trkpt><trkpt lat="32.977222" lon="-117.230486"><ele>17.204</ele><time>2021-02-06T20:40:36Z</time></trkpt><trkpt lat="32.976718" lon="-117.230608"><ele>17.014</ele><time>2021-02-06T20:40:43Z</time></trkpt><trkpt lat="32.976221" lon="-117.230785"><ele>16.408</ele><time>2021-02-06T20:40:50Z</time></trkpt><trkpt lat="32.975845" lon="-117.231013"><ele>15.831</ele><time>2021-02-06T20:40:56Z</time></trkpt><trkpt lat="32.975768" lon="-117.231070"><ele>15.880</ele><time>2021-02-06T20:40:59Z</time></trkpt><trkpt lat="32.975764" lon="-117.231070"><ele>15.898</ele><time>2021-02-06T20:41:01Z</time></trkpt><trkpt lat="32.975733" lon="-117.231092"><ele>17.415</ele><time>2021-02-06T20:41:37Z</time></trkpt><trkpt lat="32.975707" lon="-117.231098"><ele>17.426</ele><time>2021-02-06T20:41:38Z</time></trkpt><trkpt lat="32.975601" lon="-117.231077"><ele>17.481</ele><time>2021-02-06T20:41:41Z</time></trkpt><trkpt lat="32.975563" lon="-117.231051"><ele>17.460</ele><time>2021-02-06T20:41:42Z</time></trkpt><trkpt lat="32.975465" lon="-117.230925"><ele>17.695</ele><time>2021-02-06T20:41:45Z</time></trkpt><trkpt lat="32.975431" lon="-117.230871"><ele>17.698</ele><time>2021-02-06T20:41:46Z</time></trkpt><trkpt lat="32.975220" lon="-117.230476"><ele>17.815</ele><time>2021-02-06T20:41:52Z</time></trkpt><trkpt lat="32.975029" lon="-117.230013"><ele>17.826</ele><time>2021-02-06T20:41:58Z</time></trkpt><trkpt lat="32.974890" lon="-117.229426"><ele>17.808</ele><time>2021-02-06T20:42:05Z</time></trkpt><trkpt lat="32.974860" lon="-117.229161"><ele>17.875</ele><time>2021-02-06T20:42:08Z</time></trkpt><trkpt lat="32.974870" lon="-117.228883"><ele>17.854</ele><time>2021-02-06T20:42:11Z</time></trkpt><trkpt lat="32.974929" lon="-117.228214"><ele>17.822</ele><time>2021-02-06T20:42:18Z</time></trkpt><trkpt lat="32.974935" lon="-117.228120"><ele>18.069</ele><time>2021-02-06T20:42:19Z</time></trkpt><trkpt lat="32.974956" lon="-117.227840"><ele>18.040</ele><time>2021-02-06T20:42:22Z</time></trkpt><trkpt lat="32.975011" lon="-117.227288"><ele>19.265</ele><time>2021-02-06T20:42:28Z</time></trkpt><trkpt lat="32.975050" lon="-117.227009"><ele>19.824</ele><time>2021-02-06T20:42:31Z</time></trkpt><trkpt lat="32.975088" lon="-117.226819"><ele>20.299</ele><time>2021-02-06T20:42:33Z</time></trkpt><trkpt lat="32.975219" lon="-117.226347"><ele>21.688</ele><time>2021-02-06T20:42:38Z</time></trkpt><trkpt lat="32.975433" lon="-117.225670"><ele>22.424</ele><time>2021-02-06T20:42:45Z</time></trkpt><trkpt lat="32.975456" lon="-117.225568"><ele>22.426</ele><time>2021-02-06T20:42:46Z</time></trkpt><trkpt lat="32.975541" lon="-117.224847"><ele>22.208</ele><time>2021-02-06T20:42:53Z</time></trkpt><trkpt lat="32.975500" lon="-117.224110"><ele>20.824</ele><time>2021-02-06T20:43:00Z</time></trkpt><trkpt lat="32.975484" lon="-117.223896"><ele>20.263</ele><time>2021-02-06T20:43:02Z</time></trkpt><trkpt lat="32.975459" lon="-117.223564"><ele>19.021</ele><time>2021-02-06T20:43:05Z</time></trkpt><trkpt lat="32.975414" lon="-117.222994"><ele>18.618</ele><time>2021-02-06T20:43:10Z</time></trkpt><trkpt lat="32.975384" lon="-117.222430"><ele>18.059</ele><time>2021-02-06T20:43:15Z</time></trkpt><trkpt lat="32.975368" lon="-117.221988"><ele>17.264</ele><time>2021-02-06T20:43:19Z</time></trkpt><trkpt lat="32.975337" lon="-117.221335"><ele>17.233</ele><time>2021-02-06T20:43:25Z</time></trkpt><trkpt lat="32.975299" lon="-117.220904"><ele>17.268</ele><time>2021-02-06T20:43:29Z</time></trkpt><trkpt lat="32.975148" lon="-117.220275"><ele>18.668</ele><time>2021-02-06T20:43:35Z</time></trkpt><trkpt lat="32.974960" lon="-117.219794"><ele>19.242</ele><time>2021-02-06T20:43:40Z</time></trkpt><trkpt lat="32.974879" lon="-117.219609"><ele>19.826</ele><time>2021-02-06T20:43:42Z</time></trkpt><trkpt lat="32.974678" lon="-117.219140"><ele>20.408</ele><time>2021-02-06T20:43:47Z</time></trkpt><trkpt lat="32.974576" lon="-117.218857"><ele>21.232</ele><time>2021-02-06T20:43:50Z</time></trkpt><trkpt lat="32.974442" lon="-117.218264"><ele>21.281</ele><time>2021-02-06T20:43:56Z</time></trkpt><trkpt lat="32.974405" lon="-117.217552"><ele>21.059</ele><time>2021-02-06T20:44:03Z</time></trkpt><trkpt lat="32.974423" lon="-117.216832"><ele>20.426</ele><time>2021-02-06T20:44:10Z</time></trkpt><trkpt lat="32.974440" lon="-117.216418"><ele>20.487</ele><time>2021-02-06T20:44:14Z</time></trkpt><trkpt lat="32.974541" lon="-117.215791"><ele>20.022</ele><time>2021-02-06T20:44:20Z</time></trkpt><trkpt lat="32.974740" lon="-117.215189"><ele>20.041</ele><time>2021-02-06T20:44:26Z</time></trkpt><trkpt lat="32.975011" lon="-117.214619"><ele>19.836</ele><time>2021-02-06T20:44:32Z</time></trkpt><trkpt lat="32.975148" lon="-117.214340"><ele>19.697</ele><time>2021-02-06T20:44:35Z</time></trkpt><trkpt lat="32.975399" lon="-117.213766"><ele>19.423</ele><time>2021-02-06T20:44:41Z</time></trkpt><trkpt lat="32.975461" lon="-117.213562"><ele>19.625</ele><time>2021-02-06T20:44:43Z</time></trkpt><trkpt lat="32.975640" lon="-117.212955"><ele>20.008</ele><time>2021-02-06T20:44:49Z</time></trkpt><trkpt lat="32.975792" lon="-117.212455"><ele>20.475</ele><time>2021-02-06T20:44:54Z</time></trkpt><trkpt lat="32.975991" lon="-117.211755"><ele>20.894</ele><time>2021-02-06T20:45:01Z</time></trkpt><trkpt lat="32.976136" lon="-117.211368"><ele>21.282</ele><time>2021-02-06T20:45:05Z</time></trkpt><trkpt lat="32.976224" lon="-117.211184"><ele>21.699</ele><time>2021-02-06T20:45:07Z</time></trkpt><trkpt lat="32.976490" lon="-117.210749"><ele>21.810</ele><time>2021-02-06T20:45:12Z</time></trkpt><trkpt lat="32.976862" lon="-117.210236"><ele>21.865</ele><time>2021-02-06T20:45:18Z</time></trkpt><trkpt lat="32.977053" lon="-117.209973"><ele>21.694</ele><time>2021-02-06T20:45:21Z</time></trkpt><trkpt lat="32.977443" lon="-117.209443"><ele>21.299</ele><time>2021-02-06T20:45:27Z</time></trkpt><trkpt lat="32.977705" lon="-117.209084"><ele>20.659</ele><time>2021-02-06T20:45:31Z</time></trkpt><trkpt lat="32.977829" lon="-117.208904"><ele>20.403</ele><time>2021-02-06T20:45:33Z</time></trkpt><trkpt lat="32.978200" lon="-117.208337"><ele>19.823</ele><time>2021-02-06T20:45:39Z</time></trkpt><trkpt lat="32.978255" lon="-117.208242"><ele>19.808</ele><time>2021-02-06T20:45:40Z</time></trkpt><trkpt lat="32.978309" lon="-117.208146"><ele>19.451</ele><time>2021-02-06T20:45:41Z</time></trkpt><trkpt lat="32.978632" lon="-117.207569"><ele>19.070</ele><time>2021-02-06T20:45:47Z</time></trkpt><trkpt lat="32.978841" lon="-117.207196"><ele>19.018</ele><time>2021-02-06T20:45:51Z</time></trkpt><trkpt lat="32.979140" lon="-117.206650"><ele>19.455</ele><time>2021-02-06T20:45:57Z</time></trkpt><trkpt lat="32.979247" lon="-117.206480"><ele>19.816</ele><time>2021-02-06T20:45:59Z</time></trkpt><trkpt lat="32.979434" lon="-117.206248"><ele>20.631</ele><time>2021-02-06T20:46:02Z</time></trkpt><trkpt lat="32.979571" lon="-117.206112"><ele>21.060</ele><time>2021-02-06T20:46:04Z</time></trkpt><trkpt lat="32.980050" lon="-117.205777"><ele>21.225</ele><time>2021-02-06T20:46:10Z</time></trkpt><trkpt lat="32.980586" lon="-117.205579"><ele>21.035</ele><time>2021-02-06T20:46:16Z</time></trkpt><trkpt lat="32.981142" lon="-117.205502"><ele>20.086</ele><time>2021-02-06T20:46:22Z</time></trkpt><trkpt lat="32.981233" lon="-117.205495"><ele>20.014</ele><time>2021-02-06T20:46:23Z</time></trkpt><trkpt lat="32.981778" lon="-117.205482"><ele>20.008</ele><time>2021-02-06T20:46:29Z</time></trkpt><trkpt lat="32.981955" lon="-117.205484"><ele>20.069</ele><time>2021-02-06T20:46:31Z</time></trkpt><trkpt lat="32.982577" lon="-117.205449"><ele>21.088</ele><time>2021-02-06T20:46:38Z</time></trkpt><trkpt lat="32.983001" lon="-117.205290"><ele>21.616</ele><time>2021-02-06T20:46:43Z</time></trkpt><trkpt lat="32.983469" lon="-117.204969"><ele>21.683</ele><time>2021-02-06T20:46:49Z</time></trkpt><trkpt lat="32.983883" lon="-117.204525"><ele>21.484</ele><time>2021-02-06T20:46:55Z</time></trkpt><trkpt lat="32.984220" lon="-117.203945"><ele>21.079</ele><time>2021-02-06T20:47:01Z</time></trkpt><trkpt lat="32.984398" lon="-117.203403"><ele>20.628</ele><time>2021-02-06T20:47:06Z</time></trkpt><trkpt lat="32.984489" lon="-117.202745"><ele>19.843</ele><time>2021-02-06T20:47:12Z</time></trkpt><trkpt lat="32.984454" lon="-117.202097"><ele>20.045</ele><time>2021-02-06T20:47:18Z</time></trkpt><trkpt lat="32.984302" lon="-117.201473"><ele>20.447</ele><time>2021-02-06T20:47:24Z</time></trkpt><trkpt lat="32.984105" lon="-117.200842"><ele>20.811</ele><time>2021-02-06T20:47:30Z</time></trkpt><trkpt lat="32.984002" lon="-117.200522"><ele>20.808</ele><time>2021-02-06T20:47:33Z</time></trkpt><trkpt lat="32.983835" lon="-117.199865"><ele>20.870</ele><time>2021-02-06T20:47:39Z</time></trkpt><trkpt lat="32.983820" lon="-117.199754"><ele>20.819</ele><time>2021-02-06T20:47:40Z</time></trkpt><trkpt lat="32.983800" lon="-117.199214"><ele>20.677</ele><time>2021-02-06T20:47:45Z</time></trkpt><trkpt lat="32.983889" lon="-117.198598"><ele>20.614</ele><time>2021-02-06T20:47:51Z</time></trkpt><trkpt lat="32.984044" lon="-117.198120"><ele>20.855</ele><time>2021-02-06T20:47:56Z</time></trkpt><trkpt lat="32.984324" lon="-117.197608"><ele>21.220</ele><time>2021-02-06T20:48:02Z</time></trkpt><trkpt lat="32.984740" lon="-117.197062"><ele>21.439</ele><time>2021-02-06T20:48:09Z</time></trkpt><trkpt lat="32.984795" lon="-117.196979"><ele>21.474</ele><time>2021-02-06T20:48:10Z</time></trkpt><trkpt lat="32.985201" lon="-117.196419"><ele>21.676</ele><time>2021-02-06T20:48:17Z</time></trkpt><trkpt lat="32.985606" lon="-117.196058"><ele>21.890</ele><time>2021-02-06T20:48:23Z</time></trkpt><trkpt lat="32.985679" lon="-117.196009"><ele>21.819</ele><time>2021-02-06T20:48:24Z</time></trkpt><trkpt lat="32.986064" lon="-117.195815"><ele>22.408</ele><time>2021-02-06T20:48:29Z</time></trkpt><trkpt lat="32.986580" lon="-117.195673"><ele>22.653</ele><time>2021-02-06T20:48:35Z</time></trkpt><trkpt lat="32.987114" lon="-117.195569"><ele>22.632</ele><time>2021-02-06T20:48:41Z</time></trkpt><trkpt lat="32.987546" lon="-117.195516"><ele>22.650</ele><time>2021-02-06T20:48:46Z</time></trkpt><trkpt lat="32.988032" lon="-117.195561"><ele>22.627</ele><time>2021-02-06T20:48:52Z</time></trkpt><trkpt lat="32.988416" lon="-117.195680"><ele>23.058</ele><time>2021-02-06T20:48:57Z</time></trkpt><trkpt lat="32.988489" lon="-117.195713"><ele>23.063</ele><time>2021-02-06T20:48:58Z</time></trkpt><trkpt lat="32.988969" lon="-117.195996"><ele>23.832</ele><time>2021-02-06T20:49:05Z</time></trkpt><trkpt lat="32.989455" lon="-117.196310"><ele>24.047</ele><time>2021-02-06T20:49:12Z</time></trkpt><trkpt lat="32.989527" lon="-117.196356"><ele>24.211</ele><time>2021-02-06T20:49:13Z</time></trkpt><trkpt lat="32.989816" lon="-117.196561"><ele>24.221</ele><time>2021-02-06T20:49:17Z</time></trkpt><trkpt lat="32.990323" lon="-117.196904"><ele>24.003</ele><time>2021-02-06T20:49:24Z</time></trkpt><trkpt lat="32.990621" lon="-117.197093"><ele>23.608</ele><time>2021-02-06T20:49:28Z</time></trkpt><trkpt lat="32.991007" lon="-117.197262"><ele>23.027</ele><time>2021-02-06T20:49:33Z</time></trkpt><trkpt lat="32.991084" lon="-117.197284"><ele>23.016</ele><time>2021-02-06T20:49:34Z</time></trkpt><trkpt lat="32.991564" lon="-117.197345"><ele>23.074</ele><time>2021-02-06T20:49:40Z</time></trkpt><trkpt lat="32.991989" lon="-117.197291"><ele>23.051</ele><time>2021-02-06T20:49:45Z</time></trkpt><trkpt lat="32.992491" lon="-117.197097"><ele>23.012</ele><time>2021-02-06T20:49:51Z</time></trkpt><trkpt lat="32.992938" lon="-117.196785"><ele>23.067</ele><time>2021-02-06T20:49:57Z</time></trkpt><trkpt lat="32.993445" lon="-117.196414"><ele>23.086</ele><time>2021-02-06T20:50:04Z</time></trkpt><trkpt lat="32.993955" lon="-117.196036"><ele>23.841</ele><time>2021-02-06T20:50:11Z</time></trkpt><trkpt lat="32.994444" lon="-117.195605"><ele>24.211</ele><time>2021-02-06T20:50:18Z</time></trkpt><trkpt lat="32.994622" lon="-117.195375"><ele>24.421</ele><time>2021-02-06T20:50:21Z</time></trkpt><trkpt lat="32.994778" lon="-117.195122"><ele>24.403</ele><time>2021-02-06T20:50:24Z</time></trkpt><trkpt lat="32.995027" lon="-117.194562"><ele>24.608</ele><time>2021-02-06T20:50:30Z</time></trkpt><trkpt lat="32.995257" lon="-117.193893"><ele>24.467</ele><time>2021-02-06T20:50:37Z</time></trkpt><trkpt lat="32.995293" lon="-117.193797"><ele>24.496</ele><time>2021-02-06T20:50:38Z</time></trkpt><trkpt lat="32.995560" lon="-117.193120"><ele>24.474</ele><time>2021-02-06T20:50:45Z</time></trkpt><trkpt lat="32.995640" lon="-117.192931"><ele>24.451</ele><time>2021-02-06T20:50:47Z</time></trkpt><trkpt lat="32.995940" lon="-117.192328"><ele>24.662</ele><time>2021-02-06T20:50:54Z</time></trkpt><trkpt lat="32.996047" lon="-117.192144"><ele>24.817</ele><time>2021-02-06T20:50:57Z</time></trkpt><trkpt lat="32.996149" lon="-117.192114"><ele>25.016</ele><time>2021-02-06T20:51:00Z</time></trkpt><trkpt lat="32.996209" lon="-117.192151"><ele>25.661</ele><time>2021-02-06T20:51:02Z</time></trkpt><trkpt lat="32.996223" lon="-117.192162"><ele>26.243</ele><time>2021-02-06T20:51:03Z</time></trkpt><trkpt lat="32.996228" lon="-117.192168"><ele>26.664</ele><time>2021-02-06T20:51:04Z</time></trkpt><trkpt lat="32.996231" lon="-117.192169"><ele>26.810</ele><time>2021-02-06T20:51:05Z</time></trkpt><trkpt lat="32.996272" lon="-117.192205"><ele>27.208</ele><time>2021-02-06T20:51:20Z</time></trkpt><trkpt lat="32.996290" lon="-117.192220"><ele>27.290</ele><time>2021-02-06T20:51:21Z</time></trkpt><trkpt lat="32.996439" lon="-117.192338"><ele>27.099</ele><time>2021-02-06T20:51:26Z</time></trkpt><trkpt lat="32.996659" lon="-117.192522"><ele>26.627</ele><time>2021-02-06T20:51:31Z</time></trkpt><trkpt lat="32.996937" lon="-117.192835"><ele>25.854</ele><time>2021-02-06T20:51:37Z</time></trkpt><trkpt lat="32.996985" lon="-117.192893"><ele>25.475</ele><time>2021-02-06T20:51:38Z</time></trkpt><trkpt lat="32.997205" lon="-117.193187"><ele>24.880</ele><time>2021-02-06T20:51:43Z</time></trkpt><trkpt lat="32.997331" lon="-117.193392"><ele>24.489</ele><time>2021-02-06T20:51:46Z</time></trkpt><trkpt lat="32.997402" lon="-117.193546"><ele>24.234</ele><time>2021-02-06T20:51:48Z</time></trkpt><trkpt lat="32.997567" lon="-117.193943"><ele>23.236</ele><time>2021-02-06T20:51:53Z</time></trkpt><trkpt lat="32.997596" lon="-117.194026"><ele>23.017</ele><time>2021-02-06T20:51:54Z</time></trkpt><trkpt lat="32.997754" lon="-117.194601"><ele>22.218</ele><time>2021-02-06T20:52:01Z</time></trkpt><trkpt lat="32.997775" lon="-117.194689"><ele>22.208</ele><time>2021-02-06T20:52:02Z</time></trkpt><trkpt lat="32.997941" lon="-117.195339"><ele>21.859</ele><time>2021-02-06T20:52:09Z</time></trkpt><trkpt lat="32.998015" lon="-117.195613"><ele>21.698</ele><time>2021-02-06T20:52:12Z</time></trkpt><trkpt lat="32.998200" lon="-117.196304"><ele>21.686</ele><time>2021-02-06T20:52:20Z</time></trkpt><trkpt lat="32.998380" lon="-117.196992"><ele>21.893</ele><time>2021-02-06T20:52:28Z</time></trkpt><trkpt lat="32.998449" lon="-117.197248"><ele>22.084</ele><time>2021-02-06T20:52:31Z</time></trkpt><trkpt lat="32.998630" lon="-117.197933"><ele>22.299</ele><time>2021-02-06T20:52:39Z</time></trkpt><trkpt lat="32.998740" lon="-117.198364"><ele>22.448</ele><time>2021-02-06T20:52:44Z</time></trkpt><trkpt lat="32.998920" lon="-117.199046"><ele>22.433</ele><time>2021-02-06T20:52:52Z</time></trkpt><trkpt lat="32.998965" lon="-117.199214"><ele>22.665</ele><time>2021-02-06T20:52:54Z</time></trkpt><trkpt lat="32.999141" lon="-117.199886"><ele>22.668</ele><time>2021-02-06T20:53:02Z</time></trkpt><trkpt lat="32.999253" lon="-117.200307"><ele>22.414</ele><time>2021-02-06T20:53:07Z</time></trkpt><trkpt lat="32.999314" lon="-117.200471"><ele>22.408</ele><time>2021-02-06T20:53:09Z</time></trkpt><trkpt lat="32.999409" lon="-117.200606"><ele>22.452</ele><time>2021-02-06T20:53:11Z</time></trkpt><trkpt lat="32.999606" lon="-117.200724"><ele>22.071</ele><time>2021-02-06T20:53:14Z</time></trkpt><trkpt lat="32.999901" lon="-117.200701"><ele>22.059</ele><time>2021-02-06T20:53:18Z</time></trkpt><trkpt lat="32.999974" lon="-117.200672"><ele>22.016</ele><time>2021-02-06T20:53:19Z</time></trkpt><trkpt lat="33.000549" lon="-117.200454"><ele>23.037</ele><time>2021-02-06T20:53:27Z</time></trkpt><trkpt lat="33.000910" lon="-117.200323"><ele>23.212</ele><time>2021-02-06T20:53:32Z</time></trkpt><trkpt lat="33.001496" lon="-117.200094"><ele>23.261</ele><time>2021-02-06T20:53:40Z</time></trkpt><trkpt lat="33.001638" lon="-117.200040"><ele>23.466</ele><time>2021-02-06T20:53:42Z</time></trkpt><trkpt lat="33.001709" lon="-117.200014"><ele>23.491</ele><time>2021-02-06T20:53:43Z</time></trkpt><trkpt lat="33.002253" lon="-117.199803"><ele>24.281</ele><time>2021-02-06T20:53:51Z</time></trkpt><trkpt lat="33.002382" lon="-117.199751"><ele>24.619</ele><time>2021-02-06T20:53:53Z</time></trkpt><trkpt lat="33.002445" lon="-117.199724"><ele>24.608</ele><time>2021-02-06T20:53:54Z</time></trkpt><trkpt lat="33.002761" lon="-117.199589"><ele>25.845</ele><time>2021-02-06T20:53:59Z</time></trkpt><trkpt lat="33.003024" lon="-117.199485"><ele>26.484</ele><time>2021-02-06T20:54:03Z</time></trkpt><trkpt lat="33.003298" lon="-117.199377"><ele>26.832</ele><time>2021-02-06T20:54:07Z</time></trkpt><trkpt lat="33.003799" lon="-117.199182"><ele>27.229</ele><time>2021-02-06T20:54:14Z</time></trkpt><trkpt lat="33.004395" lon="-117.198986"><ele>27.860</ele><time>2021-02-06T20:54:22Z</time></trkpt><trkpt lat="33.004475" lon="-117.198973"><ele>27.855</ele><time>2021-02-06T20:54:23Z</time></trkpt><trkpt lat="33.004638" lon="-117.198956"><ele>28.094</ele><time>2021-02-06T20:54:25Z</time></trkpt><trkpt lat="33.005072" lon="-117.198940"><ele>28.099</ele><time>2021-02-06T20:54:30Z</time></trkpt><trkpt lat="33.005690" lon="-117.198937"><ele>27.074</ele><time>2021-02-06T20:54:37Z</time></trkpt><trkpt lat="33.005776" lon="-117.198936"><ele>26.856</ele><time>2021-02-06T20:54:38Z</time></trkpt><trkpt lat="33.006193" lon="-117.198927"><ele>25.821</ele><time>2021-02-06T20:54:43Z</time></trkpt><trkpt lat="33.006350" lon="-117.198925"><ele>25.808</ele><time>2021-02-06T20:54:45Z</time></trkpt><trkpt lat="33.006967" lon="-117.198902"><ele>25.653</ele><time>2021-02-06T20:54:53Z</time></trkpt><trkpt lat="33.007124" lon="-117.198903"><ele>25.662</ele><time>2021-02-06T20:54:55Z</time></trkpt><trkpt lat="33.007667" lon="-117.198892"><ele>25.690</ele><time>2021-02-06T20:55:02Z</time></trkpt><trkpt lat="33.007747" lon="-117.198892"><ele>25.697</ele><time>2021-02-06T20:55:03Z</time></trkpt><trkpt lat="33.008291" lon="-117.198877"><ele>25.438</ele><time>2021-02-06T20:55:10Z</time></trkpt><trkpt lat="33.008450" lon="-117.198860"><ele>25.483</ele><time>2021-02-06T20:55:12Z</time></trkpt><trkpt lat="33.008844" lon="-117.198740"><ele>25.852</ele><time>2021-02-06T20:55:17Z</time></trkpt><trkpt lat="33.009284" lon="-117.198587"><ele>26.287</ele><time>2021-02-06T20:55:23Z</time></trkpt><trkpt lat="33.009702" lon="-117.198576"><ele>27.072</ele><time>2021-02-06T20:55:29Z</time></trkpt><trkpt lat="33.009765" lon="-117.198581"><ele>27.613</ele><time>2021-02-06T20:55:30Z</time></trkpt><trkpt lat="33.009943" lon="-117.198606"><ele>28.814</ele><time>2021-02-06T20:55:33Z</time></trkpt><trkpt lat="33.010052" lon="-117.198643"><ele>29.608</ele><time>2021-02-06T20:55:35Z</time></trkpt><trkpt lat="33.010103" lon="-117.198660"><ele>30.053</ele><time>2021-02-06T20:55:36Z</time></trkpt><trkpt lat="33.010254" lon="-117.198726"><ele>31.212</ele><time>2021-02-06T20:55:39Z</time></trkpt><trkpt lat="33.010306" lon="-117.198748"><ele>31.870</ele><time>2021-02-06T20:55:40Z</time></trkpt><trkpt lat="33.010421" lon="-117.198770"><ele>32.897</ele><time>2021-02-06T20:55:42Z</time></trkpt><trkpt lat="33.010546" lon="-117.198778"><ele>34.478</ele><time>2021-02-06T20:55:44Z</time></trkpt><trkpt lat="33.010724" lon="-117.198765"><ele>35.623</ele><time>2021-02-06T20:55:47Z</time></trkpt><trkpt lat="33.010854" lon="-117.198757"><ele>36.422</ele><time>2021-02-06T20:55:49Z</time></trkpt><trkpt lat="33.010922" lon="-117.198753"><ele>36.667</ele><time>2021-02-06T20:55:50Z</time></trkpt><trkpt lat="33.011279" lon="-117.198745"><ele>37.613</ele><time>2021-02-06T20:55:55Z</time></trkpt><trkpt lat="33.011425" lon="-117.198754"><ele>38.243</ele><time>2021-02-06T20:55:57Z</time></trkpt><trkpt lat="33.011868" lon="-117.198747"><ele>39.007</ele><time>2021-02-06T20:56:03Z</time></trkpt><trkpt lat="33.012154" lon="-117.198734"><ele>39.208</ele><time>2021-02-06T20:56:07Z</time></trkpt><trkpt lat="33.012560" lon="-117.198735"><ele>40.027</ele><time>2021-02-06T20:56:13Z</time></trkpt><trkpt lat="33.012822" lon="-117.198736"><ele>40.636</ele><time>2021-02-06T20:56:17Z</time></trkpt><trkpt lat="33.012951" lon="-117.198732"><ele>41.034</ele><time>2021-02-06T20:56:19Z</time></trkpt><trkpt lat="33.013328" lon="-117.198719"><ele>42.221</ele><time>2021-02-06T20:56:25Z</time></trkpt><trkpt lat="33.013455" lon="-117.198714"><ele>42.672</ele><time>2021-02-06T20:56:27Z</time></trkpt><trkpt lat="33.013647" lon="-117.198702"><ele>43.617</ele><time>2021-02-06T20:56:30Z</time></trkpt><trkpt lat="33.013903" lon="-117.198696"><ele>44.626</ele><time>2021-02-06T20:56:34Z</time></trkpt><trkpt lat="33.013962" lon="-117.198713"><ele>44.671</ele><time>2021-02-06T20:56:35Z</time></trkpt><trkpt lat="33.014016" lon="-117.198742"><ele>45.025</ele><time>2021-02-06T20:56:36Z</time></trkpt><trkpt lat="33.014140" lon="-117.198897"><ele>45.426</ele><time>2021-02-06T20:56:39Z</time></trkpt><trkpt lat="33.014180" lon="-117.198948"><ele>45.808</ele><time>2021-02-06T20:56:40Z</time></trkpt><trkpt lat="33.014273" lon="-117.199015"><ele>46.008</ele><time>2021-02-06T20:56:42Z</time></trkpt><trkpt lat="33.014324" lon="-117.199042"><ele>46.038</ele><time>2021-02-06T20:56:43Z</time></trkpt><trkpt lat="33.014714" lon="-117.199163"><ele>46.847</ele><time>2021-02-06T20:56:50Z</time></trkpt><trkpt lat="33.014836" lon="-117.199174"><ele>47.045</ele><time>2021-02-06T20:56:52Z</time></trkpt><trkpt lat="33.015086" lon="-117.199188"><ele>48.212</ele><time>2021-02-06T20:56:56Z</time></trkpt><trkpt lat="33.015209" lon="-117.199183"><ele>48.613</ele><time>2021-02-06T20:56:58Z</time></trkpt><trkpt lat="33.015521" lon="-117.199158"><ele>49.258</ele><time>2021-02-06T20:57:03Z</time></trkpt><trkpt lat="33.015718" lon="-117.199139"><ele>49.657</ele><time>2021-02-06T20:57:06Z</time></trkpt><trkpt lat="33.015948" lon="-117.199116"><ele>50.272</ele><time>2021-02-06T20:57:10Z</time></trkpt><trkpt lat="33.016056" lon="-117.199111"><ele>50.666</ele><time>2021-02-06T20:57:12Z</time></trkpt><trkpt lat="33.016314" lon="-117.199109"><ele>51.629</ele><time>2021-02-06T20:57:17Z</time></trkpt><trkpt lat="33.016483" lon="-117.199118"><ele>52.621</ele><time>2021-02-06T20:57:20Z</time></trkpt><trkpt lat="33.016541" lon="-117.199120"><ele>53.008</ele><time>2021-02-06T20:57:21Z</time></trkpt><trkpt lat="33.016659" lon="-117.199127"><ele>53.652</ele><time>2021-02-06T20:57:23Z</time></trkpt><trkpt lat="33.016839" lon="-117.199125"><ele>54.881</ele><time>2021-02-06T20:57:26Z</time></trkpt><trkpt lat="33.016957" lon="-117.199105"><ele>55.249</ele><time>2021-02-06T20:57:28Z</time></trkpt><trkpt lat="33.017256" lon="-117.198998"><ele>55.646</ele><time>2021-02-06T20:57:34Z</time></trkpt><trkpt lat="33.017294" lon="-117.198986"><ele>56.037</ele><time>2021-02-06T20:57:35Z</time></trkpt><trkpt lat="33.017450" lon="-117.198933"><ele>57.482</ele><time>2021-02-06T20:57:39Z</time></trkpt><trkpt lat="33.017581" lon="-117.198901"><ele>58.891</ele><time>2021-02-06T20:57:42Z</time></trkpt><trkpt lat="33.017713" lon="-117.198876"><ele>59.856</ele><time>2021-02-06T20:57:45Z</time></trkpt><trkpt lat="33.018039" lon="-117.198900"><ele>60.813</ele><time>2021-02-06T20:57:52Z</time></trkpt><trkpt lat="33.018085" lon="-117.198907"><ele>61.043</ele><time>2021-02-06T20:57:53Z</time></trkpt><trkpt lat="33.018225" lon="-117.198916"><ele>62.007</ele><time>2021-02-06T20:57:56Z</time></trkpt><trkpt lat="33.018336" lon="-117.198930"><ele>63.008</ele><time>2021-02-06T20:57:59Z</time></trkpt><trkpt lat="33.018418" lon="-117.198936"><ele>63.287</ele><time>2021-02-06T20:58:01Z</time></trkpt><trkpt lat="33.018598" lon="-117.198964"><ele>64.686</ele><time>2021-02-06T20:58:05Z</time></trkpt><trkpt lat="33.018733" lon="-117.198976"><ele>65.434</ele><time>2021-02-06T20:58:08Z</time></trkpt><trkpt lat="33.018800" lon="-117.198972"><ele>65.841</ele><time>2021-02-06T20:58:10Z</time></trkpt><trkpt lat="33.018962" lon="-117.198983"><ele>66.872</ele><time>2021-02-06T20:58:15Z</time></trkpt><trkpt lat="33.019004" lon="-117.198985"><ele>67.067</ele><time>2021-02-06T20:58:16Z</time></trkpt><trkpt lat="33.019250" lon="-117.198974"><ele>68.246</ele><time>2021-02-06T20:58:21Z</time></trkpt><trkpt lat="33.019302" lon="-117.198972"><ele>68.451</ele><time>2021-02-06T20:58:22Z</time></trkpt><trkpt lat="33.019511" lon="-117.198987"><ele>69.491</ele><time>2021-02-06T20:58:26Z</time></trkpt><trkpt lat="33.019658" lon="-117.199006"><ele>70.481</ele><time>2021-02-06T20:58:29Z</time></trkpt><trkpt lat="33.019706" lon="-117.199014"><ele>70.619</ele><time>2021-02-06T20:58:30Z</time></trkpt><trkpt lat="33.019950" lon="-117.199054"><ele>71.808</ele><time>2021-02-06T20:58:35Z</time></trkpt><trkpt lat="33.020138" lon="-117.199099"><ele>72.835</ele><time>2021-02-06T20:58:39Z</time></trkpt><trkpt lat="33.020186" lon="-117.199110"><ele>72.874</ele><time>2021-02-06T20:58:40Z</time></trkpt><trkpt lat="33.020469" lon="-117.199188"><ele>74.042</ele><time>2021-02-06T20:58:46Z</time></trkpt><trkpt lat="33.020614" lon="-117.199231"><ele>75.099</ele><time>2021-02-06T20:58:49Z</time></trkpt><trkpt lat="33.020820" lon="-117.199268"><ele>76.290</ele><time>2021-02-06T20:58:53Z</time></trkpt><trkpt lat="33.020981" lon="-117.199265"><ele>76.495</ele><time>2021-02-06T20:58:56Z</time></trkpt><trkpt lat="33.021091" lon="-117.199255"><ele>77.474</ele><time>2021-02-06T20:58:58Z</time></trkpt><trkpt lat="33.021246" lon="-117.199228"><ele>78.429</ele><time>2021-02-06T20:59:01Z</time></trkpt><trkpt lat="33.021387" lon="-117.199197"><ele>78.683</ele><time>2021-02-06T20:59:04Z</time></trkpt><trkpt lat="33.021658" lon="-117.199140"><ele>79.425</ele><time>2021-02-06T20:59:10Z</time></trkpt><trkpt lat="33.021790" lon="-117.199118"><ele>80.817</ele><time>2021-02-06T20:59:13Z</time></trkpt><trkpt lat="33.021879" lon="-117.199099"><ele>82.008</ele><time>2021-02-06T20:59:15Z</time></trkpt><trkpt lat="33.022097" lon="-117.199054"><ele>83.074</ele><time>2021-02-06T20:59:20Z</time></trkpt><trkpt lat="33.022185" lon="-117.199037"><ele>83.623</ele><time>2021-02-06T20:59:22Z</time></trkpt><trkpt lat="33.022275" lon="-117.199023"><ele>84.011</ele><time>2021-02-06T20:59:24Z</time></trkpt><trkpt lat="33.022453" lon="-117.199002"><ele>85.258</ele><time>2021-02-06T20:59:28Z</time></trkpt><trkpt lat="33.022586" lon="-117.199004"><ele>86.279</ele><time>2021-02-06T20:59:31Z</time></trkpt><trkpt lat="33.022630" lon="-117.199004"><ele>86.464</ele><time>2021-02-06T20:59:32Z</time></trkpt><trkpt lat="33.022839" lon="-117.199026"><ele>87.453</ele><time>2021-02-06T20:59:37Z</time></trkpt><trkpt lat="33.022862" lon="-117.199031"><ele>87.688</ele><time>2021-02-06T20:59:38Z</time></trkpt><trkpt lat="33.022873" lon="-117.199040"><ele>88.811</ele><time>2021-02-06T20:59:41Z</time></trkpt><trkpt lat="33.022905" lon="-117.199046"><ele>90.421</ele><time>2021-02-06T21:00:16Z</time></trkpt><trkpt lat="33.023026" lon="-117.199086"><ele>90.403</ele><time>2021-02-06T21:00:20Z</time></trkpt><trkpt lat="33.023106" lon="-117.199088"><ele>90.408</ele><time>2021-02-06T21:00:22Z</time></trkpt><trkpt lat="33.023147" lon="-117.199070"><ele>90.467</ele><time>2021-02-06T21:00:23Z</time></trkpt><trkpt lat="33.023296" lon="-117.198921"><ele>89.866</ele><time>2021-02-06T21:00:27Z</time></trkpt><trkpt lat="33.023327" lon="-117.198875"><ele>89.674</ele><time>2021-02-06T21:00:28Z</time></trkpt><trkpt lat="33.023360" lon="-117.198829"><ele>89.491</ele><time>2021-02-06T21:00:29Z</time></trkpt><trkpt lat="33.023435" lon="-117.198739"><ele>89.022</ele><time>2021-02-06T21:00:31Z</time></trkpt><trkpt lat="33.023757" lon="-117.198348"><ele>89.037</ele><time>2021-02-06T21:00:40Z</time></trkpt><trkpt lat="33.024091" lon="-117.197936"><ele>90.466</ele><time>2021-02-06T21:00:49Z</time></trkpt><trkpt lat="33.024350" lon="-117.197606"><ele>91.421</ele><time>2021-02-06T21:00:56Z</time></trkpt><trkpt lat="33.024419" lon="-117.197509"><ele>91.878</ele><time>2021-02-06T21:00:58Z</time></trkpt><trkpt lat="33.024638" lon="-117.197224"><ele>92.833</ele><time>2021-02-06T21:01:04Z</time></trkpt><trkpt lat="33.024754" lon="-117.197074"><ele>92.826</ele><time>2021-02-06T21:01:07Z</time></trkpt><trkpt lat="33.025051" lon="-117.196696"><ele>93.008</ele><time>2021-02-06T21:01:14Z</time></trkpt><trkpt lat="33.025404" lon="-117.196245"><ele>92.663</ele><time>2021-02-06T21:01:21Z</time></trkpt><trkpt lat="33.025796" lon="-117.195755"><ele>92.432</ele><time>2021-02-06T21:01:28Z</time></trkpt><trkpt lat="33.025963" lon="-117.195545"><ele>92.210</ele><time>2021-02-06T21:01:31Z</time></trkpt><trkpt lat="33.026342" lon="-117.195060"><ele>92.067</ele><time>2021-02-06T21:01:38Z</time></trkpt><trkpt lat="33.026504" lon="-117.194855"><ele>92.078</ele><time>2021-02-06T21:01:41Z</time></trkpt><trkpt lat="33.026883" lon="-117.194374"><ele>92.043</ele><time>2021-02-06T21:01:48Z</time></trkpt><trkpt lat="33.027098" lon="-117.194100"><ele>92.012</ele><time>2021-02-06T21:01:52Z</time></trkpt><trkpt lat="33.027495" lon="-117.193597"><ele>91.847</ele><time>2021-02-06T21:01:59Z</time></trkpt><trkpt lat="33.027555" lon="-117.193522"><ele>91.891</ele><time>2021-02-06T21:02:00Z</time></trkpt><trkpt lat="33.027734" lon="-117.193300"><ele>91.681</ele><time>2021-02-06T21:02:03Z</time></trkpt><trkpt lat="33.027908" lon="-117.193079"><ele>91.419</ele><time>2021-02-06T21:02:06Z</time></trkpt><trkpt lat="33.028267" lon="-117.192624"><ele>90.808</ele><time>2021-02-06T21:02:12Z</time></trkpt><trkpt lat="33.028327" lon="-117.192547"><ele>90.635</ele><time>2021-02-06T21:02:13Z</time></trkpt><trkpt lat="33.028607" lon="-117.192199"><ele>90.014</ele><time>2021-02-06T21:02:18Z</time></trkpt><trkpt lat="33.028887" lon="-117.191843"><ele>90.282</ele><time>2021-02-06T21:02:24Z</time></trkpt><trkpt lat="33.029130" lon="-117.191565"><ele>92.069</ele><time>2021-02-06T21:02:30Z</time></trkpt><trkpt lat="33.029168" lon="-117.191522"><ele>92.450</ele><time>2021-02-06T21:02:31Z</time></trkpt><trkpt lat="33.029206" lon="-117.191481"><ele>93.055</ele><time>2021-02-06T21:02:32Z</time></trkpt><trkpt lat="33.029294" lon="-117.191396"><ele>94.024</ele><time>2021-02-06T21:02:34Z</time></trkpt><trkpt lat="33.029418" lon="-117.191285"><ele>95.449</ele><time>2021-02-06T21:02:37Z</time></trkpt><trkpt lat="33.029565" lon="-117.191180"><ele>96.279</ele><time>2021-02-06T21:02:40Z</time></trkpt><trkpt lat="33.029618" lon="-117.191146"><ele>96.605</ele><time>2021-02-06T21:02:41Z</time></trkpt><trkpt lat="33.029786" lon="-117.191044"><ele>97.625</ele><time>2021-02-06T21:02:44Z</time></trkpt><trkpt lat="33.029878" lon="-117.190996"><ele>98.008</ele><time>2021-02-06T21:02:46Z</time></trkpt><trkpt lat="33.030018" lon="-117.190924"><ele>98.463</ele><time>2021-02-06T21:02:50Z</time></trkpt><trkpt lat="33.030095" lon="-117.190896"><ele>98.882</ele><time>2021-02-06T21:02:52Z</time></trkpt><trkpt lat="33.030178" lon="-117.190837"><ele>98.870</ele><time>2021-02-06T21:02:54Z</time></trkpt><trkpt lat="33.030422" lon="-117.190684"><ele>99.067</ele><time>2021-02-06T21:02:59Z</time></trkpt><trkpt lat="33.030799" lon="-117.190458"><ele>98.068</ele><time>2021-02-06T21:03:05Z</time></trkpt><trkpt lat="33.030925" lon="-117.190369"><ele>97.873</ele><time>2021-02-06T21:03:07Z</time></trkpt><trkpt lat="33.031133" lon="-117.190211"><ele>96.812</ele><time>2021-02-06T21:03:10Z</time></trkpt><trkpt lat="33.031290" lon="-117.190103"><ele>95.687</ele><time>2021-02-06T21:03:12Z</time></trkpt><trkpt lat="33.031626" lon="-117.189879"><ele>94.872</ele><time>2021-02-06T21:03:16Z</time></trkpt><trkpt lat="33.031710" lon="-117.189824"><ele>94.413</ele><time>2021-02-06T21:03:17Z</time></trkpt><trkpt lat="33.031881" lon="-117.189707"><ele>93.414</ele><time>2021-02-06T21:03:19Z</time></trkpt><trkpt lat="33.032054" lon="-117.189581"><ele>91.808</ele><time>2021-02-06T21:03:21Z</time></trkpt><trkpt lat="33.032140" lon="-117.189513"><ele>91.243</ele><time>2021-02-06T21:03:22Z</time></trkpt><trkpt lat="33.032224" lon="-117.189439"><ele>90.652</ele><time>2021-02-06T21:03:23Z</time></trkpt><trkpt lat="33.032383" lon="-117.189273"><ele>89.620</ele><time>2021-02-06T21:03:25Z</time></trkpt><trkpt lat="33.032462" lon="-117.189185"><ele>88.847</ele><time>2021-02-06T21:03:26Z</time></trkpt><trkpt lat="33.032539" lon="-117.189092"><ele>88.288</ele><time>2021-02-06T21:03:27Z</time></trkpt><trkpt lat="33.032682" lon="-117.188894"><ele>86.873</ele><time>2021-02-06T21:03:29Z</time></trkpt><trkpt lat="33.032814" lon="-117.188692"><ele>85.692</ele><time>2021-02-06T21:03:31Z</time></trkpt><trkpt lat="33.032938" lon="-117.188489"><ele>84.267</ele><time>2021-02-06T21:03:33Z</time></trkpt><trkpt lat="33.033001" lon="-117.188387"><ele>83.242</ele><time>2021-02-06T21:03:34Z</time></trkpt><trkpt lat="33.033130" lon="-117.188179"><ele>81.622</ele><time>2021-02-06T21:03:36Z</time></trkpt><trkpt lat="33.033195" lon="-117.188077"><ele>80.614</ele><time>2021-02-06T21:03:37Z</time></trkpt><trkpt lat="33.033260" lon="-117.187974"><ele>80.008</ele><time>2021-02-06T21:03:38Z</time></trkpt><trkpt lat="33.033325" lon="-117.187870"><ele>79.480</ele><time>2021-02-06T21:03:39Z</time></trkpt><trkpt lat="33.033566" lon="-117.187462"><ele>78.249</ele><time>2021-02-06T21:03:43Z</time></trkpt><trkpt lat="33.033689" lon="-117.187265"><ele>77.417</ele><time>2021-02-06T21:03:45Z</time></trkpt><trkpt lat="33.033938" lon="-117.186867"><ele>77.214</ele><time>2021-02-06T21:03:49Z</time></trkpt><trkpt lat="33.034310" lon="-117.186286"><ele>76.615</ele><time>2021-02-06T21:03:55Z</time></trkpt><trkpt lat="33.034660" lon="-117.185723"><ele>76.620</ele><time>2021-02-06T21:04:01Z</time></trkpt><trkpt lat="33.034884" lon="-117.185359"><ele>76.439</ele><time>2021-02-06T21:04:05Z</time></trkpt><trkpt lat="33.035104" lon="-117.184988"><ele>76.254</ele><time>2021-02-06T21:04:09Z</time></trkpt><trkpt lat="33.035288" lon="-117.184595"><ele>75.677</ele><time>2021-02-06T21:04:13Z</time></trkpt><trkpt lat="33.035453" lon="-117.184201"><ele>75.061</ele><time>2021-02-06T21:04:17Z</time></trkpt><trkpt lat="33.035598" lon="-117.183802"><ele>75.027</ele><time>2021-02-06T21:04:21Z</time></trkpt><trkpt lat="33.035776" lon="-117.183148"><ele>74.808</ele><time>2021-02-06T21:04:27Z</time></trkpt><trkpt lat="33.035800" lon="-117.183040"><ele>74.893</ele><time>2021-02-06T21:04:28Z</time></trkpt><trkpt lat="33.035908" lon="-117.182402"><ele>74.482</ele><time>2021-02-06T21:04:34Z</time></trkpt><trkpt lat="33.035920" lon="-117.182297"><ele>74.640</ele><time>2021-02-06T21:04:35Z</time></trkpt><trkpt lat="33.035976" lon="-117.181602"><ele>75.617</ele><time>2021-02-06T21:04:42Z</time></trkpt><trkpt lat="33.035990" lon="-117.181419"><ele>76.068</ele><time>2021-02-06T21:04:44Z</time></trkpt><trkpt lat="33.036010" lon="-117.180983"><ele>77.473</ele><time>2021-02-06T21:04:49Z</time></trkpt><trkpt lat="33.036010" lon="-117.180898"><ele>77.872</ele><time>2021-02-06T21:04:50Z</time></trkpt><trkpt lat="33.035997" lon="-117.180652"><ele>78.437</ele><time>2021-02-06T21:04:53Z</time></trkpt><trkpt lat="33.035960" lon="-117.180331"><ele>79.684</ele><time>2021-02-06T21:04:57Z</time></trkpt><trkpt lat="33.035913" lon="-117.180100"><ele>80.807</ele><time>2021-02-06T21:05:00Z</time></trkpt><trkpt lat="33.035855" lon="-117.179882"><ele>81.817</ele><time>2021-02-06T21:05:03Z</time></trkpt><trkpt lat="33.035834" lon="-117.179810"><ele>82.008</ele><time>2021-02-06T21:05:04Z</time></trkpt><trkpt lat="33.035754" lon="-117.179514"><ele>83.044</ele><time>2021-02-06T21:05:08Z</time></trkpt><trkpt lat="33.035660" lon="-117.179151"><ele>84.053</ele><time>2021-02-06T21:05:13Z</time></trkpt><trkpt lat="33.035622" lon="-117.179002"><ele>84.261</ele><time>2021-02-06T21:05:15Z</time></trkpt><trkpt lat="33.035484" lon="-117.178457"><ele>85.028</ele><time>2021-02-06T21:05:22Z</time></trkpt><trkpt lat="33.035463" lon="-117.178381"><ele>85.459</ele><time>2021-02-06T21:05:23Z</time></trkpt><trkpt lat="33.035368" lon="-117.178004"><ele>86.464</ele><time>2021-02-06T21:05:28Z</time></trkpt><trkpt lat="33.035290" lon="-117.177691"><ele>86.823</ele><time>2021-02-06T21:05:32Z</time></trkpt><trkpt lat="33.035269" lon="-117.177615"><ele>87.268</ele><time>2021-02-06T21:05:33Z</time></trkpt><trkpt lat="33.035202" lon="-117.177394"><ele>87.473</ele><time>2021-02-06T21:05:36Z</time></trkpt><trkpt lat="33.035070" lon="-117.176946"><ele>88.885</ele><time>2021-02-06T21:05:42Z</time></trkpt><trkpt lat="33.035032" lon="-117.176797"><ele>89.213</ele><time>2021-02-06T21:05:44Z</time></trkpt><trkpt lat="33.034872" lon="-117.176183"><ele>90.008</ele><time>2021-02-06T21:05:52Z</time></trkpt><trkpt lat="33.034813" lon="-117.175955"><ele>90.643</ele><time>2021-02-06T21:05:55Z</time></trkpt><trkpt lat="33.034754" lon="-117.175735"><ele>91.022</ele><time>2021-02-06T21:05:58Z</time></trkpt><trkpt lat="33.034653" lon="-117.175315"><ele>91.890</ele><time>2021-02-06T21:06:04Z</time></trkpt><trkpt lat="33.034619" lon="-117.175178"><ele>92.287</ele><time>2021-02-06T21:06:06Z</time></trkpt><trkpt lat="33.034549" lon="-117.174891"><ele>93.448</ele><time>2021-02-06T21:06:10Z</time></trkpt><trkpt lat="33.034513" lon="-117.174743"><ele>94.263</ele><time>2021-02-06T21:06:12Z</time></trkpt><trkpt lat="33.034498" lon="-117.174668"><ele>94.652</ele><time>2021-02-06T21:06:13Z</time></trkpt><trkpt lat="33.034440" lon="-117.174195"><ele>95.657</ele><time>2021-02-06T21:06:19Z</time></trkpt><trkpt lat="33.034450" lon="-117.173600"><ele>96.216</ele><time>2021-02-06T21:06:26Z</time></trkpt><trkpt lat="33.034540" lon="-117.172885"><ele>96.476</ele><time>2021-02-06T21:06:34Z</time></trkpt><trkpt lat="33.034625" lon="-117.172161"><ele>96.413</ele><time>2021-02-06T21:06:42Z</time></trkpt><trkpt lat="33.034729" lon="-117.171485"><ele>96.408</ele><time>2021-02-06T21:06:50Z</time></trkpt><trkpt lat="33.034742" lon="-117.171407"><ele>96.437</ele><time>2021-02-06T21:06:51Z</time></trkpt><trkpt lat="33.034766" lon="-117.171252"><ele>96.896</ele><time>2021-02-06T21:06:53Z</time></trkpt><trkpt lat="33.034815" lon="-117.170951"><ele>98.234</ele><time>2021-02-06T21:06:57Z</time></trkpt><trkpt lat="33.034846" lon="-117.170728"><ele>98.821</ele><time>2021-02-06T21:07:00Z</time></trkpt><trkpt lat="33.034874" lon="-117.170503"><ele>99.282</ele><time>2021-02-06T21:07:03Z</time></trkpt><trkpt lat="33.034918" lon="-117.170140"><ele>100.277</ele><time>2021-02-06T21:07:08Z</time></trkpt><trkpt lat="33.034929" lon="-117.170071"><ele>100.436</ele><time>2021-02-06T21:07:09Z</time></trkpt><trkpt lat="33.034999" lon="-117.169721"><ele>101.431</ele><time>2021-02-06T21:07:14Z</time></trkpt><trkpt lat="33.035062" lon="-117.169504"><ele>102.062</ele><time>2021-02-06T21:07:17Z</time></trkpt><trkpt lat="33.035139" lon="-117.169282"><ele>102.483</ele><time>2021-02-06T21:07:20Z</time></trkpt><trkpt lat="33.035199" lon="-117.169133"><ele>102.611</ele><time>2021-02-06T21:07:22Z</time></trkpt><trkpt lat="33.035302" lon="-117.168914"><ele>102.608</ele><time>2021-02-06T21:07:25Z</time></trkpt><trkpt lat="33.035628" lon="-117.168391"><ele>102.462</ele><time>2021-02-06T21:07:32Z</time></trkpt><trkpt lat="33.035950" lon="-117.167904"><ele>101.291</ele><time>2021-02-06T21:07:38Z</time></trkpt><trkpt lat="33.036045" lon="-117.167728"><ele>100.819</ele><time>2021-02-06T21:07:40Z</time></trkpt><trkpt lat="33.036168" lon="-117.167454"><ele>100.456</ele><time>2021-02-06T21:07:43Z</time></trkpt><trkpt lat="33.036267" lon="-117.167171"><ele>99.237</ele><time>2021-02-06T21:07:46Z</time></trkpt><trkpt lat="33.036393" lon="-117.166593"><ele>98.472</ele><time>2021-02-06T21:07:52Z</time></trkpt><trkpt lat="33.036419" lon="-117.166403"><ele>98.231</ele><time>2021-02-06T21:07:54Z</time></trkpt><trkpt lat="33.036530" lon="-117.165751"><ele>97.646</ele><time>2021-02-06T21:08:01Z</time></trkpt><trkpt lat="33.036578" lon="-117.165570"><ele>97.473</ele><time>2021-02-06T21:08:03Z</time></trkpt><trkpt lat="33.036828" lon="-117.164923"><ele>97.485</ele><time>2021-02-06T21:08:10Z</time></trkpt><trkpt lat="33.036924" lon="-117.164737"><ele>97.213</ele><time>2021-02-06T21:08:12Z</time></trkpt><trkpt lat="33.037149" lon="-117.164359"><ele>96.008</ele><time>2021-02-06T21:08:16Z</time></trkpt><trkpt lat="33.037400" lon="-117.163874"><ele>94.843</ele><time>2021-02-06T21:08:21Z</time></trkpt><trkpt lat="33.037441" lon="-117.163775"><ele>94.012</ele><time>2021-02-06T21:08:22Z</time></trkpt><trkpt lat="33.037482" lon="-117.163681"><ele>93.650</ele><time>2021-02-06T21:08:23Z</time></trkpt><trkpt lat="33.037554" lon="-117.163510"><ele>92.237</ele><time>2021-02-06T21:08:25Z</time></trkpt><trkpt lat="33.037624" lon="-117.163335"><ele>91.258</ele><time>2021-02-06T21:08:27Z</time></trkpt><trkpt lat="33.037695" lon="-117.163142"><ele>90.043</ele><time>2021-02-06T21:08:29Z</time></trkpt><trkpt lat="33.037775" lon="-117.162943"><ele>88.682</ele><time>2021-02-06T21:08:31Z</time></trkpt><trkpt lat="33.037860" lon="-117.162735"><ele>88.047</ele><time>2021-02-06T21:08:33Z</time></trkpt><trkpt lat="33.037900" lon="-117.162632"><ele>87.694</ele><time>2021-02-06T21:08:34Z</time></trkpt><trkpt lat="33.037982" lon="-117.162427"><ele>86.057</ele><time>2021-02-06T21:08:36Z</time></trkpt><trkpt lat="33.038101" lon="-117.162122"><ele>84.422</ele><time>2021-02-06T21:08:39Z</time></trkpt><trkpt lat="33.038317" lon="-117.161601"><ele>83.608</ele><time>2021-02-06T21:08:44Z</time></trkpt><trkpt lat="33.038361" lon="-117.161492"><ele>83.485</ele><time>2021-02-06T21:08:45Z</time></trkpt><trkpt lat="33.038607" lon="-117.160943"><ele>82.234</ele><time>2021-02-06T21:08:50Z</time></trkpt><trkpt lat="33.038657" lon="-117.160832"><ele>81.892</ele><time>2021-02-06T21:08:51Z</time></trkpt><trkpt lat="33.038758" lon="-117.160608"><ele>81.039</ele><time>2021-02-06T21:08:53Z</time></trkpt><trkpt lat="33.038915" lon="-117.160260"><ele>79.460</ele><time>2021-02-06T21:08:56Z</time></trkpt><trkpt lat="33.039094" lon="-117.159913"><ele>78.655</ele><time>2021-02-06T21:08:59Z</time></trkpt><trkpt lat="33.039289" lon="-117.159579"><ele>77.454</ele><time>2021-02-06T21:09:02Z</time></trkpt><trkpt lat="33.039426" lon="-117.159371"><ele>76.019</ele><time>2021-02-06T21:09:04Z</time></trkpt><trkpt lat="33.039569" lon="-117.159171"><ele>74.667</ele><time>2021-02-06T21:09:06Z</time></trkpt><trkpt lat="33.039802" lon="-117.158883"><ele>73.481</ele><time>2021-02-06T21:09:09Z</time></trkpt><trkpt lat="33.039965" lon="-117.158697"><ele>72.419</ele><time>2021-02-06T21:09:11Z</time></trkpt><trkpt lat="33.040133" lon="-117.158524"><ele>71.008</ele><time>2021-02-06T21:09:13Z</time></trkpt><trkpt lat="33.040303" lon="-117.158362"><ele>69.682</ele><time>2021-02-06T21:09:15Z</time></trkpt><trkpt lat="33.040484" lon="-117.158218"><ele>68.281</ele><time>2021-02-06T21:09:17Z</time></trkpt><trkpt lat="33.040579" lon="-117.158150"><ele>67.219</ele><time>2021-02-06T21:09:18Z</time></trkpt><trkpt lat="33.040674" lon="-117.158080"><ele>65.696</ele><time>2021-02-06T21:09:19Z</time></trkpt><trkpt lat="33.040871" lon="-117.157937"><ele>64.247</ele><time>2021-02-06T21:09:21Z</time></trkpt><trkpt lat="33.041281" lon="-117.157631"><ele>63.422</ele><time>2021-02-06T21:09:25Z</time></trkpt><trkpt lat="33.041386" lon="-117.157549"><ele>63.041</ele><time>2021-02-06T21:09:26Z</time></trkpt><trkpt lat="33.041589" lon="-117.157367"><ele>61.426</ele><time>2021-02-06T21:09:28Z</time></trkpt><trkpt lat="33.041775" lon="-117.157168"><ele>60.037</ele><time>2021-02-06T21:09:30Z</time></trkpt><trkpt lat="33.042016" lon="-117.156849"><ele>58.649</ele><time>2021-02-06T21:09:33Z</time></trkpt><trkpt lat="33.042149" lon="-117.156623"><ele>57.213</ele><time>2021-02-06T21:09:35Z</time></trkpt><trkpt lat="33.042309" lon="-117.156280"><ele>56.008</ele><time>2021-02-06T21:09:38Z</time></trkpt><trkpt lat="33.042390" lon="-117.156047"><ele>55.829</ele><time>2021-02-06T21:09:40Z</time></trkpt><trkpt lat="33.042577" lon="-117.155341"><ele>55.448</ele><time>2021-02-06T21:09:46Z</time></trkpt><trkpt lat="33.042635" lon="-117.155108"><ele>55.436</ele><time>2021-02-06T21:09:48Z</time></trkpt><trkpt lat="33.042784" lon="-117.154527"><ele>55.653</ele><time>2021-02-06T21:09:53Z</time></trkpt><trkpt lat="33.042901" lon="-117.154073"><ele>55.884</ele><time>2021-02-06T21:09:57Z</time></trkpt><trkpt lat="33.043076" lon="-117.153375"><ele>55.829</ele><time>2021-02-06T21:10:03Z</time></trkpt><trkpt lat="33.043115" lon="-117.153135"><ele>55.868</ele><time>2021-02-06T21:10:05Z</time></trkpt><trkpt lat="33.043151" lon="-117.152427"><ele>55.423</ele><time>2021-02-06T21:10:11Z</time></trkpt><trkpt lat="33.043098" lon="-117.151857"><ele>55.256</ele><time>2021-02-06T21:10:16Z</time></trkpt><trkpt lat="33.042947" lon="-117.151218"><ele>54.859</ele><time>2021-02-06T21:10:22Z</time></trkpt><trkpt lat="33.042740" lon="-117.150529"><ele>55.214</ele><time>2021-02-06T21:10:29Z</time></trkpt><trkpt lat="33.042684" lon="-117.150335"><ele>55.408</ele><time>2021-02-06T21:10:31Z</time></trkpt><trkpt lat="33.042505" lon="-117.149674"><ele>56.611</ele><time>2021-02-06T21:10:38Z</time></trkpt><trkpt lat="33.042485" lon="-117.149578"><ele>56.650</ele><time>2021-02-06T21:10:39Z</time></trkpt><trkpt lat="33.042438" lon="-117.149281"><ele>56.858</ele><time>2021-02-06T21:10:42Z</time></trkpt><trkpt lat="33.042400" lon="-117.148878"><ele>57.445</ele><time>2021-02-06T21:10:46Z</time></trkpt><trkpt lat="33.042332" lon="-117.148174"><ele>58.076</ele><time>2021-02-06T21:10:53Z</time></trkpt><trkpt lat="33.042294" lon="-117.147779"><ele>58.081</ele><time>2021-02-06T21:10:57Z</time></trkpt><trkpt lat="33.042263" lon="-117.147099"><ele>58.040</ele><time>2021-02-06T21:11:04Z</time></trkpt><trkpt lat="33.042268" lon="-117.147001"><ele>58.235</ele><time>2021-02-06T21:11:05Z</time></trkpt><trkpt lat="33.042311" lon="-117.146332"><ele>58.428</ele><time>2021-02-06T21:11:12Z</time></trkpt><trkpt lat="33.042315" lon="-117.146151"><ele>58.689</ele><time>2021-02-06T21:11:14Z</time></trkpt><trkpt lat="33.042304" lon="-117.145723"><ele>59.017</ele><time>2021-02-06T21:11:19Z</time></trkpt><trkpt lat="33.042278" lon="-117.145483"><ele>59.208</ele><time>2021-02-06T21:11:22Z</time></trkpt><trkpt lat="33.042244" lon="-117.145247"><ele>60.068</ele><time>2021-02-06T21:11:25Z</time></trkpt><trkpt lat="33.042187" lon="-117.144937"><ele>61.287</ele><time>2021-02-06T21:11:29Z</time></trkpt><trkpt lat="33.042153" lon="-117.144786"><ele>61.845</ele><time>2021-02-06T21:11:31Z</time></trkpt><trkpt lat="33.042097" lon="-117.144568"><ele>62.452</ele><time>2021-02-06T21:11:34Z</time></trkpt><trkpt lat="33.042014" lon="-117.144285"><ele>63.433</ele><time>2021-02-06T21:11:38Z</time></trkpt><trkpt lat="33.041994" lon="-117.144218"><ele>64.078</ele><time>2021-02-06T21:11:39Z</time></trkpt><trkpt lat="33.041912" lon="-117.143944"><ele>65.087</ele><time>2021-02-06T21:11:43Z</time></trkpt><trkpt lat="33.041847" lon="-117.143734"><ele>65.452</ele><time>2021-02-06T21:11:46Z</time></trkpt><trkpt lat="33.041785" lon="-117.143521"><ele>66.259</ele><time>2021-02-06T21:11:49Z</time></trkpt><trkpt lat="33.041690" lon="-117.143229"><ele>66.403</ele><time>2021-02-06T21:11:53Z</time></trkpt><trkpt lat="33.041604" lon="-117.142930"><ele>67.223</ele><time>2021-02-06T21:11:57Z</time></trkpt><trkpt lat="33.041488" lon="-117.142546"><ele>68.008</ele><time>2021-02-06T21:12:02Z</time></trkpt><trkpt lat="33.041464" lon="-117.142466"><ele>68.211</ele><time>2021-02-06T21:12:03Z</time></trkpt><trkpt lat="33.041325" lon="-117.142002"><ele>69.410</ele><time>2021-02-06T21:12:09Z</time></trkpt><trkpt lat="33.041267" lon="-117.141772"><ele>70.268</ele><time>2021-02-06T21:12:12Z</time></trkpt><trkpt lat="33.041217" lon="-117.141543"><ele>70.665</ele><time>2021-02-06T21:12:15Z</time></trkpt><trkpt lat="33.041164" lon="-117.141240"><ele>71.476</ele><time>2021-02-06T21:12:19Z</time></trkpt><trkpt lat="33.041145" lon="-117.141092"><ele>71.641</ele><time>2021-02-06T21:12:21Z</time></trkpt><trkpt lat="33.041112" lon="-117.140492"><ele>72.210</ele><time>2021-02-06T21:12:29Z</time></trkpt><trkpt lat="33.041111" lon="-117.140258"><ele>72.695</ele><time>2021-02-06T21:12:32Z</time></trkpt><trkpt lat="33.041120" lon="-117.139805"><ele>73.688</ele><time>2021-02-06T21:12:38Z</time></trkpt><trkpt lat="33.041122" lon="-117.139733"><ele>73.824</ele><time>2021-02-06T21:12:39Z</time></trkpt><trkpt lat="33.041126" lon="-117.139182"><ele>74.826</ele><time>2021-02-06T21:12:47Z</time></trkpt><trkpt lat="33.041129" lon="-117.139057"><ele>75.608</ele><time>2021-02-06T21:12:49Z</time></trkpt><trkpt lat="33.041131" lon="-117.138998"><ele>76.024</ele><time>2021-02-06T21:12:50Z</time></trkpt><trkpt lat="33.041139" lon="-117.138770"><ele>77.233</ele><time>2021-02-06T21:12:54Z</time></trkpt><trkpt lat="33.041143" lon="-117.138598"><ele>78.221</ele><time>2021-02-06T21:12:57Z</time></trkpt><trkpt lat="33.041145" lon="-117.138540"><ele>78.418</ele><time>2021-02-06T21:12:58Z</time></trkpt><trkpt lat="33.041146" lon="-117.138423"><ele>79.419</ele><time>2021-02-06T21:13:00Z</time></trkpt><trkpt lat="33.041148" lon="-117.138248"><ele>80.884</ele><time>2021-02-06T21:13:03Z</time></trkpt><trkpt lat="33.041150" lon="-117.138073"><ele>82.083</ele><time>2021-02-06T21:13:06Z</time></trkpt><trkpt lat="33.041153" lon="-117.137902"><ele>83.018</ele><time>2021-02-06T21:13:09Z</time></trkpt><trkpt lat="33.041156" lon="-117.137732"><ele>84.066</ele><time>2021-02-06T21:13:12Z</time></trkpt><trkpt lat="33.041156" lon="-117.137456"><ele>85.429</ele><time>2021-02-06T21:13:17Z</time></trkpt><trkpt lat="33.041158" lon="-117.137403"><ele>85.821</ele><time>2021-02-06T21:13:18Z</time></trkpt><trkpt lat="33.041163" lon="-117.137243"><ele>86.408</ele><time>2021-02-06T21:13:21Z</time></trkpt><trkpt lat="33.041176" lon="-117.137023"><ele>87.622</ele><time>2021-02-06T21:13:25Z</time></trkpt><trkpt lat="33.041191" lon="-117.136856"><ele>89.281</ele><time>2021-02-06T21:13:28Z</time></trkpt><trkpt lat="33.041215" lon="-117.136636"><ele>90.269</ele><time>2021-02-06T21:13:32Z</time></trkpt><trkpt lat="33.041258" lon="-117.136361"><ele>91.476</ele><time>2021-02-06T21:13:37Z</time></trkpt><trkpt lat="33.041287" lon="-117.136198"><ele>92.447</ele><time>2021-02-06T21:13:40Z</time></trkpt><trkpt lat="33.041324" lon="-117.135978"><ele>93.432</ele><time>2021-02-06T21:13:44Z</time></trkpt><trkpt lat="33.041334" lon="-117.135923"><ele>93.631</ele><time>2021-02-06T21:13:45Z</time></trkpt><trkpt lat="33.041366" lon="-117.135762"><ele>94.896</ele><time>2021-02-06T21:13:48Z</time></trkpt><trkpt lat="33.041408" lon="-117.135545"><ele>96.052</ele><time>2021-02-06T21:13:52Z</time></trkpt><trkpt lat="33.041436" lon="-117.135384"><ele>97.253</ele><time>2021-02-06T21:13:55Z</time></trkpt><trkpt lat="33.041455" lon="-117.135275"><ele>97.808</ele><time>2021-02-06T21:13:57Z</time></trkpt><trkpt lat="33.041475" lon="-117.135166"><ele>98.208</ele><time>2021-02-06T21:13:59Z</time></trkpt><trkpt lat="33.041506" lon="-117.135001"><ele>99.671</ele><time>2021-02-06T21:14:02Z</time></trkpt><trkpt lat="33.041539" lon="-117.134834"><ele>100.840</ele><time>2021-02-06T21:14:05Z</time></trkpt><trkpt lat="33.041567" lon="-117.134723"><ele>101.658</ele><time>2021-02-06T21:14:07Z</time></trkpt><trkpt lat="33.041600" lon="-117.134613"><ele>102.035</ele><time>2021-02-06T21:14:09Z</time></trkpt><trkpt lat="33.041701" lon="-117.134346"><ele>103.296</ele><time>2021-02-06T21:14:14Z</time></trkpt><trkpt lat="33.041773" lon="-117.134192"><ele>104.261</ele><time>2021-02-06T21:14:17Z</time></trkpt><trkpt lat="33.041800" lon="-117.134142"><ele>104.690</ele><time>2021-02-06T21:14:18Z</time></trkpt><trkpt lat="33.041917" lon="-117.133949"><ele>105.665</ele><time>2021-02-06T21:14:22Z</time></trkpt><trkpt lat="33.042049" lon="-117.133773"><ele>106.825</ele><time>2021-02-06T21:14:26Z</time></trkpt><trkpt lat="33.042159" lon="-117.133655"><ele>108.226</ele><time>2021-02-06T21:14:29Z</time></trkpt><trkpt lat="33.042317" lon="-117.133506"><ele>109.408</ele><time>2021-02-06T21:14:33Z</time></trkpt><trkpt lat="33.042360" lon="-117.133472"><ele>109.608</ele><time>2021-02-06T21:14:34Z</time></trkpt><trkpt lat="33.042490" lon="-117.133379"><ele>110.688</ele><time>2021-02-06T21:14:37Z</time></trkpt><trkpt lat="33.042667" lon="-117.133275"><ele>111.837</ele><time>2021-02-06T21:14:41Z</time></trkpt><trkpt lat="33.042883" lon="-117.133168"><ele>113.235</ele><time>2021-02-06T21:14:46Z</time></trkpt><trkpt lat="33.043026" lon="-117.133109"><ele>114.282</ele><time>2021-02-06T21:14:49Z</time></trkpt><trkpt lat="33.043220" lon="-117.133034"><ele>115.273</ele><time>2021-02-06T21:14:53Z</time></trkpt><trkpt lat="33.043410" lon="-117.132960"><ele>116.628</ele><time>2021-02-06T21:14:57Z</time></trkpt><trkpt lat="33.043595" lon="-117.132882"><ele>117.297</ele><time>2021-02-06T21:15:01Z</time></trkpt><trkpt lat="33.043830" lon="-117.132786"><ele>118.042</ele><time>2021-02-06T21:15:06Z</time></trkpt><trkpt lat="33.043926" lon="-117.132750"><ele>119.452</ele><time>2021-02-06T21:15:08Z</time></trkpt><trkpt lat="33.044068" lon="-117.132692"><ele>120.653</ele><time>2021-02-06T21:15:11Z</time></trkpt><trkpt lat="33.044116" lon="-117.132671"><ele>121.008</ele><time>2021-02-06T21:15:12Z</time></trkpt><trkpt lat="33.044211" lon="-117.132631"><ele>121.808</ele><time>2021-02-06T21:15:14Z</time></trkpt><trkpt lat="33.044398" lon="-117.132541"><ele>123.041</ele><time>2021-02-06T21:15:18Z</time></trkpt><trkpt lat="33.044534" lon="-117.132460"><ele>124.210</ele><time>2021-02-06T21:15:21Z</time></trkpt><trkpt lat="33.044707" lon="-117.132336"><ele>125.248</ele><time>2021-02-06T21:15:25Z</time></trkpt><trkpt lat="33.044864" lon="-117.132189"><ele>126.435</ele><time>2021-02-06T21:15:29Z</time></trkpt><trkpt lat="33.045037" lon="-117.131986"><ele>127.656</ele><time>2021-02-06T21:15:34Z</time></trkpt><trkpt lat="33.045129" lon="-117.131858"><ele>128.691</ele><time>2021-02-06T21:15:37Z</time></trkpt><trkpt lat="33.045156" lon="-117.131814"><ele>129.010</ele><time>2021-02-06T21:15:38Z</time></trkpt><trkpt lat="33.045205" lon="-117.131722"><ele>129.835</ele><time>2021-02-06T21:15:40Z</time></trkpt><trkpt lat="33.045305" lon="-117.131543"><ele>131.093</ele><time>2021-02-06T21:15:44Z</time></trkpt><trkpt lat="33.045354" lon="-117.131450"><ele>131.465</ele><time>2021-02-06T21:15:46Z</time></trkpt><trkpt lat="33.045402" lon="-117.131362"><ele>132.221</ele><time>2021-02-06T21:15:48Z</time></trkpt><trkpt lat="33.045498" lon="-117.131190"><ele>133.408</ele><time>2021-02-06T21:15:52Z</time></trkpt><trkpt lat="33.045548" lon="-117.131102"><ele>134.835</ele><time>2021-02-06T21:15:54Z</time></trkpt><trkpt lat="33.045572" lon="-117.131058"><ele>135.274</ele><time>2021-02-06T21:15:55Z</time></trkpt><trkpt lat="33.045673" lon="-117.130881"><ele>136.082</ele><time>2021-02-06T21:15:59Z</time></trkpt><trkpt lat="33.045758" lon="-117.130763"><ele>137.259</ele><time>2021-02-06T21:16:02Z</time></trkpt><trkpt lat="33.045785" lon="-117.130725"><ele>137.470</ele><time>2021-02-06T21:16:03Z</time></trkpt><trkpt lat="33.045881" lon="-117.130613"><ele>138.475</ele><time>2021-02-06T21:16:06Z</time></trkpt><trkpt lat="33.045979" lon="-117.130502"><ele>139.484</ele><time>2021-02-06T21:16:09Z</time></trkpt><trkpt lat="33.046011" lon="-117.130469"><ele>139.689</ele><time>2021-02-06T21:16:10Z</time></trkpt><trkpt lat="33.046151" lon="-117.130328"><ele>140.647</ele><time>2021-02-06T21:16:14Z</time></trkpt><trkpt lat="33.046330" lon="-117.130138"><ele>142.029</ele><time>2021-02-06T21:16:19Z</time></trkpt><trkpt lat="33.046507" lon="-117.129928"><ele>143.021</ele><time>2021-02-06T21:16:24Z</time></trkpt><trkpt lat="33.046604" lon="-117.129793"><ele>143.808</ele><time>2021-02-06T21:16:27Z</time></trkpt><trkpt lat="33.046701" lon="-117.129650"><ele>144.490</ele><time>2021-02-06T21:16:30Z</time></trkpt><trkpt lat="33.046808" lon="-117.129437"><ele>145.699</ele><time>2021-02-06T21:16:34Z</time></trkpt><trkpt lat="33.046860" lon="-117.129323"><ele>146.617</ele><time>2021-02-06T21:16:36Z</time></trkpt><trkpt lat="33.046974" lon="-117.128983"><ele>148.044</ele><time>2021-02-06T21:16:41Z</time></trkpt><trkpt lat="33.047082" lon="-117.128520"><ele>149.235</ele><time>2021-02-06T21:16:47Z</time></trkpt><trkpt lat="33.047130" lon="-117.128297"><ele>150.290</ele><time>2021-02-06T21:16:50Z</time></trkpt><trkpt lat="33.047146" lon="-117.128228"><ele>150.469</ele><time>2021-02-06T21:16:51Z</time></trkpt><trkpt lat="33.047264" lon="-117.127854"><ele>151.094</ele><time>2021-02-06T21:16:57Z</time></trkpt><trkpt lat="33.047290" lon="-117.127795"><ele>151.449</ele><time>2021-02-06T21:16:58Z</time></trkpt><trkpt lat="33.047409" lon="-117.127548"><ele>152.402</ele><time>2021-02-06T21:17:02Z</time></trkpt><trkpt lat="33.047481" lon="-117.127432"><ele>152.622</ele><time>2021-02-06T21:17:04Z</time></trkpt><trkpt lat="33.047588" lon="-117.127269"><ele>152.808</ele><time>2021-02-06T21:17:08Z</time></trkpt><trkpt lat="33.047590" lon="-117.127261"><ele>153.070</ele><time>2021-02-06T21:17:11Z</time></trkpt><trkpt lat="33.047597" lon="-117.127237"><ele>154.039</ele><time>2021-02-06T21:18:13Z</time></trkpt><trkpt lat="33.047686" lon="-117.127131"><ele>154.017</ele><time>2021-02-06T21:18:17Z</time></trkpt><trkpt lat="33.047897" lon="-117.126885"><ele>153.414</ele><time>2021-02-06T21:18:23Z</time></trkpt><trkpt lat="33.048025" lon="-117.126734"><ele>153.075</ele><time>2021-02-06T21:18:26Z</time></trkpt><trkpt lat="33.048197" lon="-117.126520"><ele>152.630</ele><time>2021-02-06T21:18:30Z</time></trkpt><trkpt lat="33.048380" lon="-117.126292"><ele>152.049</ele><time>2021-02-06T21:18:34Z</time></trkpt><trkpt lat="33.048526" lon="-117.126113"><ele>151.634</ele><time>2021-02-06T21:18:37Z</time></trkpt><trkpt lat="33.048803" lon="-117.125717"><ele>151.217</ele><time>2021-02-06T21:18:43Z</time></trkpt><trkpt lat="33.048889" lon="-117.125565"><ele>150.687</ele><time>2021-02-06T21:18:45Z</time></trkpt><trkpt lat="33.049046" lon="-117.125243"><ele>150.015</ele><time>2021-02-06T21:18:49Z</time></trkpt><trkpt lat="33.049141" lon="-117.124983"><ele>149.408</ele><time>2021-02-06T21:18:52Z</time></trkpt><trkpt lat="33.049169" lon="-117.124894"><ele>149.447</ele><time>2021-02-06T21:18:53Z</time></trkpt><trkpt lat="33.049325" lon="-117.124259"><ele>149.066</ele><time>2021-02-06T21:19:00Z</time></trkpt><trkpt lat="33.049524" lon="-117.123636"><ele>149.274</ele><time>2021-02-06T21:19:07Z</time></trkpt><trkpt lat="33.049800" lon="-117.123174"><ele>149.241</ele><time>2021-02-06T21:19:13Z</time></trkpt><trkpt lat="33.050175" lon="-117.122787"><ele>149.292</ele><time>2021-02-06T21:19:19Z</time></trkpt><trkpt lat="33.050555" lon="-117.122562"><ele>149.027</ele><time>2021-02-06T21:19:24Z</time></trkpt><trkpt lat="33.050722" lon="-117.122499"><ele>149.046</ele><time>2021-02-06T21:19:26Z</time></trkpt><trkpt lat="33.051073" lon="-117.122407"><ele>148.841</ele><time>2021-02-06T21:19:30Z</time></trkpt><trkpt lat="33.051593" lon="-117.122295"><ele>148.223</ele><time>2021-02-06T21:19:36Z</time></trkpt><trkpt lat="33.051835" lon="-117.122241"><ele>148.283</ele><time>2021-02-06T21:19:39Z</time></trkpt><trkpt lat="33.052418" lon="-117.122116"><ele>148.611</ele><time>2021-02-06T21:19:47Z</time></trkpt><trkpt lat="33.052549" lon="-117.122088"><ele>149.408</ele><time>2021-02-06T21:19:49Z</time></trkpt><trkpt lat="33.052678" lon="-117.122059"><ele>150.638</ele><time>2021-02-06T21:19:51Z</time></trkpt><trkpt lat="33.052927" lon="-117.121998"><ele>151.677</ele><time>2021-02-06T21:19:55Z</time></trkpt><trkpt lat="33.053053" lon="-117.121973"><ele>152.025</ele><time>2021-02-06T21:19:57Z</time></trkpt><trkpt lat="33.053235" lon="-117.121931"><ele>152.882</ele><time>2021-02-06T21:20:00Z</time></trkpt><trkpt lat="33.053413" lon="-117.121899"><ele>154.053</ele><time>2021-02-06T21:20:03Z</time></trkpt><trkpt lat="33.053579" lon="-117.121870"><ele>154.898</ele><time>2021-02-06T21:20:06Z</time></trkpt><trkpt lat="33.053634" lon="-117.121864"><ele>155.297</ele><time>2021-02-06T21:20:07Z</time></trkpt><trkpt lat="33.053746" lon="-117.121857"><ele>156.282</ele><time>2021-02-06T21:20:09Z</time></trkpt><trkpt lat="33.053965" lon="-117.121857"><ele>157.621</ele><time>2021-02-06T21:20:13Z</time></trkpt><trkpt lat="33.054073" lon="-117.121862"><ele>158.041</ele><time>2021-02-06T21:20:15Z</time></trkpt><trkpt lat="33.054180" lon="-117.121877"><ele>158.605</ele><time>2021-02-06T21:20:17Z</time></trkpt><trkpt lat="33.054393" lon="-117.121929"><ele>159.608</ele><time>2021-02-06T21:20:21Z</time></trkpt><trkpt lat="33.054502" lon="-117.121959"><ele>160.068</ele><time>2021-02-06T21:20:23Z</time></trkpt><trkpt lat="33.054668" lon="-117.122016"><ele>160.827</ele><time>2021-02-06T21:20:26Z</time></trkpt><trkpt lat="33.054889" lon="-117.122105"><ele>162.065</ele><time>2021-02-06T21:20:30Z</time></trkpt><trkpt lat="33.055385" lon="-117.122338"><ele>163.052</ele><time>2021-02-06T21:20:39Z</time></trkpt><trkpt lat="33.055495" lon="-117.122383"><ele>163.663</ele><time>2021-02-06T21:20:41Z</time></trkpt><trkpt lat="33.055832" lon="-117.122468"><ele>164.298</ele><time>2021-02-06T21:20:47Z</time></trkpt><trkpt lat="33.055888" lon="-117.122478"><ele>164.467</ele><time>2021-02-06T21:20:48Z</time></trkpt><trkpt lat="33.056062" lon="-117.122495"><ele>165.422</ele><time>2021-02-06T21:20:51Z</time></trkpt><trkpt lat="33.056290" lon="-117.122499"><ele>166.443</ele><time>2021-02-06T21:20:55Z</time></trkpt><trkpt lat="33.056347" lon="-117.122493"><ele>166.864</ele><time>2021-02-06T21:20:56Z</time></trkpt><trkpt lat="33.056520" lon="-117.122478"><ele>167.610</ele><time>2021-02-06T21:20:59Z</time></trkpt><trkpt lat="33.056694" lon="-117.122464"><ele>168.608</ele><time>2021-02-06T21:21:02Z</time></trkpt><trkpt lat="33.056871" lon="-117.122445"><ele>170.030</ele><time>2021-02-06T21:21:05Z</time></trkpt><trkpt lat="33.056931" lon="-117.122439"><ele>170.269</ele><time>2021-02-06T21:21:06Z</time></trkpt><trkpt lat="33.057113" lon="-117.122426"><ele>171.277</ele><time>2021-02-06T21:21:09Z</time></trkpt><trkpt lat="33.057292" lon="-117.122424"><ele>172.234</ele><time>2021-02-06T21:21:12Z</time></trkpt><trkpt lat="33.057478" lon="-117.122441"><ele>173.495</ele><time>2021-02-06T21:21:15Z</time></trkpt><trkpt lat="33.057541" lon="-117.122450"><ele>173.640</ele><time>2021-02-06T21:21:16Z</time></trkpt><trkpt lat="33.057844" lon="-117.122524"><ele>174.869</ele><time>2021-02-06T21:21:21Z</time></trkpt><trkpt lat="33.057907" lon="-117.122546"><ele>174.884</ele><time>2021-02-06T21:21:22Z</time></trkpt><trkpt lat="33.058407" lon="-117.122798"><ele>175.419</ele><time>2021-02-06T21:21:30Z</time></trkpt><trkpt lat="33.058770" lon="-117.123102"><ele>175.209</ele><time>2021-02-06T21:21:36Z</time></trkpt><trkpt lat="33.059132" lon="-117.123492"><ele>174.419</ele><time>2021-02-06T21:21:42Z</time></trkpt><trkpt lat="33.059336" lon="-117.123719"><ele>173.608</ele><time>2021-02-06T21:21:45Z</time></trkpt><trkpt lat="33.059568" lon="-117.123943"><ele>172.287</ele><time>2021-02-06T21:21:48Z</time></trkpt><trkpt lat="33.059839" lon="-117.124149"><ele>171.076</ele><time>2021-02-06T21:21:51Z</time></trkpt><trkpt lat="33.060039" lon="-117.124263"><ele>169.634</ele><time>2021-02-06T21:21:53Z</time></trkpt><trkpt lat="33.060144" lon="-117.124311"><ele>168.871</ele><time>2021-02-06T21:21:54Z</time></trkpt><trkpt lat="33.060250" lon="-117.124355"><ele>168.022</ele><time>2021-02-06T21:21:55Z</time></trkpt><trkpt lat="33.060577" lon="-117.124440"><ele>166.467</ele><time>2021-02-06T21:21:58Z</time></trkpt><trkpt lat="33.060689" lon="-117.124454"><ele>165.456</ele><time>2021-02-06T21:21:59Z</time></trkpt><trkpt lat="33.060799" lon="-117.124463"><ele>164.461</ele><time>2021-02-06T21:22:00Z</time></trkpt><trkpt lat="33.060908" lon="-117.124470"><ele>163.419</ele><time>2021-02-06T21:22:01Z</time></trkpt><trkpt lat="33.061015" lon="-117.124474"><ele>161.809</ele><time>2021-02-06T21:22:02Z</time></trkpt><trkpt lat="33.061120" lon="-117.124472"><ele>161.419</ele><time>2021-02-06T21:22:03Z</time></trkpt><trkpt lat="33.061322" lon="-117.124453"><ele>160.408</ele><time>2021-02-06T21:22:05Z</time></trkpt><trkpt lat="33.061609" lon="-117.124401"><ele>159.847</ele><time>2021-02-06T21:22:08Z</time></trkpt><trkpt lat="33.062109" lon="-117.124317"><ele>159.626</ele><time>2021-02-06T21:22:14Z</time></trkpt><trkpt lat="33.062670" lon="-117.124230"><ele>161.414</ele><time>2021-02-06T21:22:22Z</time></trkpt><trkpt lat="33.062931" lon="-117.124191"><ele>162.831</ele><time>2021-02-06T21:22:26Z</time></trkpt><trkpt lat="33.063187" lon="-117.124135"><ele>163.842</ele><time>2021-02-06T21:22:30Z</time></trkpt><trkpt lat="33.063252" lon="-117.124120"><ele>164.267</ele><time>2021-02-06T21:22:31Z</time></trkpt><trkpt lat="33.063513" lon="-117.124094"><ele>165.066</ele><time>2021-02-06T21:22:35Z</time></trkpt><trkpt lat="33.063718" lon="-117.124077"><ele>166.051</ele><time>2021-02-06T21:22:38Z</time></trkpt><trkpt lat="33.063786" lon="-117.124071"><ele>166.296</ele><time>2021-02-06T21:22:39Z</time></trkpt><trkpt lat="33.064359" lon="-117.124028"><ele>166.631</ele><time>2021-02-06T21:22:47Z</time></trkpt><trkpt lat="33.064506" lon="-117.124015"><ele>166.624</ele><time>2021-02-06T21:22:49Z</time></trkpt><trkpt lat="33.065108" lon="-117.123921"><ele>166.608</ele><time>2021-02-06T21:22:57Z</time></trkpt><trkpt lat="33.065488" lon="-117.123774"><ele>165.025</ele><time>2021-02-06T21:23:02Z</time></trkpt><trkpt lat="33.065564" lon="-117.123734"><ele>164.634</ele><time>2021-02-06T21:23:03Z</time></trkpt><trkpt lat="33.065995" lon="-117.123433"><ele>163.892</ele><time>2021-02-06T21:23:09Z</time></trkpt><trkpt lat="33.066250" lon="-117.123196"><ele>162.819</ele><time>2021-02-06T21:23:13Z</time></trkpt><trkpt lat="33.066427" lon="-117.123029"><ele>162.610</ele><time>2021-02-06T21:23:16Z</time></trkpt><trkpt lat="33.066871" lon="-117.122637"><ele>163.015</ele><time>2021-02-06T21:23:24Z</time></trkpt><trkpt lat="33.067203" lon="-117.122431"><ele>164.224</ele><time>2021-02-06T21:23:30Z</time></trkpt><trkpt lat="33.067256" lon="-117.122404"><ele>164.439</ele><time>2021-02-06T21:23:31Z</time></trkpt><trkpt lat="33.067417" lon="-117.122336"><ele>165.463</ele><time>2021-02-06T21:23:34Z</time></trkpt><trkpt lat="33.067636" lon="-117.122267"><ele>166.444</ele><time>2021-02-06T21:23:38Z</time></trkpt><trkpt lat="33.067692" lon="-117.122255"><ele>166.418</ele><time>2021-02-06T21:23:39Z</time></trkpt><trkpt lat="33.068095" lon="-117.122184"><ele>167.808</ele><time>2021-02-06T21:23:46Z</time></trkpt><trkpt lat="33.068271" lon="-117.122160"><ele>168.692</ele><time>2021-02-06T21:23:49Z</time></trkpt><trkpt lat="33.068390" lon="-117.122145"><ele>169.081</ele><time>2021-02-06T21:23:51Z</time></trkpt><trkpt lat="33.068627" lon="-117.122108"><ele>170.219</ele><time>2021-02-06T21:23:55Z</time></trkpt><trkpt lat="33.068866" lon="-117.122073"><ele>171.056</ele><time>2021-02-06T21:23:59Z</time></trkpt><trkpt lat="33.069103" lon="-117.122043"><ele>171.217</ele><time>2021-02-06T21:24:03Z</time></trkpt><trkpt lat="33.069287" lon="-117.122015"><ele>172.242</ele><time>2021-02-06T21:24:06Z</time></trkpt><trkpt lat="33.069348" lon="-117.122005"><ele>172.441</ele><time>2021-02-06T21:24:07Z</time></trkpt><trkpt lat="33.069657" lon="-117.121953"><ele>173.036</ele><time>2021-02-06T21:24:12Z</time></trkpt><trkpt lat="33.069899" lon="-117.121918"><ele>173.428</ele><time>2021-02-06T21:24:16Z</time></trkpt><trkpt lat="33.069958" lon="-117.121908"><ele>173.689</ele><time>2021-02-06T21:24:17Z</time></trkpt><trkpt lat="33.070312" lon="-117.121852"><ele>174.417</ele><time>2021-02-06T21:24:23Z</time></trkpt><trkpt lat="33.070554" lon="-117.121814"><ele>175.608</ele><time>2021-02-06T21:24:27Z</time></trkpt><trkpt lat="33.070679" lon="-117.121793"><ele>176.038</ele><time>2021-02-06T21:24:29Z</time></trkpt><trkpt lat="33.070872" lon="-117.121763"><ele>176.647</ele><time>2021-02-06T21:24:32Z</time></trkpt><trkpt lat="33.071190" lon="-117.121712"><ele>177.265</ele><time>2021-02-06T21:24:37Z</time></trkpt><trkpt lat="33.071366" lon="-117.121686"><ele>178.082</ele><time>2021-02-06T21:24:40Z</time></trkpt><trkpt lat="33.071556" lon="-117.121655"><ele>178.633</ele><time>2021-02-06T21:24:44Z</time></trkpt><trkpt lat="33.071586" lon="-117.121646"><ele>179.098</ele><time>2021-02-06T21:24:47Z</time></trkpt><trkpt lat="33.071584" lon="-117.121645"><ele>179.247</ele><time>2021-02-06T21:24:48Z</time></trkpt><trkpt lat="33.071612" lon="-117.121622"><ele>181.242</ele><time>2021-02-06T21:27:41Z</time></trkpt><trkpt lat="33.071655" lon="-117.121615"><ele>181.257</ele><time>2021-02-06T21:27:43Z</time></trkpt><trkpt lat="33.071824" lon="-117.121588"><ele>181.000</ele><time>2021-02-06T21:27:48Z</time></trkpt><trkpt lat="33.072197" lon="-117.121534"><ele>180.620</ele><time>2021-02-06T21:27:55Z</time></trkpt><trkpt lat="33.072585" lon="-117.121471"><ele>180.208</ele><time>2021-02-06T21:28:01Z</time></trkpt><trkpt lat="33.072725" lon="-117.121450"><ele>180.081</ele><time>2021-02-06T21:28:03Z</time></trkpt><trkpt lat="33.073022" lon="-117.121404"><ele>179.060</ele><time>2021-02-06T21:28:07Z</time></trkpt><trkpt lat="33.073344" lon="-117.121357"><ele>178.088</ele><time>2021-02-06T21:28:11Z</time></trkpt><trkpt lat="33.073430" lon="-117.121345"><ele>177.895</ele><time>2021-02-06T21:28:12Z</time></trkpt><trkpt lat="33.073789" lon="-117.121291"><ele>176.846</ele><time>2021-02-06T21:28:16Z</time></trkpt><trkpt lat="33.073980" lon="-117.121263"><ele>176.421</ele><time>2021-02-06T21:28:18Z</time></trkpt><trkpt lat="33.074177" lon="-117.121233"><ele>175.620</ele><time>2021-02-06T21:28:20Z</time></trkpt><trkpt lat="33.074486" lon="-117.121185"><ele>174.655</ele><time>2021-02-06T21:28:23Z</time></trkpt><trkpt lat="33.074697" lon="-117.121151"><ele>173.674</ele><time>2021-02-06T21:28:25Z</time></trkpt><trkpt lat="33.074805" lon="-117.121133"><ele>173.056</ele><time>2021-02-06T21:28:26Z</time></trkpt><trkpt lat="33.074913" lon="-117.121117"><ele>172.421</ele><time>2021-02-06T21:28:27Z</time></trkpt><trkpt lat="33.075135" lon="-117.121083"><ele>170.608</ele><time>2021-02-06T21:28:29Z</time></trkpt><trkpt lat="33.075363" lon="-117.121049"><ele>169.443</ele><time>2021-02-06T21:28:31Z</time></trkpt><trkpt lat="33.075709" lon="-117.120995"><ele>168.272</ele><time>2021-02-06T21:28:34Z</time></trkpt><trkpt lat="33.076057" lon="-117.120941"><ele>167.010</ele><time>2021-02-06T21:28:37Z</time></trkpt><trkpt lat="33.076288" lon="-117.120904"><ele>165.877</ele><time>2021-02-06T21:28:39Z</time></trkpt><trkpt lat="33.076519" lon="-117.120868"><ele>164.628</ele><time>2021-02-06T21:28:41Z</time></trkpt><trkpt lat="33.076751" lon="-117.120832"><ele>163.043</ele><time>2021-02-06T21:28:43Z</time></trkpt><trkpt lat="33.076982" lon="-117.120792"><ele>161.812</ele><time>2021-02-06T21:28:45Z</time></trkpt><trkpt lat="33.077098" lon="-117.120772"><ele>161.027</ele><time>2021-02-06T21:28:46Z</time></trkpt><trkpt lat="33.077331" lon="-117.120736"><ele>160.494</ele><time>2021-02-06T21:28:48Z</time></trkpt><trkpt lat="33.077679" lon="-117.120679"><ele>159.257</ele><time>2021-02-06T21:28:51Z</time></trkpt><trkpt lat="33.077913" lon="-117.120642"><ele>158.022</ele><time>2021-02-06T21:28:53Z</time></trkpt><trkpt lat="33.078146" lon="-117.120605"><ele>156.808</ele><time>2021-02-06T21:28:55Z</time></trkpt><trkpt lat="33.078378" lon="-117.120570"><ele>156.075</ele><time>2021-02-06T21:28:57Z</time></trkpt><trkpt lat="33.078494" lon="-117.120552"><ele>155.214</ele><time>2021-02-06T21:28:58Z</time></trkpt><trkpt lat="33.078843" lon="-117.120498"><ele>153.812</ele><time>2021-02-06T21:29:01Z</time></trkpt><trkpt lat="33.079183" lon="-117.120444"><ele>152.469</ele><time>2021-02-06T21:29:04Z</time></trkpt><trkpt lat="33.079523" lon="-117.120392"><ele>150.090</ele><time>2021-02-06T21:29:07Z</time></trkpt><trkpt lat="33.079751" lon="-117.120355"><ele>148.895</ele><time>2021-02-06T21:29:09Z</time></trkpt><trkpt lat="33.080097" lon="-117.120296"><ele>147.614</ele><time>2021-02-06T21:29:12Z</time></trkpt><trkpt lat="33.080437" lon="-117.120223"><ele>145.839</ele><time>2021-02-06T21:29:15Z</time></trkpt><trkpt lat="33.080549" lon="-117.120198"><ele>145.611</ele><time>2021-02-06T21:29:16Z</time></trkpt><trkpt lat="33.080767" lon="-117.120144"><ele>144.621</ele><time>2021-02-06T21:29:18Z</time></trkpt><trkpt lat="33.081277" lon="-117.120007"><ele>144.003</ele><time>2021-02-06T21:29:23Z</time></trkpt><trkpt lat="33.081793" lon="-117.119866"><ele>144.208</ele><time>2021-02-06T21:29:29Z</time></trkpt><trkpt lat="33.082233" lon="-117.119753"><ele>146.257</ele><time>2021-02-06T21:29:35Z</time></trkpt><trkpt lat="33.082301" lon="-117.119736"><ele>146.846</ele><time>2021-02-06T21:29:36Z</time></trkpt><trkpt lat="33.082367" lon="-117.119719"><ele>147.234</ele><time>2021-02-06T21:29:37Z</time></trkpt><trkpt lat="33.082553" lon="-117.119654"><ele>148.811</ele><time>2021-02-06T21:29:40Z</time></trkpt><trkpt lat="33.082677" lon="-117.119608"><ele>150.072</ele><time>2021-02-06T21:29:42Z</time></trkpt><trkpt lat="33.082865" lon="-117.119505"><ele>151.247</ele><time>2021-02-06T21:29:45Z</time></trkpt><trkpt lat="33.082988" lon="-117.119428"><ele>151.866</ele><time>2021-02-06T21:29:47Z</time></trkpt><trkpt lat="33.083169" lon="-117.119316"><ele>152.221</ele><time>2021-02-06T21:29:50Z</time></trkpt><trkpt lat="33.083284" lon="-117.119239"><ele>152.427</ele><time>2021-02-06T21:29:52Z</time></trkpt><trkpt lat="33.083438" lon="-117.119119"><ele>153.468</ele><time>2021-02-06T21:29:55Z</time></trkpt><trkpt lat="33.083535" lon="-117.119036"><ele>153.814</ele><time>2021-02-06T21:29:57Z</time></trkpt><trkpt lat="33.083627" lon="-117.118941"><ele>154.808</ele><time>2021-02-06T21:29:59Z</time></trkpt><trkpt lat="33.083673" lon="-117.118896"><ele>155.058</ele><time>2021-02-06T21:30:00Z</time></trkpt><trkpt lat="33.083806" lon="-117.118765"><ele>156.217</ele><time>2021-02-06T21:30:03Z</time></trkpt><trkpt lat="33.083937" lon="-117.118644"><ele>157.485</ele><time>2021-02-06T21:30:06Z</time></trkpt><trkpt lat="33.084061" lon="-117.118522"><ele>158.852</ele><time>2021-02-06T21:30:09Z</time></trkpt><trkpt lat="33.084180" lon="-117.118400"><ele>160.083</ele><time>2021-02-06T21:30:12Z</time></trkpt><trkpt lat="33.084297" lon="-117.118285"><ele>161.468</ele><time>2021-02-06T21:30:15Z</time></trkpt><trkpt lat="33.084448" lon="-117.118128"><ele>162.687</ele><time>2021-02-06T21:30:19Z</time></trkpt><trkpt lat="33.084638" lon="-117.117933"><ele>164.212</ele><time>2021-02-06T21:30:24Z</time></trkpt><trkpt lat="33.084795" lon="-117.117773"><ele>165.213</ele><time>2021-02-06T21:30:28Z</time></trkpt><trkpt lat="33.084913" lon="-117.117654"><ele>166.243</ele><time>2021-02-06T21:30:31Z</time></trkpt><trkpt lat="33.085063" lon="-117.117498"><ele>167.407</ele><time>2021-02-06T21:30:35Z</time></trkpt><trkpt lat="33.085139" lon="-117.117418"><ele>168.008</ele><time>2021-02-06T21:30:37Z</time></trkpt><trkpt lat="33.085300" lon="-117.117258"><ele>168.657</ele><time>2021-02-06T21:30:41Z</time></trkpt><trkpt lat="33.085466" lon="-117.117091"><ele>169.646</ele><time>2021-02-06T21:30:45Z</time></trkpt><trkpt lat="33.085507" lon="-117.117045"><ele>169.644</ele><time>2021-02-06T21:30:46Z</time></trkpt><trkpt lat="33.085758" lon="-117.116787"><ele>170.421</ele><time>2021-02-06T21:30:52Z</time></trkpt><trkpt lat="33.085887" lon="-117.116656"><ele>170.882</ele><time>2021-02-06T21:30:55Z</time></trkpt><trkpt lat="33.086012" lon="-117.116521"><ele>171.887</ele><time>2021-02-06T21:30:58Z</time></trkpt><trkpt lat="33.086144" lon="-117.116386"><ele>173.056</ele><time>2021-02-06T21:31:01Z</time></trkpt><trkpt lat="33.086188" lon="-117.116342"><ele>173.411</ele><time>2021-02-06T21:31:02Z</time></trkpt><trkpt lat="33.086358" lon="-117.116156"><ele>174.229</ele><time>2021-02-06T21:31:06Z</time></trkpt><trkpt lat="33.086617" lon="-117.115884"><ele>175.000</ele><time>2021-02-06T21:31:12Z</time></trkpt><trkpt lat="33.086662" lon="-117.115839"><ele>175.220</ele><time>2021-02-06T21:31:13Z</time></trkpt><trkpt lat="33.086833" lon="-117.115663"><ele>176.208</ele><time>2021-02-06T21:31:17Z</time></trkpt><trkpt lat="33.087029" lon="-117.115459"><ele>177.218</ele><time>2021-02-06T21:31:22Z</time></trkpt><trkpt lat="33.087064" lon="-117.115422"><ele>177.217</ele><time>2021-02-06T21:31:23Z</time></trkpt><trkpt lat="33.087232" lon="-117.115242"><ele>178.655</ele><time>2021-02-06T21:31:28Z</time></trkpt><trkpt lat="33.087329" lon="-117.115133"><ele>179.632</ele><time>2021-02-06T21:31:31Z</time></trkpt><trkpt lat="33.087364" lon="-117.115097"><ele>179.863</ele><time>2021-02-06T21:31:32Z</time></trkpt><trkpt lat="33.087508" lon="-117.114964"><ele>181.428</ele><time>2021-02-06T21:31:36Z</time></trkpt><trkpt lat="33.087615" lon="-117.114870"><ele>182.617</ele><time>2021-02-06T21:31:39Z</time></trkpt><trkpt lat="33.087736" lon="-117.114785"><ele>183.852</ele><time>2021-02-06T21:31:42Z</time></trkpt><trkpt lat="33.087856" lon="-117.114703"><ele>184.874</ele><time>2021-02-06T21:31:45Z</time></trkpt><trkpt lat="33.087980" lon="-117.114628"><ele>185.856</ele><time>2021-02-06T21:31:48Z</time></trkpt><trkpt lat="33.088197" lon="-117.114524"><ele>187.021</ele><time>2021-02-06T21:31:53Z</time></trkpt><trkpt lat="33.088367" lon="-117.114450"><ele>188.608</ele><time>2021-02-06T21:31:57Z</time></trkpt><trkpt lat="33.088495" lon="-117.114402"><ele>189.853</ele><time>2021-02-06T21:32:00Z</time></trkpt><trkpt lat="33.088621" lon="-117.114359"><ele>191.062</ele><time>2021-02-06T21:32:03Z</time></trkpt><trkpt lat="33.088747" lon="-117.114323"><ele>191.630</ele><time>2021-02-06T21:32:06Z</time></trkpt><trkpt lat="33.088832" lon="-117.114305"><ele>192.047</ele><time>2021-02-06T21:32:08Z</time></trkpt><trkpt lat="33.089001" lon="-117.114277"><ele>193.218</ele><time>2021-02-06T21:32:12Z</time></trkpt><trkpt lat="33.089087" lon="-117.114266"><ele>194.033</ele><time>2021-02-06T21:32:14Z</time></trkpt><trkpt lat="33.089129" lon="-117.114261"><ele>194.282</ele><time>2021-02-06T21:32:15Z</time></trkpt><trkpt lat="33.089284" lon="-117.114239"><ele>195.427</ele><time>2021-02-06T21:32:19Z</time></trkpt><trkpt lat="33.089336" lon="-117.114236"><ele>196.023</ele><time>2021-02-06T21:32:21Z</time></trkpt><trkpt lat="33.089374" lon="-117.114233"><ele>196.883</ele><time>2021-02-06T21:32:24Z</time></trkpt><trkpt lat="33.089374" lon="-117.114235"><ele>197.211</ele><time>2021-02-06T21:32:25Z</time></trkpt><trkpt lat="33.089433" lon="-117.114225"><ele>199.008</ele><time>2021-02-06T21:32:41Z</time></trkpt><trkpt lat="33.089487" lon="-117.114226"><ele>199.098</ele><time>2021-02-06T21:32:43Z</time></trkpt><trkpt lat="33.089729" lon="-117.114248"><ele>199.437</ele><time>2021-02-06T21:32:50Z</time></trkpt><trkpt lat="33.089890" lon="-117.114276"><ele>200.095</ele><time>2021-02-06T21:32:54Z</time></trkpt><trkpt lat="33.090054" lon="-117.114308"><ele>200.862</ele><time>2021-02-06T21:32:58Z</time></trkpt><trkpt lat="33.090096" lon="-117.114317"><ele>201.263</ele><time>2021-02-06T21:32:59Z</time></trkpt><trkpt lat="33.090267" lon="-117.114349"><ele>202.498</ele><time>2021-02-06T21:33:03Z</time></trkpt><trkpt lat="33.090405" lon="-117.114369"><ele>203.497</ele><time>2021-02-06T21:33:06Z</time></trkpt><trkpt lat="33.090541" lon="-117.114400"><ele>204.072</ele><time>2021-02-06T21:33:09Z</time></trkpt><trkpt lat="33.090631" lon="-117.114423"><ele>204.858</ele><time>2021-02-06T21:33:11Z</time></trkpt><trkpt lat="33.090716" lon="-117.114442"><ele>205.252</ele><time>2021-02-06T21:33:13Z</time></trkpt><trkpt lat="33.090799" lon="-117.114456"><ele>206.017</ele><time>2021-02-06T21:33:15Z</time></trkpt><trkpt lat="33.091020" lon="-117.114502"><ele>207.208</ele><time>2021-02-06T21:33:20Z</time></trkpt><trkpt lat="33.091105" lon="-117.114520"><ele>208.221</ele><time>2021-02-06T21:33:22Z</time></trkpt><trkpt lat="33.091233" lon="-117.114548"><ele>209.250</ele><time>2021-02-06T21:33:25Z</time></trkpt><trkpt lat="33.091360" lon="-117.114576"><ele>210.288</ele><time>2021-02-06T21:33:28Z</time></trkpt><trkpt lat="33.091401" lon="-117.114582"><ele>210.485</ele><time>2021-02-06T21:33:29Z</time></trkpt><trkpt lat="33.091561" lon="-117.114599"><ele>211.476</ele><time>2021-02-06T21:33:33Z</time></trkpt><trkpt lat="33.091690" lon="-117.114596"><ele>212.431</ele><time>2021-02-06T21:33:36Z</time></trkpt><trkpt lat="33.091783" lon="-117.114589"><ele>212.650</ele><time>2021-02-06T21:33:38Z</time></trkpt><trkpt lat="33.092005" lon="-117.114573"><ele>213.845</ele><time>2021-02-06T21:33:43Z</time></trkpt><trkpt lat="33.092208" lon="-117.114539"><ele>215.291</ele><time>2021-02-06T21:33:48Z</time></trkpt><trkpt lat="33.092292" lon="-117.114523"><ele>215.881</ele><time>2021-02-06T21:33:50Z</time></trkpt><trkpt lat="33.092383" lon="-117.114503"><ele>216.219</ele><time>2021-02-06T21:33:52Z</time></trkpt><trkpt lat="33.092561" lon="-117.114446"><ele>217.408</ele><time>2021-02-06T21:33:56Z</time></trkpt><trkpt lat="33.092639" lon="-117.114412"><ele>217.645</ele><time>2021-02-06T21:33:58Z</time></trkpt><trkpt lat="33.092716" lon="-117.114374"><ele>218.454</ele><time>2021-02-06T21:34:00Z</time></trkpt><trkpt lat="33.092842" lon="-117.114310"><ele>219.442</ele><time>2021-02-06T21:34:03Z</time></trkpt><trkpt lat="33.092927" lon="-117.114263"><ele>220.019</ele><time>2021-02-06T21:34:05Z</time></trkpt><trkpt lat="33.092967" lon="-117.114238"><ele>220.670</ele><time>2021-02-06T21:34:06Z</time></trkpt><trkpt lat="33.093112" lon="-117.114128"><ele>221.865</ele><time>2021-02-06T21:34:10Z</time></trkpt><trkpt lat="33.093186" lon="-117.114073"><ele>222.294</ele><time>2021-02-06T21:34:12Z</time></trkpt><trkpt lat="33.093285" lon="-117.113982"><ele>223.049</ele><time>2021-02-06T21:34:15Z</time></trkpt><trkpt lat="33.093392" lon="-117.113882"><ele>224.248</ele><time>2021-02-06T21:34:18Z</time></trkpt><trkpt lat="33.093428" lon="-117.113848"><ele>224.461</ele><time>2021-02-06T21:34:19Z</time></trkpt><trkpt lat="33.093572" lon="-117.113703"><ele>225.617</ele><time>2021-02-06T21:34:23Z</time></trkpt><trkpt lat="33.093708" lon="-117.113548"><ele>226.608</ele><time>2021-02-06T21:34:27Z</time></trkpt><trkpt lat="33.093871" lon="-117.113339"><ele>228.010</ele><time>2021-02-06T21:34:32Z</time></trkpt><trkpt lat="33.093940" lon="-117.113254"><ele>228.259</ele><time>2021-02-06T21:34:34Z</time></trkpt><trkpt lat="33.094140" lon="-117.113001"><ele>229.097</ele><time>2021-02-06T21:34:40Z</time></trkpt><trkpt lat="33.094209" lon="-117.112915"><ele>229.484</ele><time>2021-02-06T21:34:42Z</time></trkpt><trkpt lat="33.094358" lon="-117.112742"><ele>230.285</ele><time>2021-02-06T21:34:46Z</time></trkpt><trkpt lat="33.094520" lon="-117.112572"><ele>231.040</ele><time>2021-02-06T21:34:50Z</time></trkpt><trkpt lat="33.094601" lon="-117.112489"><ele>231.449</ele><time>2021-02-06T21:34:52Z</time></trkpt><trkpt lat="33.094856" lon="-117.112239"><ele>232.254</ele><time>2021-02-06T21:34:58Z</time></trkpt><trkpt lat="33.095139" lon="-117.112014"><ele>232.634</ele><time>2021-02-06T21:35:04Z</time></trkpt><trkpt lat="33.095510" lon="-117.111827"><ele>232.855</ele><time>2021-02-06T21:35:10Z</time></trkpt><trkpt lat="33.096057" lon="-117.111556"><ele>232.810</ele><time>2021-02-06T21:35:19Z</time></trkpt><trkpt lat="33.096409" lon="-117.111375"><ele>233.008</ele><time>2021-02-06T21:35:26Z</time></trkpt><trkpt lat="33.096601" lon="-117.111294"><ele>233.269</ele><time>2021-02-06T21:35:30Z</time></trkpt><trkpt lat="33.096747" lon="-117.111280"><ele>233.468</ele><time>2021-02-06T21:35:33Z</time></trkpt><trkpt lat="33.096795" lon="-117.111269"><ele>233.496</ele><time>2021-02-06T21:35:34Z</time></trkpt><trkpt lat="33.097008" lon="-117.111187"><ele>233.473</ele><time>2021-02-06T21:35:38Z</time></trkpt><trkpt lat="33.097525" lon="-117.110934"><ele>233.064</ele><time>2021-02-06T21:35:47Z</time></trkpt><trkpt lat="33.097676" lon="-117.110849"><ele>232.839</ele><time>2021-02-06T21:35:51Z</time></trkpt><trkpt lat="33.097691" lon="-117.110839"><ele>232.848</ele><time>2021-02-06T21:35:54Z</time></trkpt><trkpt lat="33.097731" lon="-117.110809"><ele>232.873</ele><time>2021-02-06T21:36:16Z</time></trkpt><trkpt lat="33.097864" lon="-117.110777"><ele>232.874</ele><time>2021-02-06T21:36:20Z</time></trkpt><trkpt lat="33.097973" lon="-117.110843"><ele>232.856</ele><time>2021-02-06T21:36:23Z</time></trkpt><trkpt lat="33.098003" lon="-117.110880"><ele>232.621</ele><time>2021-02-06T21:36:24Z</time></trkpt><trkpt lat="33.098032" lon="-117.110924"><ele>232.608</ele><time>2021-02-06T21:36:25Z</time></trkpt><trkpt lat="33.098155" lon="-117.111129"><ele>232.453</ele><time>2021-02-06T21:36:29Z</time></trkpt><trkpt lat="33.098432" lon="-117.111544"><ele>232.222</ele><time>2021-02-06T21:36:36Z</time></trkpt><trkpt lat="33.098635" lon="-117.111771"><ele>231.870</ele><time>2021-02-06T21:36:40Z</time></trkpt><trkpt lat="33.098812" lon="-117.111938"><ele>231.037</ele><time>2021-02-06T21:36:43Z</time></trkpt><trkpt lat="33.098999" lon="-117.112118"><ele>230.838</ele><time>2021-02-06T21:36:46Z</time></trkpt><trkpt lat="33.099331" lon="-117.112433"><ele>229.663</ele><time>2021-02-06T21:36:51Z</time></trkpt><trkpt lat="33.099472" lon="-117.112570"><ele>228.622</ele><time>2021-02-06T21:36:53Z</time></trkpt><trkpt lat="33.099703" lon="-117.112789"><ele>227.467</ele><time>2021-02-06T21:36:56Z</time></trkpt><trkpt lat="33.099784" lon="-117.112867"><ele>227.213</ele><time>2021-02-06T21:36:57Z</time></trkpt><trkpt lat="33.100127" lon="-117.113200"><ele>226.043</ele><time>2021-02-06T21:37:01Z</time></trkpt><trkpt lat="33.100309" lon="-117.113369"><ele>224.807</ele><time>2021-02-06T21:37:03Z</time></trkpt><trkpt lat="33.100400" lon="-117.113455"><ele>224.008</ele><time>2021-02-06T21:37:04Z</time></trkpt><trkpt lat="33.100491" lon="-117.113541"><ele>223.647</ele><time>2021-02-06T21:37:05Z</time></trkpt><trkpt lat="33.100671" lon="-117.113711"><ele>222.416</ele><time>2021-02-06T21:37:07Z</time></trkpt><trkpt lat="33.100759" lon="-117.113795"><ele>220.464</ele><time>2021-02-06T21:37:08Z</time></trkpt><trkpt lat="33.100932" lon="-117.113960"><ele>219.271</ele><time>2021-02-06T21:37:10Z</time></trkpt><trkpt lat="33.101101" lon="-117.114118"><ele>217.842</ele><time>2021-02-06T21:37:12Z</time></trkpt><trkpt lat="33.101181" lon="-117.114192"><ele>217.287</ele><time>2021-02-06T21:37:13Z</time></trkpt><trkpt lat="33.101339" lon="-117.114338"><ele>216.436</ele><time>2021-02-06T21:37:15Z</time></trkpt><trkpt lat="33.101570" lon="-117.114558"><ele>215.211</ele><time>2021-02-06T21:37:18Z</time></trkpt><trkpt lat="33.101876" lon="-117.114854"><ele>214.825</ele><time>2021-02-06T21:37:22Z</time></trkpt><trkpt lat="33.101954" lon="-117.114926"><ele>214.826</ele><time>2021-02-06T21:37:23Z</time></trkpt><trkpt lat="33.102400" lon="-117.115355"><ele>214.408</ele><time>2021-02-06T21:37:29Z</time></trkpt><trkpt lat="33.102545" lon="-117.115480"><ele>214.208</ele><time>2021-02-06T21:37:31Z</time></trkpt><trkpt lat="33.102616" lon="-117.115542"><ele>214.268</ele><time>2021-02-06T21:37:32Z</time></trkpt><trkpt lat="33.103093" lon="-117.115990"><ele>213.297</ele><time>2021-02-06T21:37:39Z</time></trkpt><trkpt lat="33.103522" lon="-117.116418"><ele>213.045</ele><time>2021-02-06T21:37:46Z</time></trkpt><trkpt lat="33.103646" lon="-117.116535"><ele>212.872</ele><time>2021-02-06T21:37:48Z</time></trkpt><trkpt lat="33.104066" lon="-117.116957"><ele>212.423</ele><time>2021-02-06T21:37:55Z</time></trkpt><trkpt lat="33.104117" lon="-117.117022"><ele>212.428</ele><time>2021-02-06T21:37:56Z</time></trkpt><trkpt lat="33.104162" lon="-117.117174"><ele>212.227</ele><time>2021-02-06T21:37:58Z</time></trkpt><trkpt lat="33.104086" lon="-117.117407"><ele>211.872</ele><time>2021-02-06T21:38:01Z</time></trkpt><trkpt lat="33.104045" lon="-117.117476"><ele>211.623</ele><time>2021-02-06T21:38:02Z</time></trkpt><trkpt lat="33.103830" lon="-117.117878"><ele>211.283</ele><time>2021-02-06T21:38:08Z</time></trkpt><trkpt lat="33.103691" lon="-117.118211"><ele>211.611</ele><time>2021-02-06T21:38:14Z</time></trkpt><trkpt lat="33.103533" lon="-117.118545"><ele>213.008</ele><time>2021-02-06T21:38:20Z</time></trkpt><trkpt lat="33.103498" lon="-117.118600"><ele>213.258</ele><time>2021-02-06T21:38:21Z</time></trkpt><trkpt lat="33.103305" lon="-117.118871"><ele>214.217</ele><time>2021-02-06T21:38:26Z</time></trkpt><trkpt lat="33.103219" lon="-117.118983"><ele>214.485</ele><time>2021-02-06T21:38:28Z</time></trkpt><trkpt lat="33.102885" lon="-117.119388"><ele>214.412</ele><time>2021-02-06T21:38:35Z</time></trkpt><trkpt lat="33.102575" lon="-117.119820"><ele>213.683</ele><time>2021-02-06T21:38:41Z</time></trkpt><trkpt lat="33.102484" lon="-117.119996"><ele>213.248</ele><time>2021-02-06T21:38:43Z</time></trkpt><trkpt lat="33.102367" lon="-117.120274"><ele>212.227</ele><time>2021-02-06T21:38:46Z</time></trkpt><trkpt lat="33.102337" lon="-117.120370"><ele>211.672</ele><time>2021-02-06T21:38:47Z</time></trkpt><trkpt lat="33.102309" lon="-117.120465"><ele>211.015</ele><time>2021-02-06T21:38:48Z</time></trkpt><trkpt lat="33.102240" lon="-117.120759"><ele>209.665</ele><time>2021-02-06T21:38:51Z</time></trkpt><trkpt lat="33.102211" lon="-117.120955"><ele>209.211</ele><time>2021-02-06T21:38:53Z</time></trkpt><trkpt lat="33.102196" lon="-117.121151"><ele>208.608</ele><time>2021-02-06T21:38:55Z</time></trkpt><trkpt lat="33.102199" lon="-117.121541"><ele>208.097</ele><time>2021-02-06T21:38:59Z</time></trkpt><trkpt lat="33.102285" lon="-117.122114"><ele>207.656</ele><time>2021-02-06T21:39:05Z</time></trkpt><trkpt lat="33.102306" lon="-117.122208"><ele>207.454</ele><time>2021-02-06T21:39:06Z</time></trkpt><trkpt lat="33.102456" lon="-117.122854"><ele>206.811</ele><time>2021-02-06T21:39:13Z</time></trkpt><trkpt lat="33.102515" lon="-117.123128"><ele>206.442</ele><time>2021-02-06T21:39:16Z</time></trkpt><trkpt lat="33.102554" lon="-117.123305"><ele>206.217</ele><time>2021-02-06T21:39:18Z</time></trkpt><trkpt lat="33.102617" lon="-117.123562"><ele>206.056</ele><time>2021-02-06T21:39:22Z</time></trkpt><trkpt lat="33.102639" lon="-117.123629"><ele>206.211</ele><time>2021-02-06T21:39:25Z</time></trkpt><trkpt lat="33.102640" lon="-117.123630"><ele>206.492</ele><time>2021-02-06T21:39:26Z</time></trkpt><trkpt lat="33.102659" lon="-117.123668"><ele>209.073</ele><time>2021-02-06T21:39:51Z</time></trkpt><trkpt lat="33.102677" lon="-117.123718"><ele>209.020</ele><time>2021-02-06T21:39:53Z</time></trkpt><trkpt lat="33.102708" lon="-117.123815"><ele>209.008</ele><time>2021-02-06T21:39:56Z</time></trkpt><trkpt lat="33.102740" lon="-117.123939"><ele>209.035</ele><time>2021-02-06T21:39:59Z</time></trkpt><trkpt lat="33.102856" lon="-117.124369"><ele>209.234</ele><time>2021-02-06T21:40:08Z</time></trkpt><trkpt lat="33.102933" lon="-117.124656"><ele>210.432</ele><time>2021-02-06T21:40:14Z</time></trkpt><trkpt lat="33.102966" lon="-117.124796"><ele>211.049</ele><time>2021-02-06T21:40:17Z</time></trkpt><trkpt lat="33.102978" lon="-117.124840"><ele>211.430</ele><time>2021-02-06T21:40:18Z</time></trkpt><trkpt lat="33.103027" lon="-117.125018"><ele>212.835</ele><time>2021-02-06T21:40:22Z</time></trkpt><trkpt lat="33.103050" lon="-117.125113"><ele>214.014</ele><time>2021-02-06T21:40:24Z</time></trkpt><trkpt lat="33.103088" lon="-117.125260"><ele>214.849</ele><time>2021-02-06T21:40:27Z</time></trkpt><trkpt lat="33.103117" lon="-117.125360"><ele>214.899</ele><time>2021-02-06T21:40:29Z</time></trkpt><trkpt lat="33.103223" lon="-117.125652"><ele>216.007</ele><time>2021-02-06T21:40:35Z</time></trkpt><trkpt lat="33.103245" lon="-117.125702"><ele>216.027</ele><time>2021-02-06T21:40:36Z</time></trkpt><trkpt lat="33.103366" lon="-117.125945"><ele>217.008</ele><time>2021-02-06T21:40:41Z</time></trkpt><trkpt lat="33.103491" lon="-117.126203"><ele>217.865</ele><time>2021-02-06T21:40:46Z</time></trkpt><trkpt lat="33.103539" lon="-117.126318"><ele>218.034</ele><time>2021-02-06T21:40:48Z</time></trkpt><trkpt lat="33.103637" lon="-117.126632"><ele>218.412</ele><time>2021-02-06T21:40:53Z</time></trkpt><trkpt lat="33.103727" lon="-117.127206"><ele>218.419</ele><time>2021-02-06T21:41:01Z</time></trkpt><trkpt lat="33.103732" lon="-117.127672"><ele>218.030</ele><time>2021-02-06T21:41:07Z</time></trkpt><trkpt lat="33.103672" lon="-117.128177"><ele>217.255</ele><time>2021-02-06T21:41:13Z</time></trkpt><trkpt lat="33.103652" lon="-117.128267"><ele>217.014</ele><time>2021-02-06T21:41:14Z</time></trkpt><trkpt lat="33.103530" lon="-117.128744"><ele>216.229</ele><time>2021-02-06T21:41:19Z</time></trkpt><trkpt lat="33.103500" lon="-117.128847"><ele>215.422</ele><time>2021-02-06T21:41:20Z</time></trkpt><trkpt lat="33.103382" lon="-117.129281"><ele>214.262</ele><time>2021-02-06T21:41:24Z</time></trkpt><trkpt lat="33.103318" lon="-117.129509"><ele>213.008</ele><time>2021-02-06T21:41:26Z</time></trkpt><trkpt lat="33.103247" lon="-117.129737"><ele>211.408</ele><time>2021-02-06T21:41:28Z</time></trkpt><trkpt lat="33.103112" lon="-117.130056"><ele>210.048</ele><time>2021-02-06T21:41:31Z</time></trkpt><trkpt lat="33.103058" lon="-117.130154"><ele>209.417</ele><time>2021-02-06T21:41:32Z</time></trkpt><trkpt lat="33.102999" lon="-117.130245"><ele>208.635</ele><time>2021-02-06T21:41:33Z</time></trkpt><trkpt lat="33.102874" lon="-117.130415"><ele>207.062</ele><time>2021-02-06T21:41:35Z</time></trkpt><trkpt lat="33.102743" lon="-117.130571"><ele>205.853</ele><time>2021-02-06T21:41:37Z</time></trkpt><trkpt lat="33.102536" lon="-117.130758"><ele>204.658</ele><time>2021-02-06T21:41:40Z</time></trkpt><trkpt lat="33.102468" lon="-117.130807"><ele>204.297</ele><time>2021-02-06T21:41:41Z</time></trkpt><trkpt lat="33.102201" lon="-117.130962"><ele>203.852</ele><time>2021-02-06T21:41:45Z</time></trkpt><trkpt lat="33.102131" lon="-117.130984"><ele>203.837</ele><time>2021-02-06T21:41:46Z</time></trkpt><trkpt lat="33.101991" lon="-117.131027"><ele>203.649</ele><time>2021-02-06T21:41:48Z</time></trkpt><trkpt lat="33.101710" lon="-117.131083"><ele>203.213</ele><time>2021-02-06T21:41:52Z</time></trkpt><trkpt lat="33.101275" lon="-117.131071"><ele>202.408</ele><time>2021-02-06T21:41:58Z</time></trkpt><trkpt lat="33.101044" lon="-117.131012"><ele>201.439</ele><time>2021-02-06T21:42:01Z</time></trkpt><trkpt lat="33.100806" lon="-117.130922"><ele>200.658</ele><time>2021-02-06T21:42:04Z</time></trkpt><trkpt lat="33.100726" lon="-117.130887"><ele>200.256</ele><time>2021-02-06T21:42:05Z</time></trkpt><trkpt lat="33.100486" lon="-117.130789"><ele>199.033</ele><time>2021-02-06T21:42:08Z</time></trkpt><trkpt lat="33.100325" lon="-117.130735"><ele>198.054</ele><time>2021-02-06T21:42:10Z</time></trkpt><trkpt lat="33.100161" lon="-117.130697"><ele>197.229</ele><time>2021-02-06T21:42:12Z</time></trkpt><trkpt lat="33.100015" lon="-117.130679"><ele>196.698</ele><time>2021-02-06T21:42:14Z</time></trkpt><trkpt lat="33.099904" lon="-117.130675"><ele>195.813</ele><time>2021-02-06T21:42:16Z</time></trkpt><trkpt lat="33.099825" lon="-117.130689"><ele>195.834</ele><time>2021-02-06T21:42:19Z</time></trkpt><trkpt lat="33.099809" lon="-117.130700"><ele>195.855</ele><time>2021-02-06T21:42:21Z</time></trkpt><trkpt lat="33.099785" lon="-117.130739"><ele>195.810</ele><time>2021-02-06T21:42:23Z</time></trkpt><trkpt lat="33.099777" lon="-117.130863"><ele>196.008</ele><time>2021-02-06T21:42:26Z</time></trkpt><trkpt lat="33.099779" lon="-117.130915"><ele>196.069</ele><time>2021-02-06T21:42:27Z</time></trkpt><trkpt lat="33.099786" lon="-117.131296"><ele>196.058</ele><time>2021-02-06T21:42:33Z</time></trkpt><trkpt lat="33.099792" lon="-117.131669"><ele>195.666</ele><time>2021-02-06T21:42:38Z</time></trkpt><trkpt lat="33.099794" lon="-117.131899"><ele>195.053</ele><time>2021-02-06T21:42:41Z</time></trkpt><trkpt lat="33.099800" lon="-117.132218"><ele>194.484</ele><time>2021-02-06T21:42:45Z</time></trkpt><trkpt lat="33.099798" lon="-117.132561"><ele>194.069</ele><time>2021-02-06T21:42:49Z</time></trkpt><trkpt lat="33.099788" lon="-117.133236"><ele>193.828</ele><time>2021-02-06T21:42:57Z</time></trkpt><trkpt lat="33.099786" lon="-117.133568"><ele>193.823</ele><time>2021-02-06T21:43:01Z</time></trkpt><trkpt lat="33.099737" lon="-117.134150"><ele>194.488</ele><time>2021-02-06T21:43:08Z</time></trkpt><trkpt lat="33.099606" lon="-117.134702"><ele>194.824</ele><time>2021-02-06T21:43:15Z</time></trkpt><trkpt lat="33.099372" lon="-117.135283"><ele>194.226</ele><time>2021-02-06T21:43:23Z</time></trkpt><trkpt lat="33.099211" lon="-117.135771"><ele>193.808</ele><time>2021-02-06T21:43:29Z</time></trkpt><trkpt lat="33.099128" lon="-117.136182"><ele>193.684</ele><time>2021-02-06T21:43:34Z</time></trkpt><trkpt lat="33.099091" lon="-117.136436"><ele>193.453</ele><time>2021-02-06T21:43:37Z</time></trkpt><trkpt lat="33.098950" lon="-117.137134"><ele>193.091</ele><time>2021-02-06T21:43:45Z</time></trkpt><trkpt lat="33.098754" lon="-117.137677"><ele>193.078</ele><time>2021-02-06T21:43:52Z</time></trkpt><trkpt lat="33.098483" lon="-117.138060"><ele>193.049</ele><time>2021-02-06T21:43:58Z</time></trkpt><trkpt lat="33.098266" lon="-117.138169"><ele>193.084</ele><time>2021-02-06T21:44:01Z</time></trkpt><trkpt lat="33.098106" lon="-117.138204"><ele>192.853</ele><time>2021-02-06T21:44:03Z</time></trkpt><trkpt lat="33.097795" lon="-117.138270"><ele>192.428</ele><time>2021-02-06T21:44:07Z</time></trkpt><trkpt lat="33.097563" lon="-117.138318"><ele>191.462</ele><time>2021-02-06T21:44:10Z</time></trkpt><trkpt lat="33.097169" lon="-117.138413"><ele>190.883</ele><time>2021-02-06T21:44:15Z</time></trkpt><trkpt lat="33.096834" lon="-117.138453"><ele>190.811</ele><time>2021-02-06T21:44:20Z</time></trkpt><trkpt lat="33.096504" lon="-117.138376"><ele>191.608</ele><time>2021-02-06T21:44:26Z</time></trkpt><trkpt lat="33.096387" lon="-117.138335"><ele>192.642</ele><time>2021-02-06T21:44:28Z</time></trkpt><trkpt lat="33.096073" lon="-117.138209"><ele>193.431</ele><time>2021-02-06T21:44:33Z</time></trkpt><trkpt lat="33.095823" lon="-117.138080"><ele>193.439</ele><time>2021-02-06T21:44:37Z</time></trkpt><trkpt lat="33.095766" lon="-117.138033"><ele>193.456</ele><time>2021-02-06T21:44:38Z</time></trkpt><trkpt lat="33.095613" lon="-117.137867"><ele>193.237</ele><time>2021-02-06T21:44:41Z</time></trkpt><trkpt lat="33.095515" lon="-117.137745"><ele>193.222</ele><time>2021-02-06T21:44:43Z</time></trkpt><trkpt lat="33.095244" lon="-117.137449"><ele>193.051</ele><time>2021-02-06T21:44:48Z</time></trkpt><trkpt lat="33.095180" lon="-117.137405"><ele>193.016</ele><time>2021-02-06T21:44:49Z</time></trkpt><trkpt lat="33.094825" lon="-117.137236"><ele>192.849</ele><time>2021-02-06T21:44:54Z</time></trkpt><trkpt lat="33.094424" lon="-117.137063"><ele>192.202</ele><time>2021-02-06T21:45:00Z</time></trkpt><trkpt lat="33.094077" lon="-117.136918"><ele>192.222</ele><time>2021-02-06T21:45:06Z</time></trkpt><trkpt lat="33.093661" lon="-117.136825"><ele>193.408</ele><time>2021-02-06T21:45:12Z</time></trkpt><trkpt lat="33.093145" lon="-117.136712"><ele>193.280</ele><time>2021-02-06T21:45:19Z</time></trkpt><trkpt lat="33.092642" lon="-117.136570"><ele>193.089</ele><time>2021-02-06T21:45:26Z</time></trkpt><trkpt lat="33.092220" lon="-117.136537"><ele>192.617</ele><time>2021-02-06T21:45:31Z</time></trkpt><trkpt lat="33.091926" lon="-117.136533"><ele>191.664</ele><time>2021-02-06T21:45:34Z</time></trkpt><trkpt lat="33.091827" lon="-117.136530"><ele>190.245</ele><time>2021-02-06T21:45:35Z</time></trkpt><trkpt lat="33.091731" lon="-117.136526"><ele>189.620</ele><time>2021-02-06T21:45:36Z</time></trkpt><trkpt lat="33.091634" lon="-117.136528"><ele>189.059</ele><time>2021-02-06T21:45:37Z</time></trkpt><trkpt lat="33.091538" lon="-117.136536"><ele>188.064</ele><time>2021-02-06T21:45:38Z</time></trkpt><trkpt lat="33.091446" lon="-117.136550"><ele>187.292</ele><time>2021-02-06T21:45:39Z</time></trkpt><trkpt lat="33.091357" lon="-117.136578"><ele>186.273</ele><time>2021-02-06T21:45:40Z</time></trkpt><trkpt lat="33.091191" lon="-117.136655"><ele>184.420</ele><time>2021-02-06T21:45:42Z</time></trkpt><trkpt lat="33.091041" lon="-117.136749"><ele>183.208</ele><time>2021-02-06T21:45:44Z</time></trkpt><trkpt lat="33.090969" lon="-117.136796"><ele>183.295</ele><time>2021-02-06T21:45:45Z</time></trkpt><trkpt lat="33.090614" lon="-117.137016"><ele>183.044</ele><time>2021-02-06T21:45:50Z</time></trkpt><trkpt lat="33.090185" lon="-117.137349"><ele>183.692</ele><time>2021-02-06T21:45:57Z</time></trkpt><trkpt lat="33.090005" lon="-117.137491"><ele>184.069</ele><time>2021-02-06T21:46:01Z</time></trkpt><trkpt lat="33.089957" lon="-117.137521"><ele>184.270</ele><time>2021-02-06T21:46:02Z</time></trkpt><trkpt lat="33.089729" lon="-117.137632"><ele>185.075</ele><time>2021-02-06T21:46:06Z</time></trkpt><trkpt lat="33.089329" lon="-117.137800"><ele>184.844</ele><time>2021-02-06T21:46:12Z</time></trkpt><trkpt lat="33.089048" lon="-117.138029"><ele>184.059</ele><time>2021-02-06T21:46:17Z</time></trkpt><trkpt lat="33.088860" lon="-117.138264"><ele>183.637</ele><time>2021-02-06T21:46:21Z</time></trkpt><trkpt lat="33.088827" lon="-117.138334"><ele>183.649</ele><time>2021-02-06T21:46:22Z</time></trkpt><trkpt lat="33.088772" lon="-117.138643"><ele>183.213</ele><time>2021-02-06T21:46:26Z</time></trkpt><trkpt lat="33.088840" lon="-117.138917"><ele>183.008</ele><time>2021-02-06T21:46:30Z</time></trkpt><trkpt lat="33.089009" lon="-117.139428"><ele>183.049</ele><time>2021-02-06T21:46:38Z</time></trkpt><trkpt lat="33.089051" lon="-117.139711"><ele>184.278</ele><time>2021-02-06T21:46:42Z</time></trkpt><trkpt lat="33.089059" lon="-117.139932"><ele>184.626</ele><time>2021-02-06T21:46:45Z</time></trkpt><trkpt lat="33.088994" lon="-117.140378"><ele>185.013</ele><time>2021-02-06T21:46:51Z</time></trkpt><trkpt lat="33.088921" lon="-117.140598"><ele>185.294</ele><time>2021-02-06T21:46:54Z</time></trkpt><trkpt lat="33.088805" lon="-117.140894"><ele>185.439</ele><time>2021-02-06T21:46:58Z</time></trkpt><trkpt lat="33.088729" lon="-117.141119"><ele>185.468</ele><time>2021-02-06T21:47:01Z</time></trkpt><trkpt lat="33.088686" lon="-117.141346"><ele>185.653</ele><time>2021-02-06T21:47:04Z</time></trkpt><trkpt lat="33.088573" lon="-117.141849"><ele>186.227</ele><time>2021-02-06T21:47:11Z</time></trkpt><trkpt lat="33.088391" lon="-117.142335"><ele>187.268</ele><time>2021-02-06T21:47:18Z</time></trkpt><trkpt lat="33.088225" lon="-117.142871"><ele>188.014</ele><time>2021-02-06T21:47:26Z</time></trkpt><trkpt lat="33.088201" lon="-117.142936"><ele>188.408</ele><time>2021-02-06T21:47:27Z</time></trkpt><trkpt lat="33.088056" lon="-117.143242"><ele>189.478</ele><time>2021-02-06T21:47:32Z</time></trkpt><trkpt lat="33.087992" lon="-117.143343"><ele>189.417</ele><time>2021-02-06T21:47:34Z</time></trkpt><trkpt lat="33.087805" lon="-117.143654"><ele>189.855</ele><time>2021-02-06T21:47:40Z</time></trkpt><trkpt lat="33.087692" lon="-117.143887"><ele>190.832</ele><time>2021-02-06T21:47:44Z</time></trkpt><trkpt lat="33.087618" lon="-117.144055"><ele>191.263</ele><time>2021-02-06T21:47:47Z</time></trkpt><trkpt lat="33.087566" lon="-117.144152"><ele>191.488</ele><time>2021-02-06T21:47:49Z</time></trkpt><trkpt lat="33.087514" lon="-117.144205"><ele>191.617</ele><time>2021-02-06T21:47:51Z</time></trkpt><trkpt lat="33.087486" lon="-117.144215"><ele>191.612</ele><time>2021-02-06T21:47:54Z</time></trkpt><trkpt lat="33.087483" lon="-117.144215"><ele>191.889</ele><time>2021-02-06T21:47:55Z</time></trkpt><trkpt lat="33.087507" lon="-117.144188"><ele>194.206</ele><time>2021-02-06T22:01:59Z</time></trkpt><trkpt lat="33.087518" lon="-117.144259"><ele>194.026</ele><time>2021-02-06T22:02:01Z</time></trkpt><trkpt lat="33.087508" lon="-117.144344"><ele>194.008</ele><time>2021-02-06T22:02:03Z</time></trkpt><trkpt lat="33.087494" lon="-117.144492"><ele>193.854</ele><time>2021-02-06T22:02:06Z</time></trkpt><trkpt lat="33.087482" lon="-117.144670"><ele>193.073</ele><time>2021-02-06T22:02:09Z</time></trkpt><trkpt lat="33.087469" lon="-117.144873"><ele>191.891</ele><time>2021-02-06T22:02:12Z</time></trkpt><trkpt lat="33.087455" lon="-117.145106"><ele>190.888</ele><time>2021-02-06T22:02:15Z</time></trkpt><trkpt lat="33.087436" lon="-117.145269"><ele>189.689</ele><time>2021-02-06T22:02:17Z</time></trkpt><trkpt lat="33.087418" lon="-117.145349"><ele>189.464</ele><time>2021-02-06T22:02:18Z</time></trkpt><trkpt lat="33.087304" lon="-117.145671"><ele>188.653</ele><time>2021-02-06T22:02:22Z</time></trkpt><trkpt lat="33.087265" lon="-117.145751"><ele>188.218</ele><time>2021-02-06T22:02:23Z</time></trkpt><trkpt lat="33.087143" lon="-117.145994"><ele>187.234</ele><time>2021-02-06T22:02:26Z</time></trkpt><trkpt lat="33.087015" lon="-117.146249"><ele>186.055</ele><time>2021-02-06T22:02:29Z</time></trkpt><trkpt lat="33.086926" lon="-117.146424"><ele>184.810</ele><time>2021-02-06T22:02:31Z</time></trkpt><trkpt lat="33.086795" lon="-117.146682"><ele>183.608</ele><time>2021-02-06T22:02:34Z</time></trkpt><trkpt lat="33.086709" lon="-117.146849"><ele>182.689</ele><time>2021-02-06T22:02:36Z</time></trkpt><trkpt lat="33.086628" lon="-117.147009"><ele>181.228</ele><time>2021-02-06T22:02:38Z</time></trkpt><trkpt lat="33.086586" lon="-117.147083"><ele>180.446</ele><time>2021-02-06T22:02:39Z</time></trkpt><trkpt lat="33.086541" lon="-117.147153"><ele>180.033</ele><time>2021-02-06T22:02:40Z</time></trkpt><trkpt lat="33.086324" lon="-117.147475"><ele>179.294</ele><time>2021-02-06T22:02:45Z</time></trkpt><trkpt lat="33.086007" lon="-117.147972"><ele>179.049</ele><time>2021-02-06T22:02:53Z</time></trkpt><trkpt lat="33.085974" lon="-117.148043"><ele>179.048</ele><time>2021-02-06T22:02:54Z</time></trkpt><trkpt lat="33.085905" lon="-117.148354"><ele>179.033</ele><time>2021-02-06T22:02:58Z</time></trkpt><trkpt lat="33.085902" lon="-117.148433"><ele>179.054</ele><time>2021-02-06T22:02:59Z</time></trkpt><trkpt lat="33.085945" lon="-117.148801"><ele>178.856</ele><time>2021-02-06T22:03:03Z</time></trkpt><trkpt lat="33.086007" lon="-117.149362"><ele>177.811</ele><time>2021-02-06T22:03:08Z</time></trkpt><trkpt lat="33.086032" lon="-117.149586"><ele>176.808</ele><time>2021-02-06T22:03:10Z</time></trkpt><trkpt lat="33.086052" lon="-117.149808"><ele>175.211</ele><time>2021-02-06T22:03:12Z</time></trkpt><trkpt lat="33.086073" lon="-117.150019"><ele>173.810</ele><time>2021-02-06T22:03:14Z</time></trkpt><trkpt lat="33.086083" lon="-117.150119"><ele>172.888</ele><time>2021-02-06T22:03:15Z</time></trkpt><trkpt lat="33.086089" lon="-117.150217"><ele>171.895</ele><time>2021-02-06T22:03:16Z</time></trkpt><trkpt lat="33.086108" lon="-117.150407"><ele>170.656</ele><time>2021-02-06T22:03:18Z</time></trkpt><trkpt lat="33.086157" lon="-117.150779"><ele>170.021</ele><time>2021-02-06T22:03:22Z</time></trkpt><trkpt lat="33.086232" lon="-117.151466"><ele>170.070</ele><time>2021-02-06T22:03:30Z</time></trkpt><trkpt lat="33.086194" lon="-117.152082"><ele>170.635</ele><time>2021-02-06T22:03:37Z</time></trkpt><trkpt lat="33.086068" lon="-117.152584"><ele>170.679</ele><time>2021-02-06T22:03:43Z</time></trkpt><trkpt lat="33.085867" lon="-117.153084"><ele>170.205</ele><time>2021-02-06T22:03:49Z</time></trkpt><trkpt lat="33.085696" lon="-117.153398"><ele>169.625</ele><time>2021-02-06T22:03:53Z</time></trkpt><trkpt lat="33.085547" lon="-117.153632"><ele>168.408</ele><time>2021-02-06T22:03:56Z</time></trkpt><trkpt lat="33.085327" lon="-117.153940"><ele>167.073</ele><time>2021-02-06T22:04:00Z</time></trkpt><trkpt lat="33.085143" lon="-117.154170"><ele>166.272</ele><time>2021-02-06T22:04:03Z</time></trkpt><trkpt lat="33.085073" lon="-117.154239"><ele>166.020</ele><time>2021-02-06T22:04:04Z</time></trkpt><trkpt lat="33.084782" lon="-117.154488"><ele>165.297</ele><time>2021-02-06T22:04:08Z</time></trkpt><trkpt lat="33.084619" lon="-117.154603"><ele>164.828</ele><time>2021-02-06T22:04:10Z</time></trkpt><trkpt lat="33.084284" lon="-117.154813"><ele>163.433</ele><time>2021-02-06T22:04:14Z</time></trkpt><trkpt lat="33.084195" lon="-117.154862"><ele>162.852</ele><time>2021-02-06T22:04:15Z</time></trkpt><trkpt lat="33.084103" lon="-117.154902"><ele>162.457</ele><time>2021-02-06T22:04:16Z</time></trkpt><trkpt lat="33.083826" lon="-117.154963"><ele>161.068</ele><time>2021-02-06T22:04:19Z</time></trkpt><trkpt lat="33.083358" lon="-117.154933"><ele>160.242</ele><time>2021-02-06T22:04:24Z</time></trkpt><trkpt lat="33.083268" lon="-117.154912"><ele>159.826</ele><time>2021-02-06T22:04:25Z</time></trkpt><trkpt lat="33.083079" lon="-117.154901"><ele>159.008</ele><time>2021-02-06T22:04:27Z</time></trkpt><trkpt lat="33.082975" lon="-117.154918"><ele>158.272</ele><time>2021-02-06T22:04:28Z</time></trkpt><trkpt lat="33.082762" lon="-117.154977"><ele>157.211</ele><time>2021-02-06T22:04:30Z</time></trkpt><trkpt lat="33.082556" lon="-117.155036"><ele>155.459</ele><time>2021-02-06T22:04:32Z</time></trkpt><trkpt lat="33.082349" lon="-117.155118"><ele>154.066</ele><time>2021-02-06T22:04:34Z</time></trkpt><trkpt lat="33.082151" lon="-117.155206"><ele>152.037</ele><time>2021-02-06T22:04:36Z</time></trkpt><trkpt lat="33.081952" lon="-117.155293"><ele>150.692</ele><time>2021-02-06T22:04:38Z</time></trkpt><trkpt lat="33.081763" lon="-117.155392"><ele>149.481</ele><time>2021-02-06T22:04:40Z</time></trkpt><trkpt lat="33.081577" lon="-117.155508"><ele>148.696</ele><time>2021-02-06T22:04:42Z</time></trkpt><trkpt lat="33.081404" lon="-117.155620"><ele>148.074</ele><time>2021-02-06T22:04:44Z</time></trkpt><trkpt lat="33.080937" lon="-117.155928"><ele>148.056</ele><time>2021-02-06T22:04:50Z</time></trkpt><trkpt lat="33.080521" lon="-117.156130"><ele>148.421</ele><time>2021-02-06T22:04:56Z</time></trkpt><trkpt lat="33.080101" lon="-117.156259"><ele>149.408</ele><time>2021-02-06T22:05:02Z</time></trkpt><trkpt lat="33.080033" lon="-117.156276"><ele>149.853</ele><time>2021-02-06T22:05:03Z</time></trkpt><trkpt lat="33.079702" lon="-117.156366"><ele>150.672</ele><time>2021-02-06T22:05:08Z</time></trkpt><trkpt lat="33.079574" lon="-117.156398"><ele>151.080</ele><time>2021-02-06T22:05:10Z</time></trkpt><trkpt lat="33.079323" lon="-117.156542"><ele>151.457</ele><time>2021-02-06T22:05:14Z</time></trkpt><trkpt lat="33.079257" lon="-117.156587"><ele>151.618</ele><time>2021-02-06T22:05:15Z</time></trkpt><trkpt lat="33.078957" lon="-117.156820"><ele>151.623</ele><time>2021-02-06T22:05:20Z</time></trkpt><trkpt lat="33.078851" lon="-117.156928"><ele>151.622</ele><time>2021-02-06T22:05:22Z</time></trkpt><trkpt lat="33.078604" lon="-117.157267"><ele>150.277</ele><time>2021-02-06T22:05:28Z</time></trkpt><trkpt lat="33.078359" lon="-117.157671"><ele>150.249</ele><time>2021-02-06T22:05:35Z</time></trkpt><trkpt lat="33.078145" lon="-117.158054"><ele>150.602</ele><time>2021-02-06T22:05:41Z</time></trkpt><trkpt lat="33.077888" lon="-117.158596"><ele>150.822</ele><time>2021-02-06T22:05:49Z</time></trkpt><trkpt lat="33.077608" lon="-117.159152"><ele>150.608</ele><time>2021-02-06T22:05:57Z</time></trkpt><trkpt lat="33.077425" lon="-117.159676"><ele>149.410</ele><time>2021-02-06T22:06:03Z</time></trkpt><trkpt lat="33.077402" lon="-117.159774"><ele>149.069</ele><time>2021-02-06T22:06:04Z</time></trkpt><trkpt lat="33.077278" lon="-117.160163"><ele>148.077</ele><time>2021-02-06T22:06:08Z</time></trkpt><trkpt lat="33.077246" lon="-117.160253"><ele>147.474</ele><time>2021-02-06T22:06:09Z</time></trkpt><trkpt lat="33.077206" lon="-117.160340"><ele>146.635</ele><time>2021-02-06T22:06:10Z</time></trkpt><trkpt lat="33.076999" lon="-117.160731"><ele>145.870</ele><time>2021-02-06T22:06:15Z</time></trkpt><trkpt lat="33.076702" lon="-117.161229"><ele>145.849</ele><time>2021-02-06T22:06:22Z</time></trkpt><trkpt lat="33.076420" lon="-117.161544"><ele>145.824</ele><time>2021-02-06T22:06:27Z</time></trkpt><trkpt lat="33.076229" lon="-117.161707"><ele>145.635</ele><time>2021-02-06T22:06:30Z</time></trkpt><trkpt lat="33.076019" lon="-117.161827"><ele>144.886</ele><time>2021-02-06T22:06:33Z</time></trkpt><trkpt lat="33.075864" lon="-117.161870"><ele>144.414</ele><time>2021-02-06T22:06:35Z</time></trkpt><trkpt lat="33.075555" lon="-117.161959"><ele>144.008</ele><time>2021-02-06T22:06:39Z</time></trkpt><trkpt lat="33.075291" lon="-117.162182"><ele>143.449</ele><time>2021-02-06T22:06:43Z</time></trkpt><trkpt lat="33.075232" lon="-117.162257"><ele>143.218</ele><time>2021-02-06T22:06:44Z</time></trkpt><trkpt lat="33.075007" lon="-117.162559"><ele>142.226</ele><time>2021-02-06T22:06:48Z</time></trkpt><trkpt lat="33.074828" lon="-117.162772"><ele>141.443</ele><time>2021-02-06T22:06:51Z</time></trkpt><trkpt lat="33.074770" lon="-117.162841"><ele>140.844</ele><time>2021-02-06T22:06:52Z</time></trkpt><trkpt lat="33.074648" lon="-117.162970"><ele>139.859</ele><time>2021-02-06T22:06:54Z</time></trkpt><trkpt lat="33.074355" lon="-117.163299"><ele>139.068</ele><time>2021-02-06T22:06:59Z</time></trkpt><trkpt lat="33.074042" lon="-117.163650"><ele>139.033</ele><time>2021-02-06T22:07:05Z</time></trkpt><trkpt lat="33.073618" lon="-117.164141"><ele>139.092</ele><time>2021-02-06T22:07:13Z</time></trkpt><trkpt lat="33.073454" lon="-117.164325"><ele>138.873</ele><time>2021-02-06T22:07:16Z</time></trkpt><trkpt lat="33.073313" lon="-117.164475"><ele>138.820</ele><time>2021-02-06T22:07:19Z</time></trkpt><trkpt lat="33.073231" lon="-117.164581"><ele>138.808</ele><time>2021-02-06T22:07:22Z</time></trkpt><trkpt lat="33.073216" lon="-117.164619"><ele>138.845</ele><time>2021-02-06T22:07:23Z</time></trkpt><trkpt lat="33.073161" lon="-117.164864"><ele>139.434</ele><time>2021-02-06T22:07:29Z</time></trkpt><trkpt lat="33.073170" lon="-117.164957"><ele>140.252</ele><time>2021-02-06T22:07:31Z</time></trkpt><trkpt lat="33.073201" lon="-117.165039"><ele>141.499</ele><time>2021-02-06T22:07:33Z</time></trkpt><trkpt lat="33.073220" lon="-117.165076"><ele>142.090</ele><time>2021-02-06T22:07:34Z</time></trkpt><trkpt lat="33.073239" lon="-117.165109"><ele>142.675</ele><time>2021-02-06T22:07:35Z</time></trkpt><trkpt lat="33.073301" lon="-117.165199"><ele>143.814</ele><time>2021-02-06T22:07:38Z</time></trkpt><trkpt lat="33.073338" lon="-117.165276"><ele>144.639</ele><time>2021-02-06T22:07:40Z</time></trkpt><trkpt lat="33.073354" lon="-117.165314"><ele>144.855</ele><time>2021-02-06T22:07:41Z</time></trkpt><trkpt lat="33.073434" lon="-117.165430"><ele>145.807</ele><time>2021-02-06T22:07:45Z</time></trkpt><trkpt lat="33.073487" lon="-117.165516"><ele>146.617</ele><time>2021-02-06T22:07:48Z</time></trkpt><trkpt lat="33.073520" lon="-117.165575"><ele>147.208</ele><time>2021-02-06T22:07:50Z</time></trkpt><trkpt lat="33.073610" lon="-117.165714"><ele>148.281</ele><time>2021-02-06T22:07:55Z</time></trkpt><trkpt lat="33.073706" lon="-117.165919"><ele>149.440</ele><time>2021-02-06T22:08:01Z</time></trkpt><trkpt lat="33.073735" lon="-117.165997"><ele>149.818</ele><time>2021-02-06T22:08:03Z</time></trkpt><trkpt lat="33.073842" lon="-117.166219"><ele>150.685</ele><time>2021-02-06T22:08:09Z</time></trkpt><trkpt lat="33.073857" lon="-117.166253"><ele>150.836</ele><time>2021-02-06T22:08:10Z</time></trkpt><trkpt lat="33.073905" lon="-117.166356"><ele>151.681</ele><time>2021-02-06T22:08:13Z</time></trkpt><trkpt lat="33.073974" lon="-117.166491"><ele>152.430</ele><time>2021-02-06T22:08:17Z</time></trkpt><trkpt lat="33.073991" lon="-117.166527"><ele>152.875</ele><time>2021-02-06T22:08:18Z</time></trkpt><trkpt lat="33.074059" lon="-117.166676"><ele>153.871</ele><time>2021-02-06T22:08:22Z</time></trkpt><trkpt lat="33.074112" lon="-117.166771"><ele>154.441</ele><time>2021-02-06T22:08:25Z</time></trkpt><trkpt lat="33.074149" lon="-117.166838"><ele>154.815</ele><time>2021-02-06T22:08:27Z</time></trkpt><trkpt lat="33.074280" lon="-117.167022"><ele>155.808</ele><time>2021-02-06T22:08:33Z</time></trkpt><trkpt lat="33.074304" lon="-117.167055"><ele>155.863</ele><time>2021-02-06T22:08:34Z</time></trkpt><trkpt lat="33.074455" lon="-117.167261"><ele>157.032</ele><time>2021-02-06T22:08:40Z</time></trkpt><trkpt lat="33.074483" lon="-117.167300"><ele>157.260</ele><time>2021-02-06T22:08:41Z</time></trkpt><trkpt lat="33.074610" lon="-117.167453"><ele>158.027</ele><time>2021-02-06T22:08:45Z</time></trkpt><trkpt lat="33.074743" lon="-117.167585"><ele>158.898</ele><time>2021-02-06T22:08:49Z</time></trkpt><trkpt lat="33.074779" lon="-117.167615"><ele>159.083</ele><time>2021-02-06T22:08:50Z</time></trkpt><trkpt lat="33.074904" lon="-117.167735"><ele>159.822</ele><time>2021-02-06T22:08:54Z</time></trkpt><trkpt lat="33.074935" lon="-117.167766"><ele>160.017</ele><time>2021-02-06T22:08:55Z</time></trkpt><trkpt lat="33.075036" lon="-117.167864"><ele>161.037</ele><time>2021-02-06T22:08:58Z</time></trkpt><trkpt lat="33.075071" lon="-117.167898"><ele>161.449</ele><time>2021-02-06T22:08:59Z</time></trkpt><trkpt lat="33.075241" lon="-117.168071"><ele>162.813</ele><time>2021-02-06T22:09:04Z</time></trkpt><trkpt lat="33.075340" lon="-117.168174"><ele>163.008</ele><time>2021-02-06T22:09:07Z</time></trkpt><trkpt lat="33.075457" lon="-117.168318"><ele>164.019</ele><time>2021-02-06T22:09:11Z</time></trkpt><trkpt lat="33.075554" lon="-117.168418"><ele>164.838</ele><time>2021-02-06T22:09:14Z</time></trkpt><trkpt lat="33.075588" lon="-117.168453"><ele>165.046</ele><time>2021-02-06T22:09:15Z</time></trkpt><trkpt lat="33.075789" lon="-117.168712"><ele>166.033</ele><time>2021-02-06T22:09:21Z</time></trkpt><trkpt lat="33.075851" lon="-117.168814"><ele>166.214</ele><time>2021-02-06T22:09:23Z</time></trkpt><trkpt lat="33.076008" lon="-117.169047"><ele>166.859</ele><time>2021-02-06T22:09:28Z</time></trkpt><trkpt lat="33.076105" lon="-117.169206"><ele>167.468</ele><time>2021-02-06T22:09:31Z</time></trkpt><trkpt lat="33.076239" lon="-117.169392"><ele>167.893</ele><time>2021-02-06T22:09:35Z</time></trkpt><trkpt lat="33.076472" lon="-117.169645"><ele>168.428</ele><time>2021-02-06T22:09:41Z</time></trkpt><trkpt lat="33.076513" lon="-117.169681"><ele>168.489</ele><time>2021-02-06T22:09:42Z</time></trkpt><trkpt lat="33.076774" lon="-117.169914"><ele>169.817</ele><time>2021-02-06T22:09:48Z</time></trkpt><trkpt lat="33.076949" lon="-117.170072"><ele>170.608</ele><time>2021-02-06T22:09:52Z</time></trkpt><trkpt lat="33.077068" lon="-117.170182"><ele>171.028</ele><time>2021-02-06T22:09:55Z</time></trkpt><trkpt lat="33.077173" lon="-117.170282"><ele>172.237</ele><time>2021-02-06T22:09:58Z</time></trkpt><trkpt lat="33.077207" lon="-117.170310"><ele>172.475</ele><time>2021-02-06T22:09:59Z</time></trkpt><trkpt lat="33.077385" lon="-117.170468"><ele>173.412</ele><time>2021-02-06T22:10:04Z</time></trkpt><trkpt lat="33.077539" lon="-117.170594"><ele>174.893</ele><time>2021-02-06T22:10:08Z</time></trkpt><trkpt lat="33.077608" lon="-117.170673"><ele>175.878</ele><time>2021-02-06T22:10:10Z</time></trkpt><trkpt lat="33.077746" lon="-117.170842"><ele>176.847</ele><time>2021-02-06T22:10:14Z</time></trkpt><trkpt lat="33.077809" lon="-117.170923"><ele>177.222</ele><time>2021-02-06T22:10:16Z</time></trkpt><trkpt lat="33.077886" lon="-117.171047"><ele>177.874</ele><time>2021-02-06T22:10:19Z</time></trkpt><trkpt lat="33.077979" lon="-117.171226"><ele>178.656</ele><time>2021-02-06T22:10:23Z</time></trkpt><trkpt lat="33.078034" lon="-117.171311"><ele>179.221</ele><time>2021-02-06T22:10:25Z</time></trkpt><trkpt lat="33.078134" lon="-117.171513"><ele>180.008</ele><time>2021-02-06T22:10:29Z</time></trkpt><trkpt lat="33.078158" lon="-117.171564"><ele>180.473</ele><time>2021-02-06T22:10:30Z</time></trkpt><trkpt lat="33.078226" lon="-117.171719"><ele>181.652</ele><time>2021-02-06T22:10:33Z</time></trkpt><trkpt lat="33.078286" lon="-117.171876"><ele>182.840</ele><time>2021-02-06T22:10:36Z</time></trkpt><trkpt lat="33.078321" lon="-117.171985"><ele>183.477</ele><time>2021-02-06T22:10:38Z</time></trkpt><trkpt lat="33.078363" lon="-117.172155"><ele>184.018</ele><time>2021-02-06T22:10:41Z</time></trkpt><trkpt lat="33.078409" lon="-117.172381"><ele>184.873</ele><time>2021-02-06T22:10:45Z</time></trkpt><trkpt lat="33.078417" lon="-117.172433"><ele>185.012</ele><time>2021-02-06T22:10:46Z</time></trkpt><trkpt lat="33.078416" lon="-117.172707"><ele>186.237</ele><time>2021-02-06T22:10:51Z</time></trkpt><trkpt lat="33.078436" lon="-117.173040"><ele>187.636</ele><time>2021-02-06T22:10:57Z</time></trkpt><trkpt lat="33.078433" lon="-117.173145"><ele>188.217</ele><time>2021-02-06T22:10:59Z</time></trkpt><trkpt lat="33.078429" lon="-117.173297"><ele>188.818</ele><time>2021-02-06T22:11:02Z</time></trkpt><trkpt lat="33.078443" lon="-117.173444"><ele>190.008</ele><time>2021-02-06T22:11:05Z</time></trkpt><trkpt lat="33.078447" lon="-117.173500"><ele>190.299</ele><time>2021-02-06T22:11:06Z</time></trkpt><trkpt lat="33.078470" lon="-117.173648"><ele>191.038</ele><time>2021-02-06T22:11:09Z</time></trkpt><trkpt lat="33.078485" lon="-117.173789"><ele>192.076</ele><time>2021-02-06T22:11:12Z</time></trkpt><trkpt lat="33.078494" lon="-117.173950"><ele>193.013</ele><time>2021-02-06T22:11:15Z</time></trkpt><trkpt lat="33.078517" lon="-117.174153"><ele>194.414</ele><time>2021-02-06T22:11:19Z</time></trkpt><trkpt lat="33.078565" lon="-117.174320"><ele>195.459</ele><time>2021-02-06T22:11:23Z</time></trkpt><trkpt lat="33.078580" lon="-117.174402"><ele>195.898</ele><time>2021-02-06T22:11:25Z</time></trkpt><trkpt lat="33.078601" lon="-117.174497"><ele>196.423</ele><time>2021-02-06T22:11:27Z</time></trkpt><trkpt lat="33.078624" lon="-117.174628"><ele>197.692</ele><time>2021-02-06T22:11:30Z</time></trkpt><trkpt lat="33.078638" lon="-117.174719"><ele>198.673</ele><time>2021-02-06T22:11:32Z</time></trkpt><trkpt lat="33.078673" lon="-117.174890"><ele>200.020</ele><time>2021-02-06T22:11:36Z</time></trkpt><trkpt lat="33.078699" lon="-117.175062"><ele>201.208</ele><time>2021-02-06T22:11:40Z</time></trkpt><trkpt lat="33.078740" lon="-117.175225"><ele>202.455</ele><time>2021-02-06T22:11:44Z</time></trkpt><trkpt lat="33.078751" lon="-117.175352"><ele>203.664</ele><time>2021-02-06T22:11:47Z</time></trkpt><trkpt lat="33.078756" lon="-117.175392"><ele>203.852</ele><time>2021-02-06T22:11:48Z</time></trkpt><trkpt lat="33.078785" lon="-117.175564"><ele>205.019</ele><time>2021-02-06T22:11:52Z</time></trkpt><trkpt lat="33.078798" lon="-117.175649"><ele>205.450</ele><time>2021-02-06T22:11:54Z</time></trkpt><trkpt lat="33.078810" lon="-117.175734"><ele>206.065</ele><time>2021-02-06T22:11:56Z</time></trkpt><trkpt lat="33.078829" lon="-117.175881"><ele>207.224</ele><time>2021-02-06T22:11:59Z</time></trkpt><trkpt lat="33.078849" lon="-117.175981"><ele>207.469</ele><time>2021-02-06T22:12:01Z</time></trkpt><trkpt lat="33.078882" lon="-117.176128"><ele>208.246</ele><time>2021-02-06T22:12:04Z</time></trkpt><trkpt lat="33.078919" lon="-117.176342"><ele>209.488</ele><time>2021-02-06T22:12:08Z</time></trkpt><trkpt lat="33.078953" lon="-117.176560"><ele>210.616</ele><time>2021-02-06T22:12:12Z</time></trkpt><trkpt lat="33.078976" lon="-117.176718"><ele>211.208</ele><time>2021-02-06T22:12:15Z</time></trkpt><trkpt lat="33.079000" lon="-117.176822"><ele>211.640</ele><time>2021-02-06T22:12:17Z</time></trkpt><trkpt lat="33.079070" lon="-117.177082"><ele>212.069</ele><time>2021-02-06T22:12:22Z</time></trkpt><trkpt lat="33.079067" lon="-117.177117"><ele>212.047</ele><time>2021-02-06T22:12:23Z</time></trkpt><trkpt lat="33.079032" lon="-117.177108"><ele>212.224</ele><time>2021-02-06T22:12:25Z</time></trkpt><trkpt lat="33.079011" lon="-117.177020"><ele>212.675</ele><time>2021-02-06T22:12:27Z</time></trkpt><trkpt lat="33.079007" lon="-117.176964"><ele>212.860</ele><time>2021-02-06T22:12:28Z</time></trkpt><trkpt lat="33.078995" lon="-117.176905"><ele>213.069</ele><time>2021-02-06T22:12:29Z</time></trkpt><trkpt lat="33.078949" lon="-117.176710"><ele>213.844</ele><time>2021-02-06T22:12:32Z</time></trkpt><trkpt lat="33.078939" lon="-117.176637"><ele>213.819</ele><time>2021-02-06T22:12:33Z</time></trkpt><trkpt lat="33.078853" lon="-117.176136"><ele>214.009</ele><time>2021-02-06T22:12:39Z</time></trkpt><trkpt lat="33.078752" lon="-117.175614"><ele>212.819</ele><time>2021-02-06T22:12:44Z</time></trkpt><trkpt lat="33.078733" lon="-117.175498"><ele>212.208</ele><time>2021-02-06T22:12:45Z</time></trkpt><trkpt lat="33.078696" lon="-117.175246"><ele>211.097</ele><time>2021-02-06T22:12:47Z</time></trkpt><trkpt lat="33.078643" lon="-117.174975"><ele>209.626</ele><time>2021-02-06T22:12:49Z</time></trkpt><trkpt lat="33.078583" lon="-117.174693"><ele>208.254</ele><time>2021-02-06T22:12:51Z</time></trkpt><trkpt lat="33.078525" lon="-117.174412"><ele>206.641</ele><time>2021-02-06T22:12:53Z</time></trkpt><trkpt lat="33.078470" lon="-117.174131"><ele>203.812</ele><time>2021-02-06T22:12:55Z</time></trkpt><trkpt lat="33.078446" lon="-117.173983"><ele>202.657</ele><time>2021-02-06T22:12:56Z</time></trkpt><trkpt lat="33.078424" lon="-117.173835"><ele>201.686</ele><time>2021-02-06T22:12:57Z</time></trkpt><trkpt lat="33.078387" lon="-117.173529"><ele>199.861</ele><time>2021-02-06T22:12:59Z</time></trkpt><trkpt lat="33.078359" lon="-117.173214"><ele>197.863</ele><time>2021-02-06T22:13:01Z</time></trkpt><trkpt lat="33.078345" lon="-117.173056"><ele>196.844</ele><time>2021-02-06T22:13:02Z</time></trkpt><trkpt lat="33.078336" lon="-117.172902"><ele>196.018</ele><time>2021-02-06T22:13:03Z</time></trkpt><trkpt lat="33.078334" lon="-117.172604"><ele>194.208</ele><time>2021-02-06T22:13:05Z</time></trkpt><trkpt lat="33.078334" lon="-117.172460"><ele>192.812</ele><time>2021-02-06T22:13:06Z</time></trkpt><trkpt lat="33.078328" lon="-117.172315"><ele>191.491</ele><time>2021-02-06T22:13:07Z</time></trkpt><trkpt lat="33.078314" lon="-117.172171"><ele>190.099</ele><time>2021-02-06T22:13:08Z</time></trkpt><trkpt lat="33.078290" lon="-117.172032"><ele>188.626</ele><time>2021-02-06T22:13:09Z</time></trkpt><trkpt lat="33.078250" lon="-117.171899"><ele>187.277</ele><time>2021-02-06T22:13:10Z</time></trkpt><trkpt lat="33.078202" lon="-117.171771"><ele>186.282</ele><time>2021-02-06T22:13:11Z</time></trkpt><trkpt lat="33.078086" lon="-117.171518"><ele>185.231</ele><time>2021-02-06T22:13:13Z</time></trkpt><trkpt lat="33.077957" lon="-117.171260"><ele>184.486</ele><time>2021-02-06T22:13:15Z</time></trkpt><trkpt lat="33.077826" lon="-117.171012"><ele>183.874</ele><time>2021-02-06T22:13:17Z</time></trkpt><trkpt lat="33.077674" lon="-117.170790"><ele>182.456</ele><time>2021-02-06T22:13:19Z</time></trkpt><trkpt lat="33.077503" lon="-117.170603"><ele>180.821</ele><time>2021-02-06T22:13:21Z</time></trkpt><trkpt lat="33.077330" lon="-117.170429"><ele>179.608</ele><time>2021-02-06T22:13:23Z</time></trkpt><trkpt lat="33.077245" lon="-117.170349"><ele>178.443</ele><time>2021-02-06T22:13:24Z</time></trkpt><trkpt lat="33.077072" lon="-117.170197"><ele>177.042</ele><time>2021-02-06T22:13:26Z</time></trkpt><trkpt lat="33.076903" lon="-117.170054"><ele>175.080</ele><time>2021-02-06T22:13:28Z</time></trkpt><trkpt lat="33.076817" lon="-117.169985"><ele>174.027</ele><time>2021-02-06T22:13:29Z</time></trkpt><trkpt lat="33.076643" lon="-117.169829"><ele>172.628</ele><time>2021-02-06T22:13:31Z</time></trkpt><trkpt lat="33.076470" lon="-117.169670"><ele>171.623</ele><time>2021-02-06T22:13:33Z</time></trkpt><trkpt lat="33.076311" lon="-117.169512"><ele>171.022</ele><time>2021-02-06T22:13:35Z</time></trkpt><trkpt lat="33.076169" lon="-117.169343"><ele>170.417</ele><time>2021-02-06T22:13:37Z</time></trkpt><trkpt lat="33.076043" lon="-117.169169"><ele>169.012</ele><time>2021-02-06T22:13:39Z</time></trkpt><trkpt lat="33.075991" lon="-117.169083"><ele>168.432</ele><time>2021-02-06T22:13:40Z</time></trkpt><trkpt lat="33.075838" lon="-117.168846"><ele>167.805</ele><time>2021-02-06T22:13:43Z</time></trkpt><trkpt lat="33.075761" lon="-117.168722"><ele>167.808</ele><time>2021-02-06T22:13:45Z</time></trkpt><trkpt lat="33.075711" lon="-117.168623"><ele>167.887</ele><time>2021-02-06T22:13:48Z</time></trkpt><trkpt lat="33.075731" lon="-117.168639"><ele>167.856</ele><time>2021-02-06T22:13:50Z</time></trkpt><trkpt lat="33.075746" lon="-117.168660"><ele>167.894</ele><time>2021-02-06T22:13:51Z</time></trkpt><trkpt lat="33.075848" lon="-117.168830"><ele>168.471</ele><time>2021-02-06T22:13:56Z</time></trkpt><trkpt lat="33.076067" lon="-117.169163"><ele>168.422</ele><time>2021-02-06T22:14:02Z</time></trkpt><trkpt lat="33.076416" lon="-117.169595"><ele>168.447</ele><time>2021-02-06T22:14:10Z</time></trkpt><trkpt lat="33.076811" lon="-117.169966"><ele>169.056</ele><time>2021-02-06T22:14:18Z</time></trkpt><trkpt lat="33.076907" lon="-117.170044"><ele>170.061</ele><time>2021-02-06T22:14:20Z</time></trkpt><trkpt lat="33.077138" lon="-117.170244"><ele>171.099</ele><time>2021-02-06T22:14:25Z</time></trkpt><trkpt lat="33.077182" lon="-117.170279"><ele>171.007</ele><time>2021-02-06T22:14:26Z</time></trkpt><trkpt lat="33.077316" lon="-117.170411"><ele>172.227</ele><time>2021-02-06T22:14:29Z</time></trkpt><trkpt lat="33.077405" lon="-117.170503"><ele>173.408</ele><time>2021-02-06T22:14:31Z</time></trkpt><trkpt lat="33.077533" lon="-117.170633"><ele>174.655</ele><time>2021-02-06T22:14:34Z</time></trkpt><trkpt lat="33.077672" lon="-117.170791"><ele>175.894</ele><time>2021-02-06T22:14:38Z</time></trkpt><trkpt lat="33.077766" lon="-117.170932"><ele>176.832</ele><time>2021-02-06T22:14:42Z</time></trkpt><trkpt lat="33.077841" lon="-117.171041"><ele>177.839</ele><time>2021-02-06T22:14:45Z</time></trkpt><trkpt lat="33.077867" lon="-117.171078"><ele>178.030</ele><time>2021-02-06T22:14:46Z</time></trkpt><trkpt lat="33.077933" lon="-117.171194"><ele>179.415</ele><time>2021-02-06T22:14:49Z</time></trkpt><trkpt lat="33.077992" lon="-117.171295"><ele>179.874</ele><time>2021-02-06T22:14:52Z</time></trkpt><trkpt lat="33.078078" lon="-117.171440"><ele>180.619</ele><time>2021-02-06T22:14:56Z</time></trkpt><trkpt lat="33.078098" lon="-117.171477"><ele>180.871</ele><time>2021-02-06T22:14:57Z</time></trkpt><trkpt lat="33.078133" lon="-117.171553"><ele>181.641</ele><time>2021-02-06T22:14:59Z</time></trkpt><trkpt lat="33.078233" lon="-117.171757"><ele>182.615</ele><time>2021-02-06T22:15:04Z</time></trkpt><trkpt lat="33.078295" lon="-117.171880"><ele>183.608</ele><time>2021-02-06T22:15:07Z</time></trkpt><trkpt lat="33.078313" lon="-117.171932"><ele>183.823</ele><time>2021-02-06T22:15:08Z</time></trkpt><trkpt lat="33.078377" lon="-117.172211"><ele>184.832</ele><time>2021-02-06T22:15:13Z</time></trkpt><trkpt lat="33.078387" lon="-117.172267"><ele>185.240</ele><time>2021-02-06T22:15:14Z</time></trkpt><trkpt lat="33.078404" lon="-117.172425"><ele>186.437</ele><time>2021-02-06T22:15:17Z</time></trkpt><trkpt lat="33.078409" lon="-117.172568"><ele>187.058</ele><time>2021-02-06T22:15:20Z</time></trkpt><trkpt lat="33.078405" lon="-117.172667"><ele>187.493</ele><time>2021-02-06T22:15:22Z</time></trkpt><trkpt lat="33.078398" lon="-117.172990"><ele>188.462</ele><time>2021-02-06T22:15:28Z</time></trkpt><trkpt lat="33.078400" lon="-117.173044"><ele>188.647</ele><time>2021-02-06T22:15:29Z</time></trkpt><trkpt lat="33.078412" lon="-117.173286"><ele>189.632</ele><time>2021-02-06T22:15:34Z</time></trkpt><trkpt lat="33.078416" lon="-117.173327"><ele>189.892</ele><time>2021-02-06T22:15:35Z</time></trkpt><trkpt lat="33.078473" lon="-117.173655"><ele>190.811</ele><time>2021-02-06T22:15:42Z</time></trkpt><trkpt lat="33.078480" lon="-117.173703"><ele>191.208</ele><time>2021-02-06T22:15:43Z</time></trkpt><trkpt lat="33.078489" lon="-117.173804"><ele>191.899</ele><time>2021-02-06T22:15:45Z</time></trkpt><trkpt lat="33.078505" lon="-117.173951"><ele>193.028</ele><time>2021-02-06T22:15:48Z</time></trkpt><trkpt lat="33.078521" lon="-117.174096"><ele>194.286</ele><time>2021-02-06T22:15:51Z</time></trkpt><trkpt lat="33.078529" lon="-117.174145"><ele>194.463</ele><time>2021-02-06T22:15:52Z</time></trkpt><trkpt lat="33.078557" lon="-117.174289"><ele>195.484</ele><time>2021-02-06T22:15:55Z</time></trkpt><trkpt lat="33.078583" lon="-117.174426"><ele>196.819</ele><time>2021-02-06T22:15:58Z</time></trkpt><trkpt lat="33.078617" lon="-117.174606"><ele>197.868</ele><time>2021-02-06T22:16:02Z</time></trkpt><trkpt lat="33.078654" lon="-117.174778"><ele>199.253</ele><time>2021-02-06T22:16:06Z</time></trkpt><trkpt lat="33.078669" lon="-117.174913"><ele>199.848</ele><time>2021-02-06T22:16:09Z</time></trkpt><trkpt lat="33.078677" lon="-117.174959"><ele>200.261</ele><time>2021-02-06T22:16:10Z</time></trkpt><trkpt lat="33.078703" lon="-117.175093"><ele>201.817</ele><time>2021-02-06T22:16:13Z</time></trkpt><trkpt lat="33.078729" lon="-117.175223"><ele>202.608</ele><time>2021-02-06T22:16:16Z</time></trkpt><trkpt lat="33.078737" lon="-117.175264"><ele>203.070</ele><time>2021-02-06T22:16:17Z</time></trkpt><trkpt lat="33.078770" lon="-117.175442"><ele>204.089</ele><time>2021-02-06T22:16:21Z</time></trkpt><trkpt lat="33.078789" lon="-117.175574"><ele>204.897</ele><time>2021-02-06T22:16:24Z</time></trkpt><trkpt lat="33.078797" lon="-117.175615"><ele>205.254</ele><time>2021-02-06T22:16:25Z</time></trkpt><trkpt lat="33.078822" lon="-117.175785"><ele>206.435</ele><time>2021-02-06T22:16:29Z</time></trkpt><trkpt lat="33.078841" lon="-117.175927"><ele>207.230</ele><time>2021-02-06T22:16:32Z</time></trkpt><trkpt lat="33.078851" lon="-117.175977"><ele>207.439</ele><time>2021-02-06T22:16:33Z</time></trkpt><trkpt lat="33.078869" lon="-117.176122"><ele>208.634</ele><time>2021-02-06T22:16:36Z</time></trkpt><trkpt lat="33.078892" lon="-117.176306"><ele>209.299</ele><time>2021-02-06T22:16:40Z</time></trkpt><trkpt lat="33.078899" lon="-117.176355"><ele>209.607</ele><time>2021-02-06T22:16:41Z</time></trkpt><trkpt lat="33.078946" lon="-117.176605"><ele>211.027</ele><time>2021-02-06T22:16:46Z</time></trkpt><trkpt lat="33.078980" lon="-117.176755"><ele>211.608</ele><time>2021-02-06T22:16:49Z</time></trkpt><trkpt lat="33.079005" lon="-117.176864"><ele>212.215</ele><time>2021-02-06T22:16:51Z</time></trkpt><trkpt lat="33.079097" lon="-117.177151"><ele>212.884</ele><time>2021-02-06T22:16:56Z</time></trkpt><trkpt lat="33.079229" lon="-117.177456"><ele>213.222</ele><time>2021-02-06T22:17:01Z</time></trkpt><trkpt lat="33.079292" lon="-117.177582"><ele>213.289</ele><time>2021-02-06T22:17:03Z</time></trkpt><trkpt lat="33.079514" lon="-117.177998"><ele>213.060</ele><time>2021-02-06T22:17:09Z</time></trkpt><trkpt lat="33.079771" lon="-117.178346"><ele>211.815</ele><time>2021-02-06T22:17:14Z</time></trkpt><trkpt lat="33.079828" lon="-117.178430"><ele>211.624</ele><time>2021-02-06T22:17:15Z</time></trkpt><trkpt lat="33.080074" lon="-117.178803"><ele>210.449</ele><time>2021-02-06T22:17:19Z</time></trkpt><trkpt lat="33.080138" lon="-117.178900"><ele>210.219</ele><time>2021-02-06T22:17:20Z</time></trkpt><trkpt lat="33.080272" lon="-117.179095"><ele>209.409</ele><time>2021-02-06T22:17:22Z</time></trkpt><trkpt lat="33.080406" lon="-117.179291"><ele>207.819</ele><time>2021-02-06T22:17:24Z</time></trkpt><trkpt lat="33.080471" lon="-117.179386"><ele>206.808</ele><time>2021-02-06T22:17:25Z</time></trkpt><trkpt lat="33.080535" lon="-117.179485"><ele>205.677</ele><time>2021-02-06T22:17:26Z</time></trkpt><trkpt lat="33.080596" lon="-117.179588"><ele>204.626</ele><time>2021-02-06T22:17:27Z</time></trkpt><trkpt lat="33.080659" lon="-117.179692"><ele>203.664</ele><time>2021-02-06T22:17:28Z</time></trkpt><trkpt lat="33.080857" lon="-117.179976"><ele>202.421</ele><time>2021-02-06T22:17:31Z</time></trkpt><trkpt lat="33.081118" lon="-117.180343"><ele>202.042</ele><time>2021-02-06T22:17:35Z</time></trkpt><trkpt lat="33.081523" lon="-117.180875"><ele>201.637</ele><time>2021-02-06T22:17:41Z</time></trkpt><trkpt lat="33.081591" lon="-117.180973"><ele>201.466</ele><time>2021-02-06T22:17:42Z</time></trkpt><trkpt lat="33.081660" lon="-117.181075"><ele>201.211</ele><time>2021-02-06T22:17:43Z</time></trkpt><trkpt lat="33.081872" lon="-117.181389"><ele>200.255</ele><time>2021-02-06T22:17:46Z</time></trkpt><trkpt lat="33.082085" lon="-117.181727"><ele>199.407</ele><time>2021-02-06T22:17:49Z</time></trkpt><trkpt lat="33.082153" lon="-117.181845"><ele>199.017</ele><time>2021-02-06T22:17:50Z</time></trkpt><trkpt lat="33.082288" lon="-117.182087"><ele>197.408</ele><time>2021-02-06T22:17:52Z</time></trkpt><trkpt lat="33.082356" lon="-117.182206"><ele>196.431</ele><time>2021-02-06T22:17:53Z</time></trkpt><trkpt lat="33.082428" lon="-117.182323"><ele>195.420</ele><time>2021-02-06T22:17:54Z</time></trkpt><trkpt lat="33.082501" lon="-117.182435"><ele>194.238</ele><time>2021-02-06T22:17:55Z</time></trkpt><trkpt lat="33.082578" lon="-117.182544"><ele>193.645</ele><time>2021-02-06T22:17:56Z</time></trkpt><trkpt lat="33.082656" lon="-117.182651"><ele>193.076</ele><time>2021-02-06T22:17:57Z</time></trkpt><trkpt lat="33.082810" lon="-117.182857"><ele>191.471</ele><time>2021-02-06T22:17:59Z</time></trkpt><trkpt lat="33.082952" lon="-117.183044"><ele>189.660</ele><time>2021-02-06T22:18:01Z</time></trkpt><trkpt lat="33.083021" lon="-117.183131"><ele>188.835</ele><time>2021-02-06T22:18:02Z</time></trkpt><trkpt lat="33.083088" lon="-117.183219"><ele>188.272</ele><time>2021-02-06T22:18:03Z</time></trkpt><trkpt lat="33.083312" lon="-117.183518"><ele>187.813</ele><time>2021-02-06T22:18:07Z</time></trkpt><trkpt lat="33.083501" lon="-117.183770"><ele>188.614</ele><time>2021-02-06T22:18:12Z</time></trkpt><trkpt lat="33.083534" lon="-117.183817"><ele>189.208</ele><time>2021-02-06T22:18:13Z</time></trkpt><trkpt lat="33.083595" lon="-117.183916"><ele>190.623</ele><time>2021-02-06T22:18:15Z</time></trkpt><trkpt lat="33.083657" lon="-117.184014"><ele>192.482</ele><time>2021-02-06T22:18:17Z</time></trkpt><trkpt lat="33.083721" lon="-117.184110"><ele>194.230</ele><time>2021-02-06T22:18:19Z</time></trkpt><trkpt lat="33.083751" lon="-117.184160"><ele>195.087</ele><time>2021-02-06T22:18:20Z</time></trkpt><trkpt lat="33.083784" lon="-117.184210"><ele>195.618</ele><time>2021-02-06T22:18:21Z</time></trkpt><trkpt lat="33.083885" lon="-117.184369"><ele>196.883</ele><time>2021-02-06T22:18:24Z</time></trkpt><trkpt lat="33.084030" lon="-117.184589"><ele>197.482</ele><time>2021-02-06T22:18:28Z</time></trkpt><trkpt lat="33.084101" lon="-117.184693"><ele>197.827</ele><time>2021-02-06T22:18:30Z</time></trkpt><trkpt lat="33.084242" lon="-117.184895"><ele>199.022</ele><time>2021-02-06T22:18:34Z</time></trkpt><trkpt lat="33.084308" lon="-117.185004"><ele>199.262</ele><time>2021-02-06T22:18:36Z</time></trkpt><trkpt lat="33.084509" lon="-117.185287"><ele>200.008</ele><time>2021-02-06T22:18:42Z</time></trkpt><trkpt lat="33.084576" lon="-117.185377"><ele>200.608</ele><time>2021-02-06T22:18:44Z</time></trkpt><trkpt lat="33.084648" lon="-117.185470"><ele>201.028</ele><time>2021-02-06T22:18:46Z</time></trkpt><trkpt lat="33.084753" lon="-117.185612"><ele>201.297</ele><time>2021-02-06T22:18:49Z</time></trkpt><trkpt lat="33.084793" lon="-117.185650"><ele>201.455</ele><time>2021-02-06T22:18:50Z</time></trkpt><trkpt lat="33.085073" lon="-117.185940"><ele>202.022</ele><time>2021-02-06T22:18:57Z</time></trkpt><trkpt lat="33.085108" lon="-117.185972"><ele>202.273</ele><time>2021-02-06T22:18:58Z</time></trkpt><trkpt lat="33.085245" lon="-117.186075"><ele>203.018</ele><time>2021-02-06T22:19:02Z</time></trkpt><trkpt lat="33.085282" lon="-117.186104"><ele>203.687</ele><time>2021-02-06T22:19:03Z</time></trkpt><trkpt lat="33.085383" lon="-117.186164"><ele>204.632</ele><time>2021-02-06T22:19:06Z</time></trkpt><trkpt lat="33.085482" lon="-117.186230"><ele>206.019</ele><time>2021-02-06T22:19:09Z</time></trkpt><trkpt lat="33.085578" lon="-117.186309"><ele>207.409</ele><time>2021-02-06T22:19:12Z</time></trkpt><trkpt lat="33.085670" lon="-117.186396"><ele>208.619</ele><time>2021-02-06T22:19:15Z</time></trkpt><trkpt lat="33.085764" lon="-117.186495"><ele>209.608</ele><time>2021-02-06T22:19:18Z</time></trkpt><trkpt lat="33.085795" lon="-117.186525"><ele>209.837</ele><time>2021-02-06T22:19:19Z</time></trkpt><trkpt lat="33.085889" lon="-117.186617"><ele>211.266</ele><time>2021-02-06T22:19:22Z</time></trkpt><trkpt lat="33.085954" lon="-117.186676"><ele>212.474</ele><time>2021-02-06T22:19:24Z</time></trkpt><trkpt lat="33.085990" lon="-117.186703"><ele>212.661</ele><time>2021-02-06T22:19:25Z</time></trkpt><trkpt lat="33.086069" lon="-117.186749"><ele>213.612</ele><time>2021-02-06T22:19:27Z</time></trkpt><trkpt lat="33.086227" lon="-117.186817"><ele>214.647</ele><time>2021-02-06T22:19:31Z</time></trkpt><trkpt lat="33.086319" lon="-117.186849"><ele>214.856</ele><time>2021-02-06T22:19:33Z</time></trkpt><trkpt lat="33.086705" lon="-117.187025"><ele>215.831</ele><time>2021-02-06T22:19:41Z</time></trkpt><trkpt lat="33.086931" lon="-117.187165"><ele>216.653</ele><time>2021-02-06T22:19:46Z</time></trkpt><trkpt lat="33.087012" lon="-117.187233"><ele>217.004</ele><time>2021-02-06T22:19:48Z</time></trkpt><trkpt lat="33.087204" lon="-117.187376"><ele>218.014</ele><time>2021-02-06T22:19:53Z</time></trkpt><trkpt lat="33.087275" lon="-117.187434"><ele>219.008</ele><time>2021-02-06T22:19:55Z</time></trkpt><trkpt lat="33.087312" lon="-117.187461"><ele>219.281</ele><time>2021-02-06T22:19:56Z</time></trkpt><trkpt lat="33.087571" lon="-117.187620"><ele>219.840</ele><time>2021-02-06T22:20:02Z</time></trkpt><trkpt lat="33.087881" lon="-117.187837"><ele>219.838</ele><time>2021-02-06T22:20:08Z</time></trkpt><trkpt lat="33.088115" lon="-117.188026"><ele>219.875</ele><time>2021-02-06T22:20:12Z</time></trkpt><trkpt lat="33.088297" lon="-117.188187"><ele>219.086</ele><time>2021-02-06T22:20:15Z</time></trkpt><trkpt lat="33.088413" lon="-117.188293"><ele>218.261</ele><time>2021-02-06T22:20:17Z</time></trkpt><trkpt lat="33.088636" lon="-117.188501"><ele>217.080</ele><time>2021-02-06T22:20:21Z</time></trkpt><trkpt lat="33.088747" lon="-117.188602"><ele>216.665</ele><time>2021-02-06T22:20:23Z</time></trkpt><trkpt lat="33.089199" lon="-117.189022"><ele>217.053</ele><time>2021-02-06T22:20:32Z</time></trkpt><trkpt lat="33.089245" lon="-117.189064"><ele>217.204</ele><time>2021-02-06T22:20:33Z</time></trkpt><trkpt lat="33.089565" lon="-117.189355"><ele>218.014</ele><time>2021-02-06T22:20:40Z</time></trkpt><trkpt lat="33.089723" lon="-117.189511"><ele>219.008</ele><time>2021-02-06T22:20:44Z</time></trkpt><trkpt lat="33.089760" lon="-117.189545"><ele>219.241</ele><time>2021-02-06T22:20:45Z</time></trkpt><trkpt lat="33.089959" lon="-117.189740"><ele>220.220</ele><time>2021-02-06T22:20:51Z</time></trkpt><trkpt lat="33.090023" lon="-117.189799"><ele>220.838</ele><time>2021-02-06T22:20:53Z</time></trkpt><trkpt lat="33.090083" lon="-117.189864"><ele>221.435</ele><time>2021-02-06T22:20:55Z</time></trkpt><trkpt lat="33.090216" lon="-117.190040"><ele>222.686</ele><time>2021-02-06T22:21:00Z</time></trkpt><trkpt lat="33.090245" lon="-117.190074"><ele>222.811</ele><time>2021-02-06T22:21:01Z</time></trkpt><trkpt lat="33.090351" lon="-117.190205"><ele>223.830</ele><time>2021-02-06T22:21:05Z</time></trkpt><trkpt lat="33.090429" lon="-117.190307"><ele>224.855</ele><time>2021-02-06T22:21:08Z</time></trkpt><trkpt lat="33.090478" lon="-117.190370"><ele>225.275</ele><time>2021-02-06T22:21:10Z</time></trkpt><trkpt lat="33.090590" lon="-117.190543"><ele>226.028</ele><time>2021-02-06T22:21:15Z</time></trkpt><trkpt lat="33.090645" lon="-117.190657"><ele>227.220</ele><time>2021-02-06T22:21:18Z</time></trkpt><trkpt lat="33.090731" lon="-117.190808"><ele>228.408</ele><time>2021-02-06T22:21:22Z</time></trkpt><trkpt lat="33.090767" lon="-117.190889"><ele>229.633</ele><time>2021-02-06T22:21:24Z</time></trkpt><trkpt lat="33.090789" lon="-117.190975"><ele>230.222</ele><time>2021-02-06T22:21:26Z</time></trkpt><trkpt lat="33.090817" lon="-117.191057"><ele>230.630</ele><time>2021-02-06T22:21:28Z</time></trkpt><trkpt lat="33.090882" lon="-117.191218"><ele>231.867</ele><time>2021-02-06T22:21:32Z</time></trkpt><trkpt lat="33.090905" lon="-117.191307"><ele>232.468</ele><time>2021-02-06T22:21:34Z</time></trkpt><trkpt lat="33.090931" lon="-117.191385"><ele>233.053</ele><time>2021-02-06T22:21:36Z</time></trkpt><trkpt lat="33.091001" lon="-117.191543"><ele>234.462</ele><time>2021-02-06T22:21:40Z</time></trkpt><trkpt lat="33.091016" lon="-117.191581"><ele>234.837</ele><time>2021-02-06T22:21:41Z</time></trkpt><trkpt lat="33.091119" lon="-117.191798"><ele>235.663</ele><time>2021-02-06T22:21:47Z</time></trkpt><trkpt lat="33.091189" lon="-117.191941"><ele>236.444</ele><time>2021-02-06T22:21:51Z</time></trkpt><trkpt lat="33.091354" lon="-117.192246"><ele>236.418</ele><time>2021-02-06T22:21:59Z</time></trkpt><trkpt lat="33.091537" lon="-117.192549"><ele>236.008</ele><time>2021-02-06T22:22:06Z</time></trkpt><trkpt lat="33.091768" lon="-117.192920"><ele>235.072</ele><time>2021-02-06T22:22:13Z</time></trkpt><trkpt lat="33.091910" lon="-117.193105"><ele>234.431</ele><time>2021-02-06T22:22:16Z</time></trkpt><trkpt lat="33.092020" lon="-117.193246"><ele>234.289</ele><time>2021-02-06T22:22:18Z</time></trkpt><trkpt lat="33.092208" lon="-117.193477"><ele>232.816</ele><time>2021-02-06T22:22:21Z</time></trkpt><trkpt lat="33.092347" lon="-117.193641"><ele>231.877</ele><time>2021-02-06T22:22:23Z</time></trkpt><trkpt lat="33.092422" lon="-117.193719"><ele>231.262</ele><time>2021-02-06T22:22:24Z</time></trkpt><trkpt lat="33.092499" lon="-117.193796"><ele>230.071</ele><time>2021-02-06T22:22:25Z</time></trkpt><trkpt lat="33.092578" lon="-117.193869"><ele>229.066</ele><time>2021-02-06T22:22:26Z</time></trkpt><trkpt lat="33.092737" lon="-117.194012"><ele>227.025</ele><time>2021-02-06T22:22:28Z</time></trkpt><trkpt lat="33.092817" lon="-117.194080"><ele>225.826</ele><time>2021-02-06T22:22:29Z</time></trkpt><trkpt lat="33.092897" lon="-117.194148"><ele>224.408</ele><time>2021-02-06T22:22:30Z</time></trkpt><trkpt lat="33.092975" lon="-117.194213"><ele>223.208</ele><time>2021-02-06T22:22:31Z</time></trkpt><trkpt lat="33.093132" lon="-117.194329"><ele>222.018</ele><time>2021-02-06T22:22:33Z</time></trkpt><trkpt lat="33.093289" lon="-117.194436"><ele>221.017</ele><time>2021-02-06T22:22:35Z</time></trkpt><trkpt lat="33.093367" lon="-117.194489"><ele>220.895</ele><time>2021-02-06T22:22:36Z</time></trkpt><trkpt lat="33.093912" lon="-117.194801"><ele>219.832</ele><time>2021-02-06T22:22:43Z</time></trkpt><trkpt lat="33.094280" lon="-117.194993"><ele>218.673</ele><time>2021-02-06T22:22:48Z</time></trkpt><trkpt lat="33.094499" lon="-117.195114"><ele>218.478</ele><time>2021-02-06T22:22:51Z</time></trkpt><trkpt lat="33.094998" lon="-117.195364"><ele>218.217</ele><time>2021-02-06T22:22:58Z</time></trkpt><trkpt lat="33.095446" lon="-117.195612"><ele>218.292</ele><time>2021-02-06T22:23:04Z</time></trkpt><trkpt lat="33.095718" lon="-117.195838"><ele>217.481</ele><time>2021-02-06T22:23:08Z</time></trkpt><trkpt lat="33.095848" lon="-117.195944"><ele>217.061</ele><time>2021-02-06T22:23:10Z</time></trkpt><trkpt lat="33.096041" lon="-117.196093"><ele>216.217</ele><time>2021-02-06T22:23:13Z</time></trkpt><trkpt lat="33.096235" lon="-117.196240"><ele>215.008</ele><time>2021-02-06T22:23:16Z</time></trkpt><trkpt lat="33.096421" lon="-117.196373"><ele>214.464</ele><time>2021-02-06T22:23:19Z</time></trkpt><trkpt lat="33.096771" lon="-117.196613"><ele>214.223</ele><time>2021-02-06T22:23:25Z</time></trkpt><trkpt lat="33.097125" lon="-117.196907"><ele>214.211</ele><time>2021-02-06T22:23:31Z</time></trkpt><trkpt lat="33.097183" lon="-117.196970"><ele>214.058</ele><time>2021-02-06T22:23:32Z</time></trkpt><trkpt lat="33.097342" lon="-117.197188"><ele>212.689</ele><time>2021-02-06T22:23:35Z</time></trkpt><trkpt lat="33.097392" lon="-117.197263"><ele>212.064</ele><time>2021-02-06T22:23:36Z</time></trkpt><trkpt lat="33.097531" lon="-117.197491"><ele>211.433</ele><time>2021-02-06T22:23:39Z</time></trkpt><trkpt lat="33.097598" lon="-117.197602"><ele>211.288</ele><time>2021-02-06T22:23:41Z</time></trkpt><trkpt lat="33.097643" lon="-117.197664"><ele>211.272</ele><time>2021-02-06T22:23:44Z</time></trkpt><trkpt lat="33.097637" lon="-117.197663"><ele>211.213</ele><time>2021-02-06T22:23:47Z</time></trkpt><trkpt lat="33.097688" lon="-117.197754"><ele>212.014</ele><time>2021-02-06T22:25:52Z</time></trkpt><trkpt lat="33.097800" lon="-117.197937"><ele>211.808</ele><time>2021-02-06T22:25:58Z</time></trkpt><trkpt lat="33.097930" lon="-117.198180"><ele>212.273</ele><time>2021-02-06T22:26:05Z</time></trkpt><trkpt lat="33.098121" lon="-117.198431"><ele>212.692</ele><time>2021-02-06T22:26:11Z</time></trkpt><trkpt lat="33.098221" lon="-117.198590"><ele>212.870</ele><time>2021-02-06T22:26:14Z</time></trkpt><trkpt lat="33.098321" lon="-117.198754"><ele>213.287</ele><time>2021-02-06T22:26:17Z</time></trkpt><trkpt lat="33.098490" lon="-117.199089"><ele>213.658</ele><time>2021-02-06T22:26:23Z</time></trkpt><trkpt lat="33.098558" lon="-117.199158"><ele>213.673</ele><time>2021-02-06T22:26:26Z</time></trkpt><trkpt lat="33.098626" lon="-117.199109"><ele>214.012</ele><time>2021-02-06T22:26:29Z</time></trkpt><trkpt lat="33.098649" lon="-117.199082"><ele>214.067</ele><time>2021-02-06T22:26:30Z</time></trkpt><trkpt lat="33.098719" lon="-117.199001"><ele>215.212</ele><time>2021-02-06T22:26:33Z</time></trkpt><trkpt lat="33.098811" lon="-117.198909"><ele>216.232</ele><time>2021-02-06T22:26:36Z</time></trkpt><trkpt lat="33.099018" lon="-117.198762"><ele>217.405</ele><time>2021-02-06T22:26:43Z</time></trkpt><trkpt lat="33.099047" lon="-117.198744"><ele>217.608</ele><time>2021-02-06T22:26:44Z</time></trkpt><trkpt lat="33.099178" lon="-117.198668"><ele>218.887</ele><time>2021-02-06T22:26:48Z</time></trkpt><trkpt lat="33.099274" lon="-117.198616"><ele>219.656</ele><time>2021-02-06T22:26:51Z</time></trkpt><trkpt lat="33.099311" lon="-117.198600"><ele>219.854</ele><time>2021-02-06T22:26:52Z</time></trkpt><trkpt lat="33.099431" lon="-117.198531"><ele>221.091</ele><time>2021-02-06T22:26:56Z</time></trkpt><trkpt lat="33.099531" lon="-117.198473"><ele>221.632</ele><time>2021-02-06T22:26:59Z</time></trkpt><trkpt lat="33.099600" lon="-117.198439"><ele>222.447</ele><time>2021-02-06T22:27:01Z</time></trkpt><trkpt lat="33.099716" lon="-117.198379"><ele>223.686</ele><time>2021-02-06T22:27:04Z</time></trkpt><trkpt lat="33.099813" lon="-117.198317"><ele>224.841</ele><time>2021-02-06T22:27:07Z</time></trkpt><trkpt lat="33.099913" lon="-117.198258"><ele>226.073</ele><time>2021-02-06T22:27:10Z</time></trkpt><trkpt lat="33.100039" lon="-117.198170"><ele>227.285</ele><time>2021-02-06T22:27:14Z</time></trkpt><trkpt lat="33.100101" lon="-117.198121"><ele>228.013</ele><time>2021-02-06T22:27:16Z</time></trkpt><trkpt lat="33.100157" lon="-117.198071"><ele>228.408</ele><time>2021-02-06T22:27:18Z</time></trkpt><trkpt lat="33.100260" lon="-117.197970"><ele>229.873</ele><time>2021-02-06T22:27:22Z</time></trkpt><trkpt lat="33.100324" lon="-117.197875"><ele>231.042</ele><time>2021-02-06T22:27:25Z</time></trkpt><trkpt lat="33.100346" lon="-117.197842"><ele>231.460</ele><time>2021-02-06T22:27:26Z</time></trkpt><trkpt lat="33.100414" lon="-117.197742"><ele>232.837</ele><time>2021-02-06T22:27:29Z</time></trkpt><trkpt lat="33.100521" lon="-117.197568"><ele>233.888</ele><time>2021-02-06T22:27:34Z</time></trkpt><trkpt lat="33.100559" lon="-117.197500"><ele>234.213</ele><time>2021-02-06T22:27:36Z</time></trkpt><trkpt lat="33.100614" lon="-117.197410"><ele>234.862</ele><time>2021-02-06T22:27:39Z</time></trkpt><trkpt lat="33.100645" lon="-117.197363"><ele>235.297</ele><time>2021-02-06T22:27:41Z</time></trkpt><trkpt lat="33.100659" lon="-117.197336"><ele>235.898</ele><time>2021-02-06T22:27:43Z</time></trkpt><trkpt lat="33.100667" lon="-117.197332"><ele>236.415</ele><time>2021-02-06T22:27:45Z</time></trkpt><trkpt lat="33.100694" lon="-117.197264"><ele>237.226</ele><time>2021-02-06T22:27:49Z</time></trkpt><trkpt lat="33.100717" lon="-117.197205"><ele>237.808</ele><time>2021-02-06T22:27:51Z</time></trkpt><trkpt lat="33.100795" lon="-117.196984"><ele>238.475</ele><time>2021-02-06T22:27:57Z</time></trkpt><trkpt lat="33.100821" lon="-117.196904"><ele>238.884</ele><time>2021-02-06T22:27:59Z</time></trkpt><trkpt lat="33.100860" lon="-117.196785"><ele>239.672</ele><time>2021-02-06T22:28:02Z</time></trkpt><trkpt lat="33.100918" lon="-117.196655"><ele>240.659</ele><time>2021-02-06T22:28:05Z</time></trkpt><trkpt lat="33.100973" lon="-117.196513"><ele>241.470</ele><time>2021-02-06T22:28:08Z</time></trkpt><trkpt lat="33.100989" lon="-117.196464"><ele>241.815</ele><time>2021-02-06T22:28:09Z</time></trkpt><trkpt lat="33.101055" lon="-117.196193"><ele>243.054</ele><time>2021-02-06T22:28:15Z</time></trkpt><trkpt lat="33.101101" lon="-117.196020"><ele>244.499</ele><time>2021-02-06T22:28:19Z</time></trkpt><trkpt lat="33.101136" lon="-117.195891"><ele>245.431</ele><time>2021-02-06T22:28:22Z</time></trkpt><trkpt lat="33.101165" lon="-117.195807"><ele>246.061</ele><time>2021-02-06T22:28:24Z</time></trkpt><trkpt lat="33.101178" lon="-117.195764"><ele>246.607</ele><time>2021-02-06T22:28:25Z</time></trkpt><trkpt lat="33.101244" lon="-117.195544"><ele>247.808</ele><time>2021-02-06T22:28:30Z</time></trkpt><trkpt lat="33.101272" lon="-117.195410"><ele>248.899</ele><time>2021-02-06T22:28:33Z</time></trkpt><trkpt lat="33.101306" lon="-117.195227"><ele>250.078</ele><time>2021-02-06T22:28:37Z</time></trkpt><trkpt lat="33.101346" lon="-117.195041"><ele>251.056</ele><time>2021-02-06T22:28:41Z</time></trkpt><trkpt lat="33.101377" lon="-117.194961"><ele>251.863</ele><time>2021-02-06T22:28:43Z</time></trkpt><trkpt lat="33.101402" lon="-117.194876"><ele>252.494</ele><time>2021-02-06T22:28:45Z</time></trkpt><trkpt lat="33.101463" lon="-117.194700"><ele>253.889</ele><time>2021-02-06T22:28:49Z</time></trkpt><trkpt lat="33.101480" lon="-117.194614"><ele>254.298</ele><time>2021-02-06T22:28:51Z</time></trkpt><trkpt lat="33.101497" lon="-117.194525"><ele>255.023</ele><time>2021-02-06T22:28:53Z</time></trkpt><trkpt lat="33.101535" lon="-117.194342"><ele>256.228</ele><time>2021-02-06T22:28:57Z</time></trkpt><trkpt lat="33.101554" lon="-117.194260"><ele>257.089</ele><time>2021-02-06T22:28:59Z</time></trkpt><trkpt lat="33.101578" lon="-117.194175"><ele>257.617</ele><time>2021-02-06T22:29:01Z</time></trkpt><trkpt lat="33.101617" lon="-117.194030"><ele>258.808</ele><time>2021-02-06T22:29:04Z</time></trkpt><trkpt lat="33.101654" lon="-117.193894"><ele>259.678</ele><time>2021-02-06T22:29:07Z</time></trkpt><trkpt lat="33.101678" lon="-117.193805"><ele>260.237</ele><time>2021-02-06T22:29:09Z</time></trkpt><trkpt lat="33.101728" lon="-117.193625"><ele>261.675</ele><time>2021-02-06T22:29:13Z</time></trkpt><trkpt lat="33.101766" lon="-117.193483"><ele>262.262</ele><time>2021-02-06T22:29:16Z</time></trkpt><trkpt lat="33.101792" lon="-117.193384"><ele>262.853</ele><time>2021-02-06T22:29:18Z</time></trkpt><trkpt lat="33.101815" lon="-117.193230"><ele>264.098</ele><time>2021-02-06T22:29:21Z</time></trkpt><trkpt lat="33.101816" lon="-117.193129"><ele>264.467</ele><time>2021-02-06T22:29:23Z</time></trkpt><trkpt lat="33.101825" lon="-117.193036"><ele>265.262</ele><time>2021-02-06T22:29:25Z</time></trkpt><trkpt lat="33.101834" lon="-117.192868"><ele>266.645</ele><time>2021-02-06T22:29:29Z</time></trkpt><trkpt lat="33.101835" lon="-117.192841"><ele>266.847</ele><time>2021-02-06T22:29:30Z</time></trkpt><trkpt lat="33.101838" lon="-117.192809"><ele>267.611</ele><time>2021-02-06T22:29:33Z</time></trkpt><trkpt lat="33.101847" lon="-117.192622"><ele>269.808</ele><time>2021-02-06T22:30:01Z</time></trkpt><trkpt lat="33.101889" lon="-117.192440"><ele>270.450</ele><time>2021-02-06T22:30:06Z</time></trkpt><trkpt lat="33.101902" lon="-117.192170"><ele>270.649</ele><time>2021-02-06T22:30:12Z</time></trkpt><trkpt lat="33.101907" lon="-117.192029"><ele>271.057</ele><time>2021-02-06T22:30:15Z</time></trkpt><trkpt lat="33.101894" lon="-117.191896"><ele>272.254</ele><time>2021-02-06T22:30:18Z</time></trkpt><trkpt lat="33.101893" lon="-117.191852"><ele>272.495</ele><time>2021-02-06T22:30:19Z</time></trkpt><trkpt lat="33.101884" lon="-117.191709"><ele>273.210</ele><time>2021-02-06T22:30:22Z</time></trkpt><trkpt lat="33.101881" lon="-117.191518"><ele>274.639</ele><time>2021-02-06T22:30:26Z</time></trkpt><trkpt lat="33.101848" lon="-117.191319"><ele>275.674</ele><time>2021-02-06T22:30:30Z</time></trkpt><trkpt lat="33.101838" lon="-117.191179"><ele>276.681</ele><time>2021-02-06T22:30:33Z</time></trkpt><trkpt lat="33.101829" lon="-117.191083"><ele>277.261</ele><time>2021-02-06T22:30:35Z</time></trkpt><trkpt lat="33.101818" lon="-117.190985"><ele>277.817</ele><time>2021-02-06T22:30:37Z</time></trkpt><trkpt lat="33.101802" lon="-117.190779"><ele>279.008</ele><time>2021-02-06T22:30:41Z</time></trkpt><trkpt lat="33.101789" lon="-117.190677"><ele>279.454</ele><time>2021-02-06T22:30:43Z</time></trkpt><trkpt lat="33.101785" lon="-117.190571"><ele>280.483</ele><time>2021-02-06T22:30:45Z</time></trkpt><trkpt lat="33.101783" lon="-117.190411"><ele>281.481</ele><time>2021-02-06T22:30:48Z</time></trkpt><trkpt lat="33.101783" lon="-117.190304"><ele>282.078</ele><time>2021-02-06T22:30:50Z</time></trkpt><trkpt lat="33.101787" lon="-117.190248"><ele>282.499</ele><time>2021-02-06T22:30:51Z</time></trkpt><trkpt lat="33.101802" lon="-117.190076"><ele>283.474</ele><time>2021-02-06T22:30:54Z</time></trkpt><trkpt lat="33.101816" lon="-117.189971"><ele>284.423</ele><time>2021-02-06T22:30:56Z</time></trkpt><trkpt lat="33.101824" lon="-117.189918"><ele>284.888</ele><time>2021-02-06T22:30:57Z</time></trkpt><trkpt lat="33.101839" lon="-117.189753"><ele>286.019</ele><time>2021-02-06T22:31:00Z</time></trkpt><trkpt lat="33.101855" lon="-117.189538"><ele>287.009</ele><time>2021-02-06T22:31:04Z</time></trkpt><trkpt lat="33.101870" lon="-117.189334"><ele>288.619</ele><time>2021-02-06T22:31:08Z</time></trkpt><trkpt lat="33.101888" lon="-117.189132"><ele>289.608</ele><time>2021-02-06T22:31:12Z</time></trkpt><trkpt lat="33.101900" lon="-117.188982"><ele>290.877</ele><time>2021-02-06T22:31:15Z</time></trkpt><trkpt lat="33.101925" lon="-117.188808"><ele>292.086</ele><time>2021-02-06T22:31:19Z</time></trkpt><trkpt lat="33.101926" lon="-117.188756"><ele>292.434</ele><time>2021-02-06T22:31:20Z</time></trkpt><trkpt lat="33.101931" lon="-117.188649"><ele>293.021</ele><time>2021-02-06T22:31:22Z</time></trkpt><trkpt lat="33.101963" lon="-117.188439"><ele>294.292</ele><time>2021-02-06T22:31:26Z</time></trkpt><trkpt lat="33.101981" lon="-117.188336"><ele>295.287</ele><time>2021-02-06T22:31:28Z</time></trkpt><trkpt lat="33.101987" lon="-117.188281"><ele>295.496</ele><time>2021-02-06T22:31:29Z</time></trkpt><trkpt lat="33.102013" lon="-117.188072"><ele>296.631</ele><time>2021-02-06T22:31:33Z</time></trkpt><trkpt lat="33.102043" lon="-117.187912"><ele>297.486</ele><time>2021-02-06T22:31:36Z</time></trkpt><trkpt lat="33.102048" lon="-117.187860"><ele>297.660</ele><time>2021-02-06T22:31:37Z</time></trkpt><trkpt lat="33.102082" lon="-117.187661"><ele>299.026</ele><time>2021-02-06T22:31:41Z</time></trkpt><trkpt lat="33.102100" lon="-117.187563"><ele>299.608</ele><time>2021-02-06T22:31:43Z</time></trkpt><trkpt lat="33.102116" lon="-117.187460"><ele>300.214</ele><time>2021-02-06T22:31:45Z</time></trkpt><trkpt lat="33.102132" lon="-117.187303"><ele>301.493</ele><time>2021-02-06T22:31:48Z</time></trkpt><trkpt lat="33.102130" lon="-117.187150"><ele>302.261</ele><time>2021-02-06T22:31:51Z</time></trkpt><trkpt lat="33.102128" lon="-117.187100"><ele>302.648</ele><time>2021-02-06T22:31:52Z</time></trkpt><trkpt lat="33.102141" lon="-117.186842"><ele>304.089</ele><time>2021-02-06T22:31:57Z</time></trkpt><trkpt lat="33.102145" lon="-117.186795"><ele>304.274</ele><time>2021-02-06T22:31:58Z</time></trkpt><trkpt lat="33.102149" lon="-117.186713"><ele>305.053</ele><time>2021-02-06T22:32:00Z</time></trkpt><trkpt lat="33.102163" lon="-117.186543"><ele>306.498</ele><time>2021-02-06T22:32:05Z</time></trkpt><trkpt lat="33.102177" lon="-117.186459"><ele>307.686</ele><time>2021-02-06T22:32:08Z</time></trkpt><trkpt lat="33.102202" lon="-117.186373"><ele>309.060</ele><time>2021-02-06T22:32:12Z</time></trkpt><trkpt lat="33.102202" lon="-117.186355"><ele>309.226</ele><time>2021-02-06T22:32:13Z</time></trkpt><trkpt lat="33.102215" lon="-117.186204"><ele>310.008</ele><time>2021-02-06T22:32:18Z</time></trkpt><trkpt lat="33.102216" lon="-117.186163"><ele>310.254</ele><time>2021-02-06T22:32:19Z</time></trkpt><trkpt lat="33.102218" lon="-117.185810"><ele>311.033</ele><time>2021-02-06T22:32:27Z</time></trkpt><trkpt lat="33.102215" lon="-117.185763"><ele>311.051</ele><time>2021-02-06T22:32:28Z</time></trkpt><trkpt lat="33.102200" lon="-117.185537"><ele>312.098</ele><time>2021-02-06T22:32:33Z</time></trkpt><trkpt lat="33.102198" lon="-117.185446"><ele>312.659</ele><time>2021-02-06T22:32:35Z</time></trkpt><trkpt lat="33.102209" lon="-117.185313"><ele>313.214</ele><time>2021-02-06T22:32:38Z</time></trkpt><trkpt lat="33.102210" lon="-117.185177"><ele>314.053</ele><time>2021-02-06T22:32:41Z</time></trkpt><trkpt lat="33.102204" lon="-117.185131"><ele>314.428</ele><time>2021-02-06T22:32:42Z</time></trkpt><trkpt lat="33.102191" lon="-117.184901"><ele>315.877</ele><time>2021-02-06T22:32:47Z</time></trkpt><trkpt lat="33.102170" lon="-117.184766"><ele>316.661</ele><time>2021-02-06T22:32:50Z</time></trkpt><trkpt lat="33.102161" lon="-117.184723"><ele>316.827</ele><time>2021-02-06T22:32:51Z</time></trkpt><trkpt lat="33.102138" lon="-117.184586"><ele>317.808</ele><time>2021-02-06T22:32:54Z</time></trkpt><trkpt lat="33.102112" lon="-117.184403"><ele>319.093</ele><time>2021-02-06T22:32:58Z</time></trkpt><trkpt lat="33.102092" lon="-117.184228"><ele>320.222</ele><time>2021-02-06T22:33:02Z</time></trkpt><trkpt lat="33.102078" lon="-117.184046"><ele>321.650</ele><time>2021-02-06T22:33:06Z</time></trkpt><trkpt lat="33.102076" lon="-117.184002"><ele>321.877</ele><time>2021-02-06T22:33:07Z</time></trkpt><trkpt lat="33.102068" lon="-117.183833"><ele>322.678</ele><time>2021-02-06T22:33:11Z</time></trkpt><trkpt lat="33.102060" lon="-117.183699"><ele>323.843</ele><time>2021-02-06T22:33:14Z</time></trkpt><trkpt lat="33.102059" lon="-117.183651"><ele>324.042</ele><time>2021-02-06T22:33:15Z</time></trkpt><trkpt lat="33.102044" lon="-117.183502"><ele>325.017</ele><time>2021-02-06T22:33:18Z</time></trkpt><trkpt lat="33.102029" lon="-117.183290"><ele>326.475</ele><time>2021-02-06T22:33:22Z</time></trkpt><trkpt lat="33.102025" lon="-117.183241"><ele>326.628</ele><time>2021-02-06T22:33:23Z</time></trkpt><trkpt lat="33.102015" lon="-117.183001"><ele>327.820</ele><time>2021-02-06T22:33:28Z</time></trkpt><trkpt lat="33.102006" lon="-117.182903"><ele>328.608</ele><time>2021-02-06T22:33:30Z</time></trkpt><trkpt lat="33.102001" lon="-117.182852"><ele>328.863</ele><time>2021-02-06T22:33:31Z</time></trkpt><trkpt lat="33.101987" lon="-117.182698"><ele>330.032</ele><time>2021-02-06T22:33:34Z</time></trkpt><trkpt lat="33.101976" lon="-117.182472"><ele>331.240</ele><time>2021-02-06T22:33:38Z</time></trkpt><trkpt lat="33.101969" lon="-117.182414"><ele>331.827</ele><time>2021-02-06T22:33:39Z</time></trkpt><trkpt lat="33.101964" lon="-117.182303"><ele>332.468</ele><time>2021-02-06T22:33:41Z</time></trkpt><trkpt lat="33.101960" lon="-117.182135"><ele>333.633</ele><time>2021-02-06T22:33:44Z</time></trkpt><trkpt lat="33.101965" lon="-117.181964"><ele>334.482</ele><time>2021-02-06T22:33:47Z</time></trkpt><trkpt lat="33.101968" lon="-117.181909"><ele>334.897</ele><time>2021-02-06T22:33:48Z</time></trkpt><trkpt lat="33.101973" lon="-117.181751"><ele>335.822</ele><time>2021-02-06T22:33:51Z</time></trkpt><trkpt lat="33.101974" lon="-117.181551"><ele>337.262</ele><time>2021-02-06T22:33:55Z</time></trkpt><trkpt lat="33.101993" lon="-117.181350"><ele>338.608</ele><time>2021-02-06T22:33:59Z</time></trkpt><trkpt lat="33.102014" lon="-117.181198"><ele>339.608</ele><time>2021-02-06T22:34:02Z</time></trkpt><trkpt lat="33.102054" lon="-117.181017"><ele>341.048</ele><time>2021-02-06T22:34:06Z</time></trkpt><trkpt lat="33.102084" lon="-117.180883"><ele>341.447</ele><time>2021-02-06T22:34:09Z</time></trkpt><trkpt lat="33.102111" lon="-117.180761"><ele>342.025</ele><time>2021-02-06T22:34:12Z</time></trkpt><trkpt lat="33.102152" lon="-117.180643"><ele>343.252</ele><time>2021-02-06T22:34:15Z</time></trkpt><trkpt lat="33.102204" lon="-117.180484"><ele>344.463</ele><time>2021-02-06T22:34:19Z</time></trkpt><trkpt lat="33.102254" lon="-117.180319"><ele>345.488</ele><time>2021-02-06T22:34:23Z</time></trkpt><trkpt lat="33.102302" lon="-117.180157"><ele>346.687</ele><time>2021-02-06T22:34:27Z</time></trkpt><trkpt lat="33.102337" lon="-117.180037"><ele>347.852</ele><time>2021-02-06T22:34:30Z</time></trkpt><trkpt lat="33.102367" lon="-117.179955"><ele>348.265</ele><time>2021-02-06T22:34:32Z</time></trkpt><trkpt lat="33.102430" lon="-117.179796"><ele>348.868</ele><time>2021-02-06T22:34:36Z</time></trkpt><trkpt lat="33.102480" lon="-117.179678"><ele>349.614</ele><time>2021-02-06T22:34:39Z</time></trkpt><trkpt lat="33.102498" lon="-117.179638"><ele>350.008</ele><time>2021-02-06T22:34:40Z</time></trkpt><trkpt lat="33.102597" lon="-117.179486"><ele>351.032</ele><time>2021-02-06T22:34:44Z</time></trkpt><trkpt lat="33.102692" lon="-117.179337"><ele>352.241</ele><time>2021-02-06T22:34:48Z</time></trkpt><trkpt lat="33.102829" lon="-117.179162"><ele>353.449</ele><time>2021-02-06T22:34:53Z</time></trkpt><trkpt lat="33.102916" lon="-117.179052"><ele>354.236</ele><time>2021-02-06T22:34:56Z</time></trkpt><trkpt lat="33.102969" lon="-117.178980"><ele>355.027</ele><time>2021-02-06T22:34:58Z</time></trkpt><trkpt lat="33.103075" lon="-117.178838"><ele>356.292</ele><time>2021-02-06T22:35:02Z</time></trkpt><trkpt lat="33.103130" lon="-117.178766"><ele>356.621</ele><time>2021-02-06T22:35:04Z</time></trkpt><trkpt lat="33.103207" lon="-117.178664"><ele>357.436</ele><time>2021-02-06T22:35:07Z</time></trkpt><trkpt lat="33.103331" lon="-117.178505"><ele>358.411</ele><time>2021-02-06T22:35:12Z</time></trkpt><trkpt lat="33.103416" lon="-117.178341"><ele>359.621</ele><time>2021-02-06T22:35:17Z</time></trkpt><trkpt lat="33.103509" lon="-117.178214"><ele>360.803</ele><time>2021-02-06T22:35:21Z</time></trkpt><trkpt lat="33.103581" lon="-117.178114"><ele>361.608</ele><time>2021-02-06T22:35:24Z</time></trkpt><trkpt lat="33.103608" lon="-117.178080"><ele>361.847</ele><time>2021-02-06T22:35:25Z</time></trkpt><trkpt lat="33.103714" lon="-117.177952"><ele>363.016</ele><time>2021-02-06T22:35:29Z</time></trkpt><trkpt lat="33.103800" lon="-117.177816"><ele>364.074</ele><time>2021-02-06T22:35:33Z</time></trkpt><trkpt lat="33.103881" lon="-117.177681"><ele>365.021</ele><time>2021-02-06T22:35:37Z</time></trkpt><trkpt lat="33.103975" lon="-117.177544"><ele>366.492</ele><time>2021-02-06T22:35:41Z</time></trkpt><trkpt lat="33.104080" lon="-117.177374"><ele>367.657</ele><time>2021-02-06T22:35:46Z</time></trkpt><trkpt lat="33.104137" lon="-117.177269"><ele>368.446</ele><time>2021-02-06T22:35:49Z</time></trkpt><trkpt lat="33.104158" lon="-117.177235"><ele>368.621</ele><time>2021-02-06T22:35:50Z</time></trkpt><trkpt lat="33.104240" lon="-117.177105"><ele>370.077</ele><time>2021-02-06T22:35:54Z</time></trkpt><trkpt lat="33.104319" lon="-117.177004"><ele>370.661</ele><time>2021-02-06T22:35:57Z</time></trkpt><trkpt lat="33.104344" lon="-117.176968"><ele>371.027</ele><time>2021-02-06T22:35:58Z</time></trkpt><trkpt lat="33.104438" lon="-117.176838"><ele>372.008</ele><time>2021-02-06T22:36:02Z</time></trkpt><trkpt lat="33.104528" lon="-117.176722"><ele>373.043</ele><time>2021-02-06T22:36:06Z</time></trkpt><trkpt lat="33.104559" lon="-117.176695"><ele>373.072</ele><time>2021-02-06T22:36:07Z</time></trkpt><trkpt lat="33.104660" lon="-117.176570"><ele>374.290</ele><time>2021-02-06T22:36:11Z</time></trkpt><trkpt lat="33.104736" lon="-117.176457"><ele>375.417</ele><time>2021-02-06T22:36:15Z</time></trkpt><trkpt lat="33.104841" lon="-117.176303"><ele>376.698</ele><time>2021-02-06T22:36:20Z</time></trkpt><trkpt lat="33.104861" lon="-117.176270"><ele>376.853</ele><time>2021-02-06T22:36:21Z</time></trkpt><trkpt lat="33.104927" lon="-117.176169"><ele>377.822</ele><time>2021-02-06T22:36:24Z</time></trkpt><trkpt lat="33.105036" lon="-117.176040"><ele>379.017</ele><time>2021-02-06T22:36:28Z</time></trkpt><trkpt lat="33.105140" lon="-117.175912"><ele>380.289</ele><time>2021-02-06T22:36:32Z</time></trkpt><trkpt lat="33.105256" lon="-117.175748"><ele>381.206</ele><time>2021-02-06T22:36:37Z</time></trkpt><trkpt lat="33.105338" lon="-117.175624"><ele>382.426</ele><time>2021-02-06T22:36:41Z</time></trkpt><trkpt lat="33.105415" lon="-117.175495"><ele>383.408</ele><time>2021-02-06T22:36:45Z</time></trkpt><trkpt lat="33.105516" lon="-117.175326"><ele>384.664</ele><time>2021-02-06T22:36:50Z</time></trkpt><trkpt lat="33.105561" lon="-117.175263"><ele>385.643</ele><time>2021-02-06T22:36:52Z</time></trkpt><trkpt lat="33.105586" lon="-117.175235"><ele>385.831</ele><time>2021-02-06T22:36:53Z</time></trkpt><trkpt lat="33.105667" lon="-117.175146"><ele>386.618</ele><time>2021-02-06T22:36:56Z</time></trkpt><trkpt lat="33.105765" lon="-117.175015"><ele>388.069</ele><time>2021-02-06T22:37:00Z</time></trkpt><trkpt lat="33.105812" lon="-117.174946"><ele>388.474</ele><time>2021-02-06T22:37:02Z</time></trkpt><trkpt lat="33.105890" lon="-117.174837"><ele>389.483</ele><time>2021-02-06T22:37:05Z</time></trkpt><trkpt lat="33.106004" lon="-117.174689"><ele>390.478</ele><time>2021-02-06T22:37:09Z</time></trkpt><trkpt lat="33.106143" lon="-117.174498"><ele>391.682</ele><time>2021-02-06T22:37:14Z</time></trkpt><trkpt lat="33.106225" lon="-117.174383"><ele>392.243</ele><time>2021-02-06T22:37:17Z</time></trkpt><trkpt lat="33.106283" lon="-117.174303"><ele>392.617</ele><time>2021-02-06T22:37:19Z</time></trkpt><trkpt lat="33.106382" lon="-117.174149"><ele>393.408</ele><time>2021-02-06T22:37:23Z</time></trkpt><trkpt lat="33.106407" lon="-117.174111"><ele>393.864</ele><time>2021-02-06T22:37:24Z</time></trkpt><trkpt lat="33.106519" lon="-117.173953"><ele>394.853</ele><time>2021-02-06T22:37:28Z</time></trkpt><trkpt lat="33.106615" lon="-117.173787"><ele>396.031</ele><time>2021-02-06T22:37:32Z</time></trkpt><trkpt lat="33.106636" lon="-117.173747"><ele>396.228</ele><time>2021-02-06T22:37:33Z</time></trkpt><trkpt lat="33.106711" lon="-117.173577"><ele>397.049</ele><time>2021-02-06T22:37:37Z</time></trkpt><trkpt lat="33.106740" lon="-117.173536"><ele>397.094</ele><time>2021-02-06T22:37:38Z</time></trkpt><trkpt lat="33.106819" lon="-117.173401"><ele>397.293</ele><time>2021-02-06T22:37:41Z</time></trkpt><trkpt lat="33.106931" lon="-117.173215"><ele>398.228</ele><time>2021-02-06T22:37:45Z</time></trkpt><trkpt lat="33.107012" lon="-117.173061"><ele>398.683</ele><time>2021-02-06T22:37:48Z</time></trkpt><trkpt lat="33.107117" lon="-117.172820"><ele>399.025</ele><time>2021-02-06T22:37:53Z</time></trkpt><trkpt lat="33.107152" lon="-117.172735"><ele>399.217</ele><time>2021-02-06T22:37:55Z</time></trkpt><trkpt lat="33.107175" lon="-117.172678"><ele>399.408</ele><time>2021-02-06T22:37:59Z</time></trkpt><trkpt lat="33.107287" lon="-117.172610"><ele>400.614</ele><time>2021-02-06T22:43:02Z</time></trkpt><trkpt lat="33.107304" lon="-117.172559"><ele>400.663</ele><time>2021-02-06T22:43:04Z</time></trkpt><trkpt lat="33.107369" lon="-117.172306"><ele>400.631</ele><time>2021-02-06T22:43:11Z</time></trkpt><trkpt lat="33.107433" lon="-117.171955"><ele>400.438</ele><time>2021-02-06T22:43:18Z</time></trkpt><trkpt lat="33.107433" lon="-117.171874"><ele>400.419</ele><time>2021-02-06T22:43:21Z</time></trkpt><trkpt lat="33.107436" lon="-117.171914"><ele>400.434</ele><time>2021-02-06T22:43:25Z</time></trkpt><trkpt lat="33.107437" lon="-117.171935"><ele>400.493</ele><time>2021-02-06T22:43:28Z</time></trkpt><trkpt lat="33.107520" lon="-117.171941"><ele>400.898</ele><time>2021-02-06T22:43:51Z</time></trkpt><trkpt lat="33.107580" lon="-117.171930"><ele>400.816</ele><time>2021-02-06T22:43:53Z</time></trkpt><trkpt lat="33.107748" lon="-117.171885"><ele>400.676</ele><time>2021-02-06T22:43:57Z</time></trkpt><trkpt lat="33.107820" lon="-117.171895"><ele>400.613</ele><time>2021-02-06T22:43:59Z</time></trkpt><trkpt lat="33.107956" lon="-117.171917"><ele>400.608</ele><time>2021-02-06T22:44:03Z</time></trkpt><trkpt lat="33.108155" lon="-117.171998"><ele>401.857</ele><time>2021-02-06T22:44:10Z</time></trkpt><trkpt lat="33.108335" lon="-117.172099"><ele>403.016</ele><time>2021-02-06T22:44:16Z</time></trkpt><trkpt lat="33.108389" lon="-117.172145"><ele>403.884</ele><time>2021-02-06T22:44:18Z</time></trkpt><trkpt lat="33.108486" lon="-117.172250"><ele>404.471</ele><time>2021-02-06T22:44:22Z</time></trkpt><trkpt lat="33.108524" lon="-117.172303"><ele>405.222</ele><time>2021-02-06T22:44:24Z</time></trkpt><trkpt lat="33.108554" lon="-117.172358"><ele>405.617</ele><time>2021-02-06T22:44:26Z</time></trkpt><trkpt lat="33.108597" lon="-117.172518"><ele>406.876</ele><time>2021-02-06T22:44:31Z</time></trkpt><trkpt lat="33.108623" lon="-117.172645"><ele>408.211</ele><time>2021-02-06T22:44:35Z</time></trkpt><trkpt lat="33.108658" lon="-117.172730"><ele>409.032</ele><time>2021-02-06T22:44:38Z</time></trkpt><trkpt lat="33.108672" lon="-117.172760"><ele>409.492</ele><time>2021-02-06T22:44:39Z</time></trkpt><trkpt lat="33.108686" lon="-117.172887"><ele>410.411</ele><time>2021-02-06T22:44:43Z</time></trkpt><trkpt lat="33.108672" lon="-117.172908"><ele>410.608</ele><time>2021-02-06T22:44:44Z</time></trkpt><trkpt lat="33.108621" lon="-117.172925"><ele>411.099</ele><time>2021-02-06T22:44:46Z</time></trkpt><trkpt lat="33.108575" lon="-117.172851"><ele>411.678</ele><time>2021-02-06T22:44:49Z</time></trkpt><trkpt lat="33.108584" lon="-117.172779"><ele>411.666</ele><time>2021-02-06T22:44:51Z</time></trkpt><trkpt lat="33.108579" lon="-117.172668"><ele>411.643</ele><time>2021-02-06T22:44:54Z</time></trkpt><trkpt lat="33.108575" lon="-117.172640"><ele>411.614</ele><time>2021-02-06T22:44:55Z</time></trkpt><trkpt lat="33.108534" lon="-117.172519"><ele>411.649</ele><time>2021-02-06T22:44:59Z</time></trkpt><trkpt lat="33.108438" lon="-117.172286"><ele>411.068</ele><time>2021-02-06T22:45:04Z</time></trkpt><trkpt lat="33.108396" lon="-117.172218"><ele>410.413</ele><time>2021-02-06T22:45:06Z</time></trkpt><trkpt lat="33.108341" lon="-117.172136"><ele>408.859</ele><time>2021-02-06T22:45:09Z</time></trkpt><trkpt lat="33.108287" lon="-117.172099"><ele>407.803</ele><time>2021-02-06T22:45:11Z</time></trkpt><trkpt lat="33.108213" lon="-117.172059"><ele>406.423</ele><time>2021-02-06T22:45:13Z</time></trkpt><trkpt lat="33.108170" lon="-117.172041"><ele>406.208</ele><time>2021-02-06T22:45:14Z</time></trkpt><trkpt lat="33.107961" lon="-117.171973"><ele>405.471</ele><time>2021-02-06T22:45:18Z</time></trkpt><trkpt lat="33.107906" lon="-117.171962"><ele>405.210</ele><time>2021-02-06T22:45:19Z</time></trkpt><trkpt lat="33.107744" lon="-117.171937"><ele>404.098</ele><time>2021-02-06T22:45:22Z</time></trkpt><trkpt lat="33.107694" lon="-117.171936"><ele>403.895</ele><time>2021-02-06T22:45:23Z</time></trkpt><trkpt lat="33.107632" lon="-117.171967"><ele>403.096</ele><time>2021-02-06T22:45:25Z</time></trkpt><trkpt lat="33.107618" lon="-117.172036"><ele>401.681</ele><time>2021-02-06T22:45:27Z</time></trkpt><trkpt lat="33.107616" lon="-117.172083"><ele>401.220</ele><time>2021-02-06T22:45:28Z</time></trkpt><trkpt lat="33.107611" lon="-117.172136"><ele>400.635</ele><time>2021-02-06T22:45:29Z</time></trkpt><trkpt lat="33.107559" lon="-117.172419"><ele>399.659</ele><time>2021-02-06T22:45:34Z</time></trkpt><trkpt lat="33.107544" lon="-117.172477"><ele>399.603</ele><time>2021-02-06T22:45:35Z</time></trkpt><trkpt lat="33.107412" lon="-117.172871"><ele>399.223</ele><time>2021-02-06T22:45:42Z</time></trkpt><trkpt lat="33.107388" lon="-117.172928"><ele>399.208</ele><time>2021-02-06T22:45:43Z</time></trkpt><trkpt lat="33.107209" lon="-117.173285"><ele>399.081</ele><time>2021-02-06T22:45:50Z</time></trkpt><trkpt lat="33.106952" lon="-117.173711"><ele>398.420</ele><time>2021-02-06T22:45:58Z</time></trkpt><trkpt lat="33.106917" lon="-117.173768"><ele>398.218</ele><time>2021-02-06T22:45:59Z</time></trkpt><trkpt lat="33.106726" lon="-117.174056"><ele>397.225</ele><time>2021-02-06T22:46:04Z</time></trkpt><trkpt lat="33.106682" lon="-117.174118"><ele>397.236</ele><time>2021-02-06T22:46:05Z</time></trkpt><trkpt lat="33.106403" lon="-117.174501"><ele>396.011</ele><time>2021-02-06T22:46:11Z</time></trkpt><trkpt lat="33.106353" lon="-117.174566"><ele>396.060</ele><time>2021-02-06T22:46:12Z</time></trkpt><trkpt lat="33.106195" lon="-117.174779"><ele>394.455</ele><time>2021-02-06T22:46:15Z</time></trkpt><trkpt lat="33.106084" lon="-117.174934"><ele>393.486</ele><time>2021-02-06T22:46:17Z</time></trkpt><trkpt lat="33.105962" lon="-117.175095"><ele>392.860</ele><time>2021-02-06T22:46:19Z</time></trkpt><trkpt lat="33.105899" lon="-117.175178"><ele>392.026</ele><time>2021-02-06T22:46:20Z</time></trkpt><trkpt lat="33.105705" lon="-117.175442"><ele>390.808</ele><time>2021-02-06T22:46:23Z</time></trkpt><trkpt lat="33.105573" lon="-117.175628"><ele>390.254</ele><time>2021-02-06T22:46:25Z</time></trkpt><trkpt lat="33.105503" lon="-117.175722"><ele>389.693</ele><time>2021-02-06T22:46:26Z</time></trkpt><trkpt lat="33.105362" lon="-117.175922"><ele>388.091</ele><time>2021-02-06T22:46:28Z</time></trkpt><trkpt lat="33.105218" lon="-117.176124"><ele>385.898</ele><time>2021-02-06T22:46:30Z</time></trkpt><trkpt lat="33.105146" lon="-117.176223"><ele>384.879</ele><time>2021-02-06T22:46:31Z</time></trkpt><trkpt lat="33.105076" lon="-117.176320"><ele>383.424</ele><time>2021-02-06T22:46:32Z</time></trkpt><trkpt lat="33.105005" lon="-117.176417"><ele>382.653</ele><time>2021-02-06T22:46:33Z</time></trkpt><trkpt lat="33.104935" lon="-117.176514"><ele>381.688</ele><time>2021-02-06T22:46:34Z</time></trkpt><trkpt lat="33.104794" lon="-117.176718"><ele>380.478</ele><time>2021-02-06T22:46:36Z</time></trkpt><trkpt lat="33.104645" lon="-117.176926"><ele>378.233</ele><time>2021-02-06T22:46:38Z</time></trkpt><trkpt lat="33.104498" lon="-117.177130"><ele>376.826</ele><time>2021-02-06T22:46:40Z</time></trkpt><trkpt lat="33.104424" lon="-117.177233"><ele>375.808</ele><time>2021-02-06T22:46:41Z</time></trkpt><trkpt lat="33.104350" lon="-117.177335"><ele>375.063</ele><time>2021-02-06T22:46:42Z</time></trkpt><trkpt lat="33.104209" lon="-117.177538"><ele>374.082</ele><time>2021-02-06T22:46:44Z</time></trkpt><trkpt lat="33.104083" lon="-117.177730"><ele>372.470</ele><time>2021-02-06T22:46:46Z</time></trkpt><trkpt lat="33.104026" lon="-117.177819"><ele>371.447</ele><time>2021-02-06T22:46:47Z</time></trkpt><trkpt lat="33.103972" lon="-117.177903"><ele>370.858</ele><time>2021-02-06T22:46:48Z</time></trkpt><trkpt lat="33.103868" lon="-117.178068"><ele>369.233</ele><time>2021-02-06T22:46:50Z</time></trkpt><trkpt lat="33.103775" lon="-117.178207"><ele>367.462</ele><time>2021-02-06T22:46:52Z</time></trkpt><trkpt lat="33.103714" lon="-117.178296"><ele>365.897</ele><time>2021-02-06T22:46:54Z</time></trkpt><trkpt lat="33.103694" lon="-117.178330"><ele>364.898</ele><time>2021-02-06T22:46:55Z</time></trkpt><trkpt lat="33.103676" lon="-117.178360"><ele>364.215</ele><time>2021-02-06T22:46:56Z</time></trkpt><trkpt lat="33.103658" lon="-117.178381"><ele>363.226</ele><time>2021-02-06T22:46:59Z</time></trkpt><trkpt lat="33.103627" lon="-117.178452"><ele>363.008</ele><time>2021-02-06T22:47:14Z</time></trkpt><trkpt lat="33.103604" lon="-117.178485"><ele>363.095</ele><time>2021-02-06T22:47:15Z</time></trkpt><trkpt lat="33.103461" lon="-117.178671"><ele>363.024</ele><time>2021-02-06T22:47:19Z</time></trkpt><trkpt lat="33.103265" lon="-117.178960"><ele>361.822</ele><time>2021-02-06T22:47:23Z</time></trkpt><trkpt lat="33.103211" lon="-117.179039"><ele>361.499</ele><time>2021-02-06T22:47:24Z</time></trkpt><trkpt lat="33.103091" lon="-117.179204"><ele>360.280</ele><time>2021-02-06T22:47:26Z</time></trkpt><trkpt lat="33.102907" lon="-117.179466"><ele>358.835</ele><time>2021-02-06T22:47:29Z</time></trkpt><trkpt lat="33.102848" lon="-117.179560"><ele>358.014</ele><time>2021-02-06T22:47:30Z</time></trkpt><trkpt lat="33.102789" lon="-117.179658"><ele>357.679</ele><time>2021-02-06T22:47:31Z</time></trkpt><trkpt lat="33.102683" lon="-117.179862"><ele>356.685</ele><time>2021-02-06T22:47:33Z</time></trkpt><trkpt lat="33.102633" lon="-117.179963"><ele>355.089</ele><time>2021-02-06T22:47:34Z</time></trkpt><trkpt lat="33.102584" lon="-117.180072"><ele>354.217</ele><time>2021-02-06T22:47:35Z</time></trkpt><trkpt lat="33.102532" lon="-117.180185"><ele>353.208</ele><time>2021-02-06T22:47:36Z</time></trkpt><trkpt lat="33.102439" lon="-117.180420"><ele>351.484</ele><time>2021-02-06T22:47:38Z</time></trkpt><trkpt lat="33.102356" lon="-117.180672"><ele>349.823</ele><time>2021-02-06T22:47:40Z</time></trkpt><trkpt lat="33.102316" lon="-117.180797"><ele>349.051</ele><time>2021-02-06T22:47:41Z</time></trkpt><trkpt lat="33.102283" lon="-117.180926"><ele>348.498</ele><time>2021-02-06T22:47:42Z</time></trkpt><trkpt lat="33.102229" lon="-117.181191"><ele>347.019</ele><time>2021-02-06T22:47:44Z</time></trkpt><trkpt lat="33.102188" lon="-117.181450"><ele>345.454</ele><time>2021-02-06T22:47:46Z</time></trkpt><trkpt lat="33.102175" lon="-117.181580"><ele>344.443</ele><time>2021-02-06T22:47:47Z</time></trkpt><trkpt lat="33.102156" lon="-117.181712"><ele>343.278</ele><time>2021-02-06T22:47:48Z</time></trkpt><trkpt lat="33.102139" lon="-117.181971"><ele>341.845</ele><time>2021-02-06T22:47:50Z</time></trkpt><trkpt lat="33.102136" lon="-117.182237"><ele>340.047</ele><time>2021-02-06T22:47:52Z</time></trkpt><trkpt lat="33.102137" lon="-117.182369"><ele>339.011</ele><time>2021-02-06T22:47:53Z</time></trkpt><trkpt lat="33.102151" lon="-117.182631"><ele>337.408</ele><time>2021-02-06T22:47:55Z</time></trkpt><trkpt lat="33.102173" lon="-117.182895"><ele>336.090</ele><time>2021-02-06T22:47:57Z</time></trkpt><trkpt lat="33.102200" lon="-117.183158"><ele>335.059</ele><time>2021-02-06T22:47:59Z</time></trkpt><trkpt lat="33.102212" lon="-117.183293"><ele>334.697</ele><time>2021-02-06T22:48:00Z</time></trkpt><trkpt lat="33.102235" lon="-117.183567"><ele>332.824</ele><time>2021-02-06T22:48:02Z</time></trkpt><trkpt lat="33.102265" lon="-117.183843"><ele>331.265</ele><time>2021-02-06T22:48:04Z</time></trkpt><trkpt lat="33.102285" lon="-117.184113"><ele>329.620</ele><time>2021-02-06T22:48:06Z</time></trkpt><trkpt lat="33.102295" lon="-117.184253"><ele>328.619</ele><time>2021-02-06T22:48:07Z</time></trkpt><trkpt lat="33.102317" lon="-117.184528"><ele>327.024</ele><time>2021-02-06T22:48:09Z</time></trkpt><trkpt lat="33.102345" lon="-117.184808"><ele>325.097</ele><time>2021-02-06T22:48:11Z</time></trkpt><trkpt lat="33.102359" lon="-117.184947"><ele>323.623</ele><time>2021-02-06T22:48:12Z</time></trkpt><trkpt lat="33.102384" lon="-117.185222"><ele>322.025</ele><time>2021-02-06T22:48:14Z</time></trkpt><trkpt lat="33.102404" lon="-117.185492"><ele>320.808</ele><time>2021-02-06T22:48:16Z</time></trkpt><trkpt lat="33.102411" lon="-117.185614"><ele>319.885</ele><time>2021-02-06T22:48:17Z</time></trkpt><trkpt lat="33.102415" lon="-117.185729"><ele>318.484</ele><time>2021-02-06T22:48:18Z</time></trkpt><trkpt lat="33.102417" lon="-117.185830"><ele>317.682</ele><time>2021-02-06T22:48:19Z</time></trkpt><trkpt lat="33.102418" lon="-117.185917"><ele>317.039</ele><time>2021-02-06T22:48:20Z</time></trkpt><trkpt lat="33.102417" lon="-117.185986"><ele>316.080</ele><time>2021-02-06T22:48:21Z</time></trkpt><trkpt lat="33.102418" lon="-117.186083"><ele>314.435</ele><time>2021-02-06T22:48:23Z</time></trkpt><trkpt lat="33.102413" lon="-117.186136"><ele>313.244</ele><time>2021-02-06T22:48:25Z</time></trkpt><trkpt lat="33.102408" lon="-117.186162"><ele>312.839</ele><time>2021-02-06T22:48:27Z</time></trkpt><trkpt lat="33.102402" lon="-117.186157"><ele>312.816</ele><time>2021-02-06T22:48:29Z</time></trkpt><trkpt lat="33.102407" lon="-117.186218"><ele>312.676</ele><time>2021-02-06T22:48:51Z</time></trkpt><trkpt lat="33.102406" lon="-117.186264"><ele>312.613</ele><time>2021-02-06T22:48:52Z</time></trkpt><trkpt lat="33.102386" lon="-117.186522"><ele>312.608</ele><time>2021-02-06T22:48:56Z</time></trkpt><trkpt lat="33.102366" lon="-117.186754"><ele>312.067</ele><time>2021-02-06T22:48:59Z</time></trkpt><trkpt lat="33.102349" lon="-117.186942"><ele>310.876</ele><time>2021-02-06T22:49:01Z</time></trkpt><trkpt lat="33.102331" lon="-117.187150"><ele>309.444</ele><time>2021-02-06T22:49:03Z</time></trkpt><trkpt lat="33.102313" lon="-117.187364"><ele>308.421</ele><time>2021-02-06T22:49:05Z</time></trkpt><trkpt lat="33.102297" lon="-117.187587"><ele>307.022</ele><time>2021-02-06T22:49:07Z</time></trkpt><trkpt lat="33.102287" lon="-117.187705"><ele>305.837</ele><time>2021-02-06T22:49:08Z</time></trkpt><trkpt lat="33.102277" lon="-117.187826"><ele>304.866</ele><time>2021-02-06T22:49:09Z</time></trkpt><trkpt lat="33.102245" lon="-117.188191"><ele>303.681</ele><time>2021-02-06T22:49:12Z</time></trkpt><trkpt lat="33.102223" lon="-117.188439"><ele>302.481</ele><time>2021-02-06T22:49:14Z</time></trkpt><trkpt lat="33.102203" lon="-117.188691"><ele>301.461</ele><time>2021-02-06T22:49:16Z</time></trkpt><trkpt lat="33.102193" lon="-117.188820"><ele>301.217</ele><time>2021-02-06T22:49:17Z</time></trkpt><trkpt lat="33.102162" lon="-117.189218"><ele>300.008</ele><time>2021-02-06T22:49:20Z</time></trkpt><trkpt lat="33.102141" lon="-117.189488"><ele>298.624</ele><time>2021-02-06T22:49:22Z</time></trkpt><trkpt lat="33.102129" lon="-117.189624"><ele>297.863</ele><time>2021-02-06T22:49:23Z</time></trkpt><trkpt lat="33.102117" lon="-117.189759"><ele>296.851</ele><time>2021-02-06T22:49:24Z</time></trkpt><trkpt lat="33.102095" lon="-117.190031"><ele>295.668</ele><time>2021-02-06T22:49:26Z</time></trkpt><trkpt lat="33.102063" lon="-117.190436"><ele>294.019</ele><time>2021-02-06T22:49:29Z</time></trkpt><trkpt lat="33.102059" lon="-117.190563"><ele>292.814</ele><time>2021-02-06T22:49:30Z</time></trkpt><trkpt lat="33.102057" lon="-117.190691"><ele>292.063</ele><time>2021-02-06T22:49:31Z</time></trkpt><trkpt lat="33.102060" lon="-117.190818"><ele>291.268</ele><time>2021-02-06T22:49:32Z</time></trkpt><trkpt lat="33.102063" lon="-117.190943"><ele>290.094</ele><time>2021-02-06T22:49:33Z</time></trkpt><trkpt lat="33.102067" lon="-117.191069"><ele>288.857</ele><time>2021-02-06T22:49:34Z</time></trkpt><trkpt lat="33.102077" lon="-117.191327"><ele>287.422</ele><time>2021-02-06T22:49:36Z</time></trkpt><trkpt lat="33.102090" lon="-117.191587"><ele>285.208</ele><time>2021-02-06T22:49:38Z</time></trkpt><trkpt lat="33.102095" lon="-117.191713"><ele>284.015</ele><time>2021-02-06T22:49:39Z</time></trkpt><trkpt lat="33.102101" lon="-117.191836"><ele>282.864</ele><time>2021-02-06T22:49:40Z</time></trkpt><trkpt lat="33.102109" lon="-117.191954"><ele>281.642</ele><time>2021-02-06T22:49:41Z</time></trkpt><trkpt lat="33.102114" lon="-117.192072"><ele>280.699</ele><time>2021-02-06T22:49:42Z</time></trkpt><trkpt lat="33.102117" lon="-117.192306"><ele>278.680</ele><time>2021-02-06T22:49:44Z</time></trkpt><trkpt lat="33.102116" lon="-117.192426"><ele>277.855</ele><time>2021-02-06T22:49:45Z</time></trkpt><trkpt lat="33.102112" lon="-117.192545"><ele>276.654</ele><time>2021-02-06T22:49:46Z</time></trkpt><trkpt lat="33.102097" lon="-117.192785"><ele>274.879</ele><time>2021-02-06T22:49:48Z</time></trkpt><trkpt lat="33.102088" lon="-117.192900"><ele>273.831</ele><time>2021-02-06T22:49:49Z</time></trkpt><trkpt lat="33.102063" lon="-117.193130"><ele>271.861</ele><time>2021-02-06T22:49:51Z</time></trkpt><trkpt lat="33.102046" lon="-117.193244"><ele>270.807</ele><time>2021-02-06T22:49:52Z</time></trkpt><trkpt lat="33.102025" lon="-117.193361"><ele>269.808</ele><time>2021-02-06T22:49:53Z</time></trkpt><trkpt lat="33.101970" lon="-117.193600"><ele>267.669</ele><time>2021-02-06T22:49:55Z</time></trkpt><trkpt lat="33.101903" lon="-117.193848"><ele>266.488</ele><time>2021-02-06T22:49:57Z</time></trkpt><trkpt lat="33.101792" lon="-117.194241"><ele>265.016</ele><time>2021-02-06T22:50:00Z</time></trkpt><trkpt lat="33.101723" lon="-117.194498"><ele>263.873</ele><time>2021-02-06T22:50:02Z</time></trkpt><trkpt lat="33.101658" lon="-117.194754"><ele>263.084</ele><time>2021-02-06T22:50:04Z</time></trkpt><trkpt lat="33.101623" lon="-117.194884"><ele>261.879</ele><time>2021-02-06T22:50:05Z</time></trkpt><trkpt lat="33.101549" lon="-117.195145"><ele>260.428</ele><time>2021-02-06T22:50:07Z</time></trkpt><trkpt lat="33.101478" lon="-117.195409"><ele>258.283</ele><time>2021-02-06T22:50:09Z</time></trkpt><trkpt lat="33.101411" lon="-117.195665"><ele>256.861</ele><time>2021-02-06T22:50:11Z</time></trkpt><trkpt lat="33.101345" lon="-117.195908"><ele>255.021</ele><time>2021-02-06T22:50:13Z</time></trkpt><trkpt lat="33.101312" lon="-117.196028"><ele>254.013</ele><time>2021-02-06T22:50:14Z</time></trkpt><trkpt lat="33.101279" lon="-117.196147"><ele>252.808</ele><time>2021-02-06T22:50:15Z</time></trkpt><trkpt lat="33.101248" lon="-117.196262"><ele>251.412</ele><time>2021-02-06T22:50:16Z</time></trkpt><trkpt lat="33.101189" lon="-117.196485"><ele>250.081</ele><time>2021-02-06T22:50:18Z</time></trkpt><trkpt lat="33.101134" lon="-117.196698"><ele>248.639</ele><time>2021-02-06T22:50:20Z</time></trkpt><trkpt lat="33.101085" lon="-117.196881"><ele>247.286</ele><time>2021-02-06T22:50:22Z</time></trkpt><trkpt lat="33.101062" lon="-117.196962"><ele>245.477</ele><time>2021-02-06T22:50:23Z</time></trkpt><trkpt lat="33.101037" lon="-117.197043"><ele>244.882</ele><time>2021-02-06T22:50:24Z</time></trkpt><trkpt lat="33.101009" lon="-117.197126"><ele>244.011</ele><time>2021-02-06T22:50:25Z</time></trkpt><trkpt lat="33.100945" lon="-117.197300"><ele>242.826</ele><time>2021-02-06T22:50:27Z</time></trkpt><trkpt lat="33.100834" lon="-117.197579"><ele>242.225</ele><time>2021-02-06T22:50:30Z</time></trkpt><trkpt lat="33.100791" lon="-117.197677"><ele>241.426</ele><time>2021-02-06T22:50:31Z</time></trkpt><trkpt lat="33.100701" lon="-117.197873"><ele>239.808</ele><time>2021-02-06T22:50:33Z</time></trkpt><trkpt lat="33.100603" lon="-117.198075"><ele>238.808</ele><time>2021-02-06T22:50:35Z</time></trkpt><trkpt lat="33.100495" lon="-117.198287"><ele>237.488</ele><time>2021-02-06T22:50:37Z</time></trkpt><trkpt lat="33.100328" lon="-117.198604"><ele>236.477</ele><time>2021-02-06T22:50:40Z</time></trkpt><trkpt lat="33.100205" lon="-117.198800"><ele>235.055</ele><time>2021-02-06T22:50:42Z</time></trkpt><trkpt lat="33.100079" lon="-117.198988"><ele>233.212</ele><time>2021-02-06T22:50:44Z</time></trkpt><trkpt lat="33.099874" lon="-117.199265"><ele>231.673</ele><time>2021-02-06T22:50:47Z</time></trkpt><trkpt lat="33.099732" lon="-117.199437"><ele>230.098</ele><time>2021-02-06T22:50:49Z</time></trkpt><trkpt lat="33.099583" lon="-117.199609"><ele>228.017</ele><time>2021-02-06T22:50:51Z</time></trkpt><trkpt lat="33.099433" lon="-117.199768"><ele>226.682</ele><time>2021-02-06T22:50:53Z</time></trkpt><trkpt lat="33.099282" lon="-117.199914"><ele>224.842</ele><time>2021-02-06T22:50:55Z</time></trkpt><trkpt lat="33.099132" lon="-117.200051"><ele>223.022</ele><time>2021-02-06T22:50:57Z</time></trkpt><trkpt lat="33.098984" lon="-117.200182"><ele>221.414</ele><time>2021-02-06T22:50:59Z</time></trkpt><trkpt lat="33.098910" lon="-117.200245"><ele>220.208</ele><time>2021-02-06T22:51:00Z</time></trkpt><trkpt lat="33.098837" lon="-117.200309"><ele>219.050</ele><time>2021-02-06T22:51:01Z</time></trkpt><trkpt lat="33.098686" lon="-117.200439"><ele>217.849</ele><time>2021-02-06T22:51:03Z</time></trkpt><trkpt lat="33.098460" lon="-117.200631"><ele>216.077</ele><time>2021-02-06T22:51:06Z</time></trkpt><trkpt lat="33.098311" lon="-117.200753"><ele>214.894</ele><time>2021-02-06T22:51:08Z</time></trkpt><trkpt lat="33.098008" lon="-117.201001"><ele>213.845</ele><time>2021-02-06T22:51:12Z</time></trkpt><trkpt lat="33.097778" lon="-117.201195"><ele>212.070</ele><time>2021-02-06T22:51:15Z</time></trkpt><trkpt lat="33.097623" lon="-117.201328"><ele>211.039</ele><time>2021-02-06T22:51:17Z</time></trkpt><trkpt lat="33.097305" lon="-117.201584"><ele>209.854</ele><time>2021-02-06T22:51:21Z</time></trkpt><trkpt lat="33.097130" lon="-117.201706"><ele>208.824</ele><time>2021-02-06T22:51:23Z</time></trkpt><trkpt lat="33.097035" lon="-117.201769"><ele>208.204</ele><time>2021-02-06T22:51:24Z</time></trkpt><trkpt lat="33.096836" lon="-117.201887"><ele>207.614</ele><time>2021-02-06T22:51:26Z</time></trkpt><trkpt lat="33.096625" lon="-117.202005"><ele>206.408</ele><time>2021-02-06T22:51:28Z</time></trkpt><trkpt lat="33.096405" lon="-117.202124"><ele>205.078</ele><time>2021-02-06T22:51:30Z</time></trkpt><trkpt lat="33.096180" lon="-117.202243"><ele>203.817</ele><time>2021-02-06T22:51:32Z</time></trkpt><trkpt lat="33.095956" lon="-117.202367"><ele>201.445</ele><time>2021-02-06T22:51:34Z</time></trkpt><trkpt lat="33.095846" lon="-117.202434"><ele>200.472</ele><time>2021-02-06T22:51:35Z</time></trkpt><trkpt lat="33.095738" lon="-117.202506"><ele>199.423</ele><time>2021-02-06T22:51:36Z</time></trkpt><trkpt lat="33.095637" lon="-117.202585"><ele>197.868</ele><time>2021-02-06T22:51:37Z</time></trkpt><trkpt lat="33.095538" lon="-117.202670"><ele>196.247</ele><time>2021-02-06T22:51:38Z</time></trkpt><trkpt lat="33.095442" lon="-117.202759"><ele>194.822</ele><time>2021-02-06T22:51:39Z</time></trkpt><trkpt lat="33.095350" lon="-117.202851"><ele>193.848</ele><time>2021-02-06T22:51:40Z</time></trkpt><trkpt lat="33.095258" lon="-117.202944"><ele>192.261</ele><time>2021-02-06T22:51:41Z</time></trkpt><trkpt lat="33.095179" lon="-117.203047"><ele>190.817</ele><time>2021-02-06T22:51:42Z</time></trkpt><trkpt lat="33.095102" lon="-117.203146"><ele>189.208</ele><time>2021-02-06T22:51:43Z</time></trkpt><trkpt lat="33.095026" lon="-117.203247"><ele>188.030</ele><time>2021-02-06T22:51:44Z</time></trkpt><trkpt lat="33.094884" lon="-117.203455"><ele>186.699</ele><time>2021-02-06T22:51:46Z</time></trkpt><trkpt lat="33.094820" lon="-117.203563"><ele>185.657</ele><time>2021-02-06T22:51:47Z</time></trkpt><trkpt lat="33.094759" lon="-117.203670"><ele>185.084</ele><time>2021-02-06T22:51:48Z</time></trkpt><trkpt lat="33.094701" lon="-117.203779"><ele>184.695</ele><time>2021-02-06T22:51:49Z</time></trkpt><trkpt lat="33.094545" lon="-117.204116"><ele>183.470</ele><time>2021-02-06T22:51:52Z</time></trkpt><trkpt lat="33.094461" lon="-117.204350"><ele>182.259</ele><time>2021-02-06T22:51:54Z</time></trkpt><trkpt lat="33.094325" lon="-117.204868"><ele>181.024</ele><time>2021-02-06T22:51:58Z</time></trkpt><trkpt lat="33.094298" lon="-117.205003"><ele>180.214</ele><time>2021-02-06T22:51:59Z</time></trkpt><trkpt lat="33.094276" lon="-117.205137"><ele>179.654</ele><time>2021-02-06T22:52:00Z</time></trkpt><trkpt lat="33.094233" lon="-117.205549"><ele>178.609</ele><time>2021-02-06T22:52:03Z</time></trkpt><trkpt lat="33.094226" lon="-117.205683"><ele>178.408</ele><time>2021-02-06T22:52:04Z</time></trkpt><trkpt lat="33.094233" lon="-117.206083"><ele>177.257</ele><time>2021-02-06T22:52:07Z</time></trkpt><trkpt lat="33.094259" lon="-117.206345"><ele>175.676</ele><time>2021-02-06T22:52:09Z</time></trkpt><trkpt lat="33.094305" lon="-117.206602"><ele>174.244</ele><time>2021-02-06T22:52:11Z</time></trkpt><trkpt lat="33.094362" lon="-117.206848"><ele>172.831</ele><time>2021-02-06T22:52:13Z</time></trkpt><trkpt lat="33.094395" lon="-117.206968"><ele>172.492</ele><time>2021-02-06T22:52:14Z</time></trkpt><trkpt lat="33.094429" lon="-117.207089"><ele>171.677</ele><time>2021-02-06T22:52:15Z</time></trkpt><trkpt lat="33.094623" lon="-117.207594"><ele>170.286</ele><time>2021-02-06T22:52:19Z</time></trkpt><trkpt lat="33.094816" lon="-117.207984"><ele>168.811</ele><time>2021-02-06T22:52:22Z</time></trkpt><trkpt lat="33.094971" lon="-117.208232"><ele>168.017</ele><time>2021-02-06T22:52:24Z</time></trkpt><trkpt lat="33.095054" lon="-117.208350"><ele>167.887</ele><time>2021-02-06T22:52:25Z</time></trkpt><trkpt lat="33.095232" lon="-117.208579"><ele>166.415</ele><time>2021-02-06T22:52:27Z</time></trkpt><trkpt lat="33.095329" lon="-117.208690"><ele>165.408</ele><time>2021-02-06T22:52:28Z</time></trkpt><trkpt lat="33.095429" lon="-117.208801"><ele>164.477</ele><time>2021-02-06T22:52:29Z</time></trkpt><trkpt lat="33.095529" lon="-117.208913"><ele>163.636</ele><time>2021-02-06T22:52:30Z</time></trkpt><trkpt lat="33.095630" lon="-117.209025"><ele>162.264</ele><time>2021-02-06T22:52:31Z</time></trkpt><trkpt lat="33.095827" lon="-117.209249"><ele>160.851</ele><time>2021-02-06T22:52:33Z</time></trkpt><trkpt lat="33.096117" lon="-117.209575"><ele>159.452</ele><time>2021-02-06T22:52:36Z</time></trkpt><trkpt lat="33.096213" lon="-117.209684"><ele>158.427</ele><time>2021-02-06T22:52:37Z</time></trkpt><trkpt lat="33.096402" lon="-117.209907"><ele>157.026</ele><time>2021-02-06T22:52:39Z</time></trkpt><trkpt lat="33.096595" lon="-117.210128"><ele>156.021</ele><time>2021-02-06T22:52:41Z</time></trkpt><trkpt lat="33.096975" lon="-117.210570"><ele>154.271</ele><time>2021-02-06T22:52:45Z</time></trkpt><trkpt lat="33.097262" lon="-117.210904"><ele>152.841</ele><time>2021-02-06T22:52:48Z</time></trkpt><trkpt lat="33.097357" lon="-117.211011"><ele>152.015</ele><time>2021-02-06T22:52:49Z</time></trkpt><trkpt lat="33.097448" lon="-117.211118"><ele>151.008</ele><time>2021-02-06T22:52:50Z</time></trkpt><trkpt lat="33.097539" lon="-117.211224"><ele>149.893</ele><time>2021-02-06T22:52:51Z</time></trkpt><trkpt lat="33.097803" lon="-117.211533"><ele>148.672</ele><time>2021-02-06T22:52:54Z</time></trkpt><trkpt lat="33.097975" lon="-117.211732"><ele>148.480</ele><time>2021-02-06T22:52:56Z</time></trkpt><trkpt lat="33.098386" lon="-117.212210"><ele>148.257</ele><time>2021-02-06T22:53:01Z</time></trkpt><trkpt lat="33.098625" lon="-117.212483"><ele>147.878</ele><time>2021-02-06T22:53:04Z</time></trkpt><trkpt lat="33.098984" lon="-117.212954"><ele>147.623</ele><time>2021-02-06T22:53:09Z</time></trkpt><trkpt lat="33.099115" lon="-117.213151"><ele>147.022</ele><time>2021-02-06T22:53:11Z</time></trkpt><trkpt lat="33.099410" lon="-117.213668"><ele>146.257</ele><time>2021-02-06T22:53:16Z</time></trkpt><trkpt lat="33.099514" lon="-117.213867"><ele>146.084</ele><time>2021-02-06T22:53:18Z</time></trkpt><trkpt lat="33.099710" lon="-117.214286"><ele>145.007</ele><time>2021-02-06T22:53:22Z</time></trkpt><trkpt lat="33.099835" lon="-117.214612"><ele>143.817</ele><time>2021-02-06T22:53:25Z</time></trkpt><trkpt lat="33.099945" lon="-117.214933"><ele>142.208</ele><time>2021-02-06T22:53:28Z</time></trkpt><trkpt lat="33.100006" lon="-117.215135"><ele>141.044</ele><time>2021-02-06T22:53:30Z</time></trkpt><trkpt lat="33.100032" lon="-117.215236"><ele>140.823</ele><time>2021-02-06T22:53:31Z</time></trkpt><trkpt lat="33.100109" lon="-117.215565"><ele>139.691</ele><time>2021-02-06T22:53:34Z</time></trkpt><trkpt lat="33.100168" lon="-117.215934"><ele>138.868</ele><time>2021-02-06T22:53:37Z</time></trkpt><trkpt lat="33.100188" lon="-117.216185"><ele>138.449</ele><time>2021-02-06T22:53:39Z</time></trkpt><trkpt lat="33.100222" lon="-117.216656"><ele>137.464</ele><time>2021-02-06T22:53:43Z</time></trkpt><trkpt lat="33.100226" lon="-117.216767"><ele>137.063</ele><time>2021-02-06T22:53:44Z</time></trkpt><trkpt lat="33.100225" lon="-117.216876"><ele>136.228</ele><time>2021-02-06T22:53:45Z</time></trkpt><trkpt lat="33.100202" lon="-117.217493"><ele>135.624</ele><time>2021-02-06T22:53:51Z</time></trkpt><trkpt lat="33.100173" lon="-117.217983"><ele>136.004</ele><time>2021-02-06T22:53:57Z</time></trkpt><trkpt lat="33.100159" lon="-117.218267"><ele>137.014</ele><time>2021-02-06T22:54:02Z</time></trkpt><trkpt lat="33.100156" lon="-117.218314"><ele>137.208</ele><time>2021-02-06T22:54:03Z</time></trkpt><trkpt lat="33.100144" lon="-117.218454"><ele>138.848</ele><time>2021-02-06T22:54:06Z</time></trkpt><trkpt lat="33.100135" lon="-117.218549"><ele>139.897</ele><time>2021-02-06T22:54:08Z</time></trkpt><trkpt lat="33.100129" lon="-117.218591"><ele>140.275</ele><time>2021-02-06T22:54:09Z</time></trkpt><trkpt lat="33.100115" lon="-117.218797"><ele>141.272</ele><time>2021-02-06T22:54:14Z</time></trkpt><trkpt lat="33.100112" lon="-117.218874"><ele>142.013</ele><time>2021-02-06T22:54:16Z</time></trkpt><trkpt lat="33.100105" lon="-117.218962"><ele>142.488</ele><time>2021-02-06T22:54:18Z</time></trkpt><trkpt lat="33.100105" lon="-117.219171"><ele>143.877</ele><time>2021-02-06T22:54:23Z</time></trkpt><trkpt lat="33.100106" lon="-117.219421"><ele>144.872</ele><time>2021-02-06T22:54:29Z</time></trkpt><trkpt lat="33.100108" lon="-117.219456"><ele>145.225</ele><time>2021-02-06T22:54:30Z</time></trkpt><trkpt lat="33.100110" lon="-117.219579"><ele>146.026</ele><time>2021-02-06T22:54:34Z</time></trkpt><trkpt lat="33.100112" lon="-117.219694"><ele>147.008</ele><time>2021-02-06T22:54:38Z</time></trkpt><trkpt lat="33.100116" lon="-117.219842"><ele>148.008</ele><time>2021-02-06T22:54:43Z</time></trkpt><trkpt lat="33.100120" lon="-117.219942"><ele>148.688</ele><time>2021-02-06T22:54:46Z</time></trkpt><trkpt lat="33.100135" lon="-117.220067"><ele>149.447</ele><time>2021-02-06T22:54:50Z</time></trkpt><trkpt lat="33.100149" lon="-117.220196"><ele>150.065</ele><time>2021-02-06T22:54:54Z</time></trkpt><trkpt lat="33.100151" lon="-117.220342"><ele>150.612</ele><time>2021-02-06T22:54:58Z</time></trkpt><trkpt lat="33.100157" lon="-117.220515"><ele>151.423</ele><time>2021-02-06T22:55:03Z</time></trkpt><trkpt lat="33.100160" lon="-117.220549"><ele>151.658</ele><time>2021-02-06T22:55:04Z</time></trkpt><trkpt lat="33.100172" lon="-117.220786"><ele>153.087</ele><time>2021-02-06T22:55:11Z</time></trkpt><trkpt lat="33.100183" lon="-117.221095"><ele>153.822</ele><time>2021-02-06T22:55:19Z</time></trkpt><trkpt lat="33.100185" lon="-117.221134"><ele>154.089</ele><time>2021-02-06T22:55:20Z</time></trkpt><trkpt lat="33.100182" lon="-117.221319"><ele>154.406</ele><time>2021-02-06T22:55:26Z</time></trkpt><trkpt lat="33.100180" lon="-117.221338"><ele>154.626</ele><time>2021-02-06T22:55:29Z</time></trkpt><trkpt lat="33.100121" lon="-117.221439"><ele>154.808</ele><time>2021-02-06T22:57:05Z</time></trkpt><trkpt lat="33.100048" lon="-117.221649"><ele>154.624</ele><time>2021-02-06T22:57:11Z</time></trkpt><trkpt lat="33.100024" lon="-117.221712"><ele>154.653</ele><time>2021-02-06T22:57:15Z</time></trkpt><trkpt lat="33.100023" lon="-117.221709"><ele>154.641</ele><time>2021-02-06T22:57:16Z</time></trkpt><trkpt lat="33.100018" lon="-117.221784"><ele>155.228</ele><time>2021-02-06T22:58:23Z</time></trkpt><trkpt lat="33.100010" lon="-117.221826"><ele>155.249</ele><time>2021-02-06T22:58:24Z</time></trkpt><trkpt lat="33.099999" lon="-117.221874"><ele>155.244</ele><time>2021-02-06T22:58:25Z</time></trkpt><trkpt lat="33.099984" lon="-117.221923"><ele>155.073</ele><time>2021-02-06T22:58:26Z</time></trkpt><trkpt lat="33.099902" lon="-117.222045"><ele>154.878</ele><time>2021-02-06T22:58:29Z</time></trkpt><trkpt lat="33.099736" lon="-117.222089"><ele>154.665</ele><time>2021-02-06T22:58:33Z</time></trkpt><trkpt lat="33.099650" lon="-117.222082"><ele>154.668</ele><time>2021-02-06T22:58:35Z</time></trkpt><trkpt lat="33.099486" lon="-117.222076"><ele>154.614</ele><time>2021-02-06T22:58:39Z</time></trkpt><trkpt lat="33.099329" lon="-117.222070"><ele>155.808</ele><time>2021-02-06T22:58:43Z</time></trkpt><trkpt lat="33.099137" lon="-117.222074"><ele>157.282</ele><time>2021-02-06T22:58:48Z</time></trkpt><trkpt lat="33.099058" lon="-117.222081"><ele>157.691</ele><time>2021-02-06T22:58:50Z</time></trkpt><trkpt lat="33.098936" lon="-117.222095"><ele>158.429</ele><time>2021-02-06T22:58:53Z</time></trkpt><trkpt lat="33.098817" lon="-117.222110"><ele>159.636</ele><time>2021-02-06T22:58:56Z</time></trkpt><trkpt lat="33.098705" lon="-117.222137"><ele>160.217</ele><time>2021-02-06T22:58:59Z</time></trkpt><trkpt lat="33.098594" lon="-117.222160"><ele>160.682</ele><time>2021-02-06T22:59:02Z</time></trkpt><trkpt lat="33.098408" lon="-117.222200"><ele>161.691</ele><time>2021-02-06T22:59:07Z</time></trkpt><trkpt lat="33.098335" lon="-117.222222"><ele>162.466</ele><time>2021-02-06T22:59:09Z</time></trkpt><trkpt lat="33.098267" lon="-117.222246"><ele>163.034</ele><time>2021-02-06T22:59:11Z</time></trkpt><trkpt lat="33.098055" lon="-117.222310"><ele>164.455</ele><time>2021-02-06T22:59:17Z</time></trkpt><trkpt lat="33.098021" lon="-117.222322"><ele>164.610</ele><time>2021-02-06T22:59:18Z</time></trkpt><trkpt lat="33.097894" lon="-117.222385"><ele>165.608</ele><time>2021-02-06T22:59:22Z</time></trkpt><trkpt lat="33.097725" lon="-117.222460"><ele>166.689</ele><time>2021-02-06T22:59:27Z</time></trkpt><trkpt lat="33.097565" lon="-117.222544"><ele>167.818</ele><time>2021-02-06T22:59:32Z</time></trkpt><trkpt lat="33.097473" lon="-117.222589"><ele>169.086</ele><time>2021-02-06T22:59:35Z</time></trkpt><trkpt lat="33.097377" lon="-117.222637"><ele>169.433</ele><time>2021-02-06T22:59:38Z</time></trkpt><trkpt lat="33.097248" lon="-117.222712"><ele>170.014</ele><time>2021-02-06T22:59:42Z</time></trkpt><trkpt lat="33.097087" lon="-117.222825"><ele>171.089</ele><time>2021-02-06T22:59:47Z</time></trkpt><trkpt lat="33.097056" lon="-117.222852"><ele>171.218</ele><time>2021-02-06T22:59:48Z</time></trkpt><trkpt lat="33.096902" lon="-117.222979"><ele>172.693</ele><time>2021-02-06T22:59:53Z</time></trkpt><trkpt lat="33.096875" lon="-117.223010"><ele>172.872</ele><time>2021-02-06T22:59:54Z</time></trkpt><trkpt lat="33.096779" lon="-117.223092"><ele>173.613</ele><time>2021-02-06T22:59:57Z</time></trkpt><trkpt lat="33.096662" lon="-117.223157"><ele>174.214</ele><time>2021-02-06T23:00:00Z</time></trkpt><trkpt lat="33.096590" lon="-117.223206"><ele>174.808</ele><time>2021-02-06T23:00:02Z</time></trkpt><trkpt lat="33.096483" lon="-117.223292"><ele>175.833</ele><time>2021-02-06T23:00:05Z</time></trkpt><trkpt lat="33.096368" lon="-117.223375"><ele>176.272</ele><time>2021-02-06T23:00:08Z</time></trkpt><trkpt lat="33.096288" lon="-117.223434"><ele>177.020</ele><time>2021-02-06T23:00:10Z</time></trkpt><trkpt lat="33.096050" lon="-117.223623"><ele>177.487</ele><time>2021-02-06T23:00:16Z</time></trkpt><trkpt lat="33.095933" lon="-117.223732"><ele>178.068</ele><time>2021-02-06T23:00:19Z</time></trkpt><trkpt lat="33.095764" lon="-117.223866"><ele>178.863</ele><time>2021-02-06T23:00:23Z</time></trkpt><trkpt lat="33.095716" lon="-117.223898"><ele>179.092</ele><time>2021-02-06T23:00:24Z</time></trkpt><trkpt lat="33.095630" lon="-117.223971"><ele>179.487</ele><time>2021-02-06T23:00:26Z</time></trkpt><trkpt lat="33.095497" lon="-117.224081"><ele>180.251</ele><time>2021-02-06T23:00:29Z</time></trkpt><trkpt lat="33.095113" lon="-117.224352"><ele>181.001</ele><time>2021-02-06T23:00:37Z</time></trkpt><trkpt lat="33.094899" lon="-117.224480"><ele>181.211</ele><time>2021-02-06T23:00:41Z</time></trkpt><trkpt lat="33.094693" lon="-117.224596"><ele>182.008</ele><time>2021-02-06T23:00:45Z</time></trkpt><trkpt lat="33.094588" lon="-117.224650"><ele>182.481</ele><time>2021-02-06T23:00:47Z</time></trkpt><trkpt lat="33.094259" lon="-117.224802"><ele>183.090</ele><time>2021-02-06T23:00:53Z</time></trkpt><trkpt lat="33.094088" lon="-117.224870"><ele>183.658</ele><time>2021-02-06T23:00:56Z</time></trkpt><trkpt lat="33.093848" lon="-117.224955"><ele>184.225</ele><time>2021-02-06T23:01:00Z</time></trkpt><trkpt lat="33.093277" lon="-117.225101"><ele>184.296</ele><time>2021-02-06T23:01:09Z</time></trkpt><trkpt lat="33.092833" lon="-117.225181"><ele>184.611</ele><time>2021-02-06T23:01:16Z</time></trkpt><trkpt lat="33.092770" lon="-117.225189"><ele>184.690</ele><time>2021-02-06T23:01:17Z</time></trkpt><trkpt lat="33.092706" lon="-117.225198"><ele>184.635</ele><time>2021-02-06T23:01:18Z</time></trkpt><trkpt lat="33.092161" lon="-117.225256"><ele>184.676</ele><time>2021-02-06T23:01:26Z</time></trkpt><trkpt lat="33.092088" lon="-117.225260"><ele>184.690</ele><time>2021-02-06T23:01:27Z</time></trkpt><trkpt lat="33.091645" lon="-117.225272"><ele>183.619</ele><time>2021-02-06T23:01:33Z</time></trkpt><trkpt lat="33.091415" lon="-117.225277"><ele>183.208</ele><time>2021-02-06T23:01:36Z</time></trkpt><trkpt lat="33.090952" lon="-117.225281"><ele>182.463</ele><time>2021-02-06T23:01:42Z</time></trkpt><trkpt lat="33.090629" lon="-117.225291"><ele>181.292</ele><time>2021-02-06T23:01:46Z</time></trkpt><trkpt lat="33.090544" lon="-117.225293"><ele>181.030</ele><time>2021-02-06T23:01:47Z</time></trkpt><trkpt lat="33.090279" lon="-117.225293"><ele>180.237</ele><time>2021-02-06T23:01:50Z</time></trkpt><trkpt lat="33.090004" lon="-117.225297"><ele>179.268</ele><time>2021-02-06T23:01:53Z</time></trkpt><trkpt lat="33.089817" lon="-117.225309"><ele>178.453</ele><time>2021-02-06T23:01:55Z</time></trkpt><trkpt lat="33.089721" lon="-117.225318"><ele>178.052</ele><time>2021-02-06T23:01:56Z</time></trkpt><trkpt lat="33.089429" lon="-117.225355"><ele>176.627</ele><time>2021-02-06T23:01:59Z</time></trkpt><trkpt lat="33.089230" lon="-117.225396"><ele>175.088</ele><time>2021-02-06T23:02:01Z</time></trkpt><trkpt lat="33.089126" lon="-117.225418"><ele>174.424</ele><time>2021-02-06T23:02:02Z</time></trkpt><trkpt lat="33.088919" lon="-117.225468"><ele>173.826</ele><time>2021-02-06T23:02:04Z</time></trkpt><trkpt lat="33.088603" lon="-117.225563"><ele>172.608</ele><time>2021-02-06T23:02:07Z</time></trkpt><trkpt lat="33.088498" lon="-117.225597"><ele>171.664</ele><time>2021-02-06T23:02:08Z</time></trkpt><trkpt lat="33.088393" lon="-117.225635"><ele>170.853</ele><time>2021-02-06T23:02:09Z</time></trkpt><trkpt lat="33.088291" lon="-117.225675"><ele>170.211</ele><time>2021-02-06T23:02:10Z</time></trkpt><trkpt lat="33.088090" lon="-117.225761"><ele>169.098</ele><time>2021-02-06T23:02:12Z</time></trkpt><trkpt lat="33.087896" lon="-117.225853"><ele>167.619</ele><time>2021-02-06T23:02:14Z</time></trkpt><trkpt lat="33.087706" lon="-117.225952"><ele>166.234</ele><time>2021-02-06T23:02:16Z</time></trkpt><trkpt lat="33.087518" lon="-117.226058"><ele>164.673</ele><time>2021-02-06T23:02:18Z</time></trkpt><trkpt lat="33.087243" lon="-117.226231"><ele>163.238</ele><time>2021-02-06T23:02:21Z</time></trkpt><trkpt lat="33.087064" lon="-117.226350"><ele>162.673</ele><time>2021-02-06T23:02:23Z</time></trkpt><trkpt lat="33.086888" lon="-117.226471"><ele>162.085</ele><time>2021-02-06T23:02:25Z</time></trkpt><trkpt lat="33.086658" lon="-117.226656"><ele>160.613</ele><time>2021-02-06T23:02:28Z</time></trkpt><trkpt lat="33.086585" lon="-117.226715"><ele>160.208</ele><time>2021-02-06T23:02:29Z</time></trkpt><trkpt lat="33.086444" lon="-117.226840"><ele>159.443</ele><time>2021-02-06T23:02:31Z</time></trkpt><trkpt lat="33.086305" lon="-117.226972"><ele>158.422</ele><time>2021-02-06T23:02:33Z</time></trkpt><trkpt lat="33.086027" lon="-117.227251"><ele>157.250</ele><time>2021-02-06T23:02:37Z</time></trkpt><trkpt lat="33.085706" lon="-117.227622"><ele>155.867</ele><time>2021-02-06T23:02:42Z</time></trkpt><trkpt lat="33.085581" lon="-117.227779"><ele>154.488</ele><time>2021-02-06T23:02:44Z</time></trkpt><trkpt lat="33.085519" lon="-117.227861"><ele>153.843</ele><time>2021-02-06T23:02:45Z</time></trkpt><trkpt lat="33.085395" lon="-117.228029"><ele>153.472</ele><time>2021-02-06T23:02:47Z</time></trkpt><trkpt lat="33.085218" lon="-117.228290"><ele>152.267</ele><time>2021-02-06T23:02:50Z</time></trkpt><trkpt lat="33.085105" lon="-117.228470"><ele>151.067</ele><time>2021-02-06T23:02:52Z</time></trkpt><trkpt lat="33.084999" lon="-117.228655"><ele>150.681</ele><time>2021-02-06T23:02:54Z</time></trkpt><trkpt lat="33.084844" lon="-117.228937"><ele>150.019</ele><time>2021-02-06T23:02:57Z</time></trkpt><trkpt lat="33.084743" lon="-117.229136"><ele>148.808</ele><time>2021-02-06T23:02:59Z</time></trkpt><trkpt lat="33.084602" lon="-117.229440"><ele>147.462</ele><time>2021-02-06T23:03:02Z</time></trkpt><trkpt lat="33.084360" lon="-117.230081"><ele>146.091</ele><time>2021-02-06T23:03:08Z</time></trkpt><trkpt lat="33.084325" lon="-117.230188"><ele>145.219</ele><time>2021-02-06T23:03:09Z</time></trkpt><trkpt lat="33.084291" lon="-117.230291"><ele>144.696</ele><time>2021-02-06T23:03:10Z</time></trkpt><trkpt lat="33.084199" lon="-117.230603"><ele>143.427</ele><time>2021-02-06T23:03:13Z</time></trkpt><trkpt lat="33.084145" lon="-117.230822"><ele>143.022</ele><time>2021-02-06T23:03:15Z</time></trkpt><trkpt lat="33.084095" lon="-117.231038"><ele>142.021</ele><time>2021-02-06T23:03:17Z</time></trkpt><trkpt lat="33.084029" lon="-117.231352"><ele>140.886</ele><time>2021-02-06T23:03:20Z</time></trkpt><trkpt lat="33.083993" lon="-117.231563"><ele>139.668</ele><time>2021-02-06T23:03:22Z</time></trkpt><trkpt lat="33.083977" lon="-117.231669"><ele>139.242</ele><time>2021-02-06T23:03:23Z</time></trkpt><trkpt lat="33.083946" lon="-117.231879"><ele>138.026</ele><time>2021-02-06T23:03:25Z</time></trkpt><trkpt lat="33.083921" lon="-117.232084"><ele>136.808</ele><time>2021-02-06T23:03:27Z</time></trkpt><trkpt lat="33.083886" lon="-117.232385"><ele>135.652</ele><time>2021-02-06T23:03:30Z</time></trkpt><trkpt lat="33.083867" lon="-117.232594"><ele>135.061</ele><time>2021-02-06T23:03:32Z</time></trkpt><trkpt lat="33.083828" lon="-117.232910"><ele>134.259</ele><time>2021-02-06T23:03:35Z</time></trkpt><trkpt lat="33.083752" lon="-117.233430"><ele>133.226</ele><time>2021-02-06T23:03:40Z</time></trkpt><trkpt lat="33.083574" lon="-117.234142"><ele>132.467</ele><time>2021-02-06T23:03:47Z</time></trkpt><trkpt lat="33.083543" lon="-117.234242"><ele>132.222</ele><time>2021-02-06T23:03:48Z</time></trkpt><trkpt lat="33.083510" lon="-117.234340"><ele>132.241</ele><time>2021-02-06T23:03:49Z</time></trkpt><trkpt lat="33.083319" lon="-117.234826"><ele>131.066</ele><time>2021-02-06T23:03:54Z</time></trkpt><trkpt lat="33.083228" lon="-117.235025"><ele>130.439</ele><time>2021-02-06T23:03:56Z</time></trkpt><trkpt lat="33.083023" lon="-117.235414"><ele>130.001</ele><time>2021-02-06T23:04:00Z</time></trkpt><trkpt lat="33.082790" lon="-117.235792"><ele>129.821</ele><time>2021-02-06T23:04:04Z</time></trkpt><trkpt lat="33.082434" lon="-117.236270"><ele>129.008</ele><time>2021-02-06T23:04:10Z</time></trkpt><trkpt lat="33.082257" lon="-117.236467"><ele>127.849</ele><time>2021-02-06T23:04:13Z</time></trkpt><trkpt lat="33.082063" lon="-117.236651"><ele>126.248</ele><time>2021-02-06T23:04:16Z</time></trkpt><trkpt lat="33.081993" lon="-117.236711"><ele>125.846</ele><time>2021-02-06T23:04:17Z</time></trkpt><trkpt lat="33.081846" lon="-117.236832"><ele>125.093</ele><time>2021-02-06T23:04:19Z</time></trkpt><trkpt lat="33.081622" lon="-117.237046"><ele>123.684</ele><time>2021-02-06T23:04:22Z</time></trkpt><trkpt lat="33.081467" lon="-117.237200"><ele>122.429</ele><time>2021-02-06T23:04:24Z</time></trkpt><trkpt lat="33.081222" lon="-117.237432"><ele>120.858</ele><time>2021-02-06T23:04:27Z</time></trkpt><trkpt lat="33.081139" lon="-117.237512"><ele>119.453</ele><time>2021-02-06T23:04:28Z</time></trkpt><trkpt lat="33.081056" lon="-117.237591"><ele>118.899</ele><time>2021-02-06T23:04:29Z</time></trkpt><trkpt lat="33.080971" lon="-117.237670"><ele>117.807</ele><time>2021-02-06T23:04:30Z</time></trkpt><trkpt lat="33.080799" lon="-117.237828"><ele>116.427</ele><time>2021-02-06T23:04:32Z</time></trkpt><trkpt lat="33.080529" lon="-117.238063"><ele>115.408</ele><time>2021-02-06T23:04:35Z</time></trkpt><trkpt lat="33.080336" lon="-117.238206"><ele>115.015</ele><time>2021-02-06T23:04:37Z</time></trkpt><trkpt lat="33.080137" lon="-117.238337"><ele>113.864</ele><time>2021-02-06T23:04:39Z</time></trkpt><trkpt lat="33.079833" lon="-117.238505"><ele>112.472</ele><time>2021-02-06T23:04:42Z</time></trkpt><trkpt lat="33.079731" lon="-117.238555"><ele>111.829</ele><time>2021-02-06T23:04:43Z</time></trkpt><trkpt lat="33.079628" lon="-117.238602"><ele>110.470</ele><time>2021-02-06T23:04:44Z</time></trkpt><trkpt lat="33.079421" lon="-117.238687"><ele>109.075</ele><time>2021-02-06T23:04:46Z</time></trkpt><trkpt lat="33.079213" lon="-117.238764"><ele>108.034</ele><time>2021-02-06T23:04:48Z</time></trkpt><trkpt lat="33.079108" lon="-117.238798"><ele>107.679</ele><time>2021-02-06T23:04:49Z</time></trkpt><trkpt lat="33.079001" lon="-117.238832"><ele>107.226</ele><time>2021-02-06T23:04:50Z</time></trkpt><trkpt lat="33.078779" lon="-117.238897"><ele>106.447</ele><time>2021-02-06T23:04:52Z</time></trkpt><trkpt lat="33.078324" lon="-117.239036"><ele>105.211</ele><time>2021-02-06T23:04:56Z</time></trkpt><trkpt lat="33.078093" lon="-117.239103"><ele>104.608</ele><time>2021-02-06T23:04:58Z</time></trkpt><trkpt lat="33.077864" lon="-117.239169"><ele>103.488</ele><time>2021-02-06T23:05:00Z</time></trkpt><trkpt lat="33.077534" lon="-117.239268"><ele>102.297</ele><time>2021-02-06T23:05:03Z</time></trkpt><trkpt lat="33.077331" lon="-117.239327"><ele>100.855</ele><time>2021-02-06T23:05:05Z</time></trkpt><trkpt lat="33.077134" lon="-117.239389"><ele>99.662</ele><time>2021-02-06T23:05:07Z</time></trkpt><trkpt lat="33.076719" lon="-117.239514"><ele>98.243</ele><time>2021-02-06T23:05:11Z</time></trkpt><trkpt lat="33.076613" lon="-117.239541"><ele>97.268</ele><time>2021-02-06T23:05:12Z</time></trkpt><trkpt lat="33.076409" lon="-117.239602"><ele>95.637</ele><time>2021-02-06T23:05:14Z</time></trkpt><trkpt lat="33.076307" lon="-117.239633"><ele>94.482</ele><time>2021-02-06T23:05:15Z</time></trkpt><trkpt lat="33.076205" lon="-117.239665"><ele>93.048</ele><time>2021-02-06T23:05:16Z</time></trkpt><trkpt lat="33.075998" lon="-117.239730"><ele>91.261</ele><time>2021-02-06T23:05:18Z</time></trkpt><trkpt lat="33.075790" lon="-117.239796"><ele>89.617</ele><time>2021-02-06T23:05:20Z</time></trkpt><trkpt lat="33.075686" lon="-117.239830"><ele>88.608</ele><time>2021-02-06T23:05:21Z</time></trkpt><trkpt lat="33.075472" lon="-117.239894"><ele>87.010</ele><time>2021-02-06T23:05:23Z</time></trkpt><trkpt lat="33.075251" lon="-117.239962"><ele>85.249</ele><time>2021-02-06T23:05:25Z</time></trkpt><trkpt lat="33.075140" lon="-117.239998"><ele>84.297</ele><time>2021-02-06T23:05:26Z</time></trkpt><trkpt lat="33.075028" lon="-117.240036"><ele>83.074</ele><time>2021-02-06T23:05:27Z</time></trkpt><trkpt lat="33.074804" lon="-117.240122"><ele>81.665</ele><time>2021-02-06T23:05:29Z</time></trkpt><trkpt lat="33.074693" lon="-117.240171"><ele>81.260</ele><time>2021-02-06T23:05:30Z</time></trkpt><trkpt lat="33.074583" lon="-117.240224"><ele>80.469</ele><time>2021-02-06T23:05:31Z</time></trkpt><trkpt lat="33.074366" lon="-117.240341"><ele>78.884</ele><time>2021-02-06T23:05:33Z</time></trkpt><trkpt lat="33.074259" lon="-117.240405"><ele>77.228</ele><time>2021-02-06T23:05:34Z</time></trkpt><trkpt lat="33.074154" lon="-117.240473"><ele>76.089</ele><time>2021-02-06T23:05:35Z</time></trkpt><trkpt lat="33.074050" lon="-117.240547"><ele>75.217</ele><time>2021-02-06T23:05:36Z</time></trkpt><trkpt lat="33.073949" lon="-117.240625"><ele>74.608</ele><time>2021-02-06T23:05:37Z</time></trkpt><trkpt lat="33.073654" lon="-117.240879"><ele>72.248</ele><time>2021-02-06T23:05:40Z</time></trkpt><trkpt lat="33.073559" lon="-117.240972"><ele>71.617</ele><time>2021-02-06T23:05:41Z</time></trkpt><trkpt lat="33.073466" lon="-117.241070"><ele>71.035</ele><time>2021-02-06T23:05:42Z</time></trkpt><trkpt lat="33.073198" lon="-117.241381"><ele>69.672</ele><time>2021-02-06T23:05:45Z</time></trkpt><trkpt lat="33.073114" lon="-117.241490"><ele>69.013</ele><time>2021-02-06T23:05:46Z</time></trkpt><trkpt lat="33.073031" lon="-117.241598"><ele>68.278</ele><time>2021-02-06T23:05:47Z</time></trkpt><trkpt lat="33.072869" lon="-117.241807"><ele>66.667</ele><time>2021-02-06T23:05:49Z</time></trkpt><trkpt lat="33.072715" lon="-117.242013"><ele>65.042</ele><time>2021-02-06T23:05:51Z</time></trkpt><trkpt lat="33.072565" lon="-117.242209"><ele>63.671</ele><time>2021-02-06T23:05:53Z</time></trkpt><trkpt lat="33.072280" lon="-117.242578"><ele>62.641</ele><time>2021-02-06T23:05:57Z</time></trkpt><trkpt lat="33.072078" lon="-117.242842"><ele>62.215</ele><time>2021-02-06T23:06:00Z</time></trkpt><trkpt lat="33.071681" lon="-117.243356"><ele>62.208</ele><time>2021-02-06T23:06:06Z</time></trkpt><trkpt lat="33.071421" lon="-117.243692"><ele>62.043</ele><time>2021-02-06T23:06:10Z</time></trkpt><trkpt lat="33.071039" lon="-117.244180"><ele>62.062</ele><time>2021-02-06T23:06:16Z</time></trkpt><trkpt lat="33.070797" lon="-117.244495"><ele>61.830</ele><time>2021-02-06T23:06:20Z</time></trkpt><trkpt lat="33.070677" lon="-117.244652"><ele>61.457</ele><time>2021-02-06T23:06:22Z</time></trkpt><trkpt lat="33.070290" lon="-117.245103"><ele>60.898</ele><time>2021-02-06T23:06:28Z</time></trkpt><trkpt lat="33.070221" lon="-117.245170"><ele>60.663</ele><time>2021-02-06T23:06:29Z</time></trkpt><trkpt lat="33.070013" lon="-117.245359"><ele>60.432</ele><time>2021-02-06T23:06:32Z</time></trkpt><trkpt lat="33.069667" lon="-117.245664"><ele>60.087</ele><time>2021-02-06T23:06:37Z</time></trkpt><trkpt lat="33.069205" lon="-117.246062"><ele>60.039</ele><time>2021-02-06T23:06:44Z</time></trkpt><trkpt lat="33.068903" lon="-117.246350"><ele>60.401</ele><time>2021-02-06T23:06:50Z</time></trkpt><trkpt lat="33.068800" lon="-117.246446"><ele>60.621</ele><time>2021-02-06T23:06:54Z</time></trkpt><trkpt lat="33.068797" lon="-117.246452"><ele>60.808</ele><time>2021-02-06T23:06:56Z</time></trkpt><trkpt lat="33.068770" lon="-117.246494"><ele>63.299</ele><time>2021-02-06T23:07:12Z</time></trkpt><trkpt lat="33.068752" lon="-117.246514"><ele>63.238</ele><time>2021-02-06T23:07:13Z</time></trkpt><trkpt lat="33.068598" lon="-117.246679"><ele>63.016</ele><time>2021-02-06T23:07:19Z</time></trkpt><trkpt lat="33.068535" lon="-117.246758"><ele>63.073</ele><time>2021-02-06T23:07:21Z</time></trkpt><trkpt lat="33.068392" lon="-117.246944"><ele>62.844</ele><time>2021-02-06T23:07:25Z</time></trkpt><trkpt lat="33.068096" lon="-117.247317"><ele>62.819</ele><time>2021-02-06T23:07:32Z</time></trkpt><trkpt lat="33.067842" lon="-117.247758"><ele>63.278</ele><time>2021-02-06T23:07:39Z</time></trkpt><trkpt lat="33.067628" lon="-117.248318"><ele>63.433</ele><time>2021-02-06T23:07:47Z</time></trkpt><trkpt lat="33.067499" lon="-117.248921"><ele>63.646</ele><time>2021-02-06T23:07:55Z</time></trkpt><trkpt lat="33.067449" lon="-117.249554"><ele>64.088</ele><time>2021-02-06T23:08:03Z</time></trkpt><trkpt lat="33.067424" lon="-117.250201"><ele>64.216</ele><time>2021-02-06T23:08:11Z</time></trkpt><trkpt lat="33.067414" lon="-117.250446"><ele>64.208</ele><time>2021-02-06T23:08:14Z</time></trkpt><trkpt lat="33.067389" lon="-117.251101"><ele>65.060</ele><time>2021-02-06T23:08:22Z</time></trkpt><trkpt lat="33.067378" lon="-117.251416"><ele>65.269</ele><time>2021-02-06T23:08:26Z</time></trkpt><trkpt lat="33.067346" lon="-117.252104"><ele>65.067</ele><time>2021-02-06T23:08:35Z</time></trkpt><trkpt lat="33.067314" lon="-117.252800"><ele>64.834</ele><time>2021-02-06T23:08:44Z</time></trkpt><trkpt lat="33.067311" lon="-117.252878"><ele>64.815</ele><time>2021-02-06T23:08:45Z</time></trkpt><trkpt lat="33.067282" lon="-117.253545"><ele>65.290</ele><time>2021-02-06T23:08:54Z</time></trkpt><trkpt lat="33.067278" lon="-117.253619"><ele>65.239</ele><time>2021-02-06T23:08:55Z</time></trkpt><trkpt lat="33.067274" lon="-117.253694"><ele>65.214</ele><time>2021-02-06T23:08:56Z</time></trkpt><trkpt lat="33.067245" lon="-117.254307"><ele>65.482</ele><time>2021-02-06T23:09:04Z</time></trkpt><trkpt lat="33.067220" lon="-117.254874"><ele>65.243</ele><time>2021-02-06T23:09:12Z</time></trkpt><trkpt lat="33.067218" lon="-117.254957"><ele>65.017</ele><time>2021-02-06T23:09:15Z</time></trkpt><trkpt lat="33.067214" lon="-117.254968"><ele>65.008</ele><time>2021-02-06T23:09:17Z</time></trkpt><trkpt lat="33.067222" lon="-117.255054"><ele>66.614</ele><time>2021-02-06T23:09:41Z</time></trkpt><trkpt lat="33.067223" lon="-117.255086"><ele>66.683</ele><time>2021-02-06T23:09:42Z</time></trkpt><trkpt lat="33.067210" lon="-117.255312"><ele>66.421</ele><time>2021-02-06T23:09:46Z</time></trkpt><trkpt lat="33.067203" lon="-117.255672"><ele>65.418</ele><time>2021-02-06T23:09:51Z</time></trkpt><trkpt lat="33.067203" lon="-117.255837"><ele>64.889</ele><time>2021-02-06T23:09:53Z</time></trkpt><trkpt lat="33.067197" lon="-117.256021"><ele>64.064</ele><time>2021-02-06T23:09:55Z</time></trkpt><trkpt lat="33.067182" lon="-117.256325"><ele>63.023</ele><time>2021-02-06T23:09:58Z</time></trkpt><trkpt lat="33.067176" lon="-117.256432"><ele>62.668</ele><time>2021-02-06T23:09:59Z</time></trkpt><trkpt lat="33.067162" lon="-117.256649"><ele>61.489</ele><time>2021-02-06T23:10:01Z</time></trkpt><trkpt lat="33.067143" lon="-117.256985"><ele>60.406</ele><time>2021-02-06T23:10:04Z</time></trkpt><trkpt lat="33.067125" lon="-117.257324"><ele>58.826</ele><time>2021-02-06T23:10:07Z</time></trkpt><trkpt lat="33.067115" lon="-117.257551"><ele>57.008</ele><time>2021-02-06T23:10:09Z</time></trkpt><trkpt lat="33.067107" lon="-117.257776"><ele>55.624</ele><time>2021-02-06T23:10:11Z</time></trkpt><trkpt lat="33.067103" lon="-117.257994"><ele>54.663</ele><time>2021-02-06T23:10:13Z</time></trkpt><trkpt lat="33.067106" lon="-117.258205"><ele>53.291</ele><time>2021-02-06T23:10:15Z</time></trkpt><trkpt lat="33.067119" lon="-117.258407"><ele>51.858</ele><time>2021-02-06T23:10:17Z</time></trkpt><trkpt lat="33.067160" lon="-117.258794"><ele>50.859</ele><time>2021-02-06T23:10:21Z</time></trkpt><trkpt lat="33.067220" lon="-117.259161"><ele>50.614</ele><time>2021-02-06T23:10:25Z</time></trkpt><trkpt lat="33.067375" lon="-117.259862"><ele>50.453</ele><time>2021-02-06T23:10:33Z</time></trkpt><trkpt lat="33.067434" lon="-117.260121"><ele>50.468</ele><time>2021-02-06T23:10:36Z</time></trkpt><trkpt lat="33.067545" lon="-117.260639"><ele>49.872</ele><time>2021-02-06T23:10:42Z</time></trkpt><trkpt lat="33.067617" lon="-117.260981"><ele>49.213</ele><time>2021-02-06T23:10:46Z</time></trkpt><trkpt lat="33.067715" lon="-117.261637"><ele>49.014</ele><time>2021-02-06T23:10:54Z</time></trkpt><trkpt lat="33.067733" lon="-117.261881"><ele>49.008</ele><time>2021-02-06T23:10:58Z</time></trkpt><trkpt lat="33.067724" lon="-117.261929"><ele>49.063</ele><time>2021-02-06T23:11:00Z</time></trkpt><trkpt lat="33.067715" lon="-117.261941"><ele>49.272</ele><time>2021-02-06T23:11:01Z</time></trkpt><trkpt lat="33.067715" lon="-117.261963"><ele>50.070</ele><time>2021-02-06T23:11:04Z</time></trkpt><trkpt lat="33.067722" lon="-117.261983"><ele>50.267</ele><time>2021-02-06T23:11:06Z</time></trkpt><trkpt lat="33.067723" lon="-117.261984"><ele>50.458</ele><time>2021-02-06T23:11:08Z</time></trkpt><trkpt lat="33.067730" lon="-117.262042"><ele>50.633</ele><time>2021-02-06T23:11:24Z</time></trkpt><trkpt lat="33.067736" lon="-117.262099"><ele>50.612</ele><time>2021-02-06T23:11:26Z</time></trkpt><trkpt lat="33.067754" lon="-117.262331"><ele>50.477</ele><time>2021-02-06T23:11:31Z</time></trkpt><trkpt lat="33.067759" lon="-117.262722"><ele>49.644</ele><time>2021-02-06T23:11:37Z</time></trkpt><trkpt lat="33.067780" lon="-117.263279"><ele>49.605</ele><time>2021-02-06T23:11:45Z</time></trkpt><trkpt lat="33.067839" lon="-117.263765"><ele>50.615</ele><time>2021-02-06T23:11:53Z</time></trkpt><trkpt lat="33.067860" lon="-117.263872"><ele>51.008</ele><time>2021-02-06T23:11:55Z</time></trkpt><trkpt lat="33.067888" lon="-117.264037"><ele>52.060</ele><time>2021-02-06T23:11:58Z</time></trkpt><trkpt lat="33.067901" lon="-117.264144"><ele>52.869</ele><time>2021-02-06T23:12:00Z</time></trkpt><trkpt lat="33.067907" lon="-117.264196"><ele>53.237</ele><time>2021-02-06T23:12:01Z</time></trkpt><trkpt lat="33.067938" lon="-117.264357"><ele>54.674</ele><time>2021-02-06T23:12:04Z</time></trkpt><trkpt lat="33.067967" lon="-117.264462"><ele>55.025</ele><time>2021-02-06T23:12:06Z</time></trkpt><trkpt lat="33.067983" lon="-117.264512"><ele>55.630</ele><time>2021-02-06T23:12:07Z</time></trkpt><trkpt lat="33.068040" lon="-117.264649"><ele>57.069</ele><time>2021-02-06T23:12:10Z</time></trkpt><trkpt lat="33.068091" lon="-117.264798"><ele>57.854</ele><time>2021-02-06T23:12:13Z</time></trkpt><trkpt lat="33.068108" lon="-117.264849"><ele>58.048</ele><time>2021-02-06T23:12:14Z</time></trkpt><trkpt lat="33.068191" lon="-117.265106"><ele>59.061</ele><time>2021-02-06T23:12:19Z</time></trkpt><trkpt lat="33.068206" lon="-117.265159"><ele>59.217</ele><time>2021-02-06T23:12:20Z</time></trkpt><trkpt lat="33.068220" lon="-117.265214"><ele>59.408</ele><time>2021-02-06T23:12:21Z</time></trkpt><trkpt lat="33.068289" lon="-117.265490"><ele>60.230</ele><time>2021-02-06T23:12:26Z</time></trkpt><trkpt lat="33.068342" lon="-117.265705"><ele>60.669</ele><time>2021-02-06T23:12:30Z</time></trkpt><trkpt lat="33.068374" lon="-117.265801"><ele>61.497</ele><time>2021-02-06T23:12:32Z</time></trkpt><trkpt lat="33.068417" lon="-117.265952"><ele>62.814</ele><time>2021-02-06T23:12:35Z</time></trkpt><trkpt lat="33.068445" lon="-117.266047"><ele>63.485</ele><time>2021-02-06T23:12:37Z</time></trkpt><trkpt lat="33.068484" lon="-117.266182"><ele>64.040</ele><time>2021-02-06T23:12:40Z</time></trkpt><trkpt lat="33.068520" lon="-117.266316"><ele>64.649</ele><time>2021-02-06T23:12:43Z</time></trkpt><trkpt lat="33.068530" lon="-117.266358"><ele>65.074</ele><time>2021-02-06T23:12:44Z</time></trkpt><trkpt lat="33.068593" lon="-117.266586"><ele>66.454</ele><time>2021-02-06T23:12:49Z</time></trkpt><trkpt lat="33.068623" lon="-117.266739"><ele>67.456</ele><time>2021-02-06T23:12:52Z</time></trkpt><trkpt lat="33.068651" lon="-117.266932"><ele>68.811</ele><time>2021-02-06T23:12:56Z</time></trkpt><trkpt lat="33.068682" lon="-117.267102"><ele>70.008</ele><time>2021-02-06T23:13:00Z</time></trkpt><trkpt lat="33.068693" lon="-117.267169"><ele>70.221</ele><time>2021-02-06T23:13:02Z</time></trkpt><trkpt lat="33.068702" lon="-117.267310"><ele>71.420</ele><time>2021-02-06T23:13:07Z</time></trkpt><trkpt lat="33.068702" lon="-117.267328"><ele>72.278</ele><time>2021-02-06T23:13:09Z</time></trkpt><trkpt lat="33.068702" lon="-117.267327"><ele>72.475</ele><time>2021-02-06T23:13:10Z</time></trkpt><trkpt lat="33.068722" lon="-117.267409"><ele>74.086</ele><time>2021-02-06T23:14:10Z</time></trkpt><trkpt lat="33.068737" lon="-117.267457"><ele>74.091</ele><time>2021-02-06T23:14:12Z</time></trkpt><trkpt lat="33.068773" lon="-117.267679"><ele>74.040</ele><time>2021-02-06T23:14:18Z</time></trkpt><trkpt lat="33.068799" lon="-117.268064"><ele>74.815</ele><time>2021-02-06T23:14:25Z</time></trkpt><trkpt lat="33.068812" lon="-117.268170"><ele>75.042</ele><time>2021-02-06T23:14:27Z</time></trkpt><trkpt lat="33.068840" lon="-117.268426"><ele>76.222</ele><time>2021-02-06T23:14:32Z</time></trkpt><trkpt lat="33.068844" lon="-117.268472"><ele>76.414</ele><time>2021-02-06T23:14:33Z</time></trkpt><trkpt lat="33.068862" lon="-117.268639"><ele>77.208</ele><time>2021-02-06T23:14:37Z</time></trkpt><trkpt lat="33.068869" lon="-117.268708"><ele>77.850</ele><time>2021-02-06T23:14:39Z</time></trkpt><trkpt lat="33.068883" lon="-117.268809"><ele>78.679</ele><time>2021-02-06T23:14:42Z</time></trkpt><trkpt lat="33.068884" lon="-117.268986"><ele>80.087</ele><time>2021-02-06T23:14:46Z</time></trkpt><trkpt lat="33.068871" lon="-117.269194"><ele>81.044</ele><time>2021-02-06T23:14:50Z</time></trkpt><trkpt lat="33.068868" lon="-117.269309"><ele>82.495</ele><time>2021-02-06T23:14:53Z</time></trkpt><trkpt lat="33.068881" lon="-117.269463"><ele>83.460</ele><time>2021-02-06T23:14:57Z</time></trkpt><trkpt lat="33.068880" lon="-117.269589"><ele>84.299</ele><time>2021-02-06T23:15:00Z</time></trkpt><trkpt lat="33.068882" lon="-117.269629"><ele>84.414</ele><time>2021-02-06T23:15:01Z</time></trkpt><trkpt lat="33.068889" lon="-117.269742"><ele>85.659</ele><time>2021-02-06T23:15:04Z</time></trkpt><trkpt lat="33.068887" lon="-117.269872"><ele>86.403</ele><time>2021-02-06T23:15:07Z</time></trkpt><trkpt lat="33.068883" lon="-117.269920"><ele>86.623</ele><time>2021-02-06T23:15:08Z</time></trkpt><trkpt lat="33.068882" lon="-117.270081"><ele>87.608</ele><time>2021-02-06T23:15:12Z</time></trkpt><trkpt lat="33.068884" lon="-117.270166"><ele>88.441</ele><time>2021-02-06T23:15:14Z</time></trkpt><trkpt lat="33.068884" lon="-117.270205"><ele>88.880</ele><time>2021-02-06T23:15:15Z</time></trkpt><trkpt lat="33.068889" lon="-117.270325"><ele>89.858</ele><time>2021-02-06T23:15:18Z</time></trkpt><trkpt lat="33.068876" lon="-117.270477"><ele>90.855</ele><time>2021-02-06T23:15:21Z</time></trkpt><trkpt lat="33.068867" lon="-117.270685"><ele>92.076</ele><time>2021-02-06T23:15:26Z</time></trkpt><trkpt lat="33.068870" lon="-117.270793"><ele>92.881</ele><time>2021-02-06T23:15:29Z</time></trkpt><trkpt lat="33.068871" lon="-117.270871"><ele>93.420</ele><time>2021-02-06T23:15:31Z</time></trkpt><trkpt lat="33.068866" lon="-117.270992"><ele>94.435</ele><time>2021-02-06T23:15:34Z</time></trkpt><trkpt lat="33.068862" lon="-117.271078"><ele>95.214</ele><time>2021-02-06T23:15:36Z</time></trkpt><trkpt lat="33.068863" lon="-117.271118"><ele>95.854</ele><time>2021-02-06T23:15:37Z</time></trkpt><trkpt lat="33.068866" lon="-117.271326"><ele>96.609</ele><time>2021-02-06T23:15:42Z</time></trkpt><trkpt lat="33.068865" lon="-117.271404"><ele>97.408</ele><time>2021-02-06T23:15:44Z</time></trkpt><trkpt lat="33.068863" lon="-117.271455"><ele>97.857</ele><time>2021-02-06T23:15:45Z</time></trkpt><trkpt lat="33.068863" lon="-117.271587"><ele>99.676</ele><time>2021-02-06T23:15:48Z</time></trkpt><trkpt lat="33.068864" lon="-117.271697"><ele>100.494</ele><time>2021-02-06T23:15:51Z</time></trkpt><trkpt lat="33.068865" lon="-117.271730"><ele>100.621</ele><time>2021-02-06T23:15:52Z</time></trkpt><trkpt lat="33.068853" lon="-117.271882"><ele>102.012</ele><time>2021-02-06T23:15:56Z</time></trkpt><trkpt lat="33.068839" lon="-117.271970"><ele>102.487</ele><time>2021-02-06T23:15:58Z</time></trkpt><trkpt lat="33.068827" lon="-117.272057"><ele>103.086</ele><time>2021-02-06T23:16:00Z</time></trkpt><trkpt lat="33.068802" lon="-117.272243"><ele>104.261</ele><time>2021-02-06T23:16:04Z</time></trkpt><trkpt lat="33.068796" lon="-117.272284"><ele>104.446</ele><time>2021-02-06T23:16:05Z</time></trkpt><trkpt lat="33.068769" lon="-117.272424"><ele>105.488</ele><time>2021-02-06T23:16:08Z</time></trkpt><trkpt lat="33.068727" lon="-117.272589"><ele>106.216</ele><time>2021-02-06T23:16:11Z</time></trkpt><trkpt lat="33.068714" lon="-117.272632"><ele>106.408</ele><time>2021-02-06T23:16:12Z</time></trkpt><trkpt lat="33.068648" lon="-117.272858"><ele>107.850</ele><time>2021-02-06T23:16:17Z</time></trkpt><trkpt lat="33.068636" lon="-117.272901"><ele>108.229</ele><time>2021-02-06T23:16:18Z</time></trkpt><trkpt lat="33.068609" lon="-117.272995"><ele>109.037</ele><time>2021-02-06T23:16:20Z</time></trkpt><trkpt lat="33.068579" lon="-117.273084"><ele>110.034</ele><time>2021-02-06T23:16:22Z</time></trkpt><trkpt lat="33.068536" lon="-117.273211"><ele>110.855</ele><time>2021-02-06T23:16:25Z</time></trkpt><trkpt lat="33.068504" lon="-117.273290"><ele>111.470</ele><time>2021-02-06T23:16:27Z</time></trkpt><trkpt lat="33.068439" lon="-117.273449"><ele>112.439</ele><time>2021-02-06T23:16:31Z</time></trkpt><trkpt lat="33.068402" lon="-117.273525"><ele>112.864</ele><time>2021-02-06T23:16:33Z</time></trkpt><trkpt lat="33.068346" lon="-117.273645"><ele>113.619</ele><time>2021-02-06T23:16:36Z</time></trkpt><trkpt lat="33.068272" lon="-117.273793"><ele>114.809</ele><time>2021-02-06T23:16:40Z</time></trkpt><trkpt lat="33.068234" lon="-117.273866"><ele>115.419</ele><time>2021-02-06T23:16:42Z</time></trkpt><trkpt lat="33.068172" lon="-117.273973"><ele>116.008</ele><time>2021-02-06T23:16:45Z</time></trkpt><trkpt lat="33.068063" lon="-117.274141"><ele>116.887</ele><time>2021-02-06T23:16:50Z</time></trkpt><trkpt lat="33.068018" lon="-117.274209"><ele>117.026</ele><time>2021-02-06T23:16:52Z</time></trkpt><trkpt lat="33.067925" lon="-117.274335"><ele>118.264</ele><time>2021-02-06T23:16:56Z</time></trkpt><trkpt lat="33.067752" lon="-117.274537"><ele>119.471</ele><time>2021-02-06T23:17:02Z</time></trkpt><trkpt lat="33.067723" lon="-117.274571"><ele>119.492</ele><time>2021-02-06T23:17:03Z</time></trkpt><trkpt lat="33.067557" lon="-117.274738"><ele>120.437</ele><time>2021-02-06T23:17:08Z</time></trkpt><trkpt lat="33.067401" lon="-117.274879"><ele>121.456</ele><time>2021-02-06T23:17:12Z</time></trkpt><trkpt lat="33.067140" lon="-117.275134"><ele>122.211</ele><time>2021-02-06T23:17:19Z</time></trkpt><trkpt lat="33.067020" lon="-117.275258"><ele>122.412</ele><time>2021-02-06T23:17:22Z</time></trkpt><trkpt lat="33.066892" lon="-117.275392"><ele>123.032</ele><time>2021-02-06T23:17:25Z</time></trkpt><trkpt lat="33.066758" lon="-117.275527"><ele>123.205</ele><time>2021-02-06T23:17:28Z</time></trkpt><trkpt lat="33.066626" lon="-117.275668"><ele>123.408</ele><time>2021-02-06T23:17:31Z</time></trkpt><trkpt lat="33.066538" lon="-117.275766"><ele>123.417</ele><time>2021-02-06T23:17:33Z</time></trkpt><trkpt lat="33.066285" lon="-117.276094"><ele>123.816</ele><time>2021-02-06T23:17:39Z</time></trkpt><trkpt lat="33.065966" lon="-117.276622"><ele>124.044</ele><time>2021-02-06T23:17:47Z</time></trkpt><trkpt lat="33.065736" lon="-117.277156"><ele>122.831</ele><time>2021-02-06T23:17:54Z</time></trkpt><trkpt lat="33.065707" lon="-117.277239"><ele>122.682</ele><time>2021-02-06T23:17:55Z</time></trkpt><trkpt lat="33.065609" lon="-117.277575"><ele>121.217</ele><time>2021-02-06T23:17:59Z</time></trkpt><trkpt lat="33.065570" lon="-117.277738"><ele>120.836</ele><time>2021-02-06T23:18:01Z</time></trkpt><trkpt lat="33.065483" lon="-117.278252"><ele>120.431</ele><time>2021-02-06T23:18:08Z</time></trkpt><trkpt lat="33.065489" lon="-117.278318"><ele>120.466</ele><time>2021-02-06T23:18:11Z</time></trkpt><trkpt lat="33.065490" lon="-117.278309"><ele>120.429</ele><time>2021-02-06T23:18:12Z</time></trkpt><trkpt lat="33.065479" lon="-117.278324"><ele>122.621</ele><time>2021-02-06T23:19:14Z</time></trkpt><trkpt lat="33.065453" lon="-117.278327"><ele>122.608</ele><time>2021-02-06T23:19:15Z</time></trkpt><trkpt lat="33.065259" lon="-117.278334"><ele>122.672</ele><time>2021-02-06T23:19:20Z</time></trkpt><trkpt lat="33.064954" lon="-117.278375"><ele>122.641</ele><time>2021-02-06T23:19:26Z</time></trkpt><trkpt lat="33.064597" lon="-117.278444"><ele>121.459</ele><time>2021-02-06T23:19:32Z</time></trkpt><trkpt lat="33.064473" lon="-117.278471"><ele>120.866</ele><time>2021-02-06T23:19:34Z</time></trkpt><trkpt lat="33.064277" lon="-117.278532"><ele>120.457</ele><time>2021-02-06T23:19:37Z</time></trkpt><trkpt lat="33.064158" lon="-117.278586"><ele>119.622</ele><time>2021-02-06T23:19:39Z</time></trkpt><trkpt lat="33.064104" lon="-117.278612"><ele>119.231</ele><time>2021-02-06T23:19:40Z</time></trkpt><trkpt lat="33.064054" lon="-117.278641"><ele>119.066</ele><time>2021-02-06T23:19:41Z</time></trkpt><trkpt lat="33.063937" lon="-117.278713"><ele>118.489</ele><time>2021-02-06T23:19:44Z</time></trkpt><trkpt lat="33.063893" lon="-117.278730"><ele>117.806</ele><time>2021-02-06T23:19:45Z</time></trkpt><trkpt lat="33.063798" lon="-117.278693"><ele>117.026</ele><time>2021-02-06T23:19:47Z</time></trkpt><trkpt lat="33.063760" lon="-117.278640"><ele>116.808</ele><time>2021-02-06T23:19:48Z</time></trkpt><trkpt lat="33.063709" lon="-117.278501"><ele>116.684</ele><time>2021-02-06T23:19:50Z</time></trkpt><trkpt lat="33.063591" lon="-117.278080"><ele>115.613</ele><time>2021-02-06T23:19:55Z</time></trkpt><trkpt lat="33.063562" lon="-117.277797"><ele>113.861</ele><time>2021-02-06T23:19:58Z</time></trkpt><trkpt lat="33.063565" lon="-117.277605"><ele>113.228</ele><time>2021-02-06T23:20:00Z</time></trkpt><trkpt lat="33.063584" lon="-117.277417"><ele>112.649</ele><time>2021-02-06T23:20:02Z</time></trkpt><trkpt lat="33.063653" lon="-117.277063"><ele>112.074</ele><time>2021-02-06T23:20:06Z</time></trkpt><trkpt lat="33.063826" lon="-117.276636"><ele>112.033</ele><time>2021-02-06T23:20:12Z</time></trkpt><trkpt lat="33.063892" lon="-117.276526"><ele>112.018</ele><time>2021-02-06T23:20:14Z</time></trkpt><trkpt lat="33.064010" lon="-117.276334"><ele>113.055</ele><time>2021-02-06T23:20:18Z</time></trkpt><trkpt lat="33.064067" lon="-117.276254"><ele>113.607</ele><time>2021-02-06T23:20:20Z</time></trkpt><trkpt lat="33.064139" lon="-117.276129"><ele>114.817</ele><time>2021-02-06T23:20:23Z</time></trkpt><trkpt lat="33.064185" lon="-117.276041"><ele>115.408</ele><time>2021-02-06T23:20:25Z</time></trkpt><trkpt lat="33.064230" lon="-117.275953"><ele>116.261</ele><time>2021-02-06T23:20:27Z</time></trkpt><trkpt lat="33.064296" lon="-117.275819"><ele>117.690</ele><time>2021-02-06T23:20:30Z</time></trkpt><trkpt lat="33.064312" lon="-117.275774"><ele>118.058</ele><time>2021-02-06T23:20:31Z</time></trkpt><trkpt lat="33.064333" lon="-117.275679"><ele>118.685</ele><time>2021-02-06T23:20:33Z</time></trkpt><trkpt lat="33.064364" lon="-117.275537"><ele>119.666</ele><time>2021-02-06T23:20:36Z</time></trkpt><trkpt lat="33.064401" lon="-117.275392"><ele>120.831</ele><time>2021-02-06T23:20:39Z</time></trkpt><trkpt lat="33.064428" lon="-117.275252"><ele>121.810</ele><time>2021-02-06T23:20:42Z</time></trkpt><trkpt lat="33.064442" lon="-117.275115"><ele>122.885</ele><time>2021-02-06T23:20:45Z</time></trkpt><trkpt lat="33.064441" lon="-117.275068"><ele>123.019</ele><time>2021-02-06T23:20:46Z</time></trkpt><trkpt lat="33.064432" lon="-117.274972"><ele>123.809</ele><time>2021-02-06T23:20:48Z</time></trkpt><trkpt lat="33.064407" lon="-117.274875"><ele>124.219</ele><time>2021-02-06T23:20:50Z</time></trkpt><trkpt lat="33.064389" lon="-117.274827"><ele>124.608</ele><time>2021-02-06T23:20:51Z</time></trkpt><trkpt lat="33.064312" lon="-117.274671"><ele>126.017</ele><time>2021-02-06T23:20:54Z</time></trkpt><trkpt lat="33.064282" lon="-117.274624"><ele>126.216</ele><time>2021-02-06T23:20:55Z</time></trkpt><trkpt lat="33.064113" lon="-117.274465"><ele>127.034</ele><time>2021-02-06T23:20:59Z</time></trkpt><trkpt lat="33.064065" lon="-117.274437"><ele>127.081</ele><time>2021-02-06T23:21:00Z</time></trkpt><trkpt lat="33.063853" lon="-117.274355"><ele>127.232</ele><time>2021-02-06T23:21:04Z</time></trkpt><trkpt lat="33.063416" lon="-117.274182"><ele>127.427</ele><time>2021-02-06T23:21:12Z</time></trkpt><trkpt lat="33.063024" lon="-117.274032"><ele>127.826</ele><time>2021-02-06T23:21:19Z</time></trkpt><trkpt lat="33.062962" lon="-117.274009"><ele>128.071</ele><time>2021-02-06T23:21:20Z</time></trkpt><trkpt lat="33.062501" lon="-117.273843"><ele>128.297</ele><time>2021-02-06T23:21:27Z</time></trkpt><trkpt lat="33.062434" lon="-117.273817"><ele>128.423</ele><time>2021-02-06T23:21:28Z</time></trkpt><trkpt lat="33.062118" lon="-117.273628"><ele>128.425</ele><time>2021-02-06T23:21:33Z</time></trkpt><trkpt lat="33.061844" lon="-117.273380"><ele>128.808</ele><time>2021-02-06T23:21:38Z</time></trkpt><trkpt lat="33.061765" lon="-117.273269"><ele>129.285</ele><time>2021-02-06T23:21:40Z</time></trkpt><trkpt lat="33.061674" lon="-117.273128"><ele>129.494</ele><time>2021-02-06T23:21:43Z</time></trkpt><trkpt lat="33.061604" lon="-117.273007"><ele>130.262</ele><time>2021-02-06T23:21:47Z</time></trkpt><trkpt lat="33.061591" lon="-117.272992"><ele>130.439</ele><time>2021-02-06T23:21:48Z</time></trkpt><trkpt lat="33.061566" lon="-117.272975"><ele>131.690</ele><time>2021-02-06T23:21:50Z</time></trkpt><trkpt lat="33.061543" lon="-117.272960"><ele>132.235</ele><time>2021-02-06T23:21:52Z</time></trkpt><trkpt lat="33.061528" lon="-117.272960"><ele>132.684</ele><time>2021-02-06T23:21:53Z</time></trkpt><trkpt lat="33.061515" lon="-117.272968"><ele>133.099</ele><time>2021-02-06T23:21:54Z</time></trkpt><trkpt lat="33.061479" lon="-117.273014"><ele>133.237</ele><time>2021-02-06T23:21:57Z</time></trkpt><trkpt lat="33.061344" lon="-117.273115"><ele>133.249</ele><time>2021-02-06T23:22:05Z</time></trkpt><trkpt lat="33.061158" lon="-117.273234"><ele>132.813</ele><time>2021-02-06T23:22:10Z</time></trkpt><trkpt lat="33.060976" lon="-117.273324"><ele>132.208</ele><time>2021-02-06T23:22:13Z</time></trkpt><trkpt lat="33.060904" lon="-117.273345"><ele>132.029</ele><time>2021-02-06T23:22:14Z</time></trkpt><trkpt lat="33.060751" lon="-117.273373"><ele>131.468</ele><time>2021-02-06T23:22:16Z</time></trkpt><trkpt lat="33.060585" lon="-117.273373"><ele>129.676</ele><time>2021-02-06T23:22:18Z</time></trkpt><trkpt lat="33.060498" lon="-117.273369"><ele>128.833</ele><time>2021-02-06T23:22:19Z</time></trkpt><trkpt lat="33.060409" lon="-117.273366"><ele>128.254</ele><time>2021-02-06T23:22:20Z</time></trkpt><trkpt lat="33.060236" lon="-117.273355"><ele>127.069</ele><time>2021-02-06T23:22:22Z</time></trkpt><trkpt lat="33.060075" lon="-117.273342"><ele>125.698</ele><time>2021-02-06T23:22:24Z</time></trkpt><trkpt lat="33.059838" lon="-117.273317"><ele>124.423</ele><time>2021-02-06T23:22:27Z</time></trkpt><trkpt lat="33.059602" lon="-117.273309"><ele>124.093</ele><time>2021-02-06T23:22:30Z</time></trkpt><trkpt lat="33.059457" lon="-117.273345"><ele>123.665</ele><time>2021-02-06T23:22:32Z</time></trkpt><trkpt lat="33.059245" lon="-117.273395"><ele>123.421</ele><time>2021-02-06T23:22:35Z</time></trkpt><trkpt lat="33.059177" lon="-117.273383"><ele>123.408</ele><time>2021-02-06T23:22:36Z</time></trkpt><trkpt lat="33.059124" lon="-117.273343"><ele>123.475</ele><time>2021-02-06T23:22:37Z</time></trkpt><trkpt lat="33.059068" lon="-117.273144"><ele>123.494</ele><time>2021-02-06T23:22:40Z</time></trkpt><trkpt lat="33.059077" lon="-117.273009"><ele>123.472</ele><time>2021-02-06T23:22:42Z</time></trkpt><trkpt lat="33.059082" lon="-117.272892"><ele>123.459</ele><time>2021-02-06T23:22:44Z</time></trkpt><trkpt lat="33.059083" lon="-117.272838"><ele>123.460</ele><time>2021-02-06T23:22:45Z</time></trkpt><trkpt lat="33.059071" lon="-117.272642"><ele>124.425</ele><time>2021-02-06T23:22:49Z</time></trkpt><trkpt lat="33.059076" lon="-117.272542"><ele>125.024</ele><time>2021-02-06T23:22:51Z</time></trkpt><trkpt lat="33.059078" lon="-117.272493"><ele>125.699</ele><time>2021-02-06T23:22:52Z</time></trkpt><trkpt lat="33.059085" lon="-117.272348"><ele>127.269</ele><time>2021-02-06T23:22:55Z</time></trkpt><trkpt lat="33.059086" lon="-117.272207"><ele>128.404</ele><time>2021-02-06T23:22:58Z</time></trkpt><trkpt lat="33.059079" lon="-117.272117"><ele>129.024</ele><time>2021-02-06T23:23:00Z</time></trkpt><trkpt lat="33.059056" lon="-117.272033"><ele>129.608</ele><time>2021-02-06T23:23:02Z</time></trkpt><trkpt lat="33.059000" lon="-117.271916"><ele>130.632</ele><time>2021-02-06T23:23:05Z</time></trkpt><trkpt lat="33.058975" lon="-117.271882"><ele>130.891</ele><time>2021-02-06T23:23:06Z</time></trkpt><trkpt lat="33.058884" lon="-117.271805"><ele>131.669</ele><time>2021-02-06T23:23:09Z</time></trkpt><trkpt lat="33.058846" lon="-117.271791"><ele>131.866</ele><time>2021-02-06T23:23:10Z</time></trkpt><trkpt lat="33.058675" lon="-117.271814"><ele>132.637</ele><time>2021-02-06T23:23:14Z</time></trkpt><trkpt lat="33.058513" lon="-117.271998"><ele>132.682</ele><time>2021-02-06T23:23:18Z</time></trkpt><trkpt lat="33.058464" lon="-117.272206"><ele>132.221</ele><time>2021-02-06T23:23:21Z</time></trkpt><trkpt lat="33.058455" lon="-117.272283"><ele>132.066</ele><time>2021-02-06T23:23:22Z</time></trkpt><trkpt lat="33.058445" lon="-117.272361"><ele>131.882</ele><time>2021-02-06T23:23:23Z</time></trkpt><trkpt lat="33.058423" lon="-117.272522"><ele>131.043</ele><time>2021-02-06T23:23:25Z</time></trkpt><trkpt lat="33.058400" lon="-117.272699"><ele>129.817</ele><time>2021-02-06T23:23:27Z</time></trkpt><trkpt lat="33.058378" lon="-117.272888"><ele>128.408</ele><time>2021-02-06T23:23:29Z</time></trkpt><trkpt lat="33.058365" lon="-117.273164"><ele>127.024</ele><time>2021-02-06T23:23:32Z</time></trkpt><trkpt lat="33.058373" lon="-117.273252"><ele>126.633</ele><time>2021-02-06T23:23:33Z</time></trkpt><trkpt lat="33.058398" lon="-117.273433"><ele>125.861</ele><time>2021-02-06T23:23:35Z</time></trkpt><trkpt lat="33.058407" lon="-117.273505"><ele>125.438</ele><time>2021-02-06T23:23:36Z</time></trkpt><trkpt lat="33.058398" lon="-117.273575"><ele>124.859</ele><time>2021-02-06T23:23:37Z</time></trkpt><trkpt lat="33.058319" lon="-117.273688"><ele>123.224</ele><time>2021-02-06T23:23:39Z</time></trkpt><trkpt lat="33.058138" lon="-117.273791"><ele>122.453</ele><time>2021-02-06T23:23:42Z</time></trkpt><trkpt lat="33.058076" lon="-117.273823"><ele>122.428</ele><time>2021-02-06T23:23:43Z</time></trkpt><trkpt lat="33.057822" lon="-117.273936"><ele>122.278</ele><time>2021-02-06T23:23:47Z</time></trkpt><trkpt lat="33.057710" lon="-117.274006"><ele>122.233</ele><time>2021-02-06T23:23:49Z</time></trkpt><trkpt lat="33.057602" lon="-117.274099"><ele>122.226</ele><time>2021-02-06T23:23:51Z</time></trkpt><trkpt lat="33.057441" lon="-117.274237"><ele>122.208</ele><time>2021-02-06T23:23:54Z</time></trkpt><trkpt lat="33.057317" lon="-117.274312"><ele>122.293</ele><time>2021-02-06T23:23:56Z</time></trkpt><trkpt lat="33.057177" lon="-117.274360"><ele>122.042</ele><time>2021-02-06T23:23:58Z</time></trkpt><trkpt lat="33.056851" lon="-117.274385"><ele>121.410</ele><time>2021-02-06T23:24:03Z</time></trkpt><trkpt lat="33.056797" lon="-117.274386"><ele>121.257</ele><time>2021-02-06T23:24:04Z</time></trkpt><trkpt lat="33.056512" lon="-117.274370"><ele>120.868</ele><time>2021-02-06T23:24:09Z</time></trkpt><trkpt lat="33.056083" lon="-117.274317"><ele>120.693</ele><time>2021-02-06T23:24:16Z</time></trkpt><trkpt lat="33.055839" lon="-117.274267"><ele>120.612</ele><time>2021-02-06T23:24:20Z</time></trkpt><trkpt lat="33.055790" lon="-117.274275"><ele>120.617</ele><time>2021-02-06T23:24:21Z</time></trkpt><trkpt lat="33.055698" lon="-117.274404"><ele>120.627</ele><time>2021-02-06T23:24:24Z</time></trkpt><trkpt lat="33.055664" lon="-117.274528"><ele>120.468</ele><time>2021-02-06T23:24:26Z</time></trkpt><trkpt lat="33.055643" lon="-117.274591"><ele>120.414</ele><time>2021-02-06T23:24:27Z</time></trkpt><trkpt lat="33.055601" lon="-117.274710"><ele>120.208</ele><time>2021-02-06T23:24:29Z</time></trkpt><trkpt lat="33.055582" lon="-117.274770"><ele>120.218</ele><time>2021-02-06T23:24:30Z</time></trkpt><trkpt lat="33.055546" lon="-117.274902"><ele>119.887</ele><time>2021-02-06T23:24:32Z</time></trkpt><trkpt lat="33.055501" lon="-117.275034"><ele>119.665</ele><time>2021-02-06T23:24:34Z</time></trkpt><trkpt lat="33.055448" lon="-117.275162"><ele>119.232</ele><time>2021-02-06T23:24:36Z</time></trkpt><trkpt lat="33.055321" lon="-117.275507"><ele>118.473</ele><time>2021-02-06T23:24:41Z</time></trkpt><trkpt lat="33.055294" lon="-117.275580"><ele>118.028</ele><time>2021-02-06T23:24:42Z</time></trkpt><trkpt lat="33.055162" lon="-117.275897"><ele>116.437</ele><time>2021-02-06T23:24:46Z</time></trkpt><trkpt lat="33.055123" lon="-117.275983"><ele>116.052</ele><time>2021-02-06T23:24:47Z</time></trkpt><trkpt lat="33.055079" lon="-117.276070"><ele>115.445</ele><time>2021-02-06T23:24:48Z</time></trkpt><trkpt lat="33.054984" lon="-117.276241"><ele>114.447</ele><time>2021-02-06T23:24:50Z</time></trkpt><trkpt lat="33.054848" lon="-117.276511"><ele>113.411</ele><time>2021-02-06T23:24:53Z</time></trkpt><trkpt lat="33.054815" lon="-117.276609"><ele>112.808</ele><time>2021-02-06T23:24:54Z</time></trkpt><trkpt lat="33.054784" lon="-117.276821"><ele>111.070</ele><time>2021-02-06T23:24:56Z</time></trkpt><trkpt lat="33.054808" lon="-117.277055"><ele>109.659</ele><time>2021-02-06T23:24:58Z</time></trkpt><trkpt lat="33.054840" lon="-117.277172"><ele>109.277</ele><time>2021-02-06T23:24:59Z</time></trkpt><trkpt lat="33.054882" lon="-117.277288"><ele>108.694</ele><time>2021-02-06T23:25:00Z</time></trkpt><trkpt lat="33.055000" lon="-117.277508"><ele>107.275</ele><time>2021-02-06T23:25:02Z</time></trkpt><trkpt lat="33.055067" lon="-117.277618"><ele>106.620</ele><time>2021-02-06T23:25:03Z</time></trkpt><trkpt lat="33.055130" lon="-117.277730"><ele>105.659</ele><time>2021-02-06T23:25:04Z</time></trkpt><trkpt lat="33.055186" lon="-117.277847"><ele>104.894</ele><time>2021-02-06T23:25:05Z</time></trkpt><trkpt lat="33.055231" lon="-117.277968"><ele>103.822</ele><time>2021-02-06T23:25:06Z</time></trkpt><trkpt lat="33.055264" lon="-117.278092"><ele>101.462</ele><time>2021-02-06T23:25:07Z</time></trkpt><trkpt lat="33.055283" lon="-117.278217"><ele>100.008</ele><time>2021-02-06T23:25:08Z</time></trkpt><trkpt lat="33.055292" lon="-117.278339"><ele>98.608</ele><time>2021-02-06T23:25:09Z</time></trkpt><trkpt lat="33.055299" lon="-117.278453"><ele>97.038</ele><time>2021-02-06T23:25:10Z</time></trkpt><trkpt lat="33.055304" lon="-117.278560"><ele>95.657</ele><time>2021-02-06T23:25:11Z</time></trkpt><trkpt lat="33.055306" lon="-117.278657"><ele>94.275</ele><time>2021-02-06T23:25:12Z</time></trkpt><trkpt lat="33.055307" lon="-117.278742"><ele>93.032</ele><time>2021-02-06T23:25:13Z</time></trkpt><trkpt lat="33.055305" lon="-117.278874"><ele>92.023</ele><time>2021-02-06T23:25:16Z</time></trkpt><trkpt lat="33.055298" lon="-117.278906"><ele>92.028</ele><time>2021-02-06T23:25:20Z</time></trkpt><trkpt lat="33.055283" lon="-117.278986"><ele>93.077</ele><time>2021-02-06T23:25:36Z</time></trkpt><trkpt lat="33.055200" lon="-117.279037"><ele>92.812</ele><time>2021-02-06T23:25:39Z</time></trkpt><trkpt lat="33.055057" lon="-117.279051"><ele>92.831</ele><time>2021-02-06T23:25:42Z</time></trkpt><trkpt lat="33.055001" lon="-117.279052"><ele>92.661</ele><time>2021-02-06T23:25:43Z</time></trkpt><trkpt lat="33.054666" lon="-117.279057"><ele>92.607</ele><time>2021-02-06T23:25:48Z</time></trkpt><trkpt lat="33.054193" lon="-117.279077"><ele>92.008</ele><time>2021-02-06T23:25:54Z</time></trkpt><trkpt lat="33.053617" lon="-117.279103"><ele>90.899</ele><time>2021-02-06T23:26:01Z</time></trkpt><trkpt lat="33.053533" lon="-117.279110"><ele>90.888</ele><time>2021-02-06T23:26:02Z</time></trkpt><trkpt lat="33.052941" lon="-117.279131"><ele>90.246</ele><time>2021-02-06T23:26:09Z</time></trkpt><trkpt lat="33.052359" lon="-117.279137"><ele>90.283</ele><time>2021-02-06T23:26:16Z</time></trkpt><trkpt lat="33.051811" lon="-117.279166"><ele>90.084</ele><time>2021-02-06T23:26:22Z</time></trkpt><trkpt lat="33.051430" lon="-117.279183"><ele>89.869</ele><time>2021-02-06T23:26:26Z</time></trkpt><trkpt lat="33.051160" lon="-117.279208"><ele>88.638</ele><time>2021-02-06T23:26:29Z</time></trkpt><trkpt lat="33.051073" lon="-117.279212"><ele>88.083</ele><time>2021-02-06T23:26:30Z</time></trkpt><trkpt lat="33.050988" lon="-117.279218"><ele>87.028</ele><time>2021-02-06T23:26:31Z</time></trkpt><trkpt lat="33.050528" lon="-117.279265"><ele>86.089</ele><time>2021-02-06T23:26:36Z</time></trkpt><trkpt lat="33.050431" lon="-117.279273"><ele>85.817</ele><time>2021-02-06T23:26:37Z</time></trkpt><trkpt lat="33.050029" lon="-117.279290"><ele>84.808</ele><time>2021-02-06T23:26:41Z</time></trkpt><trkpt lat="33.049720" lon="-117.279294"><ele>83.458</ele><time>2021-02-06T23:26:44Z</time></trkpt><trkpt lat="33.049617" lon="-117.279299"><ele>82.847</ele><time>2021-02-06T23:26:45Z</time></trkpt><trkpt lat="33.049512" lon="-117.279314"><ele>82.295</ele><time>2021-02-06T23:26:46Z</time></trkpt><trkpt lat="33.049210" lon="-117.279421"><ele>81.252</ele><time>2021-02-06T23:26:49Z</time></trkpt><trkpt lat="33.049113" lon="-117.279472"><ele>80.423</ele><time>2021-02-06T23:26:50Z</time></trkpt><trkpt lat="33.049015" lon="-117.279525"><ele>79.828</ele><time>2021-02-06T23:26:51Z</time></trkpt><trkpt lat="33.048824" lon="-117.279632"><ele>78.647</ele><time>2021-02-06T23:26:53Z</time></trkpt><trkpt lat="33.048630" lon="-117.279735"><ele>76.842</ele><time>2021-02-06T23:26:55Z</time></trkpt><trkpt lat="33.048529" lon="-117.279779"><ele>76.269</ele><time>2021-02-06T23:26:56Z</time></trkpt><trkpt lat="33.048321" lon="-117.279837"><ele>75.404</ele><time>2021-02-06T23:26:58Z</time></trkpt><trkpt lat="33.048114" lon="-117.279851"><ele>73.624</ele><time>2021-02-06T23:27:00Z</time></trkpt><trkpt lat="33.047924" lon="-117.279814"><ele>72.008</ele><time>2021-02-06T23:27:02Z</time></trkpt><trkpt lat="33.047839" lon="-117.279782"><ele>71.442</ele><time>2021-02-06T23:27:03Z</time></trkpt><trkpt lat="33.047762" lon="-117.279744"><ele>71.061</ele><time>2021-02-06T23:27:04Z</time></trkpt><trkpt lat="33.047595" lon="-117.279627"><ele>70.229</ele><time>2021-02-06T23:27:07Z</time></trkpt><trkpt lat="33.047549" lon="-117.279588"><ele>70.256</ele><time>2021-02-06T23:27:10Z</time></trkpt><trkpt lat="33.047555" lon="-117.279582"><ele>70.247</ele><time>2021-02-06T23:27:12Z</time></trkpt><trkpt lat="33.047525" lon="-117.279526"><ele>71.822</ele><time>2021-02-06T23:28:19Z</time></trkpt><trkpt lat="33.047504" lon="-117.279506"><ele>71.841</ele><time>2021-02-06T23:28:20Z</time></trkpt><trkpt lat="33.047423" lon="-117.279368"><ele>71.836</ele><time>2021-02-06T23:28:24Z</time></trkpt><trkpt lat="33.047407" lon="-117.279317"><ele>72.049</ele><time>2021-02-06T23:28:25Z</time></trkpt><trkpt lat="33.047395" lon="-117.279263"><ele>72.002</ele><time>2021-02-06T23:28:26Z</time></trkpt><trkpt lat="33.047336" lon="-117.279139"><ele>72.022</ele><time>2021-02-06T23:28:29Z</time></trkpt><trkpt lat="33.047209" lon="-117.279033"><ele>72.208</ele><time>2021-02-06T23:28:33Z</time></trkpt><trkpt lat="33.047174" lon="-117.278999"><ele>72.250</ele><time>2021-02-06T23:28:34Z</time></trkpt><trkpt lat="33.047136" lon="-117.278969"><ele>72.429</ele><time>2021-02-06T23:28:35Z</time></trkpt><trkpt lat="33.046932" lon="-117.278841"><ele>72.677</ele><time>2021-02-06T23:28:40Z</time></trkpt><trkpt lat="33.046757" lon="-117.278762"><ele>73.084</ele><time>2021-02-06T23:28:44Z</time></trkpt><trkpt lat="33.046668" lon="-117.278751"><ele>73.665</ele><time>2021-02-06T23:28:46Z</time></trkpt><trkpt lat="33.046623" lon="-117.278750"><ele>74.070</ele><time>2021-02-06T23:28:47Z</time></trkpt><trkpt lat="33.046440" lon="-117.278688"><ele>75.059</ele><time>2021-02-06T23:28:51Z</time></trkpt><trkpt lat="33.046349" lon="-117.278645"><ele>75.434</ele><time>2021-02-06T23:28:53Z</time></trkpt><trkpt lat="33.046164" lon="-117.278575"><ele>76.274</ele><time>2021-02-06T23:28:57Z</time></trkpt><trkpt lat="33.045980" lon="-117.278540"><ele>76.856</ele><time>2021-02-06T23:29:01Z</time></trkpt><trkpt lat="33.045893" lon="-117.278531"><ele>77.021</ele><time>2021-02-06T23:29:03Z</time></trkpt><trkpt lat="33.045819" lon="-117.278551"><ele>77.408</ele><time>2021-02-06T23:29:05Z</time></trkpt><trkpt lat="33.045786" lon="-117.278570"><ele>77.613</ele><time>2021-02-06T23:29:06Z</time></trkpt><trkpt lat="33.045664" lon="-117.278753"><ele>78.242</ele><time>2021-02-06T23:29:11Z</time></trkpt><trkpt lat="33.045645" lon="-117.278803"><ele>78.420</ele><time>2021-02-06T23:29:12Z</time></trkpt><trkpt lat="33.045626" lon="-117.278857"><ele>78.487</ele><time>2021-02-06T23:29:13Z</time></trkpt><trkpt lat="33.045536" lon="-117.279075"><ele>78.638</ele><time>2021-02-06T23:29:17Z</time></trkpt><trkpt lat="33.045507" lon="-117.279118"><ele>78.623</ele><time>2021-02-06T23:29:18Z</time></trkpt><trkpt lat="33.045416" lon="-117.279209"><ele>78.842</ele><time>2021-02-06T23:29:21Z</time></trkpt><trkpt lat="33.045383" lon="-117.279252"><ele>79.467</ele><time>2021-02-06T23:29:25Z</time></trkpt><trkpt lat="33.045381" lon="-117.279265"><ele>80.278</ele><time>2021-02-06T23:29:28Z</time></trkpt><trkpt lat="33.045397" lon="-117.279338"><ele>81.233</ele><time>2021-02-06T23:29:37Z</time></trkpt><trkpt lat="33.045379" lon="-117.279361"><ele>81.226</ele><time>2021-02-06T23:29:38Z</time></trkpt><trkpt lat="33.045248" lon="-117.279437"><ele>81.408</ele><time>2021-02-06T23:29:42Z</time></trkpt><trkpt lat="33.045057" lon="-117.279496"><ele>81.483</ele><time>2021-02-06T23:29:46Z</time></trkpt><trkpt lat="33.045002" lon="-117.279500"><ele>81.482</ele><time>2021-02-06T23:29:47Z</time></trkpt><trkpt lat="33.044651" lon="-117.279468"><ele>81.890</ele><time>2021-02-06T23:29:53Z</time></trkpt><trkpt lat="33.044359" lon="-117.279436"><ele>82.487</ele><time>2021-02-06T23:29:58Z</time></trkpt><trkpt lat="33.044299" lon="-117.279443"><ele>82.818</ele><time>2021-02-06T23:29:59Z</time></trkpt><trkpt lat="33.044115" lon="-117.279471"><ele>83.843</ele><time>2021-02-06T23:30:02Z</time></trkpt><trkpt lat="33.043948" lon="-117.279534"><ele>84.462</ele><time>2021-02-06T23:30:05Z</time></trkpt><trkpt lat="33.043849" lon="-117.279590"><ele>85.047</ele><time>2021-02-06T23:30:07Z</time></trkpt><trkpt lat="33.043712" lon="-117.279671"><ele>86.241</ele><time>2021-02-06T23:30:10Z</time></trkpt><trkpt lat="33.043676" lon="-117.279693"><ele>86.481</ele><time>2021-02-06T23:30:11Z</time></trkpt><trkpt lat="33.043608" lon="-117.279726"><ele>87.409</ele><time>2021-02-06T23:30:14Z</time></trkpt><trkpt lat="33.043591" lon="-117.279729"><ele>87.608</ele><time>2021-02-06T23:30:15Z</time></trkpt><trkpt lat="33.043525" lon="-117.279741"><ele>88.810</ele><time>2021-02-06T23:30:18Z</time></trkpt><trkpt lat="33.043497" lon="-117.279730"><ele>89.419</ele><time>2021-02-06T23:30:19Z</time></trkpt><trkpt lat="33.043472" lon="-117.279704"><ele>90.077</ele><time>2021-02-06T23:30:20Z</time></trkpt><trkpt lat="33.043444" lon="-117.279586"><ele>91.084</ele><time>2021-02-06T23:30:23Z</time></trkpt><trkpt lat="33.043444" lon="-117.279472"><ele>91.255</ele><time>2021-02-06T23:30:25Z</time></trkpt><trkpt lat="33.043440" lon="-117.279211"><ele>91.820</ele><time>2021-02-06T23:30:29Z</time></trkpt><trkpt lat="33.043436" lon="-117.279083"><ele>92.029</ele><time>2021-02-06T23:30:31Z</time></trkpt><trkpt lat="33.043422" lon="-117.278704"><ele>93.294</ele><time>2021-02-06T23:30:37Z</time></trkpt><trkpt lat="33.043412" lon="-117.278583"><ele>93.626</ele><time>2021-02-06T23:30:39Z</time></trkpt><trkpt lat="33.043397" lon="-117.278413"><ele>94.447</ele><time>2021-02-06T23:30:42Z</time></trkpt><trkpt lat="33.043392" lon="-117.278231"><ele>95.811</ele><time>2021-02-06T23:30:45Z</time></trkpt><trkpt lat="33.043398" lon="-117.278044"><ele>96.808</ele><time>2021-02-06T23:30:48Z</time></trkpt><trkpt lat="33.043399" lon="-117.277983"><ele>97.298</ele><time>2021-02-06T23:30:49Z</time></trkpt><trkpt lat="33.043392" lon="-117.277739"><ele>98.627</ele><time>2021-02-06T23:30:53Z</time></trkpt><trkpt lat="33.043397" lon="-117.277499"><ele>99.655</ele><time>2021-02-06T23:30:57Z</time></trkpt><trkpt lat="33.043399" lon="-117.277298"><ele>101.052</ele><time>2021-02-06T23:31:01Z</time></trkpt><trkpt lat="33.043401" lon="-117.277220"><ele>101.883</ele><time>2021-02-06T23:31:03Z</time></trkpt><trkpt lat="33.043393" lon="-117.277187"><ele>102.268</ele><time>2021-02-06T23:31:04Z</time></trkpt><trkpt lat="33.043376" lon="-117.277157"><ele>102.617</ele><time>2021-02-06T23:31:05Z</time></trkpt><trkpt lat="33.043348" lon="-117.277133"><ele>103.292</ele><time>2021-02-06T23:31:06Z</time></trkpt><trkpt lat="33.043310" lon="-117.277118"><ele>103.642</ele><time>2021-02-06T23:31:07Z</time></trkpt><trkpt lat="33.043264" lon="-117.277112"><ele>104.422</ele><time>2021-02-06T23:31:08Z</time></trkpt><trkpt lat="33.043161" lon="-117.277115"><ele>105.214</ele><time>2021-02-06T23:31:10Z</time></trkpt><trkpt lat="33.043105" lon="-117.277120"><ele>105.408</ele><time>2021-02-06T23:31:11Z</time></trkpt><trkpt lat="33.042989" lon="-117.277137"><ele>105.610</ele><time>2021-02-06T23:31:13Z</time></trkpt><trkpt lat="33.042744" lon="-117.277153"><ele>105.619</ele><time>2021-02-06T23:31:17Z</time></trkpt><trkpt lat="33.042205" lon="-117.277185"><ele>105.447</ele><time>2021-02-06T23:31:25Z</time></trkpt><trkpt lat="33.041610" lon="-117.277200"><ele>104.864</ele><time>2021-02-06T23:31:33Z</time></trkpt><trkpt lat="33.041457" lon="-117.277201"><ele>104.875</ele><time>2021-02-06T23:31:35Z</time></trkpt><trkpt lat="33.041085" lon="-117.277225"><ele>104.440</ele><time>2021-02-06T23:31:40Z</time></trkpt><trkpt lat="33.040865" lon="-117.277230"><ele>104.229</ele><time>2021-02-06T23:31:43Z</time></trkpt><trkpt lat="33.040291" lon="-117.277231"><ele>103.854</ele><time>2021-02-06T23:31:51Z</time></trkpt><trkpt lat="33.040007" lon="-117.277243"><ele>103.698</ele><time>2021-02-06T23:31:56Z</time></trkpt><trkpt lat="33.039901" lon="-117.277200"><ele>103.815</ele><time>2021-02-06T23:32:00Z</time></trkpt><trkpt lat="33.039921" lon="-117.277189"><ele>103.826</ele><time>2021-02-06T23:32:01Z</time></trkpt><trkpt lat="33.039978" lon="-117.277192"><ele>103.808</ele><time>2021-02-06T23:32:03Z</time></trkpt><trkpt lat="33.040150" lon="-117.277184"><ele>103.495</ele><time>2021-02-06T23:32:07Z</time></trkpt><trkpt lat="33.040195" lon="-117.277182"><ele>103.414</ele><time>2021-02-06T23:32:08Z</time></trkpt><trkpt lat="33.040537" lon="-117.277168"><ele>102.612</ele><time>2021-02-06T23:32:14Z</time></trkpt><trkpt lat="33.041128" lon="-117.277157"><ele>102.839</ele><time>2021-02-06T23:32:23Z</time></trkpt><trkpt lat="33.041671" lon="-117.277124"><ele>103.240</ele><time>2021-02-06T23:32:31Z</time></trkpt><trkpt lat="33.041739" lon="-117.277123"><ele>103.225</ele><time>2021-02-06T23:32:32Z</time></trkpt><trkpt lat="33.042193" lon="-117.277103"><ele>103.424</ele><time>2021-02-06T23:32:39Z</time></trkpt><trkpt lat="33.042615" lon="-117.277068"><ele>103.889</ele><time>2021-02-06T23:32:46Z</time></trkpt><trkpt lat="33.042774" lon="-117.277049"><ele>104.685</ele><time>2021-02-06T23:32:50Z</time></trkpt><trkpt lat="33.042801" lon="-117.276987"><ele>105.289</ele><time>2021-02-06T23:32:54Z</time></trkpt><trkpt lat="33.042826" lon="-117.276963"><ele>105.617</ele><time>2021-02-06T23:32:56Z</time></trkpt><trkpt lat="33.042854" lon="-117.276946"><ele>106.408</ele><time>2021-02-06T23:32:59Z</time></trkpt><trkpt lat="33.042862" lon="-117.276943"><ele>106.674</ele><time>2021-02-06T23:33:00Z</time></trkpt><trkpt lat="33.042867" lon="-117.276939"><ele>106.833</ele><time>2021-02-06T23:33:01Z</time></trkpt></trkseg></trk></gpx>