<?xml version="1.0" encoding="UTF-8"?><gpx creator="Wikiloc - https://www.wikiloc.com" version="1.1" xmlns="http://www.topografix.com/GPX/1/1" xmlns:xsi="http://www.w3.org/2001/XMLSchema-instance" xsi:schemaLocation="http://www.topografix.com/GPX/1/1 http://www.topografix.com/GPX/1/1/gpx.xsd"><metadata><name>Wikiloc - Tour de Friends</name><author><name>michael.unton</name><link href="https://www.wikiloc.com/wikiloc/user.do?id=4214508"><text>michael.unton on Wikiloc</text></link></author><link href="https://www.wikiloc.com/cycling-trails/tour-de-friends-57996806"><text>Tour de Friends on Wikiloc</text></link><time>2020-10-05T01:01:11Z</time></metadata><trk><name>Tour de Friends - Wikiloc</name><cmt></cmt><desc></desc><trkseg><trkpt lat="34.038452" lon="-118.236021"><ele>76.983</ele><time>2020-10-04T19:34:21Z</time></trkpt><trkpt lat="34.038415" lon="-118.235990"><ele>76.725</ele><time>2020-10-04T19:34:29Z</time></trkpt><trkpt lat="34.038382" lon="-118.235946"><ele>76.417</ele><time>2020-10-04T19:37:59Z</time></trkpt><trkpt lat="34.038334" lon="-118.235942"><ele>74.508</ele><time>2020-10-04T19:38:07Z</time></trkpt><trkpt lat="34.038285" lon="-118.235923"><ele>71.683</ele><time>2020-10-04T19:38:22Z</time></trkpt><trkpt lat="34.038235" lon="-118.235912"><ele>72.155</ele><time>2020-10-04T19:38:27Z</time></trkpt><trkpt lat="34.038177" lon="-118.235881"><ele>72.017</ele><time>2020-10-04T19:38:30Z</time></trkpt><trkpt lat="34.038143" lon="-118.235803"><ele>72.017</ele><time>2020-10-04T19:38:32Z</time></trkpt><trkpt lat="34.038134" lon="-118.235740"><ele>72.044</ele><time>2020-10-04T19:38:33Z</time></trkpt><trkpt lat="34.038149" lon="-118.235633"><ele>72.036</ele><time>2020-10-04T19:38:34Z</time></trkpt><trkpt lat="34.038146" lon="-118.235568"><ele>72.038</ele><time>2020-10-04T19:38:35Z</time></trkpt><trkpt lat="34.038148" lon="-118.235507"><ele>72.034</ele><time>2020-10-04T19:38:36Z</time></trkpt><trkpt lat="34.038153" lon="-118.235447"><ele>71.927</ele><time>2020-10-04T19:38:37Z</time></trkpt><trkpt lat="34.038163" lon="-118.235389"><ele>71.968</ele><time>2020-10-04T19:38:38Z</time></trkpt><trkpt lat="34.038167" lon="-118.235330"><ele>71.914</ele><time>2020-10-04T19:38:39Z</time></trkpt><trkpt lat="34.038164" lon="-118.235269"><ele>71.908</ele><time>2020-10-04T19:38:40Z</time></trkpt><trkpt lat="34.038162" lon="-118.235205"><ele>71.997</ele><time>2020-10-04T19:38:41Z</time></trkpt><trkpt lat="34.038171" lon="-118.235142"><ele>71.939</ele><time>2020-10-04T19:38:42Z</time></trkpt><trkpt lat="34.038171" lon="-118.235074"><ele>71.931</ele><time>2020-10-04T19:38:43Z</time></trkpt><trkpt lat="34.038178" lon="-118.235006"><ele>71.971</ele><time>2020-10-04T19:38:44Z</time></trkpt><trkpt lat="34.038184" lon="-118.234940"><ele>71.968</ele><time>2020-10-04T19:38:45Z</time></trkpt><trkpt lat="34.038183" lon="-118.234875"><ele>72.040</ele><time>2020-10-04T19:38:46Z</time></trkpt><trkpt lat="34.038185" lon="-118.234808"><ele>72.082</ele><time>2020-10-04T19:38:47Z</time></trkpt><trkpt lat="34.038189" lon="-118.234737"><ele>72.068</ele><time>2020-10-04T19:38:48Z</time></trkpt><trkpt lat="34.038199" lon="-118.234668"><ele>72.038</ele><time>2020-10-04T19:38:49Z</time></trkpt><trkpt lat="34.038205" lon="-118.234596"><ele>72.070</ele><time>2020-10-04T19:38:50Z</time></trkpt><trkpt lat="34.038209" lon="-118.234518"><ele>72.017</ele><time>2020-10-04T19:38:51Z</time></trkpt><trkpt lat="34.038213" lon="-118.234448"><ele>72.208</ele><time>2020-10-04T19:38:52Z</time></trkpt><trkpt lat="34.038214" lon="-118.234382"><ele>72.388</ele><time>2020-10-04T19:38:53Z</time></trkpt><trkpt lat="34.038221" lon="-118.234310"><ele>72.310</ele><time>2020-10-04T19:38:54Z</time></trkpt><trkpt lat="34.038222" lon="-118.234233"><ele>72.382</ele><time>2020-10-04T19:38:55Z</time></trkpt><trkpt lat="34.038224" lon="-118.234156"><ele>72.232</ele><time>2020-10-04T19:38:56Z</time></trkpt><trkpt lat="34.038226" lon="-118.234083"><ele>72.219</ele><time>2020-10-04T19:38:57Z</time></trkpt><trkpt lat="34.038228" lon="-118.234007"><ele>72.221</ele><time>2020-10-04T19:38:58Z</time></trkpt><trkpt lat="34.038232" lon="-118.233932"><ele>72.383</ele><time>2020-10-04T19:38:59Z</time></trkpt><trkpt lat="34.038234" lon="-118.233857"><ele>72.429</ele><time>2020-10-04T19:39:00Z</time></trkpt><trkpt lat="34.038238" lon="-118.233783"><ele>72.544</ele><time>2020-10-04T19:39:01Z</time></trkpt><trkpt lat="34.038234" lon="-118.233712"><ele>72.605</ele><time>2020-10-04T19:39:02Z</time></trkpt><trkpt lat="34.038227" lon="-118.233647"><ele>72.715</ele><time>2020-10-04T19:39:03Z</time></trkpt><trkpt lat="34.038222" lon="-118.233580"><ele>72.708</ele><time>2020-10-04T19:39:04Z</time></trkpt><trkpt lat="34.038218" lon="-118.233516"><ele>72.789</ele><time>2020-10-04T19:39:05Z</time></trkpt><trkpt lat="34.038214" lon="-118.233452"><ele>72.751</ele><time>2020-10-04T19:39:06Z</time></trkpt><trkpt lat="34.038213" lon="-118.233390"><ele>72.753</ele><time>2020-10-04T19:39:07Z</time></trkpt><trkpt lat="34.038213" lon="-118.233279"><ele>72.963</ele><time>2020-10-04T19:39:09Z</time></trkpt><trkpt lat="34.038223" lon="-118.233214"><ele>73.060</ele><time>2020-10-04T19:39:10Z</time></trkpt><trkpt lat="34.038220" lon="-118.233122"><ele>73.072</ele><time>2020-10-04T19:39:12Z</time></trkpt><trkpt lat="34.038221" lon="-118.233065"><ele>72.964</ele><time>2020-10-04T19:39:13Z</time></trkpt><trkpt lat="34.038229" lon="-118.232978"><ele>72.830</ele><time>2020-10-04T19:39:15Z</time></trkpt><trkpt lat="34.038225" lon="-118.232899"><ele>72.839</ele><time>2020-10-04T19:39:17Z</time></trkpt><trkpt lat="34.038224" lon="-118.232839"><ele>72.801</ele><time>2020-10-04T19:39:19Z</time></trkpt><trkpt lat="34.038232" lon="-118.232771"><ele>72.721</ele><time>2020-10-04T19:39:22Z</time></trkpt><trkpt lat="34.038270" lon="-118.232701"><ele>72.708</ele><time>2020-10-04T19:39:24Z</time></trkpt><trkpt lat="34.038372" lon="-118.232710"><ele>72.998</ele><time>2020-10-04T19:39:26Z</time></trkpt><trkpt lat="34.038424" lon="-118.232724"><ele>73.010</ele><time>2020-10-04T19:39:27Z</time></trkpt><trkpt lat="34.038483" lon="-118.232735"><ele>73.162</ele><time>2020-10-04T19:39:28Z</time></trkpt><trkpt lat="34.038535" lon="-118.232741"><ele>73.262</ele><time>2020-10-04T19:39:29Z</time></trkpt><trkpt lat="34.038589" lon="-118.232744"><ele>73.299</ele><time>2020-10-04T19:39:30Z</time></trkpt><trkpt lat="34.038642" lon="-118.232752"><ele>73.271</ele><time>2020-10-04T19:39:31Z</time></trkpt><trkpt lat="34.038695" lon="-118.232762"><ele>73.273</ele><time>2020-10-04T19:39:32Z</time></trkpt><trkpt lat="34.038752" lon="-118.232777"><ele>73.259</ele><time>2020-10-04T19:39:33Z</time></trkpt><trkpt lat="34.038814" lon="-118.232781"><ele>73.268</ele><time>2020-10-04T19:39:34Z</time></trkpt><trkpt lat="34.038882" lon="-118.232786"><ele>73.242</ele><time>2020-10-04T19:39:35Z</time></trkpt><trkpt lat="34.038945" lon="-118.232791"><ele>73.226</ele><time>2020-10-04T19:39:36Z</time></trkpt><trkpt lat="34.039014" lon="-118.232792"><ele>73.308</ele><time>2020-10-04T19:39:37Z</time></trkpt><trkpt lat="34.039066" lon="-118.232785"><ele>73.411</ele><time>2020-10-04T19:39:38Z</time></trkpt><trkpt lat="34.039122" lon="-118.232792"><ele>73.423</ele><time>2020-10-04T19:39:39Z</time></trkpt><trkpt lat="34.039192" lon="-118.232802"><ele>73.465</ele><time>2020-10-04T19:39:40Z</time></trkpt><trkpt lat="34.039263" lon="-118.232813"><ele>73.495</ele><time>2020-10-04T19:39:41Z</time></trkpt><trkpt lat="34.039332" lon="-118.232823"><ele>73.422</ele><time>2020-10-04T19:39:42Z</time></trkpt><trkpt lat="34.039404" lon="-118.232832"><ele>73.414</ele><time>2020-10-04T19:39:43Z</time></trkpt><trkpt lat="34.039460" lon="-118.232828"><ele>73.476</ele><time>2020-10-04T19:39:44Z</time></trkpt><trkpt lat="34.039525" lon="-118.232840"><ele>73.582</ele><time>2020-10-04T19:39:45Z</time></trkpt><trkpt lat="34.039594" lon="-118.232847"><ele>73.593</ele><time>2020-10-04T19:39:46Z</time></trkpt><trkpt lat="34.039655" lon="-118.232851"><ele>73.665</ele><time>2020-10-04T19:39:47Z</time></trkpt><trkpt lat="34.039727" lon="-118.232862"><ele>73.721</ele><time>2020-10-04T19:39:48Z</time></trkpt><trkpt lat="34.039798" lon="-118.232873"><ele>73.808</ele><time>2020-10-04T19:39:49Z</time></trkpt><trkpt lat="34.039865" lon="-118.232879"><ele>73.854</ele><time>2020-10-04T19:39:50Z</time></trkpt><trkpt lat="34.039934" lon="-118.232890"><ele>73.956</ele><time>2020-10-04T19:39:51Z</time></trkpt><trkpt lat="34.040000" lon="-118.232903"><ele>73.978</ele><time>2020-10-04T19:39:52Z</time></trkpt><trkpt lat="34.040071" lon="-118.232912"><ele>73.998</ele><time>2020-10-04T19:39:53Z</time></trkpt><trkpt lat="34.040151" lon="-118.232924"><ele>73.925</ele><time>2020-10-04T19:39:54Z</time></trkpt><trkpt lat="34.040216" lon="-118.232941"><ele>73.927</ele><time>2020-10-04T19:39:55Z</time></trkpt><trkpt lat="34.040277" lon="-118.232937"><ele>73.999</ele><time>2020-10-04T19:39:56Z</time></trkpt><trkpt lat="34.040346" lon="-118.232946"><ele>73.995</ele><time>2020-10-04T19:39:57Z</time></trkpt><trkpt lat="34.040410" lon="-118.232948"><ele>74.037</ele><time>2020-10-04T19:39:58Z</time></trkpt><trkpt lat="34.040480" lon="-118.232959"><ele>74.249</ele><time>2020-10-04T19:39:59Z</time></trkpt><trkpt lat="34.040541" lon="-118.232966"><ele>74.313</ele><time>2020-10-04T19:40:00Z</time></trkpt><trkpt lat="34.040619" lon="-118.232981"><ele>74.408</ele><time>2020-10-04T19:40:01Z</time></trkpt><trkpt lat="34.040693" lon="-118.232992"><ele>74.538</ele><time>2020-10-04T19:40:02Z</time></trkpt><trkpt lat="34.040759" lon="-118.232995"><ele>74.530</ele><time>2020-10-04T19:40:03Z</time></trkpt><trkpt lat="34.040818" lon="-118.233009"><ele>74.582</ele><time>2020-10-04T19:40:04Z</time></trkpt><trkpt lat="34.040868" lon="-118.233011"><ele>74.532</ele><time>2020-10-04T19:40:05Z</time></trkpt><trkpt lat="34.040930" lon="-118.233027"><ele>74.569</ele><time>2020-10-04T19:40:06Z</time></trkpt><trkpt lat="34.040985" lon="-118.233039"><ele>74.551</ele><time>2020-10-04T19:40:07Z</time></trkpt><trkpt lat="34.041042" lon="-118.233057"><ele>74.573</ele><time>2020-10-04T19:40:08Z</time></trkpt><trkpt lat="34.041100" lon="-118.233065"><ele>74.549</ele><time>2020-10-04T19:40:09Z</time></trkpt><trkpt lat="34.041149" lon="-118.233057"><ele>74.596</ele><time>2020-10-04T19:40:10Z</time></trkpt><trkpt lat="34.041194" lon="-118.233042"><ele>74.731</ele><time>2020-10-04T19:40:11Z</time></trkpt><trkpt lat="34.041218" lon="-118.232933"><ele>74.724</ele><time>2020-10-04T19:40:13Z</time></trkpt><trkpt lat="34.041224" lon="-118.232863"><ele>74.808</ele><time>2020-10-04T19:40:14Z</time></trkpt><trkpt lat="34.041228" lon="-118.232788"><ele>75.014</ele><time>2020-10-04T19:40:15Z</time></trkpt><trkpt lat="34.041231" lon="-118.232727"><ele>75.396</ele><time>2020-10-04T19:40:16Z</time></trkpt><trkpt lat="34.041251" lon="-118.232669"><ele>75.698</ele><time>2020-10-04T19:40:17Z</time></trkpt><trkpt lat="34.041262" lon="-118.232607"><ele>76.058</ele><time>2020-10-04T19:40:18Z</time></trkpt><trkpt lat="34.041275" lon="-118.232545"><ele>76.465</ele><time>2020-10-04T19:40:19Z</time></trkpt><trkpt lat="34.041289" lon="-118.232475"><ele>76.877</ele><time>2020-10-04T19:40:20Z</time></trkpt><trkpt lat="34.041295" lon="-118.232417"><ele>77.179</ele><time>2020-10-04T19:40:21Z</time></trkpt><trkpt lat="34.041305" lon="-118.232359"><ele>77.575</ele><time>2020-10-04T19:40:22Z</time></trkpt><trkpt lat="34.041314" lon="-118.232302"><ele>77.873</ele><time>2020-10-04T19:40:23Z</time></trkpt><trkpt lat="34.041321" lon="-118.232243"><ele>78.185</ele><time>2020-10-04T19:40:24Z</time></trkpt><trkpt lat="34.041329" lon="-118.232182"><ele>78.413</ele><time>2020-10-04T19:40:25Z</time></trkpt><trkpt lat="34.041335" lon="-118.232126"><ele>78.708</ele><time>2020-10-04T19:40:26Z</time></trkpt><trkpt lat="34.041342" lon="-118.232072"><ele>79.022</ele><time>2020-10-04T19:40:27Z</time></trkpt><trkpt lat="34.041353" lon="-118.232020"><ele>79.394</ele><time>2020-10-04T19:40:28Z</time></trkpt><trkpt lat="34.041360" lon="-118.231963"><ele>79.766</ele><time>2020-10-04T19:40:29Z</time></trkpt><trkpt lat="34.041364" lon="-118.231902"><ele>80.386</ele><time>2020-10-04T19:40:30Z</time></trkpt><trkpt lat="34.041367" lon="-118.231848"><ele>80.623</ele><time>2020-10-04T19:40:31Z</time></trkpt><trkpt lat="34.041378" lon="-118.231742"><ele>81.325</ele><time>2020-10-04T19:40:33Z</time></trkpt><trkpt lat="34.041386" lon="-118.231686"><ele>81.667</ele><time>2020-10-04T19:40:34Z</time></trkpt><trkpt lat="34.041401" lon="-118.231588"><ele>82.263</ele><time>2020-10-04T19:40:36Z</time></trkpt><trkpt lat="34.041412" lon="-118.231485"><ele>82.621</ele><time>2020-10-04T19:40:38Z</time></trkpt><trkpt lat="34.041430" lon="-118.231387"><ele>82.841</ele><time>2020-10-04T19:40:40Z</time></trkpt><trkpt lat="34.041439" lon="-118.231282"><ele>82.905</ele><time>2020-10-04T19:40:42Z</time></trkpt><trkpt lat="34.041436" lon="-118.231222"><ele>82.908</ele><time>2020-10-04T19:40:43Z</time></trkpt><trkpt lat="34.041434" lon="-118.231167"><ele>82.957</ele><time>2020-10-04T19:40:44Z</time></trkpt><trkpt lat="34.041440" lon="-118.231107"><ele>83.069</ele><time>2020-10-04T19:40:45Z</time></trkpt><trkpt lat="34.041447" lon="-118.231047"><ele>83.191</ele><time>2020-10-04T19:40:46Z</time></trkpt><trkpt lat="34.041449" lon="-118.230986"><ele>83.221</ele><time>2020-10-04T19:40:47Z</time></trkpt><trkpt lat="34.041449" lon="-118.230924"><ele>83.398</ele><time>2020-10-04T19:40:48Z</time></trkpt><trkpt lat="34.041451" lon="-118.230861"><ele>83.490</ele><time>2020-10-04T19:40:49Z</time></trkpt><trkpt lat="34.041453" lon="-118.230799"><ele>83.412</ele><time>2020-10-04T19:40:50Z</time></trkpt><trkpt lat="34.041458" lon="-118.230735"><ele>83.548</ele><time>2020-10-04T19:40:51Z</time></trkpt><trkpt lat="34.041460" lon="-118.230670"><ele>83.635</ele><time>2020-10-04T19:40:52Z</time></trkpt><trkpt lat="34.041465" lon="-118.230602"><ele>83.786</ele><time>2020-10-04T19:40:53Z</time></trkpt><trkpt lat="34.041468" lon="-118.230536"><ele>83.714</ele><time>2020-10-04T19:40:54Z</time></trkpt><trkpt lat="34.041472" lon="-118.230473"><ele>83.708</ele><time>2020-10-04T19:40:55Z</time></trkpt><trkpt lat="34.041471" lon="-118.230408"><ele>83.788</ele><time>2020-10-04T19:40:56Z</time></trkpt><trkpt lat="34.041470" lon="-118.230350"><ele>83.720</ele><time>2020-10-04T19:40:57Z</time></trkpt><trkpt lat="34.041473" lon="-118.230285"><ele>83.762</ele><time>2020-10-04T19:40:58Z</time></trkpt><trkpt lat="34.041476" lon="-118.230224"><ele>83.732</ele><time>2020-10-04T19:40:59Z</time></trkpt><trkpt lat="34.041476" lon="-118.230164"><ele>83.719</ele><time>2020-10-04T19:41:00Z</time></trkpt><trkpt lat="34.041478" lon="-118.230110"><ele>83.771</ele><time>2020-10-04T19:41:01Z</time></trkpt><trkpt lat="34.041481" lon="-118.230009"><ele>83.743</ele><time>2020-10-04T19:41:03Z</time></trkpt><trkpt lat="34.041472" lon="-118.229950"><ele>83.849</ele><time>2020-10-04T19:41:05Z</time></trkpt><trkpt lat="34.041459" lon="-118.229897"><ele>83.646</ele><time>2020-10-04T19:42:56Z</time></trkpt><trkpt lat="34.041463" lon="-118.229813"><ele>83.488</ele><time>2020-10-04T19:43:00Z</time></trkpt><trkpt lat="34.041466" lon="-118.229714"><ele>83.416</ele><time>2020-10-04T19:43:02Z</time></trkpt><trkpt lat="34.041468" lon="-118.229645"><ele>83.408</ele><time>2020-10-04T19:43:03Z</time></trkpt><trkpt lat="34.041477" lon="-118.229589"><ele>83.449</ele><time>2020-10-04T19:43:04Z</time></trkpt><trkpt lat="34.041474" lon="-118.229529"><ele>83.521</ele><time>2020-10-04T19:43:05Z</time></trkpt><trkpt lat="34.041471" lon="-118.229474"><ele>83.633</ele><time>2020-10-04T19:43:06Z</time></trkpt><trkpt lat="34.041476" lon="-118.229418"><ele>83.863</ele><time>2020-10-04T19:43:07Z</time></trkpt><trkpt lat="34.041480" lon="-118.229353"><ele>83.920</ele><time>2020-10-04T19:43:08Z</time></trkpt><trkpt lat="34.041491" lon="-118.229282"><ele>84.092</ele><time>2020-10-04T19:43:09Z</time></trkpt><trkpt lat="34.041488" lon="-118.229210"><ele>84.144</ele><time>2020-10-04T19:43:10Z</time></trkpt><trkpt lat="34.041483" lon="-118.229133"><ele>84.250</ele><time>2020-10-04T19:43:11Z</time></trkpt><trkpt lat="34.041485" lon="-118.229060"><ele>84.217</ele><time>2020-10-04T19:43:12Z</time></trkpt><trkpt lat="34.041488" lon="-118.228975"><ele>84.287</ele><time>2020-10-04T19:43:13Z</time></trkpt><trkpt lat="34.041485" lon="-118.228899"><ele>84.215</ele><time>2020-10-04T19:43:14Z</time></trkpt><trkpt lat="34.041487" lon="-118.228823"><ele>84.208</ele><time>2020-10-04T19:43:15Z</time></trkpt><trkpt lat="34.041486" lon="-118.228742"><ele>84.276</ele><time>2020-10-04T19:43:16Z</time></trkpt><trkpt lat="34.041486" lon="-118.228660"><ele>84.258</ele><time>2020-10-04T19:43:17Z</time></trkpt><trkpt lat="34.041488" lon="-118.228584"><ele>84.240</ele><time>2020-10-04T19:43:18Z</time></trkpt><trkpt lat="34.041491" lon="-118.228502"><ele>84.210</ele><time>2020-10-04T19:43:19Z</time></trkpt><trkpt lat="34.041492" lon="-118.228420"><ele>84.217</ele><time>2020-10-04T19:43:20Z</time></trkpt><trkpt lat="34.041496" lon="-118.228343"><ele>84.269</ele><time>2020-10-04T19:43:21Z</time></trkpt><trkpt lat="34.041501" lon="-118.228265"><ele>84.231</ele><time>2020-10-04T19:43:22Z</time></trkpt><trkpt lat="34.041505" lon="-118.228180"><ele>84.287</ele><time>2020-10-04T19:43:23Z</time></trkpt><trkpt lat="34.041511" lon="-118.228096"><ele>84.298</ele><time>2020-10-04T19:43:24Z</time></trkpt><trkpt lat="34.041512" lon="-118.228008"><ele>84.215</ele><time>2020-10-04T19:43:25Z</time></trkpt><trkpt lat="34.041514" lon="-118.227923"><ele>84.126</ele><time>2020-10-04T19:43:26Z</time></trkpt><trkpt lat="34.041517" lon="-118.227834"><ele>84.008</ele><time>2020-10-04T19:43:27Z</time></trkpt><trkpt lat="34.041517" lon="-118.227741"><ele>83.994</ele><time>2020-10-04T19:43:28Z</time></trkpt><trkpt lat="34.041522" lon="-118.227642"><ele>83.896</ele><time>2020-10-04T19:43:29Z</time></trkpt><trkpt lat="34.041534" lon="-118.227542"><ele>83.668</ele><time>2020-10-04T19:43:30Z</time></trkpt><trkpt lat="34.041545" lon="-118.227435"><ele>83.418</ele><time>2020-10-04T19:43:31Z</time></trkpt><trkpt lat="34.041566" lon="-118.227326"><ele>83.225</ele><time>2020-10-04T19:43:32Z</time></trkpt><trkpt lat="34.041590" lon="-118.227221"><ele>82.917</ele><time>2020-10-04T19:43:33Z</time></trkpt><trkpt lat="34.041613" lon="-118.227111"><ele>82.699</ele><time>2020-10-04T19:43:34Z</time></trkpt><trkpt lat="34.041641" lon="-118.227003"><ele>82.295</ele><time>2020-10-04T19:43:35Z</time></trkpt><trkpt lat="34.041674" lon="-118.226886"><ele>81.844</ele><time>2020-10-04T19:43:36Z</time></trkpt><trkpt lat="34.041707" lon="-118.226775"><ele>81.505</ele><time>2020-10-04T19:43:37Z</time></trkpt><trkpt lat="34.041740" lon="-118.226660"><ele>81.115</ele><time>2020-10-04T19:43:38Z</time></trkpt><trkpt lat="34.041772" lon="-118.226540"><ele>80.608</ele><time>2020-10-04T19:43:39Z</time></trkpt><trkpt lat="34.041809" lon="-118.226428"><ele>80.279</ele><time>2020-10-04T19:43:40Z</time></trkpt><trkpt lat="34.041845" lon="-118.226310"><ele>79.731</ele><time>2020-10-04T19:43:41Z</time></trkpt><trkpt lat="34.041882" lon="-118.226191"><ele>79.343</ele><time>2020-10-04T19:43:42Z</time></trkpt><trkpt lat="34.041917" lon="-118.226067"><ele>78.873</ele><time>2020-10-04T19:43:43Z</time></trkpt><trkpt lat="34.041953" lon="-118.225942"><ele>78.530</ele><time>2020-10-04T19:43:44Z</time></trkpt><trkpt lat="34.041991" lon="-118.225823"><ele>78.132</ele><time>2020-10-04T19:43:45Z</time></trkpt><trkpt lat="34.042028" lon="-118.225702"><ele>77.844</ele><time>2020-10-04T19:43:46Z</time></trkpt><trkpt lat="34.042060" lon="-118.225582"><ele>77.420</ele><time>2020-10-04T19:43:47Z</time></trkpt><trkpt lat="34.042098" lon="-118.225459"><ele>76.425</ele><time>2020-10-04T19:43:48Z</time></trkpt><trkpt lat="34.042132" lon="-118.225338"><ele>75.926</ele><time>2020-10-04T19:43:49Z</time></trkpt><trkpt lat="34.042167" lon="-118.225219"><ele>75.608</ele><time>2020-10-04T19:43:50Z</time></trkpt><trkpt lat="34.042196" lon="-118.225098"><ele>75.208</ele><time>2020-10-04T19:43:51Z</time></trkpt><trkpt lat="34.042220" lon="-118.224971"><ele>75.017</ele><time>2020-10-04T19:43:52Z</time></trkpt><trkpt lat="34.042256" lon="-118.224858"><ele>75.029</ele><time>2020-10-04T19:43:53Z</time></trkpt><trkpt lat="34.042286" lon="-118.224748"><ele>75.051</ele><time>2020-10-04T19:43:54Z</time></trkpt><trkpt lat="34.042321" lon="-118.224660"><ele>75.051</ele><time>2020-10-04T19:43:55Z</time></trkpt><trkpt lat="34.042354" lon="-118.224568"><ele>74.938</ele><time>2020-10-04T19:43:56Z</time></trkpt><trkpt lat="34.042386" lon="-118.224470"><ele>74.870</ele><time>2020-10-04T19:43:57Z</time></trkpt><trkpt lat="34.042423" lon="-118.224367"><ele>74.792</ele><time>2020-10-04T19:43:58Z</time></trkpt><trkpt lat="34.042458" lon="-118.224274"><ele>74.328</ele><time>2020-10-04T19:43:59Z</time></trkpt><trkpt lat="34.042490" lon="-118.224178"><ele>74.223</ele><time>2020-10-04T19:44:00Z</time></trkpt><trkpt lat="34.042522" lon="-118.224087"><ele>74.183</ele><time>2020-10-04T19:44:01Z</time></trkpt><trkpt lat="34.042560" lon="-118.223996"><ele>74.111</ele><time>2020-10-04T19:44:02Z</time></trkpt><trkpt lat="34.042595" lon="-118.223909"><ele>74.108</ele><time>2020-10-04T19:44:03Z</time></trkpt><trkpt lat="34.042629" lon="-118.223814"><ele>74.177</ele><time>2020-10-04T19:44:04Z</time></trkpt><trkpt lat="34.042657" lon="-118.223727"><ele>74.199</ele><time>2020-10-04T19:44:05Z</time></trkpt><trkpt lat="34.042678" lon="-118.223632"><ele>74.211</ele><time>2020-10-04T19:44:06Z</time></trkpt><trkpt lat="34.042704" lon="-118.223539"><ele>74.221</ele><time>2020-10-04T19:44:07Z</time></trkpt><trkpt lat="34.042738" lon="-118.223445"><ele>74.288</ele><time>2020-10-04T19:44:08Z</time></trkpt><trkpt lat="34.042769" lon="-118.223352"><ele>74.280</ele><time>2020-10-04T19:44:09Z</time></trkpt><trkpt lat="34.042796" lon="-118.223261"><ele>74.242</ele><time>2020-10-04T19:44:10Z</time></trkpt><trkpt lat="34.042827" lon="-118.223167"><ele>74.238</ele><time>2020-10-04T19:44:11Z</time></trkpt><trkpt lat="34.042846" lon="-118.223074"><ele>74.232</ele><time>2020-10-04T19:44:12Z</time></trkpt><trkpt lat="34.042873" lon="-118.222978"><ele>74.292</ele><time>2020-10-04T19:44:13Z</time></trkpt><trkpt lat="34.042888" lon="-118.222886"><ele>74.111</ele><time>2020-10-04T19:44:14Z</time></trkpt><trkpt lat="34.042895" lon="-118.222789"><ele>74.108</ele><time>2020-10-04T19:44:15Z</time></trkpt><trkpt lat="34.042902" lon="-118.222689"><ele>74.198</ele><time>2020-10-04T19:44:16Z</time></trkpt><trkpt lat="34.042909" lon="-118.222595"><ele>74.170</ele><time>2020-10-04T19:44:17Z</time></trkpt><trkpt lat="34.042912" lon="-118.222498"><ele>74.162</ele><time>2020-10-04T19:44:18Z</time></trkpt><trkpt lat="34.042917" lon="-118.222405"><ele>74.192</ele><time>2020-10-04T19:44:19Z</time></trkpt><trkpt lat="34.042921" lon="-118.222312"><ele>74.159</ele><time>2020-10-04T19:44:20Z</time></trkpt><trkpt lat="34.042927" lon="-118.222223"><ele>74.271</ele><time>2020-10-04T19:44:21Z</time></trkpt><trkpt lat="34.042933" lon="-118.222136"><ele>74.223</ele><time>2020-10-04T19:44:22Z</time></trkpt><trkpt lat="34.042940" lon="-118.222049"><ele>74.389</ele><time>2020-10-04T19:44:23Z</time></trkpt><trkpt lat="34.042945" lon="-118.221963"><ele>74.384</ele><time>2020-10-04T19:44:24Z</time></trkpt><trkpt lat="34.042949" lon="-118.221881"><ele>74.507</ele><time>2020-10-04T19:44:25Z</time></trkpt><trkpt lat="34.042968" lon="-118.221815"><ele>74.617</ele><time>2020-10-04T19:44:26Z</time></trkpt><trkpt lat="34.043008" lon="-118.221762"><ele>74.908</ele><time>2020-10-04T19:44:27Z</time></trkpt><trkpt lat="34.043062" lon="-118.221739"><ele>75.123</ele><time>2020-10-04T19:44:28Z</time></trkpt><trkpt lat="34.043112" lon="-118.221747"><ele>75.455</ele><time>2020-10-04T19:44:29Z</time></trkpt><trkpt lat="34.043167" lon="-118.221767"><ele>75.647</ele><time>2020-10-04T19:44:30Z</time></trkpt><trkpt lat="34.043229" lon="-118.221772"><ele>75.667</ele><time>2020-10-04T19:44:31Z</time></trkpt><trkpt lat="34.043290" lon="-118.221780"><ele>75.574</ele><time>2020-10-04T19:44:32Z</time></trkpt><trkpt lat="34.043354" lon="-118.221787"><ele>75.316</ele><time>2020-10-04T19:44:33Z</time></trkpt><trkpt lat="34.043411" lon="-118.221797"><ele>75.118</ele><time>2020-10-04T19:44:34Z</time></trkpt><trkpt lat="34.043471" lon="-118.221803"><ele>74.884</ele><time>2020-10-04T19:44:35Z</time></trkpt><trkpt lat="34.043526" lon="-118.221815"><ele>74.688</ele><time>2020-10-04T19:44:36Z</time></trkpt><trkpt lat="34.043586" lon="-118.221823"><ele>74.424</ele><time>2020-10-04T19:44:37Z</time></trkpt><trkpt lat="34.043639" lon="-118.221826"><ele>74.426</ele><time>2020-10-04T19:44:38Z</time></trkpt><trkpt lat="34.043702" lon="-118.221829"><ele>74.408</ele><time>2020-10-04T19:44:39Z</time></trkpt><trkpt lat="34.043761" lon="-118.221831"><ele>74.413</ele><time>2020-10-04T19:44:40Z</time></trkpt><trkpt lat="34.043827" lon="-118.221838"><ele>74.425</ele><time>2020-10-04T19:44:41Z</time></trkpt><trkpt lat="34.043888" lon="-118.221843"><ele>74.527</ele><time>2020-10-04T19:44:42Z</time></trkpt><trkpt lat="34.043943" lon="-118.221850"><ele>74.587</ele><time>2020-10-04T19:44:43Z</time></trkpt><trkpt lat="34.043998" lon="-118.221854"><ele>74.594</ele><time>2020-10-04T19:44:44Z</time></trkpt><trkpt lat="34.044058" lon="-118.221858"><ele>74.546</ele><time>2020-10-04T19:44:45Z</time></trkpt><trkpt lat="34.044123" lon="-118.221853"><ele>74.468</ele><time>2020-10-04T19:44:46Z</time></trkpt><trkpt lat="34.044191" lon="-118.221850"><ele>74.434</ele><time>2020-10-04T19:44:47Z</time></trkpt><trkpt lat="34.044264" lon="-118.221849"><ele>74.462</ele><time>2020-10-04T19:44:48Z</time></trkpt><trkpt lat="34.044331" lon="-118.221850"><ele>74.483</ele><time>2020-10-04T19:44:49Z</time></trkpt><trkpt lat="34.044399" lon="-118.221855"><ele>74.511</ele><time>2020-10-04T19:44:50Z</time></trkpt><trkpt lat="34.044466" lon="-118.221857"><ele>74.608</ele><time>2020-10-04T19:44:51Z</time></trkpt><trkpt lat="34.044543" lon="-118.221851"><ele>74.721</ele><time>2020-10-04T19:44:52Z</time></trkpt><trkpt lat="34.044613" lon="-118.221848"><ele>74.793</ele><time>2020-10-04T19:44:53Z</time></trkpt><trkpt lat="34.044680" lon="-118.221848"><ele>74.775</ele><time>2020-10-04T19:44:54Z</time></trkpt><trkpt lat="34.044743" lon="-118.221849"><ele>74.755</ele><time>2020-10-04T19:44:55Z</time></trkpt><trkpt lat="34.044806" lon="-118.221848"><ele>74.782</ele><time>2020-10-04T19:44:56Z</time></trkpt><trkpt lat="34.044868" lon="-118.221850"><ele>74.824</ele><time>2020-10-04T19:44:57Z</time></trkpt><trkpt lat="34.044933" lon="-118.221852"><ele>74.816</ele><time>2020-10-04T19:44:58Z</time></trkpt><trkpt lat="34.044997" lon="-118.221857"><ele>74.882</ele><time>2020-10-04T19:44:59Z</time></trkpt><trkpt lat="34.045063" lon="-118.221859"><ele>74.856</ele><time>2020-10-04T19:45:00Z</time></trkpt><trkpt lat="34.045125" lon="-118.221864"><ele>74.859</ele><time>2020-10-04T19:45:01Z</time></trkpt><trkpt lat="34.045184" lon="-118.221866"><ele>74.814</ele><time>2020-10-04T19:45:02Z</time></trkpt><trkpt lat="34.045238" lon="-118.221869"><ele>74.808</ele><time>2020-10-04T19:45:03Z</time></trkpt><trkpt lat="34.045299" lon="-118.221872"><ele>74.880</ele><time>2020-10-04T19:45:04Z</time></trkpt><trkpt lat="34.045361" lon="-118.221864"><ele>74.892</ele><time>2020-10-04T19:45:05Z</time></trkpt><trkpt lat="34.045426" lon="-118.221865"><ele>74.854</ele><time>2020-10-04T19:45:06Z</time></trkpt><trkpt lat="34.045485" lon="-118.221863"><ele>74.894</ele><time>2020-10-04T19:45:07Z</time></trkpt><trkpt lat="34.045551" lon="-118.221858"><ele>74.941</ele><time>2020-10-04T19:45:08Z</time></trkpt><trkpt lat="34.045617" lon="-118.221849"><ele>75.123</ele><time>2020-10-04T19:45:09Z</time></trkpt><trkpt lat="34.045688" lon="-118.221849"><ele>75.315</ele><time>2020-10-04T19:45:10Z</time></trkpt><trkpt lat="34.045759" lon="-118.221843"><ele>75.461</ele><time>2020-10-04T19:45:11Z</time></trkpt><trkpt lat="34.045827" lon="-118.221836"><ele>75.531</ele><time>2020-10-04T19:45:12Z</time></trkpt><trkpt lat="34.045896" lon="-118.221830"><ele>75.561</ele><time>2020-10-04T19:45:13Z</time></trkpt><trkpt lat="34.045965" lon="-118.221825"><ele>75.507</ele><time>2020-10-04T19:45:14Z</time></trkpt><trkpt lat="34.046037" lon="-118.221820"><ele>75.508</ele><time>2020-10-04T19:45:15Z</time></trkpt><trkpt lat="34.046100" lon="-118.221815"><ele>75.578</ele><time>2020-10-04T19:45:16Z</time></trkpt><trkpt lat="34.046172" lon="-118.221807"><ele>75.510</ele><time>2020-10-04T19:45:17Z</time></trkpt><trkpt lat="34.046250" lon="-118.221799"><ele>75.512</ele><time>2020-10-04T19:45:18Z</time></trkpt><trkpt lat="34.046324" lon="-118.221792"><ele>75.642</ele><time>2020-10-04T19:45:19Z</time></trkpt><trkpt lat="34.046390" lon="-118.221787"><ele>75.669</ele><time>2020-10-04T19:45:20Z</time></trkpt><trkpt lat="34.046451" lon="-118.221781"><ele>75.651</ele><time>2020-10-04T19:45:21Z</time></trkpt><trkpt lat="34.046531" lon="-118.221773"><ele>75.643</ele><time>2020-10-04T19:45:22Z</time></trkpt><trkpt lat="34.046603" lon="-118.221759"><ele>75.769</ele><time>2020-10-04T19:45:23Z</time></trkpt><trkpt lat="34.046673" lon="-118.221752"><ele>75.723</ele><time>2020-10-04T19:45:24Z</time></trkpt><trkpt lat="34.046743" lon="-118.221750"><ele>75.883</ele><time>2020-10-04T19:45:25Z</time></trkpt><trkpt lat="34.046811" lon="-118.221747"><ele>75.911</ele><time>2020-10-04T19:45:26Z</time></trkpt><trkpt lat="34.046868" lon="-118.221744"><ele>76.008</ele><time>2020-10-04T19:45:27Z</time></trkpt><trkpt lat="34.046923" lon="-118.221738"><ele>76.217</ele><time>2020-10-04T19:45:28Z</time></trkpt><trkpt lat="34.046990" lon="-118.221732"><ele>77.089</ele><time>2020-10-04T19:45:29Z</time></trkpt><trkpt lat="34.047048" lon="-118.221727"><ele>77.411</ele><time>2020-10-04T19:45:30Z</time></trkpt><trkpt lat="34.047098" lon="-118.221722"><ele>77.981</ele><time>2020-10-04T19:45:31Z</time></trkpt><trkpt lat="34.047150" lon="-118.221706"><ele>78.438</ele><time>2020-10-04T19:45:32Z</time></trkpt><trkpt lat="34.047227" lon="-118.221672"><ele>79.310</ele><time>2020-10-04T19:45:34Z</time></trkpt><trkpt lat="34.047275" lon="-118.221610"><ele>80.322</ele><time>2020-10-04T19:45:36Z</time></trkpt><trkpt lat="34.047277" lon="-118.221522"><ele>81.178</ele><time>2020-10-04T19:45:38Z</time></trkpt><trkpt lat="34.047273" lon="-118.221435"><ele>81.744</ele><time>2020-10-04T19:45:40Z</time></trkpt><trkpt lat="34.047273" lon="-118.221378"><ele>81.905</ele><time>2020-10-04T19:45:41Z</time></trkpt><trkpt lat="34.047227" lon="-118.221308"><ele>82.115</ele><time>2020-10-04T19:45:42Z</time></trkpt><trkpt lat="34.047238" lon="-118.221253"><ele>82.408</ele><time>2020-10-04T19:45:43Z</time></trkpt><trkpt lat="34.047234" lon="-118.221166"><ele>82.919</ele><time>2020-10-04T19:45:45Z</time></trkpt><trkpt lat="34.047236" lon="-118.221102"><ele>83.271</ele><time>2020-10-04T19:45:46Z</time></trkpt><trkpt lat="34.047231" lon="-118.221041"><ele>83.543</ele><time>2020-10-04T19:45:47Z</time></trkpt><trkpt lat="34.047230" lon="-118.220927"><ele>84.413</ele><time>2020-10-04T19:45:49Z</time></trkpt><trkpt lat="34.047217" lon="-118.220824"><ele>84.940</ele><time>2020-10-04T19:45:51Z</time></trkpt><trkpt lat="34.047215" lon="-118.220769"><ele>85.232</ele><time>2020-10-04T19:45:52Z</time></trkpt><trkpt lat="34.047213" lon="-118.220714"><ele>85.564</ele><time>2020-10-04T19:45:53Z</time></trkpt><trkpt lat="34.047208" lon="-118.220657"><ele>85.810</ele><time>2020-10-04T19:45:54Z</time></trkpt><trkpt lat="34.047208" lon="-118.220601"><ele>86.155</ele><time>2020-10-04T19:45:55Z</time></trkpt><trkpt lat="34.047208" lon="-118.220496"><ele>86.807</ele><time>2020-10-04T19:45:57Z</time></trkpt><trkpt lat="34.047216" lon="-118.220384"><ele>87.417</ele><time>2020-10-04T19:45:59Z</time></trkpt><trkpt lat="34.047206" lon="-118.220299"><ele>87.908</ele><time>2020-10-04T19:46:01Z</time></trkpt><trkpt lat="34.047200" lon="-118.220200"><ele>88.440</ele><time>2020-10-04T19:46:03Z</time></trkpt><trkpt lat="34.047195" lon="-118.220111"><ele>88.832</ele><time>2020-10-04T19:46:05Z</time></trkpt><trkpt lat="34.047184" lon="-118.220049"><ele>89.214</ele><time>2020-10-04T19:46:07Z</time></trkpt><trkpt lat="34.047191" lon="-118.219976"><ele>89.694</ele><time>2020-10-04T19:46:31Z</time></trkpt><trkpt lat="34.047173" lon="-118.219914"><ele>89.661</ele><time>2020-10-04T19:46:34Z</time></trkpt><trkpt lat="34.047160" lon="-118.219847"><ele>89.613</ele><time>2020-10-04T19:46:36Z</time></trkpt><trkpt lat="34.047160" lon="-118.219756"><ele>89.825</ele><time>2020-10-04T19:46:38Z</time></trkpt><trkpt lat="34.047171" lon="-118.219703"><ele>89.951</ele><time>2020-10-04T19:46:39Z</time></trkpt><trkpt lat="34.047170" lon="-118.219597"><ele>90.037</ele><time>2020-10-04T19:46:41Z</time></trkpt><trkpt lat="34.047165" lon="-118.219543"><ele>90.149</ele><time>2020-10-04T19:46:42Z</time></trkpt><trkpt lat="34.047164" lon="-118.219480"><ele>90.213</ele><time>2020-10-04T19:46:43Z</time></trkpt><trkpt lat="34.047166" lon="-118.219417"><ele>90.208</ele><time>2020-10-04T19:46:44Z</time></trkpt><trkpt lat="34.047165" lon="-118.219354"><ele>90.238</ele><time>2020-10-04T19:46:45Z</time></trkpt><trkpt lat="34.047165" lon="-118.219284"><ele>90.350</ele><time>2020-10-04T19:46:46Z</time></trkpt><trkpt lat="34.047160" lon="-118.219214"><ele>90.352</ele><time>2020-10-04T19:46:47Z</time></trkpt><trkpt lat="34.047153" lon="-118.219149"><ele>90.372</ele><time>2020-10-04T19:46:48Z</time></trkpt><trkpt lat="34.047139" lon="-118.219073"><ele>90.369</ele><time>2020-10-04T19:46:49Z</time></trkpt><trkpt lat="34.047116" lon="-118.218999"><ele>90.321</ele><time>2020-10-04T19:46:50Z</time></trkpt><trkpt lat="34.047101" lon="-118.218922"><ele>90.393</ele><time>2020-10-04T19:46:51Z</time></trkpt><trkpt lat="34.047088" lon="-118.218854"><ele>90.259</ele><time>2020-10-04T19:46:52Z</time></trkpt><trkpt lat="34.047063" lon="-118.218784"><ele>90.113</ele><time>2020-10-04T19:46:53Z</time></trkpt><trkpt lat="34.047041" lon="-118.218719"><ele>90.043</ele><time>2020-10-04T19:46:54Z</time></trkpt><trkpt lat="34.047012" lon="-118.218652"><ele>90.007</ele><time>2020-10-04T19:46:55Z</time></trkpt><trkpt lat="34.046977" lon="-118.218582"><ele>90.008</ele><time>2020-10-04T19:46:56Z</time></trkpt><trkpt lat="34.046945" lon="-118.218510"><ele>90.056</ele><time>2020-10-04T19:46:57Z</time></trkpt><trkpt lat="34.046920" lon="-118.218434"><ele>90.088</ele><time>2020-10-04T19:46:58Z</time></trkpt><trkpt lat="34.046895" lon="-118.218354"><ele>90.070</ele><time>2020-10-04T19:46:59Z</time></trkpt><trkpt lat="34.046867" lon="-118.218287"><ele>89.980</ele><time>2020-10-04T19:47:00Z</time></trkpt><trkpt lat="34.046839" lon="-118.218218"><ele>89.917</ele><time>2020-10-04T19:47:01Z</time></trkpt><trkpt lat="34.046805" lon="-118.218147"><ele>89.859</ele><time>2020-10-04T19:47:02Z</time></trkpt><trkpt lat="34.046775" lon="-118.218068"><ele>89.761</ele><time>2020-10-04T19:47:03Z</time></trkpt><trkpt lat="34.046744" lon="-118.217995"><ele>89.717</ele><time>2020-10-04T19:47:04Z</time></trkpt><trkpt lat="34.046712" lon="-118.217921"><ele>89.797</ele><time>2020-10-04T19:47:05Z</time></trkpt><trkpt lat="34.046675" lon="-118.217846"><ele>89.623</ele><time>2020-10-04T19:47:06Z</time></trkpt><trkpt lat="34.046632" lon="-118.217773"><ele>89.625</ele><time>2020-10-04T19:47:07Z</time></trkpt><trkpt lat="34.046592" lon="-118.217698"><ele>89.608</ele><time>2020-10-04T19:47:08Z</time></trkpt><trkpt lat="34.046549" lon="-118.217620"><ele>89.624</ele><time>2020-10-04T19:47:09Z</time></trkpt><trkpt lat="34.046522" lon="-118.217541"><ele>89.516</ele><time>2020-10-04T19:47:10Z</time></trkpt><trkpt lat="34.046493" lon="-118.217474"><ele>89.418</ele><time>2020-10-04T19:47:11Z</time></trkpt><trkpt lat="34.046465" lon="-118.217398"><ele>89.398</ele><time>2020-10-04T19:47:12Z</time></trkpt><trkpt lat="34.046416" lon="-118.217312"><ele>89.255</ele><time>2020-10-04T19:47:13Z</time></trkpt><trkpt lat="34.046375" lon="-118.217236"><ele>89.237</ele><time>2020-10-04T19:47:14Z</time></trkpt><trkpt lat="34.046356" lon="-118.217138"><ele>89.279</ele><time>2020-10-04T19:47:15Z</time></trkpt><trkpt lat="34.046318" lon="-118.217055"><ele>89.255</ele><time>2020-10-04T19:47:16Z</time></trkpt><trkpt lat="34.046285" lon="-118.216980"><ele>89.259</ele><time>2020-10-04T19:47:17Z</time></trkpt><trkpt lat="34.046244" lon="-118.216908"><ele>89.203</ele><time>2020-10-04T19:47:18Z</time></trkpt><trkpt lat="34.046216" lon="-118.216828"><ele>89.223</ele><time>2020-10-04T19:47:19Z</time></trkpt><trkpt lat="34.046181" lon="-118.216746"><ele>89.208</ele><time>2020-10-04T19:47:20Z</time></trkpt><trkpt lat="34.046146" lon="-118.216667"><ele>89.150</ele><time>2020-10-04T19:47:21Z</time></trkpt><trkpt lat="34.046114" lon="-118.216582"><ele>89.022</ele><time>2020-10-04T19:47:22Z</time></trkpt><trkpt lat="34.046072" lon="-118.216500"><ele>88.884</ele><time>2020-10-04T19:47:23Z</time></trkpt><trkpt lat="34.046033" lon="-118.216414"><ele>88.614</ele><time>2020-10-04T19:47:24Z</time></trkpt><trkpt lat="34.045999" lon="-118.216334"><ele>88.581</ele><time>2020-10-04T19:47:25Z</time></trkpt><trkpt lat="34.045960" lon="-118.216262"><ele>88.433</ele><time>2020-10-04T19:47:26Z</time></trkpt><trkpt lat="34.045927" lon="-118.216186"><ele>88.355</ele><time>2020-10-04T19:47:27Z</time></trkpt><trkpt lat="34.045888" lon="-118.216103"><ele>88.381</ele><time>2020-10-04T19:47:28Z</time></trkpt><trkpt lat="34.045849" lon="-118.216021"><ele>88.387</ele><time>2020-10-04T19:47:29Z</time></trkpt><trkpt lat="34.045813" lon="-118.215934"><ele>88.342</ele><time>2020-10-04T19:47:30Z</time></trkpt><trkpt lat="34.045782" lon="-118.215859"><ele>88.326</ele><time>2020-10-04T19:47:31Z</time></trkpt><trkpt lat="34.045755" lon="-118.215783"><ele>88.208</ele><time>2020-10-04T19:47:32Z</time></trkpt><trkpt lat="34.045719" lon="-118.215701"><ele>88.133</ele><time>2020-10-04T19:47:33Z</time></trkpt><trkpt lat="34.045684" lon="-118.215618"><ele>87.945</ele><time>2020-10-04T19:47:34Z</time></trkpt><trkpt lat="34.045650" lon="-118.215518"><ele>87.857</ele><time>2020-10-04T19:47:35Z</time></trkpt><trkpt lat="34.045619" lon="-118.215397"><ele>87.747</ele><time>2020-10-04T19:47:36Z</time></trkpt><trkpt lat="34.045579" lon="-118.215305"><ele>87.654</ele><time>2020-10-04T19:47:37Z</time></trkpt><trkpt lat="34.045545" lon="-118.215227"><ele>87.536</ele><time>2020-10-04T19:47:38Z</time></trkpt><trkpt lat="34.045499" lon="-118.215137"><ele>87.398</ele><time>2020-10-04T19:47:39Z</time></trkpt><trkpt lat="34.045459" lon="-118.215058"><ele>87.144</ele><time>2020-10-04T19:47:40Z</time></trkpt><trkpt lat="34.045422" lon="-118.214980"><ele>87.084</ele><time>2020-10-04T19:47:41Z</time></trkpt><trkpt lat="34.045385" lon="-118.214923"><ele>87.007</ele><time>2020-10-04T19:47:42Z</time></trkpt><trkpt lat="34.045349" lon="-118.214838"><ele>87.017</ele><time>2020-10-04T19:47:43Z</time></trkpt><trkpt lat="34.045316" lon="-118.214761"><ele>87.108</ele><time>2020-10-04T19:47:44Z</time></trkpt><trkpt lat="34.045283" lon="-118.214688"><ele>87.293</ele><time>2020-10-04T19:47:45Z</time></trkpt><trkpt lat="34.045249" lon="-118.214602"><ele>87.365</ele><time>2020-10-04T19:47:46Z</time></trkpt><trkpt lat="34.045225" lon="-118.214517"><ele>87.487</ele><time>2020-10-04T19:47:47Z</time></trkpt><trkpt lat="34.045193" lon="-118.214441"><ele>87.527</ele><time>2020-10-04T19:47:48Z</time></trkpt><trkpt lat="34.045153" lon="-118.214359"><ele>87.554</ele><time>2020-10-04T19:47:49Z</time></trkpt><trkpt lat="34.045119" lon="-118.214278"><ele>87.526</ele><time>2020-10-04T19:47:50Z</time></trkpt><trkpt lat="34.045079" lon="-118.214201"><ele>87.528</ele><time>2020-10-04T19:47:51Z</time></trkpt><trkpt lat="34.045035" lon="-118.214123"><ele>87.494</ele><time>2020-10-04T19:47:52Z</time></trkpt><trkpt lat="34.044993" lon="-118.214045"><ele>87.493</ele><time>2020-10-04T19:47:53Z</time></trkpt><trkpt lat="34.044947" lon="-118.213963"><ele>87.565</ele><time>2020-10-04T19:47:54Z</time></trkpt><trkpt lat="34.044919" lon="-118.213889"><ele>87.621</ele><time>2020-10-04T19:47:55Z</time></trkpt><trkpt lat="34.044884" lon="-118.213813"><ele>87.708</ele><time>2020-10-04T19:47:56Z</time></trkpt><trkpt lat="34.044853" lon="-118.213744"><ele>87.844</ele><time>2020-10-04T19:47:57Z</time></trkpt><trkpt lat="34.044809" lon="-118.213678"><ele>87.966</ele><time>2020-10-04T19:47:58Z</time></trkpt><trkpt lat="34.044780" lon="-118.213599"><ele>88.038</ele><time>2020-10-04T19:47:59Z</time></trkpt><trkpt lat="34.044746" lon="-118.213522"><ele>88.028</ele><time>2020-10-04T19:48:00Z</time></trkpt><trkpt lat="34.044706" lon="-118.213439"><ele>88.065</ele><time>2020-10-04T19:48:01Z</time></trkpt><trkpt lat="34.044681" lon="-118.213356"><ele>87.987</ele><time>2020-10-04T19:48:02Z</time></trkpt><trkpt lat="34.044642" lon="-118.213278"><ele>87.889</ele><time>2020-10-04T19:48:03Z</time></trkpt><trkpt lat="34.044608" lon="-118.213192"><ele>87.685</ele><time>2020-10-04T19:48:04Z</time></trkpt><trkpt lat="34.044572" lon="-118.213107"><ele>87.567</ele><time>2020-10-04T19:48:05Z</time></trkpt><trkpt lat="34.044535" lon="-118.213027"><ele>87.481</ele><time>2020-10-04T19:48:06Z</time></trkpt><trkpt lat="34.044499" lon="-118.212948"><ele>87.319</ele><time>2020-10-04T19:48:07Z</time></trkpt><trkpt lat="34.044466" lon="-118.212862"><ele>87.208</ele><time>2020-10-04T19:48:08Z</time></trkpt><trkpt lat="34.044434" lon="-118.212777"><ele>87.141</ele><time>2020-10-04T19:48:09Z</time></trkpt><trkpt lat="34.044407" lon="-118.212690"><ele>87.033</ele><time>2020-10-04T19:48:10Z</time></trkpt><trkpt lat="34.044380" lon="-118.212599"><ele>86.965</ele><time>2020-10-04T19:48:11Z</time></trkpt><trkpt lat="34.044363" lon="-118.212504"><ele>86.925</ele><time>2020-10-04T19:48:12Z</time></trkpt><trkpt lat="34.044352" lon="-118.212412"><ele>86.942</ele><time>2020-10-04T19:48:13Z</time></trkpt><trkpt lat="34.044352" lon="-118.212326"><ele>86.954</ele><time>2020-10-04T19:48:14Z</time></trkpt><trkpt lat="34.044355" lon="-118.212229"><ele>86.986</ele><time>2020-10-04T19:48:15Z</time></trkpt><trkpt lat="34.044364" lon="-118.212130"><ele>86.952</ele><time>2020-10-04T19:48:16Z</time></trkpt><trkpt lat="34.044374" lon="-118.212032"><ele>86.775</ele><time>2020-10-04T19:48:17Z</time></trkpt><trkpt lat="34.044381" lon="-118.211933"><ele>86.628</ele><time>2020-10-04T19:48:18Z</time></trkpt><trkpt lat="34.044387" lon="-118.211847"><ele>86.520</ele><time>2020-10-04T19:48:19Z</time></trkpt><trkpt lat="34.044393" lon="-118.211743"><ele>86.308</ele><time>2020-10-04T19:48:20Z</time></trkpt><trkpt lat="34.044397" lon="-118.211639"><ele>86.282</ele><time>2020-10-04T19:48:21Z</time></trkpt><trkpt lat="34.044397" lon="-118.211536"><ele>86.154</ele><time>2020-10-04T19:48:22Z</time></trkpt><trkpt lat="34.044384" lon="-118.211452"><ele>85.966</ele><time>2020-10-04T19:48:23Z</time></trkpt><trkpt lat="34.044362" lon="-118.211387"><ele>85.676</ele><time>2020-10-04T19:48:24Z</time></trkpt><trkpt lat="34.044341" lon="-118.211338"><ele>85.463</ele><time>2020-10-04T19:48:25Z</time></trkpt><trkpt lat="34.044297" lon="-118.211254"><ele>84.975</ele><time>2020-10-04T19:48:27Z</time></trkpt><trkpt lat="34.044270" lon="-118.211203"><ele>84.517</ele><time>2020-10-04T19:48:29Z</time></trkpt><trkpt lat="34.044264" lon="-118.211142"><ele>84.163</ele><time>2020-10-04T19:48:40Z</time></trkpt><trkpt lat="34.044237" lon="-118.211068"><ele>84.155</ele><time>2020-10-04T19:48:42Z</time></trkpt><trkpt lat="34.044190" lon="-118.210967"><ele>84.107</ele><time>2020-10-04T19:48:44Z</time></trkpt><trkpt lat="34.044169" lon="-118.210915"><ele>84.217</ele><time>2020-10-04T19:48:45Z</time></trkpt><trkpt lat="34.044144" lon="-118.210858"><ele>84.208</ele><time>2020-10-04T19:48:46Z</time></trkpt><trkpt lat="34.044115" lon="-118.210794"><ele>84.280</ele><time>2020-10-04T19:48:47Z</time></trkpt><trkpt lat="34.044095" lon="-118.210743"><ele>84.222</ele><time>2020-10-04T19:48:48Z</time></trkpt><trkpt lat="34.044073" lon="-118.210688"><ele>84.244</ele><time>2020-10-04T19:48:49Z</time></trkpt><trkpt lat="34.044048" lon="-118.210637"><ele>84.284</ele><time>2020-10-04T19:48:50Z</time></trkpt><trkpt lat="34.044032" lon="-118.210585"><ele>84.271</ele><time>2020-10-04T19:48:51Z</time></trkpt><trkpt lat="34.044006" lon="-118.210530"><ele>84.293</ele><time>2020-10-04T19:48:52Z</time></trkpt><trkpt lat="34.043985" lon="-118.210477"><ele>84.275</ele><time>2020-10-04T19:48:53Z</time></trkpt><trkpt lat="34.043962" lon="-118.210430"><ele>84.281</ele><time>2020-10-04T19:48:54Z</time></trkpt><trkpt lat="34.043920" lon="-118.210339"><ele>84.254</ele><time>2020-10-04T19:48:56Z</time></trkpt><trkpt lat="34.043894" lon="-118.210289"><ele>84.256</ele><time>2020-10-04T19:48:57Z</time></trkpt><trkpt lat="34.043856" lon="-118.210195"><ele>84.211</ele><time>2020-10-04T19:48:59Z</time></trkpt><trkpt lat="34.043823" lon="-118.210110"><ele>84.208</ele><time>2020-10-04T19:49:01Z</time></trkpt><trkpt lat="34.043793" lon="-118.210050"><ele>84.220</ele><time>2020-10-04T19:49:03Z</time></trkpt><trkpt lat="34.043772" lon="-118.209988"><ele>84.212</ele><time>2020-10-04T19:49:06Z</time></trkpt><trkpt lat="34.043742" lon="-118.209936"><ele>84.534</ele><time>2020-10-04T19:49:44Z</time></trkpt><trkpt lat="34.043704" lon="-118.209878"><ele>84.464</ele><time>2020-10-04T19:49:46Z</time></trkpt><trkpt lat="34.043659" lon="-118.209792"><ele>84.341</ele><time>2020-10-04T19:49:48Z</time></trkpt><trkpt lat="34.043630" lon="-118.209729"><ele>84.423</ele><time>2020-10-04T19:49:49Z</time></trkpt><trkpt lat="34.043599" lon="-118.209673"><ele>84.595</ele><time>2020-10-04T19:49:50Z</time></trkpt><trkpt lat="34.043572" lon="-118.209625"><ele>84.511</ele><time>2020-10-04T19:49:51Z</time></trkpt><trkpt lat="34.043545" lon="-118.209576"><ele>84.548</ele><time>2020-10-04T19:49:52Z</time></trkpt><trkpt lat="34.043523" lon="-118.209517"><ele>84.661</ele><time>2020-10-04T19:49:53Z</time></trkpt><trkpt lat="34.043500" lon="-118.209452"><ele>84.617</ele><time>2020-10-04T19:49:54Z</time></trkpt><trkpt lat="34.043479" lon="-118.209387"><ele>84.808</ele><time>2020-10-04T19:49:55Z</time></trkpt><trkpt lat="34.043453" lon="-118.209321"><ele>84.989</ele><time>2020-10-04T19:49:56Z</time></trkpt><trkpt lat="34.043416" lon="-118.209254"><ele>85.111</ele><time>2020-10-04T19:49:57Z</time></trkpt><trkpt lat="34.043391" lon="-118.209178"><ele>85.153</ele><time>2020-10-04T19:49:58Z</time></trkpt><trkpt lat="34.043365" lon="-118.209101"><ele>85.243</ele><time>2020-10-04T19:49:59Z</time></trkpt><trkpt lat="34.043338" lon="-118.209026"><ele>85.240</ele><time>2020-10-04T19:50:00Z</time></trkpt><trkpt lat="34.043311" lon="-118.208961"><ele>85.272</ele><time>2020-10-04T19:50:01Z</time></trkpt><trkpt lat="34.043277" lon="-118.208886"><ele>85.224</ele><time>2020-10-04T19:50:02Z</time></trkpt><trkpt lat="34.043244" lon="-118.208808"><ele>85.390</ele><time>2020-10-04T19:50:03Z</time></trkpt><trkpt lat="34.043215" lon="-118.208730"><ele>85.541</ele><time>2020-10-04T19:50:04Z</time></trkpt><trkpt lat="34.043174" lon="-118.208657"><ele>85.581</ele><time>2020-10-04T19:50:05Z</time></trkpt><trkpt lat="34.043142" lon="-118.208589"><ele>85.609</ele><time>2020-10-04T19:50:06Z</time></trkpt><trkpt lat="34.043111" lon="-118.208513"><ele>85.808</ele><time>2020-10-04T19:50:07Z</time></trkpt><trkpt lat="34.043078" lon="-118.208436"><ele>85.919</ele><time>2020-10-04T19:50:08Z</time></trkpt><trkpt lat="34.043041" lon="-118.208364"><ele>86.121</ele><time>2020-10-04T19:50:09Z</time></trkpt><trkpt lat="34.043007" lon="-118.208285"><ele>86.293</ele><time>2020-10-04T19:50:10Z</time></trkpt><trkpt lat="34.042971" lon="-118.208202"><ele>86.363</ele><time>2020-10-04T19:50:11Z</time></trkpt><trkpt lat="34.042935" lon="-118.208121"><ele>86.370</ele><time>2020-10-04T19:50:12Z</time></trkpt><trkpt lat="34.042900" lon="-118.208049"><ele>86.552</ele><time>2020-10-04T19:50:13Z</time></trkpt><trkpt lat="34.042868" lon="-118.207972"><ele>86.684</ele><time>2020-10-04T19:50:14Z</time></trkpt><trkpt lat="34.042837" lon="-118.207893"><ele>86.740</ele><time>2020-10-04T19:50:15Z</time></trkpt><trkpt lat="34.042800" lon="-118.207816"><ele>86.771</ele><time>2020-10-04T19:50:16Z</time></trkpt><trkpt lat="34.042767" lon="-118.207738"><ele>86.841</ele><time>2020-10-04T19:50:17Z</time></trkpt><trkpt lat="34.042725" lon="-118.207673"><ele>86.915</ele><time>2020-10-04T19:50:18Z</time></trkpt><trkpt lat="34.042691" lon="-118.207596"><ele>87.008</ele><time>2020-10-04T19:50:19Z</time></trkpt><trkpt lat="34.042665" lon="-118.207514"><ele>87.112</ele><time>2020-10-04T19:50:20Z</time></trkpt><trkpt lat="34.042636" lon="-118.207445"><ele>87.394</ele><time>2020-10-04T19:50:21Z</time></trkpt><trkpt lat="34.042608" lon="-118.207361"><ele>87.526</ele><time>2020-10-04T19:50:22Z</time></trkpt><trkpt lat="34.042565" lon="-118.207299"><ele>87.686</ele><time>2020-10-04T19:50:23Z</time></trkpt><trkpt lat="34.042534" lon="-118.207224"><ele>87.733</ele><time>2020-10-04T19:50:24Z</time></trkpt><trkpt lat="34.042501" lon="-118.207157"><ele>87.945</ele><time>2020-10-04T19:50:25Z</time></trkpt><trkpt lat="34.042473" lon="-118.207088"><ele>88.117</ele><time>2020-10-04T19:50:26Z</time></trkpt><trkpt lat="34.042442" lon="-118.207022"><ele>88.243</ele><time>2020-10-04T19:50:27Z</time></trkpt><trkpt lat="34.042414" lon="-118.206942"><ele>88.418</ele><time>2020-10-04T19:50:28Z</time></trkpt><trkpt lat="34.042374" lon="-118.206874"><ele>88.798</ele><time>2020-10-04T19:50:29Z</time></trkpt><trkpt lat="34.042339" lon="-118.206809"><ele>88.817</ele><time>2020-10-04T19:50:30Z</time></trkpt><trkpt lat="34.042308" lon="-118.206741"><ele>89.008</ele><time>2020-10-04T19:50:31Z</time></trkpt><trkpt lat="34.042276" lon="-118.206665"><ele>89.246</ele><time>2020-10-04T19:50:32Z</time></trkpt><trkpt lat="34.042247" lon="-118.206599"><ele>89.448</ele><time>2020-10-04T19:50:33Z</time></trkpt><trkpt lat="34.042217" lon="-118.206541"><ele>89.650</ele><time>2020-10-04T19:50:34Z</time></trkpt><trkpt lat="34.042193" lon="-118.206486"><ele>89.770</ele><time>2020-10-04T19:50:35Z</time></trkpt><trkpt lat="34.042169" lon="-118.206425"><ele>89.817</ele><time>2020-10-04T19:50:36Z</time></trkpt><trkpt lat="34.042144" lon="-118.206375"><ele>89.999</ele><time>2020-10-04T19:50:37Z</time></trkpt><trkpt lat="34.042123" lon="-118.206326"><ele>90.051</ele><time>2020-10-04T19:50:38Z</time></trkpt><trkpt lat="34.042079" lon="-118.206248"><ele>90.027</ele><time>2020-10-04T19:50:40Z</time></trkpt><trkpt lat="34.042056" lon="-118.206197"><ele>90.182</ele><time>2020-10-04T19:50:42Z</time></trkpt><trkpt lat="34.042042" lon="-118.206139"><ele>90.143</ele><time>2020-10-04T19:50:50Z</time></trkpt><trkpt lat="34.042007" lon="-118.206074"><ele>90.217</ele><time>2020-10-04T19:50:52Z</time></trkpt><trkpt lat="34.041957" lon="-118.206002"><ele>90.308</ele><time>2020-10-04T19:50:54Z</time></trkpt><trkpt lat="34.041938" lon="-118.205952"><ele>90.473</ele><time>2020-10-04T19:50:55Z</time></trkpt><trkpt lat="34.041920" lon="-118.205891"><ele>90.555</ele><time>2020-10-04T19:50:56Z</time></trkpt><trkpt lat="34.041895" lon="-118.205838"><ele>90.767</ele><time>2020-10-04T19:50:57Z</time></trkpt><trkpt lat="34.041859" lon="-118.205743"><ele>91.147</ele><time>2020-10-04T19:50:59Z</time></trkpt><trkpt lat="34.041836" lon="-118.205692"><ele>91.224</ele><time>2020-10-04T19:51:00Z</time></trkpt><trkpt lat="34.041810" lon="-118.205628"><ele>91.256</ele><time>2020-10-04T19:51:01Z</time></trkpt><trkpt lat="34.041787" lon="-118.205562"><ele>91.288</ele><time>2020-10-04T19:51:02Z</time></trkpt><trkpt lat="34.041753" lon="-118.205504"><ele>91.244</ele><time>2020-10-04T19:51:03Z</time></trkpt><trkpt lat="34.041724" lon="-118.205455"><ele>91.254</ele><time>2020-10-04T19:51:04Z</time></trkpt><trkpt lat="34.041703" lon="-118.205398"><ele>91.556</ele><time>2020-10-04T19:51:05Z</time></trkpt><trkpt lat="34.041673" lon="-118.205335"><ele>91.611</ele><time>2020-10-04T19:51:06Z</time></trkpt><trkpt lat="34.041651" lon="-118.205266"><ele>91.808</ele><time>2020-10-04T19:51:07Z</time></trkpt><trkpt lat="34.041620" lon="-118.205200"><ele>91.980</ele><time>2020-10-04T19:51:08Z</time></trkpt><trkpt lat="34.041590" lon="-118.205134"><ele>92.192</ele><time>2020-10-04T19:51:09Z</time></trkpt><trkpt lat="34.041559" lon="-118.205064"><ele>92.224</ele><time>2020-10-04T19:51:10Z</time></trkpt><trkpt lat="34.041530" lon="-118.204992"><ele>92.284</ele><time>2020-10-04T19:51:11Z</time></trkpt><trkpt lat="34.041499" lon="-118.204923"><ele>92.381</ele><time>2020-10-04T19:51:12Z</time></trkpt><trkpt lat="34.041469" lon="-118.204848"><ele>92.493</ele><time>2020-10-04T19:51:13Z</time></trkpt><trkpt lat="34.041432" lon="-118.204772"><ele>92.525</ele><time>2020-10-04T19:51:14Z</time></trkpt><trkpt lat="34.041397" lon="-118.204697"><ele>92.551</ele><time>2020-10-04T19:51:15Z</time></trkpt><trkpt lat="34.041369" lon="-118.204620"><ele>92.638</ele><time>2020-10-04T19:51:16Z</time></trkpt><trkpt lat="34.041338" lon="-118.204545"><ele>92.670</ele><time>2020-10-04T19:51:17Z</time></trkpt><trkpt lat="34.041304" lon="-118.204470"><ele>92.617</ele><time>2020-10-04T19:51:18Z</time></trkpt><trkpt lat="34.041274" lon="-118.204393"><ele>92.508</ele><time>2020-10-04T19:51:19Z</time></trkpt><trkpt lat="34.041242" lon="-118.204318"><ele>92.468</ele><time>2020-10-04T19:51:20Z</time></trkpt><trkpt lat="34.041206" lon="-118.204234"><ele>92.380</ele><time>2020-10-04T19:51:21Z</time></trkpt><trkpt lat="34.041174" lon="-118.204159"><ele>92.242</ele><time>2020-10-04T19:51:22Z</time></trkpt><trkpt lat="34.041131" lon="-118.204084"><ele>91.952</ele><time>2020-10-04T19:51:23Z</time></trkpt><trkpt lat="34.041090" lon="-118.204001"><ele>91.969</ele><time>2020-10-04T19:51:24Z</time></trkpt><trkpt lat="34.041047" lon="-118.203927"><ele>91.721</ele><time>2020-10-04T19:51:25Z</time></trkpt><trkpt lat="34.041011" lon="-118.203851"><ele>91.683</ele><time>2020-10-04T19:51:26Z</time></trkpt><trkpt lat="34.040979" lon="-118.203761"><ele>91.539</ele><time>2020-10-04T19:51:27Z</time></trkpt><trkpt lat="34.040944" lon="-118.203689"><ele>91.562</ele><time>2020-10-04T19:51:28Z</time></trkpt><trkpt lat="34.040906" lon="-118.203610"><ele>91.383</ele><time>2020-10-04T19:51:29Z</time></trkpt><trkpt lat="34.040869" lon="-118.203524"><ele>91.211</ele><time>2020-10-04T19:51:30Z</time></trkpt><trkpt lat="34.040834" lon="-118.203445"><ele>91.108</ele><time>2020-10-04T19:51:31Z</time></trkpt><trkpt lat="34.040801" lon="-118.203370"><ele>90.931</ele><time>2020-10-04T19:51:32Z</time></trkpt><trkpt lat="34.040772" lon="-118.203288"><ele>90.963</ele><time>2020-10-04T19:51:33Z</time></trkpt><trkpt lat="34.040739" lon="-118.203210"><ele>90.935</ele><time>2020-10-04T19:51:34Z</time></trkpt><trkpt lat="34.040707" lon="-118.203133"><ele>90.895</ele><time>2020-10-04T19:51:35Z</time></trkpt><trkpt lat="34.040679" lon="-118.203064"><ele>90.762</ele><time>2020-10-04T19:51:36Z</time></trkpt><trkpt lat="34.040650" lon="-118.202986"><ele>90.624</ele><time>2020-10-04T19:51:37Z</time></trkpt><trkpt lat="34.040619" lon="-118.202902"><ele>90.346</ele><time>2020-10-04T19:51:38Z</time></trkpt><trkpt lat="34.040594" lon="-118.202827"><ele>90.132</ele><time>2020-10-04T19:51:39Z</time></trkpt><trkpt lat="34.040565" lon="-118.202768"><ele>90.141</ele><time>2020-10-04T19:51:40Z</time></trkpt><trkpt lat="34.040545" lon="-118.202711"><ele>90.081</ele><time>2020-10-04T19:51:41Z</time></trkpt><trkpt lat="34.040519" lon="-118.202652"><ele>89.809</ele><time>2020-10-04T19:51:42Z</time></trkpt><trkpt lat="34.040490" lon="-118.202577"><ele>89.508</ele><time>2020-10-04T19:51:44Z</time></trkpt><trkpt lat="34.040471" lon="-118.202519"><ele>88.539</ele><time>2020-10-04T19:51:50Z</time></trkpt><trkpt lat="34.040440" lon="-118.202447"><ele>88.451</ele><time>2020-10-04T19:51:53Z</time></trkpt><trkpt lat="34.040401" lon="-118.202365"><ele>88.453</ele><time>2020-10-04T19:51:55Z</time></trkpt><trkpt lat="34.040367" lon="-118.202318"><ele>88.433</ele><time>2020-10-04T19:51:56Z</time></trkpt><trkpt lat="34.040346" lon="-118.202259"><ele>88.480</ele><time>2020-10-04T19:51:57Z</time></trkpt><trkpt lat="34.040314" lon="-118.202202"><ele>88.562</ele><time>2020-10-04T19:51:58Z</time></trkpt><trkpt lat="34.040290" lon="-118.202139"><ele>88.624</ele><time>2020-10-04T19:51:59Z</time></trkpt><trkpt lat="34.040264" lon="-118.202066"><ele>88.640</ele><time>2020-10-04T19:52:00Z</time></trkpt><trkpt lat="34.040231" lon="-118.201994"><ele>88.632</ele><time>2020-10-04T19:52:01Z</time></trkpt><trkpt lat="34.040193" lon="-118.201921"><ele>88.592</ele><time>2020-10-04T19:52:02Z</time></trkpt><trkpt lat="34.040161" lon="-118.201850"><ele>88.411</ele><time>2020-10-04T19:52:03Z</time></trkpt><trkpt lat="34.040128" lon="-118.201773"><ele>88.308</ele><time>2020-10-04T19:52:04Z</time></trkpt><trkpt lat="34.040092" lon="-118.201700"><ele>88.278</ele><time>2020-10-04T19:52:05Z</time></trkpt><trkpt lat="34.040055" lon="-118.201625"><ele>88.260</ele><time>2020-10-04T19:52:06Z</time></trkpt><trkpt lat="34.040023" lon="-118.201535"><ele>88.132</ele><time>2020-10-04T19:52:07Z</time></trkpt><trkpt lat="34.039986" lon="-118.201451"><ele>87.942</ele><time>2020-10-04T19:52:08Z</time></trkpt><trkpt lat="34.039944" lon="-118.201373"><ele>87.569</ele><time>2020-10-04T19:52:09Z</time></trkpt><trkpt lat="34.039905" lon="-118.201295"><ele>87.471</ele><time>2020-10-04T19:52:10Z</time></trkpt><trkpt lat="34.039868" lon="-118.201214"><ele>87.333</ele><time>2020-10-04T19:52:11Z</time></trkpt><trkpt lat="34.039833" lon="-118.201145"><ele>87.279</ele><time>2020-10-04T19:52:12Z</time></trkpt><trkpt lat="34.039801" lon="-118.201067"><ele>87.287</ele><time>2020-10-04T19:52:13Z</time></trkpt><trkpt lat="34.039763" lon="-118.200991"><ele>87.242</ele><time>2020-10-04T19:52:14Z</time></trkpt><trkpt lat="34.039727" lon="-118.200917"><ele>87.226</ele><time>2020-10-04T19:52:15Z</time></trkpt><trkpt lat="34.039693" lon="-118.200834"><ele>87.308</ele><time>2020-10-04T19:52:16Z</time></trkpt><trkpt lat="34.039659" lon="-118.200756"><ele>87.543</ele><time>2020-10-04T19:52:17Z</time></trkpt><trkpt lat="34.039619" lon="-118.200683"><ele>87.635</ele><time>2020-10-04T19:52:18Z</time></trkpt><trkpt lat="34.039589" lon="-118.200608"><ele>87.837</ele><time>2020-10-04T19:52:19Z</time></trkpt><trkpt lat="34.039547" lon="-118.200538"><ele>88.057</ele><time>2020-10-04T19:52:20Z</time></trkpt><trkpt lat="34.039514" lon="-118.200472"><ele>88.224</ele><time>2020-10-04T19:52:21Z</time></trkpt><trkpt lat="34.039488" lon="-118.200409"><ele>88.466</ele><time>2020-10-04T19:52:22Z</time></trkpt><trkpt lat="34.039458" lon="-118.200340"><ele>88.668</ele><time>2020-10-04T19:52:23Z</time></trkpt><trkpt lat="34.039428" lon="-118.200269"><ele>88.834</ele><time>2020-10-04T19:52:24Z</time></trkpt><trkpt lat="34.039396" lon="-118.200200"><ele>89.016</ele><time>2020-10-04T19:52:25Z</time></trkpt><trkpt lat="34.039370" lon="-118.200126"><ele>89.276</ele><time>2020-10-04T19:52:26Z</time></trkpt><trkpt lat="34.039339" lon="-118.200055"><ele>89.413</ele><time>2020-10-04T19:52:27Z</time></trkpt><trkpt lat="34.039315" lon="-118.199987"><ele>89.608</ele><time>2020-10-04T19:52:28Z</time></trkpt><trkpt lat="34.039285" lon="-118.199918"><ele>90.226</ele><time>2020-10-04T19:52:29Z</time></trkpt><trkpt lat="34.039257" lon="-118.199845"><ele>90.588</ele><time>2020-10-04T19:52:30Z</time></trkpt><trkpt lat="34.039226" lon="-118.199779"><ele>90.860</ele><time>2020-10-04T19:52:31Z</time></trkpt><trkpt lat="34.039194" lon="-118.199714"><ele>91.140</ele><time>2020-10-04T19:52:32Z</time></trkpt><trkpt lat="34.039168" lon="-118.199641"><ele>91.427</ele><time>2020-10-04T19:52:33Z</time></trkpt><trkpt lat="34.039138" lon="-118.199569"><ele>91.539</ele><time>2020-10-04T19:52:34Z</time></trkpt><trkpt lat="34.039111" lon="-118.199499"><ele>91.671</ele><time>2020-10-04T19:52:35Z</time></trkpt><trkpt lat="34.039086" lon="-118.199433"><ele>91.757</ele><time>2020-10-04T19:52:36Z</time></trkpt><trkpt lat="34.039051" lon="-118.199370"><ele>91.916</ele><time>2020-10-04T19:52:37Z</time></trkpt><trkpt lat="34.039017" lon="-118.199307"><ele>92.076</ele><time>2020-10-04T19:52:38Z</time></trkpt><trkpt lat="34.038980" lon="-118.199243"><ele>92.113</ele><time>2020-10-04T19:52:39Z</time></trkpt><trkpt lat="34.038950" lon="-118.199170"><ele>92.208</ele><time>2020-10-04T19:52:40Z</time></trkpt><trkpt lat="34.038927" lon="-118.199096"><ele>92.386</ele><time>2020-10-04T19:52:41Z</time></trkpt><trkpt lat="34.038891" lon="-118.199026"><ele>92.428</ele><time>2020-10-04T19:52:42Z</time></trkpt><trkpt lat="34.038861" lon="-118.198963"><ele>92.510</ele><time>2020-10-04T19:52:43Z</time></trkpt><trkpt lat="34.038835" lon="-118.198901"><ele>92.780</ele><time>2020-10-04T19:52:44Z</time></trkpt><trkpt lat="34.038811" lon="-118.198839"><ele>92.897</ele><time>2020-10-04T19:52:45Z</time></trkpt><trkpt lat="34.038779" lon="-118.198771"><ele>92.949</ele><time>2020-10-04T19:52:46Z</time></trkpt><trkpt lat="34.038746" lon="-118.198705"><ele>93.021</ele><time>2020-10-04T19:52:47Z</time></trkpt><trkpt lat="34.038715" lon="-118.198638"><ele>93.197</ele><time>2020-10-04T19:52:48Z</time></trkpt><trkpt lat="34.038684" lon="-118.198565"><ele>93.196</ele><time>2020-10-04T19:52:49Z</time></trkpt><trkpt lat="34.038652" lon="-118.198497"><ele>93.131</ele><time>2020-10-04T19:52:50Z</time></trkpt><trkpt lat="34.038615" lon="-118.198434"><ele>93.124</ele><time>2020-10-04T19:52:51Z</time></trkpt><trkpt lat="34.038584" lon="-118.198369"><ele>93.108</ele><time>2020-10-04T19:52:52Z</time></trkpt><trkpt lat="34.038553" lon="-118.198299"><ele>93.264</ele><time>2020-10-04T19:52:53Z</time></trkpt><trkpt lat="34.038522" lon="-118.198226"><ele>93.496</ele><time>2020-10-04T19:52:54Z</time></trkpt><trkpt lat="34.038491" lon="-118.198153"><ele>93.498</ele><time>2020-10-04T19:52:55Z</time></trkpt><trkpt lat="34.038458" lon="-118.198079"><ele>93.418</ele><time>2020-10-04T19:52:56Z</time></trkpt><trkpt lat="34.038429" lon="-118.198010"><ele>93.565</ele><time>2020-10-04T19:52:57Z</time></trkpt><trkpt lat="34.038402" lon="-118.197939"><ele>93.637</ele><time>2020-10-04T19:52:58Z</time></trkpt><trkpt lat="34.038376" lon="-118.197868"><ele>93.839</ele><time>2020-10-04T19:52:59Z</time></trkpt><trkpt lat="34.038351" lon="-118.197799"><ele>93.995</ele><time>2020-10-04T19:53:00Z</time></trkpt><trkpt lat="34.038318" lon="-118.197725"><ele>93.998</ele><time>2020-10-04T19:53:01Z</time></trkpt><trkpt lat="34.038281" lon="-118.197654"><ele>93.915</ele><time>2020-10-04T19:53:02Z</time></trkpt><trkpt lat="34.038244" lon="-118.197585"><ele>93.926</ele><time>2020-10-04T19:53:03Z</time></trkpt><trkpt lat="34.038213" lon="-118.197510"><ele>93.808</ele><time>2020-10-04T19:53:04Z</time></trkpt><trkpt lat="34.038181" lon="-118.197433"><ele>93.854</ele><time>2020-10-04T19:53:05Z</time></trkpt><trkpt lat="34.038148" lon="-118.197359"><ele>93.736</ele><time>2020-10-04T19:53:06Z</time></trkpt><trkpt lat="34.038107" lon="-118.197284"><ele>93.748</ele><time>2020-10-04T19:53:07Z</time></trkpt><trkpt lat="34.038074" lon="-118.197208"><ele>93.688</ele><time>2020-10-04T19:53:08Z</time></trkpt><trkpt lat="34.038039" lon="-118.197135"><ele>93.335</ele><time>2020-10-04T19:53:09Z</time></trkpt><trkpt lat="34.038003" lon="-118.197055"><ele>93.187</ele><time>2020-10-04T19:53:10Z</time></trkpt><trkpt lat="34.037961" lon="-118.196979"><ele>92.949</ele><time>2020-10-04T19:53:11Z</time></trkpt><trkpt lat="34.037925" lon="-118.196902"><ele>92.715</ele><time>2020-10-04T19:53:12Z</time></trkpt><trkpt lat="34.037889" lon="-118.196820"><ele>92.599</ele><time>2020-10-04T19:53:13Z</time></trkpt><trkpt lat="34.037856" lon="-118.196740"><ele>92.407</ele><time>2020-10-04T19:53:14Z</time></trkpt><trkpt lat="34.037819" lon="-118.196658"><ele>92.327</ele><time>2020-10-04T19:53:15Z</time></trkpt><trkpt lat="34.037781" lon="-118.196581"><ele>92.208</ele><time>2020-10-04T19:53:16Z</time></trkpt><trkpt lat="34.037745" lon="-118.196503"><ele>92.134</ele><time>2020-10-04T19:53:17Z</time></trkpt><trkpt lat="34.037706" lon="-118.196420"><ele>92.066</ele><time>2020-10-04T19:53:18Z</time></trkpt><trkpt lat="34.037672" lon="-118.196337"><ele>91.878</ele><time>2020-10-04T19:53:19Z</time></trkpt><trkpt lat="34.037625" lon="-118.196261"><ele>91.658</ele><time>2020-10-04T19:53:20Z</time></trkpt><trkpt lat="34.037585" lon="-118.196167"><ele>91.325</ele><time>2020-10-04T19:53:21Z</time></trkpt><trkpt lat="34.037543" lon="-118.196077"><ele>91.157</ele><time>2020-10-04T19:53:22Z</time></trkpt><trkpt lat="34.037504" lon="-118.195988"><ele>90.849</ele><time>2020-10-04T19:53:23Z</time></trkpt><trkpt lat="34.037457" lon="-118.195897"><ele>90.525</ele><time>2020-10-04T19:53:24Z</time></trkpt><trkpt lat="34.037413" lon="-118.195799"><ele>90.249</ele><time>2020-10-04T19:53:25Z</time></trkpt><trkpt lat="34.037372" lon="-118.195697"><ele>89.902</ele><time>2020-10-04T19:53:26Z</time></trkpt><trkpt lat="34.037337" lon="-118.195597"><ele>89.622</ele><time>2020-10-04T19:53:27Z</time></trkpt><trkpt lat="34.037288" lon="-118.195506"><ele>88.808</ele><time>2020-10-04T19:53:28Z</time></trkpt><trkpt lat="34.037244" lon="-118.195403"><ele>88.369</ele><time>2020-10-04T19:53:29Z</time></trkpt><trkpt lat="34.037208" lon="-118.195315"><ele>87.831</ele><time>2020-10-04T19:53:30Z</time></trkpt><trkpt lat="34.037166" lon="-118.195214"><ele>87.233</ele><time>2020-10-04T19:53:31Z</time></trkpt><trkpt lat="34.037121" lon="-118.195121"><ele>86.923</ele><time>2020-10-04T19:53:32Z</time></trkpt><trkpt lat="34.037082" lon="-118.195021"><ele>86.550</ele><time>2020-10-04T19:53:33Z</time></trkpt><trkpt lat="34.037036" lon="-118.194936"><ele>86.212</ele><time>2020-10-04T19:53:34Z</time></trkpt><trkpt lat="34.036985" lon="-118.194850"><ele>86.044</ele><time>2020-10-04T19:53:35Z</time></trkpt><trkpt lat="34.036945" lon="-118.194759"><ele>85.930</ele><time>2020-10-04T19:53:36Z</time></trkpt><trkpt lat="34.036901" lon="-118.194675"><ele>85.843</ele><time>2020-10-04T19:53:37Z</time></trkpt><trkpt lat="34.036859" lon="-118.194594"><ele>85.764</ele><time>2020-10-04T19:53:38Z</time></trkpt><trkpt lat="34.036827" lon="-118.194512"><ele>85.710</ele><time>2020-10-04T19:53:39Z</time></trkpt><trkpt lat="34.036794" lon="-118.194441"><ele>85.608</ele><time>2020-10-04T19:53:40Z</time></trkpt><trkpt lat="34.036760" lon="-118.194362"><ele>85.479</ele><time>2020-10-04T19:53:41Z</time></trkpt><trkpt lat="34.036728" lon="-118.194284"><ele>85.481</ele><time>2020-10-04T19:53:42Z</time></trkpt><trkpt lat="34.036705" lon="-118.194209"><ele>85.463</ele><time>2020-10-04T19:53:43Z</time></trkpt><trkpt lat="34.036673" lon="-118.194131"><ele>85.693</ele><time>2020-10-04T19:53:44Z</time></trkpt><trkpt lat="34.036638" lon="-118.194048"><ele>85.940</ele><time>2020-10-04T19:53:45Z</time></trkpt><trkpt lat="34.036610" lon="-118.193980"><ele>86.282</ele><time>2020-10-04T19:53:46Z</time></trkpt><trkpt lat="34.036590" lon="-118.193899"><ele>86.494</ele><time>2020-10-04T19:53:47Z</time></trkpt><trkpt lat="34.036564" lon="-118.193829"><ele>86.990</ele><time>2020-10-04T19:53:48Z</time></trkpt><trkpt lat="34.036534" lon="-118.193755"><ele>87.183</ele><time>2020-10-04T19:53:49Z</time></trkpt><trkpt lat="34.036497" lon="-118.193693"><ele>87.325</ele><time>2020-10-04T19:53:50Z</time></trkpt><trkpt lat="34.036465" lon="-118.193611"><ele>87.617</ele><time>2020-10-04T19:53:51Z</time></trkpt><trkpt lat="34.036437" lon="-118.193537"><ele>87.808</ele><time>2020-10-04T19:53:52Z</time></trkpt><trkpt lat="34.036399" lon="-118.193464"><ele>88.053</ele><time>2020-10-04T19:53:53Z</time></trkpt><trkpt lat="34.036367" lon="-118.193388"><ele>88.325</ele><time>2020-10-04T19:53:54Z</time></trkpt><trkpt lat="34.036348" lon="-118.193324"><ele>88.617</ele><time>2020-10-04T19:53:55Z</time></trkpt><trkpt lat="34.036318" lon="-118.193238"><ele>88.887</ele><time>2020-10-04T19:53:56Z</time></trkpt><trkpt lat="34.036280" lon="-118.193177"><ele>89.044</ele><time>2020-10-04T19:53:57Z</time></trkpt><trkpt lat="34.036245" lon="-118.193126"><ele>89.266</ele><time>2020-10-04T19:53:58Z</time></trkpt><trkpt lat="34.036224" lon="-118.193063"><ele>89.338</ele><time>2020-10-04T19:53:59Z</time></trkpt><trkpt lat="34.036197" lon="-118.193007"><ele>89.514</ele><time>2020-10-04T19:54:00Z</time></trkpt><trkpt lat="34.036155" lon="-118.192926"><ele>89.838</ele><time>2020-10-04T19:54:02Z</time></trkpt><trkpt lat="34.036126" lon="-118.192878"><ele>90.170</ele><time>2020-10-04T19:54:04Z</time></trkpt><trkpt lat="34.036096" lon="-118.192838"><ele>89.817</ele><time>2020-10-04T19:54:30Z</time></trkpt><trkpt lat="34.036060" lon="-118.192778"><ele>89.908</ele><time>2020-10-04T19:54:32Z</time></trkpt><trkpt lat="34.036025" lon="-118.192698"><ele>90.198</ele><time>2020-10-04T19:54:34Z</time></trkpt><trkpt lat="34.035992" lon="-118.192596"><ele>90.560</ele><time>2020-10-04T19:54:36Z</time></trkpt><trkpt lat="34.035970" lon="-118.192546"><ele>90.752</ele><time>2020-10-04T19:54:37Z</time></trkpt><trkpt lat="34.035958" lon="-118.192489"><ele>90.942</ele><time>2020-10-04T19:54:38Z</time></trkpt><trkpt lat="34.035951" lon="-118.192427"><ele>91.239</ele><time>2020-10-04T19:54:39Z</time></trkpt><trkpt lat="34.035948" lon="-118.192364"><ele>91.321</ele><time>2020-10-04T19:54:40Z</time></trkpt><trkpt lat="34.035943" lon="-118.192288"><ele>91.613</ele><time>2020-10-04T19:54:41Z</time></trkpt><trkpt lat="34.035935" lon="-118.192224"><ele>91.719</ele><time>2020-10-04T19:54:42Z</time></trkpt><trkpt lat="34.035940" lon="-118.192148"><ele>91.857</ele><time>2020-10-04T19:54:43Z</time></trkpt><trkpt lat="34.035944" lon="-118.192073"><ele>91.800</ele><time>2020-10-04T19:54:44Z</time></trkpt><trkpt lat="34.035946" lon="-118.191995"><ele>91.920</ele><time>2020-10-04T19:54:45Z</time></trkpt><trkpt lat="34.035947" lon="-118.191929"><ele>92.108</ele><time>2020-10-04T19:54:46Z</time></trkpt><trkpt lat="34.035947" lon="-118.191856"><ele>92.320</ele><time>2020-10-04T19:54:47Z</time></trkpt><trkpt lat="34.035949" lon="-118.191774"><ele>92.452</ele><time>2020-10-04T19:54:48Z</time></trkpt><trkpt lat="34.035954" lon="-118.191697"><ele>92.554</ele><time>2020-10-04T19:54:49Z</time></trkpt><trkpt lat="34.035950" lon="-118.191628"><ele>92.534</ele><time>2020-10-04T19:54:50Z</time></trkpt><trkpt lat="34.035951" lon="-118.191556"><ele>92.531</ele><time>2020-10-04T19:54:51Z</time></trkpt><trkpt lat="34.035957" lon="-118.191479"><ele>92.533</ele><time>2020-10-04T19:54:52Z</time></trkpt><trkpt lat="34.035959" lon="-118.191404"><ele>92.695</ele><time>2020-10-04T19:54:53Z</time></trkpt><trkpt lat="34.035965" lon="-118.191318"><ele>92.721</ele><time>2020-10-04T19:54:54Z</time></trkpt><trkpt lat="34.035965" lon="-118.191231"><ele>92.877</ele><time>2020-10-04T19:54:55Z</time></trkpt><trkpt lat="34.035961" lon="-118.191148"><ele>92.861</ele><time>2020-10-04T19:54:56Z</time></trkpt><trkpt lat="34.035967" lon="-118.191071"><ele>92.827</ele><time>2020-10-04T19:54:57Z</time></trkpt><trkpt lat="34.035979" lon="-118.190993"><ele>92.908</ele><time>2020-10-04T19:54:58Z</time></trkpt><trkpt lat="34.035974" lon="-118.190915"><ele>92.912</ele><time>2020-10-04T19:54:59Z</time></trkpt><trkpt lat="34.035976" lon="-118.190837"><ele>93.064</ele><time>2020-10-04T19:55:00Z</time></trkpt><trkpt lat="34.035970" lon="-118.190753"><ele>93.186</ele><time>2020-10-04T19:55:01Z</time></trkpt><trkpt lat="34.035966" lon="-118.190664"><ele>93.236</ele><time>2020-10-04T19:55:02Z</time></trkpt><trkpt lat="34.035961" lon="-118.190574"><ele>93.243</ele><time>2020-10-04T19:55:03Z</time></trkpt><trkpt lat="34.035959" lon="-118.190486"><ele>93.225</ele><time>2020-10-04T19:55:04Z</time></trkpt><trkpt lat="34.035956" lon="-118.190407"><ele>93.217</ele><time>2020-10-04T19:55:05Z</time></trkpt><trkpt lat="34.035959" lon="-118.190327"><ele>93.153</ele><time>2020-10-04T19:55:06Z</time></trkpt><trkpt lat="34.035957" lon="-118.190238"><ele>93.142</ele><time>2020-10-04T19:55:07Z</time></trkpt><trkpt lat="34.035956" lon="-118.190151"><ele>93.122</ele><time>2020-10-04T19:55:08Z</time></trkpt><trkpt lat="34.035959" lon="-118.190076"><ele>93.214</ele><time>2020-10-04T19:55:09Z</time></trkpt><trkpt lat="34.035961" lon="-118.190002"><ele>93.308</ele><time>2020-10-04T19:55:10Z</time></trkpt><trkpt lat="34.035965" lon="-118.189919"><ele>93.329</ele><time>2020-10-04T19:55:11Z</time></trkpt><trkpt lat="34.035965" lon="-118.189833"><ele>93.371</ele><time>2020-10-04T19:55:12Z</time></trkpt><trkpt lat="34.035964" lon="-118.189752"><ele>93.363</ele><time>2020-10-04T19:55:13Z</time></trkpt><trkpt lat="34.035965" lon="-118.189670"><ele>93.353</ele><time>2020-10-04T19:55:14Z</time></trkpt><trkpt lat="34.035970" lon="-118.189589"><ele>93.380</ele><time>2020-10-04T19:55:15Z</time></trkpt><trkpt lat="34.035971" lon="-118.189507"><ele>93.232</ele><time>2020-10-04T19:55:16Z</time></trkpt><trkpt lat="34.035959" lon="-118.189426"><ele>93.244</ele><time>2020-10-04T19:55:17Z</time></trkpt><trkpt lat="34.035956" lon="-118.189337"><ele>93.260</ele><time>2020-10-04T19:55:18Z</time></trkpt><trkpt lat="34.035955" lon="-118.189258"><ele>93.127</ele><time>2020-10-04T19:55:19Z</time></trkpt><trkpt lat="34.035958" lon="-118.189179"><ele>93.168</ele><time>2020-10-04T19:55:20Z</time></trkpt><trkpt lat="34.035954" lon="-118.189100"><ele>93.214</ele><time>2020-10-04T19:55:21Z</time></trkpt><trkpt lat="34.035961" lon="-118.189013"><ele>93.208</ele><time>2020-10-04T19:55:22Z</time></trkpt><trkpt lat="34.035962" lon="-118.188935"><ele>93.257</ele><time>2020-10-04T19:55:23Z</time></trkpt><trkpt lat="34.035963" lon="-118.188862"><ele>93.259</ele><time>2020-10-04T19:55:24Z</time></trkpt><trkpt lat="34.035961" lon="-118.188796"><ele>93.261</ele><time>2020-10-04T19:55:25Z</time></trkpt><trkpt lat="34.035961" lon="-118.188716"><ele>92.811</ele><time>2020-10-04T19:55:26Z</time></trkpt><trkpt lat="34.035970" lon="-118.188643"><ele>92.768</ele><time>2020-10-04T19:55:27Z</time></trkpt><trkpt lat="34.035970" lon="-118.188570"><ele>92.590</ele><time>2020-10-04T19:55:28Z</time></trkpt><trkpt lat="34.035968" lon="-118.188497"><ele>92.372</ele><time>2020-10-04T19:55:29Z</time></trkpt><trkpt lat="34.035970" lon="-118.188429"><ele>92.278</ele><time>2020-10-04T19:55:30Z</time></trkpt><trkpt lat="34.035955" lon="-118.188361"><ele>92.225</ele><time>2020-10-04T19:55:31Z</time></trkpt><trkpt lat="34.035948" lon="-118.188300"><ele>92.126</ele><time>2020-10-04T19:55:32Z</time></trkpt><trkpt lat="34.035947" lon="-118.188238"><ele>92.108</ele><time>2020-10-04T19:55:33Z</time></trkpt><trkpt lat="34.035942" lon="-118.188178"><ele>92.008</ele><time>2020-10-04T19:55:34Z</time></trkpt><trkpt lat="34.035948" lon="-118.188115"><ele>91.997</ele><time>2020-10-04T19:55:35Z</time></trkpt><trkpt lat="34.035951" lon="-118.188047"><ele>91.849</ele><time>2020-10-04T19:55:36Z</time></trkpt><trkpt lat="34.035953" lon="-118.187986"><ele>91.891</ele><time>2020-10-04T19:55:37Z</time></trkpt><trkpt lat="34.035957" lon="-118.187919"><ele>91.811</ele><time>2020-10-04T19:55:38Z</time></trkpt><trkpt lat="34.035962" lon="-118.187854"><ele>92.088</ele><time>2020-10-04T19:55:39Z</time></trkpt><trkpt lat="34.035965" lon="-118.187777"><ele>92.130</ele><time>2020-10-04T19:55:40Z</time></trkpt><trkpt lat="34.035955" lon="-118.187702"><ele>92.282</ele><time>2020-10-04T19:55:41Z</time></trkpt><trkpt lat="34.035956" lon="-118.187620"><ele>92.348</ele><time>2020-10-04T19:55:42Z</time></trkpt><trkpt lat="34.035963" lon="-118.187544"><ele>92.317</ele><time>2020-10-04T19:55:43Z</time></trkpt><trkpt lat="34.035971" lon="-118.187471"><ele>92.287</ele><time>2020-10-04T19:55:44Z</time></trkpt><trkpt lat="34.035971" lon="-118.187398"><ele>92.215</ele><time>2020-10-04T19:55:45Z</time></trkpt><trkpt lat="34.035974" lon="-118.187324"><ele>92.208</ele><time>2020-10-04T19:55:46Z</time></trkpt><trkpt lat="34.035966" lon="-118.187240"><ele>92.236</ele><time>2020-10-04T19:55:47Z</time></trkpt><trkpt lat="34.035955" lon="-118.187172"><ele>92.218</ele><time>2020-10-04T19:55:48Z</time></trkpt><trkpt lat="34.035932" lon="-118.187108"><ele>92.130</ele><time>2020-10-04T19:55:49Z</time></trkpt><trkpt lat="34.035899" lon="-118.187064"><ele>92.130</ele><time>2020-10-04T19:55:50Z</time></trkpt><trkpt lat="34.035850" lon="-118.187038"><ele>92.137</ele><time>2020-10-04T19:55:51Z</time></trkpt><trkpt lat="34.035798" lon="-118.187035"><ele>92.179</ele><time>2020-10-04T19:55:52Z</time></trkpt><trkpt lat="34.035740" lon="-118.187034"><ele>92.191</ele><time>2020-10-04T19:55:53Z</time></trkpt><trkpt lat="34.035679" lon="-118.187038"><ele>92.277</ele><time>2020-10-04T19:55:54Z</time></trkpt><trkpt lat="34.035607" lon="-118.187038"><ele>92.379</ele><time>2020-10-04T19:55:55Z</time></trkpt><trkpt lat="34.035539" lon="-118.187039"><ele>92.405</ele><time>2020-10-04T19:55:56Z</time></trkpt><trkpt lat="34.035473" lon="-118.187046"><ele>92.425</ele><time>2020-10-04T19:55:57Z</time></trkpt><trkpt lat="34.035396" lon="-118.187049"><ele>92.408</ele><time>2020-10-04T19:55:58Z</time></trkpt><trkpt lat="34.035325" lon="-118.187049"><ele>92.472</ele><time>2020-10-04T19:55:59Z</time></trkpt><trkpt lat="34.035253" lon="-118.187046"><ele>92.474</ele><time>2020-10-04T19:56:00Z</time></trkpt><trkpt lat="34.035188" lon="-118.187045"><ele>92.476</ele><time>2020-10-04T19:56:01Z</time></trkpt><trkpt lat="34.035120" lon="-118.187045"><ele>92.426</ele><time>2020-10-04T19:56:02Z</time></trkpt><trkpt lat="34.035052" lon="-118.187045"><ele>92.393</ele><time>2020-10-04T19:56:03Z</time></trkpt><trkpt lat="34.034984" lon="-118.187047"><ele>92.395</ele><time>2020-10-04T19:56:04Z</time></trkpt><trkpt lat="34.034917" lon="-118.187048"><ele>92.267</ele><time>2020-10-04T19:56:05Z</time></trkpt><trkpt lat="34.034843" lon="-118.187050"><ele>92.233</ele><time>2020-10-04T19:56:06Z</time></trkpt><trkpt lat="34.034776" lon="-118.187052"><ele>92.285</ele><time>2020-10-04T19:56:07Z</time></trkpt><trkpt lat="34.034707" lon="-118.187050"><ele>92.389</ele><time>2020-10-04T19:56:08Z</time></trkpt><trkpt lat="34.034635" lon="-118.187042"><ele>92.317</ele><time>2020-10-04T19:56:09Z</time></trkpt><trkpt lat="34.034562" lon="-118.187041"><ele>92.308</ele><time>2020-10-04T19:56:10Z</time></trkpt><trkpt lat="34.034494" lon="-118.187038"><ele>92.273</ele><time>2020-10-04T19:56:11Z</time></trkpt><trkpt lat="34.034424" lon="-118.187027"><ele>92.175</ele><time>2020-10-04T19:56:12Z</time></trkpt><trkpt lat="34.034348" lon="-118.187027"><ele>92.097</ele><time>2020-10-04T19:56:13Z</time></trkpt><trkpt lat="34.034276" lon="-118.187029"><ele>91.917</ele><time>2020-10-04T19:56:14Z</time></trkpt><trkpt lat="34.034206" lon="-118.187028"><ele>91.944</ele><time>2020-10-04T19:56:15Z</time></trkpt><trkpt lat="34.034135" lon="-118.187029"><ele>91.926</ele><time>2020-10-04T19:56:16Z</time></trkpt><trkpt lat="34.034066" lon="-118.187030"><ele>91.838</ele><time>2020-10-04T19:56:17Z</time></trkpt><trkpt lat="34.033998" lon="-118.187026"><ele>91.844</ele><time>2020-10-04T19:56:18Z</time></trkpt><trkpt lat="34.033928" lon="-118.187026"><ele>91.798</ele><time>2020-10-04T19:56:19Z</time></trkpt><trkpt lat="34.033859" lon="-118.187025"><ele>91.715</ele><time>2020-10-04T19:56:20Z</time></trkpt><trkpt lat="34.033785" lon="-118.187024"><ele>91.526</ele><time>2020-10-04T19:56:21Z</time></trkpt><trkpt lat="34.033707" lon="-118.187032"><ele>91.508</ele><time>2020-10-04T19:56:22Z</time></trkpt><trkpt lat="34.033637" lon="-118.187028"><ele>91.244</ele><time>2020-10-04T19:56:23Z</time></trkpt><trkpt lat="34.033561" lon="-118.187025"><ele>91.036</ele><time>2020-10-04T19:56:24Z</time></trkpt><trkpt lat="34.033497" lon="-118.187023"><ele>90.938</ele><time>2020-10-04T19:56:25Z</time></trkpt><trkpt lat="34.033433" lon="-118.187023"><ele>90.778</ele><time>2020-10-04T19:56:26Z</time></trkpt><trkpt lat="34.033359" lon="-118.187001"><ele>90.545</ele><time>2020-10-04T19:56:27Z</time></trkpt><trkpt lat="34.033293" lon="-118.186956"><ele>90.367</ele><time>2020-10-04T19:56:28Z</time></trkpt><trkpt lat="34.033243" lon="-118.186894"><ele>90.189</ele><time>2020-10-04T19:56:29Z</time></trkpt><trkpt lat="34.033210" lon="-118.186830"><ele>90.125</ele><time>2020-10-04T19:56:30Z</time></trkpt><trkpt lat="34.033208" lon="-118.186751"><ele>90.132</ele><time>2020-10-04T19:56:31Z</time></trkpt><trkpt lat="34.033209" lon="-118.186662"><ele>90.092</ele><time>2020-10-04T19:56:32Z</time></trkpt><trkpt lat="34.033206" lon="-118.186576"><ele>90.011</ele><time>2020-10-04T19:56:33Z</time></trkpt><trkpt lat="34.033203" lon="-118.186487"><ele>90.008</ele><time>2020-10-04T19:56:34Z</time></trkpt><trkpt lat="34.033212" lon="-118.186397"><ele>89.978</ele><time>2020-10-04T19:56:35Z</time></trkpt><trkpt lat="34.033210" lon="-118.186304"><ele>89.830</ele><time>2020-10-04T19:56:36Z</time></trkpt><trkpt lat="34.033211" lon="-118.186226"><ele>89.872</ele><time>2020-10-04T19:56:37Z</time></trkpt><trkpt lat="34.033213" lon="-118.186133"><ele>89.872</ele><time>2020-10-04T19:56:38Z</time></trkpt><trkpt lat="34.033217" lon="-118.186042"><ele>89.719</ele><time>2020-10-04T19:56:39Z</time></trkpt><trkpt lat="34.033215" lon="-118.185966"><ele>89.581</ele><time>2020-10-04T19:56:40Z</time></trkpt><trkpt lat="34.033215" lon="-118.185883"><ele>89.343</ele><time>2020-10-04T19:56:41Z</time></trkpt><trkpt lat="34.033212" lon="-118.185808"><ele>89.269</ele><time>2020-10-04T19:56:42Z</time></trkpt><trkpt lat="34.033211" lon="-118.185731"><ele>89.166</ele><time>2020-10-04T19:56:43Z</time></trkpt><trkpt lat="34.033211" lon="-118.185660"><ele>88.829</ele><time>2020-10-04T19:56:44Z</time></trkpt><trkpt lat="34.033208" lon="-118.185593"><ele>88.721</ele><time>2020-10-04T19:56:45Z</time></trkpt><trkpt lat="34.033204" lon="-118.185538"><ele>88.508</ele><time>2020-10-04T19:56:46Z</time></trkpt><trkpt lat="34.033202" lon="-118.185480"><ele>88.331</ele><time>2020-10-04T19:56:47Z</time></trkpt><trkpt lat="34.033194" lon="-118.185419"><ele>88.283</ele><time>2020-10-04T19:56:48Z</time></trkpt><trkpt lat="34.033189" lon="-118.185355"><ele>88.165</ele><time>2020-10-04T19:56:49Z</time></trkpt><trkpt lat="34.033191" lon="-118.185284"><ele>88.155</ele><time>2020-10-04T19:56:50Z</time></trkpt><trkpt lat="34.033191" lon="-118.185211"><ele>88.162</ele><time>2020-10-04T19:56:51Z</time></trkpt><trkpt lat="34.033194" lon="-118.185134"><ele>88.114</ele><time>2020-10-04T19:56:52Z</time></trkpt><trkpt lat="34.033192" lon="-118.185052"><ele>88.186</ele><time>2020-10-04T19:56:53Z</time></trkpt><trkpt lat="34.033193" lon="-118.184967"><ele>88.162</ele><time>2020-10-04T19:56:54Z</time></trkpt><trkpt lat="34.033189" lon="-118.184888"><ele>88.152</ele><time>2020-10-04T19:56:55Z</time></trkpt><trkpt lat="34.033186" lon="-118.184810"><ele>88.053</ele><time>2020-10-04T19:56:56Z</time></trkpt><trkpt lat="34.033192" lon="-118.184740"><ele>87.908</ele><time>2020-10-04T19:56:57Z</time></trkpt><trkpt lat="34.033198" lon="-118.184650"><ele>87.908</ele><time>2020-10-04T19:56:58Z</time></trkpt><trkpt lat="34.033203" lon="-118.184566"><ele>87.970</ele><time>2020-10-04T19:56:59Z</time></trkpt><trkpt lat="34.033210" lon="-118.184478"><ele>87.932</ele><time>2020-10-04T19:57:00Z</time></trkpt><trkpt lat="34.033217" lon="-118.184387"><ele>87.854</ele><time>2020-10-04T19:57:01Z</time></trkpt><trkpt lat="34.033211" lon="-118.184300"><ele>87.644</ele><time>2020-10-04T19:57:02Z</time></trkpt><trkpt lat="34.033221" lon="-118.184211"><ele>87.591</ele><time>2020-10-04T19:57:03Z</time></trkpt><trkpt lat="34.033222" lon="-118.184120"><ele>87.233</ele><time>2020-10-04T19:57:04Z</time></trkpt><trkpt lat="34.033228" lon="-118.184033"><ele>87.065</ele><time>2020-10-04T19:57:05Z</time></trkpt><trkpt lat="34.033225" lon="-118.183936"><ele>86.851</ele><time>2020-10-04T19:57:06Z</time></trkpt><trkpt lat="34.033226" lon="-118.183831"><ele>86.521</ele><time>2020-10-04T19:57:07Z</time></trkpt><trkpt lat="34.033222" lon="-118.183724"><ele>86.241</ele><time>2020-10-04T19:57:08Z</time></trkpt><trkpt lat="34.033218" lon="-118.183625"><ele>85.905</ele><time>2020-10-04T19:57:09Z</time></trkpt><trkpt lat="34.033220" lon="-118.183516"><ele>85.508</ele><time>2020-10-04T19:57:10Z</time></trkpt><trkpt lat="34.033219" lon="-118.183405"><ele>85.277</ele><time>2020-10-04T19:57:11Z</time></trkpt><trkpt lat="34.033222" lon="-118.183288"><ele>84.959</ele><time>2020-10-04T19:57:12Z</time></trkpt><trkpt lat="34.033222" lon="-118.183171"><ele>84.561</ele><time>2020-10-04T19:57:13Z</time></trkpt><trkpt lat="34.033226" lon="-118.183052"><ele>84.121</ele><time>2020-10-04T19:57:14Z</time></trkpt><trkpt lat="34.033232" lon="-118.182928"><ele>83.688</ele><time>2020-10-04T19:57:15Z</time></trkpt><trkpt lat="34.033230" lon="-118.182805"><ele>83.250</ele><time>2020-10-04T19:57:16Z</time></trkpt><trkpt lat="34.033237" lon="-118.182674"><ele>82.722</ele><time>2020-10-04T19:57:17Z</time></trkpt><trkpt lat="34.033229" lon="-118.182554"><ele>82.278</ele><time>2020-10-04T19:57:18Z</time></trkpt><trkpt lat="34.033231" lon="-118.182426"><ele>81.686</ele><time>2020-10-04T19:57:19Z</time></trkpt><trkpt lat="34.033227" lon="-118.182293"><ele>81.060</ele><time>2020-10-04T19:57:20Z</time></trkpt><trkpt lat="34.033228" lon="-118.182159"><ele>79.426</ele><time>2020-10-04T19:57:21Z</time></trkpt><trkpt lat="34.033228" lon="-118.182023"><ele>78.408</ele><time>2020-10-04T19:57:22Z</time></trkpt><trkpt lat="34.033227" lon="-118.181886"><ele>77.623</ele><time>2020-10-04T19:57:23Z</time></trkpt><trkpt lat="34.033230" lon="-118.181737"><ele>77.015</ele><time>2020-10-04T19:57:24Z</time></trkpt><trkpt lat="34.033235" lon="-118.181583"><ele>76.427</ele><time>2020-10-04T19:57:25Z</time></trkpt><trkpt lat="34.033230" lon="-118.181446"><ele>75.927</ele><time>2020-10-04T19:57:26Z</time></trkpt><trkpt lat="34.033231" lon="-118.181304"><ele>75.624</ele><time>2020-10-04T19:57:27Z</time></trkpt><trkpt lat="34.033229" lon="-118.181160"><ele>75.256</ele><time>2020-10-04T19:57:28Z</time></trkpt><trkpt lat="34.033226" lon="-118.181018"><ele>74.758</ele><time>2020-10-04T19:57:29Z</time></trkpt><trkpt lat="34.033231" lon="-118.180869"><ele>74.194</ele><time>2020-10-04T19:57:30Z</time></trkpt><trkpt lat="34.033251" lon="-118.180742"><ele>73.486</ele><time>2020-10-04T19:57:31Z</time></trkpt><trkpt lat="34.033257" lon="-118.180600"><ele>72.860</ele><time>2020-10-04T19:57:32Z</time></trkpt><trkpt lat="34.033271" lon="-118.180483"><ele>72.226</ele><time>2020-10-04T19:57:33Z</time></trkpt><trkpt lat="34.033236" lon="-118.180402"><ele>71.608</ele><time>2020-10-04T19:57:34Z</time></trkpt><trkpt lat="34.033261" lon="-118.180300"><ele>70.413</ele><time>2020-10-04T19:57:37Z</time></trkpt><trkpt lat="34.033208" lon="-118.180320"><ele>69.695</ele><time>2020-10-04T19:58:06Z</time></trkpt><trkpt lat="34.033198" lon="-118.180258"><ele>69.627</ele><time>2020-10-04T19:58:10Z</time></trkpt><trkpt lat="34.033207" lon="-118.180169"><ele>69.667</ele><time>2020-10-04T19:58:12Z</time></trkpt><trkpt lat="34.033210" lon="-118.180111"><ele>69.744</ele><time>2020-10-04T19:58:13Z</time></trkpt><trkpt lat="34.033214" lon="-118.180056"><ele>69.866</ele><time>2020-10-04T19:58:14Z</time></trkpt><trkpt lat="34.033222" lon="-118.179997"><ele>69.948</ele><time>2020-10-04T19:58:15Z</time></trkpt><trkpt lat="34.033229" lon="-118.179928"><ele>70.124</ele><time>2020-10-04T19:58:16Z</time></trkpt><trkpt lat="34.033230" lon="-118.179867"><ele>70.339</ele><time>2020-10-04T19:58:17Z</time></trkpt><trkpt lat="34.033229" lon="-118.179798"><ele>70.401</ele><time>2020-10-04T19:58:18Z</time></trkpt><trkpt lat="34.033230" lon="-118.179730"><ele>70.621</ele><time>2020-10-04T19:58:19Z</time></trkpt><trkpt lat="34.033236" lon="-118.179660"><ele>70.808</ele><time>2020-10-04T19:58:20Z</time></trkpt><trkpt lat="34.033240" lon="-118.179586"><ele>71.018</ele><time>2020-10-04T19:58:21Z</time></trkpt><trkpt lat="34.033242" lon="-118.179515"><ele>71.210</ele><time>2020-10-04T19:58:22Z</time></trkpt><trkpt lat="34.033235" lon="-118.179439"><ele>71.472</ele><time>2020-10-04T19:58:23Z</time></trkpt><trkpt lat="34.033234" lon="-118.179372"><ele>71.542</ele><time>2020-10-04T19:58:24Z</time></trkpt><trkpt lat="34.033241" lon="-118.179304"><ele>71.769</ele><time>2020-10-04T19:58:25Z</time></trkpt><trkpt lat="34.033246" lon="-118.179233"><ele>71.841</ele><time>2020-10-04T19:58:26Z</time></trkpt><trkpt lat="34.033244" lon="-118.179163"><ele>72.083</ele><time>2020-10-04T19:58:27Z</time></trkpt><trkpt lat="34.033244" lon="-118.179101"><ele>72.249</ele><time>2020-10-04T19:58:28Z</time></trkpt><trkpt lat="34.033244" lon="-118.179038"><ele>72.428</ele><time>2020-10-04T19:58:29Z</time></trkpt><trkpt lat="34.033247" lon="-118.178979"><ele>72.789</ele><time>2020-10-04T19:58:30Z</time></trkpt><trkpt lat="34.033252" lon="-118.178915"><ele>73.017</ele><time>2020-10-04T19:58:31Z</time></trkpt><trkpt lat="34.033251" lon="-118.178851"><ele>73.308</ele><time>2020-10-04T19:58:32Z</time></trkpt><trkpt lat="34.033252" lon="-118.178788"><ele>73.797</ele><time>2020-10-04T19:58:33Z</time></trkpt><trkpt lat="34.033250" lon="-118.178718"><ele>74.069</ele><time>2020-10-04T19:58:34Z</time></trkpt><trkpt lat="34.033253" lon="-118.178656"><ele>74.361</ele><time>2020-10-04T19:58:35Z</time></trkpt><trkpt lat="34.033253" lon="-118.178596"><ele>74.661</ele><time>2020-10-04T19:58:36Z</time></trkpt><trkpt lat="34.033260" lon="-118.178530"><ele>74.928</ele><time>2020-10-04T19:58:37Z</time></trkpt><trkpt lat="34.033254" lon="-118.178468"><ele>75.290</ele><time>2020-10-04T19:58:38Z</time></trkpt><trkpt lat="34.033254" lon="-118.178404"><ele>75.532</ele><time>2020-10-04T19:58:39Z</time></trkpt><trkpt lat="34.033251" lon="-118.178349"><ele>76.318</ele><time>2020-10-04T19:58:40Z</time></trkpt><trkpt lat="34.033256" lon="-118.178276"><ele>76.736</ele><time>2020-10-04T19:58:41Z</time></trkpt><trkpt lat="34.033248" lon="-118.178215"><ele>77.117</ele><time>2020-10-04T19:58:42Z</time></trkpt><trkpt lat="34.033254" lon="-118.178150"><ele>77.518</ele><time>2020-10-04T19:58:43Z</time></trkpt><trkpt lat="34.033256" lon="-118.178090"><ele>77.908</ele><time>2020-10-04T19:58:44Z</time></trkpt><trkpt lat="34.033257" lon="-118.178025"><ele>78.318</ele><time>2020-10-04T19:58:45Z</time></trkpt><trkpt lat="34.033263" lon="-118.177959"><ele>78.780</ele><time>2020-10-04T19:58:46Z</time></trkpt><trkpt lat="34.033262" lon="-118.177891"><ele>79.112</ele><time>2020-10-04T19:58:47Z</time></trkpt><trkpt lat="34.033267" lon="-118.177823"><ele>79.562</ele><time>2020-10-04T19:58:48Z</time></trkpt><trkpt lat="34.033270" lon="-118.177762"><ele>79.959</ele><time>2020-10-04T19:58:49Z</time></trkpt><trkpt lat="34.033271" lon="-118.177698"><ele>80.391</ele><time>2020-10-04T19:58:50Z</time></trkpt><trkpt lat="34.033275" lon="-118.177635"><ele>80.723</ele><time>2020-10-04T19:58:51Z</time></trkpt><trkpt lat="34.033270" lon="-118.177565"><ele>81.159</ele><time>2020-10-04T19:58:52Z</time></trkpt><trkpt lat="34.033272" lon="-118.177500"><ele>81.583</ele><time>2020-10-04T19:58:53Z</time></trkpt><trkpt lat="34.033271" lon="-118.177432"><ele>81.925</ele><time>2020-10-04T19:58:54Z</time></trkpt><trkpt lat="34.033270" lon="-118.177367"><ele>82.317</ele><time>2020-10-04T19:58:55Z</time></trkpt><trkpt lat="34.033267" lon="-118.177302"><ele>82.708</ele><time>2020-10-04T19:58:56Z</time></trkpt><trkpt lat="34.033275" lon="-118.177244"><ele>83.193</ele><time>2020-10-04T19:58:57Z</time></trkpt><trkpt lat="34.033274" lon="-118.177184"><ele>83.425</ele><time>2020-10-04T19:58:58Z</time></trkpt><trkpt lat="34.033275" lon="-118.177125"><ele>83.717</ele><time>2020-10-04T19:58:59Z</time></trkpt><trkpt lat="34.033270" lon="-118.177016"><ele>84.797</ele><time>2020-10-04T19:59:01Z</time></trkpt><trkpt lat="34.033273" lon="-118.176958"><ele>85.024</ele><time>2020-10-04T19:59:02Z</time></trkpt><trkpt lat="34.033269" lon="-118.176903"><ele>85.336</ele><time>2020-10-04T19:59:03Z</time></trkpt><trkpt lat="34.033276" lon="-118.176849"><ele>85.648</ele><time>2020-10-04T19:59:04Z</time></trkpt><trkpt lat="34.033271" lon="-118.176792"><ele>85.974</ele><time>2020-10-04T19:59:05Z</time></trkpt><trkpt lat="34.033268" lon="-118.176735"><ele>86.112</ele><time>2020-10-04T19:59:06Z</time></trkpt><trkpt lat="34.033268" lon="-118.176627"><ele>86.632</ele><time>2020-10-04T19:59:08Z</time></trkpt><trkpt lat="34.033266" lon="-118.176572"><ele>86.805</ele><time>2020-10-04T19:59:09Z</time></trkpt><trkpt lat="34.033266" lon="-118.176518"><ele>87.008</ele><time>2020-10-04T19:59:10Z</time></trkpt><trkpt lat="34.033265" lon="-118.176463"><ele>87.286</ele><time>2020-10-04T19:59:11Z</time></trkpt><trkpt lat="34.033258" lon="-118.176356"><ele>87.648</ele><time>2020-10-04T19:59:13Z</time></trkpt><trkpt lat="34.033258" lon="-118.176252"><ele>87.930</ele><time>2020-10-04T19:59:15Z</time></trkpt><trkpt lat="34.033254" lon="-118.176156"><ele>88.260</ele><time>2020-10-04T19:59:17Z</time></trkpt><trkpt lat="34.033255" lon="-118.176056"><ele>88.587</ele><time>2020-10-04T19:59:19Z</time></trkpt><trkpt lat="34.033259" lon="-118.175954"><ele>88.819</ele><time>2020-10-04T19:59:21Z</time></trkpt><trkpt lat="34.033265" lon="-118.175851"><ele>89.021</ele><time>2020-10-04T19:59:23Z</time></trkpt><trkpt lat="34.033265" lon="-118.175736"><ele>89.147</ele><time>2020-10-04T19:59:25Z</time></trkpt><trkpt lat="34.033270" lon="-118.175680"><ele>89.125</ele><time>2020-10-04T19:59:26Z</time></trkpt><trkpt lat="34.033276" lon="-118.175573"><ele>89.226</ele><time>2020-10-04T19:59:28Z</time></trkpt><trkpt lat="34.033263" lon="-118.175497"><ele>89.208</ele><time>2020-10-04T19:59:29Z</time></trkpt><trkpt lat="34.033265" lon="-118.175437"><ele>89.208</ele><time>2020-10-04T19:59:30Z</time></trkpt><trkpt lat="34.033270" lon="-118.175376"><ele>89.217</ele><time>2020-10-04T19:59:31Z</time></trkpt><trkpt lat="34.033270" lon="-118.175316"><ele>89.299</ele><time>2020-10-04T19:59:32Z</time></trkpt><trkpt lat="34.033279" lon="-118.175255"><ele>89.211</ele><time>2020-10-04T19:59:33Z</time></trkpt><trkpt lat="34.033278" lon="-118.175199"><ele>89.261</ele><time>2020-10-04T19:59:34Z</time></trkpt><trkpt lat="34.033277" lon="-118.175143"><ele>89.258</ele><time>2020-10-04T19:59:35Z</time></trkpt><trkpt lat="34.033275" lon="-118.175080"><ele>89.220</ele><time>2020-10-04T19:59:36Z</time></trkpt><trkpt lat="34.033277" lon="-118.174975"><ele>89.222</ele><time>2020-10-04T19:59:38Z</time></trkpt><trkpt lat="34.033277" lon="-118.174915"><ele>89.288</ele><time>2020-10-04T19:59:39Z</time></trkpt><trkpt lat="34.033275" lon="-118.174856"><ele>89.228</ele><time>2020-10-04T19:59:40Z</time></trkpt><trkpt lat="34.033271" lon="-118.174795"><ele>89.289</ele><time>2020-10-04T19:59:41Z</time></trkpt><trkpt lat="34.033276" lon="-118.174730"><ele>89.217</ele><time>2020-10-04T19:59:42Z</time></trkpt><trkpt lat="34.033279" lon="-118.174671"><ele>89.208</ele><time>2020-10-04T19:59:43Z</time></trkpt><trkpt lat="34.033283" lon="-118.174611"><ele>89.177</ele><time>2020-10-04T19:59:44Z</time></trkpt><trkpt lat="34.033286" lon="-118.174556"><ele>89.199</ele><time>2020-10-04T19:59:45Z</time></trkpt><trkpt lat="34.033288" lon="-118.174492"><ele>89.151</ele><time>2020-10-04T19:59:46Z</time></trkpt><trkpt lat="34.033290" lon="-118.174431"><ele>89.061</ele><time>2020-10-04T19:59:47Z</time></trkpt><trkpt lat="34.033283" lon="-118.174374"><ele>88.958</ele><time>2020-10-04T19:59:48Z</time></trkpt><trkpt lat="34.033287" lon="-118.174313"><ele>88.830</ele><time>2020-10-04T19:59:49Z</time></trkpt><trkpt lat="34.033286" lon="-118.174240"><ele>88.722</ele><time>2020-10-04T19:59:50Z</time></trkpt><trkpt lat="34.033283" lon="-118.174164"><ele>88.668</ele><time>2020-10-04T19:59:51Z</time></trkpt><trkpt lat="34.033277" lon="-118.174086"><ele>88.523</ele><time>2020-10-04T19:59:52Z</time></trkpt><trkpt lat="34.033272" lon="-118.174015"><ele>88.483</ele><time>2020-10-04T19:59:53Z</time></trkpt><trkpt lat="34.033260" lon="-118.173940"><ele>88.411</ele><time>2020-10-04T19:59:54Z</time></trkpt><trkpt lat="34.033255" lon="-118.173867"><ele>88.308</ele><time>2020-10-04T19:59:55Z</time></trkpt><trkpt lat="34.033254" lon="-118.173783"><ele>88.247</ele><time>2020-10-04T19:59:56Z</time></trkpt><trkpt lat="34.033237" lon="-118.173706"><ele>88.149</ele><time>2020-10-04T19:59:57Z</time></trkpt><trkpt lat="34.033233" lon="-118.173616"><ele>87.911</ele><time>2020-10-04T19:59:58Z</time></trkpt><trkpt lat="34.033238" lon="-118.173531"><ele>87.541</ele><time>2020-10-04T19:59:59Z</time></trkpt><trkpt lat="34.033235" lon="-118.173440"><ele>87.358</ele><time>2020-10-04T20:00:00Z</time></trkpt><trkpt lat="34.033226" lon="-118.173340"><ele>87.150</ele><time>2020-10-04T20:00:01Z</time></trkpt><trkpt lat="34.033220" lon="-118.173250"><ele>86.952</ele><time>2020-10-04T20:00:02Z</time></trkpt><trkpt lat="34.033209" lon="-118.173163"><ele>86.718</ele><time>2020-10-04T20:00:03Z</time></trkpt><trkpt lat="34.033206" lon="-118.173072"><ele>86.539</ele><time>2020-10-04T20:00:04Z</time></trkpt><trkpt lat="34.033209" lon="-118.172987"><ele>86.401</ele><time>2020-10-04T20:00:05Z</time></trkpt><trkpt lat="34.033209" lon="-118.172900"><ele>86.221</ele><time>2020-10-04T20:00:06Z</time></trkpt><trkpt lat="34.033208" lon="-118.172805"><ele>86.008</ele><time>2020-10-04T20:00:07Z</time></trkpt><trkpt lat="34.033198" lon="-118.172706"><ele>85.868</ele><time>2020-10-04T20:00:08Z</time></trkpt><trkpt lat="34.033198" lon="-118.172606"><ele>85.670</ele><time>2020-10-04T20:00:09Z</time></trkpt><trkpt lat="34.033201" lon="-118.172508"><ele>85.532</ele><time>2020-10-04T20:00:10Z</time></trkpt><trkpt lat="34.033198" lon="-118.172420"><ele>85.592</ele><time>2020-10-04T20:00:11Z</time></trkpt><trkpt lat="34.033193" lon="-118.172330"><ele>85.579</ele><time>2020-10-04T20:00:12Z</time></trkpt><trkpt lat="34.033189" lon="-118.172241"><ele>85.621</ele><time>2020-10-04T20:00:13Z</time></trkpt><trkpt lat="34.033188" lon="-118.172148"><ele>85.793</ele><time>2020-10-04T20:00:14Z</time></trkpt><trkpt lat="34.033185" lon="-118.172060"><ele>85.719</ele><time>2020-10-04T20:00:15Z</time></trkpt><trkpt lat="34.033184" lon="-118.171977"><ele>85.811</ele><time>2020-10-04T20:00:16Z</time></trkpt><trkpt lat="34.033192" lon="-118.171884"><ele>85.921</ele><time>2020-10-04T20:00:17Z</time></trkpt><trkpt lat="34.033189" lon="-118.171805"><ele>86.003</ele><time>2020-10-04T20:00:18Z</time></trkpt><trkpt lat="34.033198" lon="-118.171721"><ele>86.108</ele><time>2020-10-04T20:00:19Z</time></trkpt><trkpt lat="34.033199" lon="-118.171637"><ele>86.196</ele><time>2020-10-04T20:00:20Z</time></trkpt><trkpt lat="34.033195" lon="-118.171552"><ele>86.268</ele><time>2020-10-04T20:00:21Z</time></trkpt><trkpt lat="34.033190" lon="-118.171473"><ele>86.480</ele><time>2020-10-04T20:00:22Z</time></trkpt><trkpt lat="34.033185" lon="-118.171397"><ele>86.660</ele><time>2020-10-04T20:00:23Z</time></trkpt><trkpt lat="34.033185" lon="-118.171319"><ele>86.877</ele><time>2020-10-04T20:00:24Z</time></trkpt><trkpt lat="34.033184" lon="-118.171244"><ele>86.929</ele><time>2020-10-04T20:00:25Z</time></trkpt><trkpt lat="34.033182" lon="-118.171162"><ele>87.021</ele><time>2020-10-04T20:00:26Z</time></trkpt><trkpt lat="34.033179" lon="-118.171084"><ele>87.077</ele><time>2020-10-04T20:00:27Z</time></trkpt><trkpt lat="34.033184" lon="-118.170998"><ele>87.141</ele><time>2020-10-04T20:00:28Z</time></trkpt><trkpt lat="34.033181" lon="-118.170909"><ele>87.281</ele><time>2020-10-04T20:00:29Z</time></trkpt><trkpt lat="34.033176" lon="-118.170826"><ele>87.309</ele><time>2020-10-04T20:00:30Z</time></trkpt><trkpt lat="34.033178" lon="-118.170744"><ele>87.408</ele><time>2020-10-04T20:00:31Z</time></trkpt><trkpt lat="34.033176" lon="-118.170660"><ele>87.459</ele><time>2020-10-04T20:00:32Z</time></trkpt><trkpt lat="34.033175" lon="-118.170579"><ele>87.471</ele><time>2020-10-04T20:00:33Z</time></trkpt><trkpt lat="34.033178" lon="-118.170498"><ele>87.383</ele><time>2020-10-04T20:00:34Z</time></trkpt><trkpt lat="34.033179" lon="-118.170413"><ele>87.343</ele><time>2020-10-04T20:00:35Z</time></trkpt><trkpt lat="34.033186" lon="-118.170331"><ele>87.260</ele><time>2020-10-04T20:00:36Z</time></trkpt><trkpt lat="34.033184" lon="-118.170250"><ele>87.132</ele><time>2020-10-04T20:00:37Z</time></trkpt><trkpt lat="34.033187" lon="-118.170163"><ele>87.034</ele><time>2020-10-04T20:00:38Z</time></trkpt><trkpt lat="34.033190" lon="-118.170082"><ele>86.920</ele><time>2020-10-04T20:00:39Z</time></trkpt><trkpt lat="34.033194" lon="-118.169997"><ele>86.789</ele><time>2020-10-04T20:00:40Z</time></trkpt><trkpt lat="34.033199" lon="-118.169923"><ele>86.606</ele><time>2020-10-04T20:00:41Z</time></trkpt><trkpt lat="34.033193" lon="-118.169842"><ele>86.426</ele><time>2020-10-04T20:00:42Z</time></trkpt><trkpt lat="34.033194" lon="-118.169763"><ele>86.308</ele><time>2020-10-04T20:00:43Z</time></trkpt><trkpt lat="34.033193" lon="-118.169684"><ele>86.373</ele><time>2020-10-04T20:00:44Z</time></trkpt><trkpt lat="34.033199" lon="-118.169607"><ele>86.215</ele><time>2020-10-04T20:00:45Z</time></trkpt><trkpt lat="34.033202" lon="-118.169537"><ele>86.197</ele><time>2020-10-04T20:00:46Z</time></trkpt><trkpt lat="34.033208" lon="-118.169475"><ele>85.997</ele><time>2020-10-04T20:00:47Z</time></trkpt><trkpt lat="34.033196" lon="-118.169410"><ele>85.754</ele><time>2020-10-04T20:00:48Z</time></trkpt><trkpt lat="34.033177" lon="-118.169351"><ele>85.556</ele><time>2020-10-04T20:00:49Z</time></trkpt><trkpt lat="34.033146" lon="-118.169312"><ele>85.378</ele><time>2020-10-04T20:00:50Z</time></trkpt><trkpt lat="34.033102" lon="-118.169284"><ele>85.134</ele><time>2020-10-04T20:00:51Z</time></trkpt><trkpt lat="34.033051" lon="-118.169275"><ele>85.085</ele><time>2020-10-04T20:00:52Z</time></trkpt><trkpt lat="34.032988" lon="-118.169264"><ele>84.989</ele><time>2020-10-04T20:00:53Z</time></trkpt><trkpt lat="34.032918" lon="-118.169262"><ele>84.917</ele><time>2020-10-04T20:00:54Z</time></trkpt><trkpt lat="34.032849" lon="-118.169256"><ele>84.908</ele><time>2020-10-04T20:00:55Z</time></trkpt><trkpt lat="34.032772" lon="-118.169251"><ele>84.933</ele><time>2020-10-04T20:00:56Z</time></trkpt><trkpt lat="34.032699" lon="-118.169242"><ele>84.815</ele><time>2020-10-04T20:00:57Z</time></trkpt><trkpt lat="34.032626" lon="-118.169231"><ele>84.627</ele><time>2020-10-04T20:00:58Z</time></trkpt><trkpt lat="34.032555" lon="-118.169223"><ele>84.517</ele><time>2020-10-04T20:00:59Z</time></trkpt><trkpt lat="34.032472" lon="-118.169211"><ele>84.444</ele><time>2020-10-04T20:01:00Z</time></trkpt><trkpt lat="34.032390" lon="-118.169200"><ele>84.386</ele><time>2020-10-04T20:01:01Z</time></trkpt><trkpt lat="34.032315" lon="-118.169193"><ele>84.268</ele><time>2020-10-04T20:01:02Z</time></trkpt><trkpt lat="34.032235" lon="-118.169186"><ele>84.194</ele><time>2020-10-04T20:01:03Z</time></trkpt><trkpt lat="34.032157" lon="-118.169187"><ele>83.965</ele><time>2020-10-04T20:01:04Z</time></trkpt><trkpt lat="34.032077" lon="-118.169185"><ele>83.868</ele><time>2020-10-04T20:01:05Z</time></trkpt><trkpt lat="34.032002" lon="-118.169181"><ele>83.714</ele><time>2020-10-04T20:01:06Z</time></trkpt><trkpt lat="34.031922" lon="-118.169166"><ele>83.608</ele><time>2020-10-04T20:01:07Z</time></trkpt><trkpt lat="34.031838" lon="-118.169156"><ele>83.591</ele><time>2020-10-04T20:01:08Z</time></trkpt><trkpt lat="34.031759" lon="-118.169156"><ele>83.353</ele><time>2020-10-04T20:01:09Z</time></trkpt><trkpt lat="34.031671" lon="-118.169165"><ele>83.275</ele><time>2020-10-04T20:01:10Z</time></trkpt><trkpt lat="34.031584" lon="-118.169173"><ele>83.155</ele><time>2020-10-04T20:01:11Z</time></trkpt><trkpt lat="34.031500" lon="-118.169175"><ele>82.912</ele><time>2020-10-04T20:01:12Z</time></trkpt><trkpt lat="34.031414" lon="-118.169180"><ele>82.764</ele><time>2020-10-04T20:01:13Z</time></trkpt><trkpt lat="34.031334" lon="-118.169181"><ele>82.636</ele><time>2020-10-04T20:01:14Z</time></trkpt><trkpt lat="34.031249" lon="-118.169179"><ele>82.462</ele><time>2020-10-04T20:01:15Z</time></trkpt><trkpt lat="34.031164" lon="-118.169179"><ele>82.279</ele><time>2020-10-04T20:01:16Z</time></trkpt><trkpt lat="34.031075" lon="-118.169175"><ele>81.905</ele><time>2020-10-04T20:01:17Z</time></trkpt><trkpt lat="34.030986" lon="-118.169176"><ele>81.825</ele><time>2020-10-04T20:01:18Z</time></trkpt><trkpt lat="34.030903" lon="-118.169174"><ele>81.708</ele><time>2020-10-04T20:01:19Z</time></trkpt><trkpt lat="34.030820" lon="-118.169177"><ele>81.742</ele><time>2020-10-04T20:01:20Z</time></trkpt><trkpt lat="34.030736" lon="-118.169175"><ele>81.554</ele><time>2020-10-04T20:01:21Z</time></trkpt><trkpt lat="34.030652" lon="-118.169174"><ele>81.366</ele><time>2020-10-04T20:01:22Z</time></trkpt><trkpt lat="34.030571" lon="-118.169169"><ele>81.086</ele><time>2020-10-04T20:01:23Z</time></trkpt><trkpt lat="34.030493" lon="-118.169165"><ele>80.613</ele><time>2020-10-04T20:01:24Z</time></trkpt><trkpt lat="34.030409" lon="-118.169161"><ele>80.295</ele><time>2020-10-04T20:01:25Z</time></trkpt><trkpt lat="34.030326" lon="-118.169157"><ele>79.937</ele><time>2020-10-04T20:01:26Z</time></trkpt><trkpt lat="34.030244" lon="-118.169160"><ele>79.683</ele><time>2020-10-04T20:01:27Z</time></trkpt><trkpt lat="34.030156" lon="-118.169161"><ele>79.346</ele><time>2020-10-04T20:01:28Z</time></trkpt><trkpt lat="34.030067" lon="-118.169159"><ele>79.088</ele><time>2020-10-04T20:01:29Z</time></trkpt><trkpt lat="34.029983" lon="-118.169156"><ele>78.716</ele><time>2020-10-04T20:01:30Z</time></trkpt><trkpt lat="34.029896" lon="-118.169155"><ele>78.308</ele><time>2020-10-04T20:01:31Z</time></trkpt><trkpt lat="34.029807" lon="-118.169158"><ele>78.159</ele><time>2020-10-04T20:01:32Z</time></trkpt><trkpt lat="34.029717" lon="-118.169168"><ele>77.761</ele><time>2020-10-04T20:01:33Z</time></trkpt><trkpt lat="34.029625" lon="-118.169182"><ele>77.433</ele><time>2020-10-04T20:01:34Z</time></trkpt><trkpt lat="34.029534" lon="-118.169199"><ele>76.933</ele><time>2020-10-04T20:01:35Z</time></trkpt><trkpt lat="34.029451" lon="-118.169228"><ele>76.680</ele><time>2020-10-04T20:01:36Z</time></trkpt><trkpt lat="34.029369" lon="-118.169253"><ele>75.762</ele><time>2020-10-04T20:01:37Z</time></trkpt><trkpt lat="34.029296" lon="-118.169277"><ele>75.414</ele><time>2020-10-04T20:01:38Z</time></trkpt><trkpt lat="34.029226" lon="-118.169302"><ele>75.330</ele><time>2020-10-04T20:01:39Z</time></trkpt><trkpt lat="34.029165" lon="-118.169328"><ele>75.051</ele><time>2020-10-04T20:01:40Z</time></trkpt><trkpt lat="34.029107" lon="-118.169349"><ele>75.001</ele><time>2020-10-04T20:01:41Z</time></trkpt><trkpt lat="34.029049" lon="-118.169374"><ele>75.011</ele><time>2020-10-04T20:01:42Z</time></trkpt><trkpt lat="34.029002" lon="-118.169388"><ele>75.108</ele><time>2020-10-04T20:01:43Z</time></trkpt><trkpt lat="34.028940" lon="-118.169411"><ele>75.190</ele><time>2020-10-04T20:01:44Z</time></trkpt><trkpt lat="34.028873" lon="-118.169426"><ele>75.222</ele><time>2020-10-04T20:01:45Z</time></trkpt><trkpt lat="34.028805" lon="-118.169436"><ele>75.314</ele><time>2020-10-04T20:01:46Z</time></trkpt><trkpt lat="34.028733" lon="-118.169454"><ele>75.414</ele><time>2020-10-04T20:01:47Z</time></trkpt><trkpt lat="34.028659" lon="-118.169468"><ele>75.561</ele><time>2020-10-04T20:01:48Z</time></trkpt><trkpt lat="34.028589" lon="-118.169488"><ele>75.533</ele><time>2020-10-04T20:01:49Z</time></trkpt><trkpt lat="34.028520" lon="-118.169516"><ele>75.515</ele><time>2020-10-04T20:01:50Z</time></trkpt><trkpt lat="34.028443" lon="-118.169541"><ele>75.421</ele><time>2020-10-04T20:01:51Z</time></trkpt><trkpt lat="34.028367" lon="-118.169566"><ele>75.329</ele><time>2020-10-04T20:01:52Z</time></trkpt><trkpt lat="34.028290" lon="-118.169592"><ele>75.100</ele><time>2020-10-04T20:01:53Z</time></trkpt><trkpt lat="34.028205" lon="-118.169614"><ele>74.920</ele><time>2020-10-04T20:01:54Z</time></trkpt><trkpt lat="34.028126" lon="-118.169636"><ele>74.608</ele><time>2020-10-04T20:01:55Z</time></trkpt><trkpt lat="34.028045" lon="-118.169668"><ele>73.817</ele><time>2020-10-04T20:01:56Z</time></trkpt><trkpt lat="34.027967" lon="-118.169685"><ele>73.419</ele><time>2020-10-04T20:01:57Z</time></trkpt><trkpt lat="34.027890" lon="-118.169688"><ele>72.811</ele><time>2020-10-04T20:01:58Z</time></trkpt><trkpt lat="34.027820" lon="-118.169672"><ele>72.211</ele><time>2020-10-04T20:01:59Z</time></trkpt><trkpt lat="34.027770" lon="-118.169637"><ele>71.528</ele><time>2020-10-04T20:02:00Z</time></trkpt><trkpt lat="34.027732" lon="-118.169577"><ele>71.020</ele><time>2020-10-04T20:02:01Z</time></trkpt><trkpt lat="34.027707" lon="-118.169507"><ele>70.472</ele><time>2020-10-04T20:02:02Z</time></trkpt><trkpt lat="34.027697" lon="-118.169430"><ele>69.818</ele><time>2020-10-04T20:02:03Z</time></trkpt><trkpt lat="34.027683" lon="-118.169348"><ele>69.528</ele><time>2020-10-04T20:02:04Z</time></trkpt><trkpt lat="34.027669" lon="-118.169264"><ele>69.289</ele><time>2020-10-04T20:02:05Z</time></trkpt><trkpt lat="34.027654" lon="-118.169176"><ele>69.117</ele><time>2020-10-04T20:02:06Z</time></trkpt><trkpt lat="34.027634" lon="-118.169084"><ele>69.008</ele><time>2020-10-04T20:02:07Z</time></trkpt><trkpt lat="34.027618" lon="-118.168987"><ele>68.927</ele><time>2020-10-04T20:02:08Z</time></trkpt><trkpt lat="34.027602" lon="-118.168897"><ele>68.849</ele><time>2020-10-04T20:02:09Z</time></trkpt><trkpt lat="34.027579" lon="-118.168798"><ele>68.611</ele><time>2020-10-04T20:02:10Z</time></trkpt><trkpt lat="34.027557" lon="-118.168698"><ele>68.531</ele><time>2020-10-04T20:02:11Z</time></trkpt><trkpt lat="34.027541" lon="-118.168599"><ele>68.228</ele><time>2020-10-04T20:02:12Z</time></trkpt><trkpt lat="34.027520" lon="-118.168497"><ele>68.120</ele><time>2020-10-04T20:02:13Z</time></trkpt><trkpt lat="34.027496" lon="-118.168398"><ele>68.022</ele><time>2020-10-04T20:02:14Z</time></trkpt><trkpt lat="34.027474" lon="-118.168300"><ele>67.818</ele><time>2020-10-04T20:02:15Z</time></trkpt><trkpt lat="34.027452" lon="-118.168198"><ele>67.549</ele><time>2020-10-04T20:02:16Z</time></trkpt><trkpt lat="34.027436" lon="-118.168095"><ele>67.202</ele><time>2020-10-04T20:02:17Z</time></trkpt><trkpt lat="34.027415" lon="-118.168000"><ele>66.922</ele><time>2020-10-04T20:02:18Z</time></trkpt><trkpt lat="34.027398" lon="-118.167894"><ele>66.708</ele><time>2020-10-04T20:02:19Z</time></trkpt><trkpt lat="34.027375" lon="-118.167788"><ele>66.449</ele><time>2020-10-04T20:02:20Z</time></trkpt><trkpt lat="34.027354" lon="-118.167691"><ele>66.281</ele><time>2020-10-04T20:02:21Z</time></trkpt><trkpt lat="34.027337" lon="-118.167593"><ele>65.953</ele><time>2020-10-04T20:02:22Z</time></trkpt><trkpt lat="34.027317" lon="-118.167487"><ele>65.753</ele><time>2020-10-04T20:02:23Z</time></trkpt><trkpt lat="34.027297" lon="-118.167392"><ele>65.410</ele><time>2020-10-04T20:02:24Z</time></trkpt><trkpt lat="34.027271" lon="-118.167303"><ele>65.192</ele><time>2020-10-04T20:02:25Z</time></trkpt><trkpt lat="34.027248" lon="-118.167207"><ele>64.944</ele><time>2020-10-04T20:02:26Z</time></trkpt><trkpt lat="34.027228" lon="-118.167114"><ele>64.890</ele><time>2020-10-04T20:02:27Z</time></trkpt><trkpt lat="34.027216" lon="-118.167021"><ele>64.639</ele><time>2020-10-04T20:02:28Z</time></trkpt><trkpt lat="34.027199" lon="-118.166940"><ele>64.501</ele><time>2020-10-04T20:02:29Z</time></trkpt><trkpt lat="34.027193" lon="-118.166860"><ele>64.421</ele><time>2020-10-04T20:02:30Z</time></trkpt><trkpt lat="34.027177" lon="-118.166786"><ele>64.208</ele><time>2020-10-04T20:02:31Z</time></trkpt><trkpt lat="34.027158" lon="-118.166728"><ele>63.918</ele><time>2020-10-04T20:02:32Z</time></trkpt><trkpt lat="34.027135" lon="-118.166662"><ele>63.330</ele><time>2020-10-04T20:02:34Z</time></trkpt><trkpt lat="34.027109" lon="-118.166605"><ele>62.422</ele><time>2020-10-04T20:02:38Z</time></trkpt><trkpt lat="34.027091" lon="-118.166520"><ele>62.412</ele><time>2020-10-04T20:02:40Z</time></trkpt><trkpt lat="34.027077" lon="-118.166413"><ele>62.489</ele><time>2020-10-04T20:02:42Z</time></trkpt><trkpt lat="34.027068" lon="-118.166342"><ele>62.591</ele><time>2020-10-04T20:02:43Z</time></trkpt><trkpt lat="34.027058" lon="-118.166271"><ele>62.563</ele><time>2020-10-04T20:02:44Z</time></trkpt><trkpt lat="34.027039" lon="-118.166196"><ele>62.539</ele><time>2020-10-04T20:02:45Z</time></trkpt><trkpt lat="34.027021" lon="-118.166121"><ele>62.657</ele><time>2020-10-04T20:02:46Z</time></trkpt><trkpt lat="34.027006" lon="-118.166046"><ele>62.600</ele><time>2020-10-04T20:02:47Z</time></trkpt><trkpt lat="34.026989" lon="-118.165972"><ele>62.620</ele><time>2020-10-04T20:02:48Z</time></trkpt><trkpt lat="34.026964" lon="-118.165907"><ele>62.608</ele><time>2020-10-04T20:02:49Z</time></trkpt><trkpt lat="34.026941" lon="-118.165845"><ele>62.540</ele><time>2020-10-04T20:02:50Z</time></trkpt><trkpt lat="34.026924" lon="-118.165787"><ele>62.432</ele><time>2020-10-04T20:02:51Z</time></trkpt><trkpt lat="34.026917" lon="-118.165727"><ele>62.394</ele><time>2020-10-04T20:02:52Z</time></trkpt><trkpt lat="34.026899" lon="-118.165653"><ele>62.084</ele><time>2020-10-04T20:02:54Z</time></trkpt><trkpt lat="34.026899" lon="-118.165583"><ele>61.821</ele><time>2020-10-04T20:03:08Z</time></trkpt><trkpt lat="34.026885" lon="-118.165524"><ele>61.833</ele><time>2020-10-04T20:03:10Z</time></trkpt><trkpt lat="34.026859" lon="-118.165445"><ele>61.965</ele><time>2020-10-04T20:03:12Z</time></trkpt><trkpt lat="34.026847" lon="-118.165351"><ele>62.111</ele><time>2020-10-04T20:03:14Z</time></trkpt><trkpt lat="34.026834" lon="-118.165239"><ele>62.482</ele><time>2020-10-04T20:03:16Z</time></trkpt><trkpt lat="34.026825" lon="-118.165176"><ele>62.443</ele><time>2020-10-04T20:03:17Z</time></trkpt><trkpt lat="34.026817" lon="-118.165114"><ele>62.517</ele><time>2020-10-04T20:03:18Z</time></trkpt><trkpt lat="34.026814" lon="-118.165055"><ele>62.508</ele><time>2020-10-04T20:03:19Z</time></trkpt><trkpt lat="34.026807" lon="-118.164989"><ele>62.573</ele><time>2020-10-04T20:03:20Z</time></trkpt><trkpt lat="34.026801" lon="-118.164922"><ele>62.665</ele><time>2020-10-04T20:03:21Z</time></trkpt><trkpt lat="34.026789" lon="-118.164863"><ele>62.787</ele><time>2020-10-04T20:03:22Z</time></trkpt><trkpt lat="34.026768" lon="-118.164805"><ele>62.877</ele><time>2020-10-04T20:03:23Z</time></trkpt><trkpt lat="34.026744" lon="-118.164742"><ele>62.844</ele><time>2020-10-04T20:03:24Z</time></trkpt><trkpt lat="34.026723" lon="-118.164678"><ele>62.816</ele><time>2020-10-04T20:03:25Z</time></trkpt><trkpt lat="34.026706" lon="-118.164617"><ele>62.878</ele><time>2020-10-04T20:03:26Z</time></trkpt><trkpt lat="34.026696" lon="-118.164556"><ele>62.844</ele><time>2020-10-04T20:03:27Z</time></trkpt><trkpt lat="34.026680" lon="-118.164498"><ele>62.829</ele><time>2020-10-04T20:03:28Z</time></trkpt><trkpt lat="34.026652" lon="-118.164403"><ele>62.800</ele><time>2020-10-04T20:03:30Z</time></trkpt><trkpt lat="34.026646" lon="-118.164346"><ele>62.820</ele><time>2020-10-04T20:03:31Z</time></trkpt><trkpt lat="34.026637" lon="-118.164287"><ele>62.808</ele><time>2020-10-04T20:03:32Z</time></trkpt><trkpt lat="34.026628" lon="-118.164221"><ele>62.857</ele><time>2020-10-04T20:03:33Z</time></trkpt><trkpt lat="34.026617" lon="-118.164157"><ele>62.949</ele><time>2020-10-04T20:03:34Z</time></trkpt><trkpt lat="34.026602" lon="-118.164089"><ele>62.941</ele><time>2020-10-04T20:03:35Z</time></trkpt><trkpt lat="34.026587" lon="-118.164020"><ele>62.961</ele><time>2020-10-04T20:03:36Z</time></trkpt><trkpt lat="34.026571" lon="-118.163952"><ele>63.058</ele><time>2020-10-04T20:03:37Z</time></trkpt><trkpt lat="34.026556" lon="-118.163878"><ele>63.050</ele><time>2020-10-04T20:03:38Z</time></trkpt><trkpt lat="34.026549" lon="-118.163801"><ele>63.042</ele><time>2020-10-04T20:03:39Z</time></trkpt><trkpt lat="34.026539" lon="-118.163719"><ele>63.098</ele><time>2020-10-04T20:03:40Z</time></trkpt><trkpt lat="34.026522" lon="-118.163643"><ele>63.055</ele><time>2020-10-04T20:03:41Z</time></trkpt><trkpt lat="34.026497" lon="-118.163577"><ele>63.007</ele><time>2020-10-04T20:03:42Z</time></trkpt><trkpt lat="34.026480" lon="-118.163506"><ele>63.017</ele><time>2020-10-04T20:03:43Z</time></trkpt><trkpt lat="34.026470" lon="-118.163432"><ele>63.008</ele><time>2020-10-04T20:03:44Z</time></trkpt><trkpt lat="34.026450" lon="-118.163355"><ele>63.010</ele><time>2020-10-04T20:03:45Z</time></trkpt><trkpt lat="34.026434" lon="-118.163277"><ele>63.092</ele><time>2020-10-04T20:03:46Z</time></trkpt><trkpt lat="34.026418" lon="-118.163203"><ele>62.984</ele><time>2020-10-04T20:03:47Z</time></trkpt><trkpt lat="34.026404" lon="-118.163129"><ele>62.854</ele><time>2020-10-04T20:03:48Z</time></trkpt><trkpt lat="34.026390" lon="-118.163060"><ele>62.641</ele><time>2020-10-04T20:03:49Z</time></trkpt><trkpt lat="34.026373" lon="-118.162982"><ele>62.543</ele><time>2020-10-04T20:03:50Z</time></trkpt><trkpt lat="34.026350" lon="-118.162916"><ele>62.575</ele><time>2020-10-04T20:03:51Z</time></trkpt><trkpt lat="34.026338" lon="-118.162839"><ele>62.521</ele><time>2020-10-04T20:03:52Z</time></trkpt><trkpt lat="34.026321" lon="-118.162759"><ele>62.532</ele><time>2020-10-04T20:03:53Z</time></trkpt><trkpt lat="34.026312" lon="-118.162678"><ele>62.592</ele><time>2020-10-04T20:03:54Z</time></trkpt><trkpt lat="34.026292" lon="-118.162599"><ele>62.511</ele><time>2020-10-04T20:03:55Z</time></trkpt><trkpt lat="34.026277" lon="-118.162512"><ele>62.408</ele><time>2020-10-04T20:03:56Z</time></trkpt><trkpt lat="34.026257" lon="-118.162442"><ele>62.328</ele><time>2020-10-04T20:03:57Z</time></trkpt><trkpt lat="34.026243" lon="-118.162359"><ele>62.340</ele><time>2020-10-04T20:03:58Z</time></trkpt><trkpt lat="34.026230" lon="-118.162288"><ele>62.242</ele><time>2020-10-04T20:03:59Z</time></trkpt><trkpt lat="34.026215" lon="-118.162217"><ele>62.122</ele><time>2020-10-04T20:04:00Z</time></trkpt><trkpt lat="34.026191" lon="-118.162157"><ele>62.069</ele><time>2020-10-04T20:04:01Z</time></trkpt><trkpt lat="34.026170" lon="-118.162106"><ele>61.961</ele><time>2020-10-04T20:04:02Z</time></trkpt><trkpt lat="34.026158" lon="-118.162002"><ele>61.513</ele><time>2020-10-04T20:04:04Z</time></trkpt><trkpt lat="34.026157" lon="-118.161942"><ele>61.299</ele><time>2020-10-04T20:04:05Z</time></trkpt><trkpt lat="34.026143" lon="-118.161883"><ele>61.136</ele><time>2020-10-04T20:04:06Z</time></trkpt><trkpt lat="34.026131" lon="-118.161813"><ele>61.117</ele><time>2020-10-04T20:04:07Z</time></trkpt><trkpt lat="34.026112" lon="-118.161745"><ele>61.118</ele><time>2020-10-04T20:04:08Z</time></trkpt><trkpt lat="34.026078" lon="-118.161680"><ele>61.108</ele><time>2020-10-04T20:04:09Z</time></trkpt><trkpt lat="34.026053" lon="-118.161606"><ele>61.248</ele><time>2020-10-04T20:04:10Z</time></trkpt><trkpt lat="34.026037" lon="-118.161533"><ele>61.220</ele><time>2020-10-04T20:04:11Z</time></trkpt><trkpt lat="34.026024" lon="-118.161456"><ele>61.242</ele><time>2020-10-04T20:04:12Z</time></trkpt><trkpt lat="34.026008" lon="-118.161377"><ele>61.222</ele><time>2020-10-04T20:04:13Z</time></trkpt><trkpt lat="34.025996" lon="-118.161297"><ele>61.279</ele><time>2020-10-04T20:04:14Z</time></trkpt><trkpt lat="34.025988" lon="-118.161215"><ele>61.211</ele><time>2020-10-04T20:04:15Z</time></trkpt><trkpt lat="34.025969" lon="-118.161135"><ele>61.293</ele><time>2020-10-04T20:04:16Z</time></trkpt><trkpt lat="34.025961" lon="-118.161052"><ele>61.299</ele><time>2020-10-04T20:04:17Z</time></trkpt><trkpt lat="34.025947" lon="-118.160978"><ele>61.266</ele><time>2020-10-04T20:04:18Z</time></trkpt><trkpt lat="34.025930" lon="-118.160899"><ele>61.129</ele><time>2020-10-04T20:04:19Z</time></trkpt><trkpt lat="34.025916" lon="-118.160826"><ele>61.121</ele><time>2020-10-04T20:04:20Z</time></trkpt><trkpt lat="34.025897" lon="-118.160753"><ele>61.108</ele><time>2020-10-04T20:04:21Z</time></trkpt><trkpt lat="34.025882" lon="-118.160680"><ele>61.191</ele><time>2020-10-04T20:04:22Z</time></trkpt><trkpt lat="34.025869" lon="-118.160603"><ele>61.123</ele><time>2020-10-04T20:04:23Z</time></trkpt><trkpt lat="34.025856" lon="-118.160527"><ele>61.195</ele><time>2020-10-04T20:04:24Z</time></trkpt><trkpt lat="34.025840" lon="-118.160448"><ele>61.125</ele><time>2020-10-04T20:04:25Z</time></trkpt><trkpt lat="34.025832" lon="-118.160368"><ele>61.152</ele><time>2020-10-04T20:04:26Z</time></trkpt><trkpt lat="34.025817" lon="-118.160294"><ele>61.124</ele><time>2020-10-04T20:04:27Z</time></trkpt><trkpt lat="34.025804" lon="-118.160222"><ele>61.226</ele><time>2020-10-04T20:04:28Z</time></trkpt><trkpt lat="34.025791" lon="-118.160147"><ele>61.232</ele><time>2020-10-04T20:04:29Z</time></trkpt><trkpt lat="34.025779" lon="-118.160070"><ele>61.333</ele><time>2020-10-04T20:04:30Z</time></trkpt><trkpt lat="34.025766" lon="-118.159996"><ele>61.323</ele><time>2020-10-04T20:04:31Z</time></trkpt><trkpt lat="34.025750" lon="-118.159929"><ele>61.315</ele><time>2020-10-04T20:04:32Z</time></trkpt><trkpt lat="34.025732" lon="-118.159864"><ele>61.208</ele><time>2020-10-04T20:04:33Z</time></trkpt><trkpt lat="34.025713" lon="-118.159805"><ele>61.068</ele><time>2020-10-04T20:04:34Z</time></trkpt><trkpt lat="34.025687" lon="-118.159693"><ele>60.730</ele><time>2020-10-04T20:04:36Z</time></trkpt><trkpt lat="34.025675" lon="-118.159619"><ele>60.722</ele><time>2020-10-04T20:04:37Z</time></trkpt><trkpt lat="34.025659" lon="-118.159554"><ele>60.612</ele><time>2020-10-04T20:04:38Z</time></trkpt><trkpt lat="34.025647" lon="-118.159481"><ele>60.639</ele><time>2020-10-04T20:04:39Z</time></trkpt><trkpt lat="34.025636" lon="-118.159408"><ele>60.681</ele><time>2020-10-04T20:04:40Z</time></trkpt><trkpt lat="34.025619" lon="-118.159330"><ele>60.623</ele><time>2020-10-04T20:04:41Z</time></trkpt><trkpt lat="34.025602" lon="-118.159256"><ele>60.689</ele><time>2020-10-04T20:04:42Z</time></trkpt><trkpt lat="34.025588" lon="-118.159175"><ele>60.556</ele><time>2020-10-04T20:04:43Z</time></trkpt><trkpt lat="34.025576" lon="-118.159095"><ele>60.459</ele><time>2020-10-04T20:04:44Z</time></trkpt><trkpt lat="34.025558" lon="-118.159015"><ele>60.314</ele><time>2020-10-04T20:04:45Z</time></trkpt><trkpt lat="34.025540" lon="-118.158933"><ele>60.208</ele><time>2020-10-04T20:04:46Z</time></trkpt><trkpt lat="34.025518" lon="-118.158847"><ele>60.160</ele><time>2020-10-04T20:04:47Z</time></trkpt><trkpt lat="34.025502" lon="-118.158769"><ele>60.152</ele><time>2020-10-04T20:04:48Z</time></trkpt><trkpt lat="34.025480" lon="-118.158690"><ele>60.024</ele><time>2020-10-04T20:04:49Z</time></trkpt><trkpt lat="34.025462" lon="-118.158605"><ele>59.954</ele><time>2020-10-04T20:04:50Z</time></trkpt><trkpt lat="34.025444" lon="-118.158514"><ele>59.871</ele><time>2020-10-04T20:04:51Z</time></trkpt><trkpt lat="34.025429" lon="-118.158422"><ele>59.543</ele><time>2020-10-04T20:04:52Z</time></trkpt><trkpt lat="34.025413" lon="-118.158336"><ele>59.435</ele><time>2020-10-04T20:04:53Z</time></trkpt><trkpt lat="34.025396" lon="-118.158256"><ele>59.461</ele><time>2020-10-04T20:04:54Z</time></trkpt><trkpt lat="34.025379" lon="-118.158159"><ele>59.383</ele><time>2020-10-04T20:04:55Z</time></trkpt><trkpt lat="34.025360" lon="-118.158066"><ele>59.325</ele><time>2020-10-04T20:04:56Z</time></trkpt><trkpt lat="34.025341" lon="-118.157974"><ele>59.317</ele><time>2020-10-04T20:04:57Z</time></trkpt><trkpt lat="34.025327" lon="-118.157885"><ele>59.308</ele><time>2020-10-04T20:04:58Z</time></trkpt><trkpt lat="34.025314" lon="-118.157794"><ele>59.273</ele><time>2020-10-04T20:04:59Z</time></trkpt><trkpt lat="34.025297" lon="-118.157709"><ele>59.275</ele><time>2020-10-04T20:05:00Z</time></trkpt><trkpt lat="34.025280" lon="-118.157620"><ele>59.187</ele><time>2020-10-04T20:05:01Z</time></trkpt><trkpt lat="34.025263" lon="-118.157535"><ele>59.057</ele><time>2020-10-04T20:05:02Z</time></trkpt><trkpt lat="34.025248" lon="-118.157450"><ele>59.044</ele><time>2020-10-04T20:05:03Z</time></trkpt><trkpt lat="34.025229" lon="-118.157377"><ele>59.026</ele><time>2020-10-04T20:05:04Z</time></trkpt><trkpt lat="34.025213" lon="-118.157294"><ele>58.998</ele><time>2020-10-04T20:05:05Z</time></trkpt><trkpt lat="34.025198" lon="-118.157217"><ele>58.884</ele><time>2020-10-04T20:05:06Z</time></trkpt><trkpt lat="34.025186" lon="-118.157146"><ele>58.789</ele><time>2020-10-04T20:05:07Z</time></trkpt><trkpt lat="34.025162" lon="-118.157093"><ele>58.606</ele><time>2020-10-04T20:05:08Z</time></trkpt><trkpt lat="34.025122" lon="-118.157051"><ele>58.526</ele><time>2020-10-04T20:05:09Z</time></trkpt><trkpt lat="34.025064" lon="-118.157043"><ele>58.408</ele><time>2020-10-04T20:05:10Z</time></trkpt><trkpt lat="34.025008" lon="-118.157037"><ele>58.313</ele><time>2020-10-04T20:05:11Z</time></trkpt><trkpt lat="34.024957" lon="-118.157058"><ele>58.465</ele><time>2020-10-04T20:05:12Z</time></trkpt><trkpt lat="34.024903" lon="-118.157083"><ele>58.527</ele><time>2020-10-04T20:05:13Z</time></trkpt><trkpt lat="34.024844" lon="-118.157102"><ele>58.637</ele><time>2020-10-04T20:05:14Z</time></trkpt><trkpt lat="34.024785" lon="-118.157125"><ele>58.774</ele><time>2020-10-04T20:05:15Z</time></trkpt><trkpt lat="34.024717" lon="-118.157148"><ele>58.726</ele><time>2020-10-04T20:05:16Z</time></trkpt><trkpt lat="34.024650" lon="-118.157172"><ele>58.788</ele><time>2020-10-04T20:05:17Z</time></trkpt><trkpt lat="34.024584" lon="-118.157195"><ele>58.624</ele><time>2020-10-04T20:05:18Z</time></trkpt><trkpt lat="34.024512" lon="-118.157214"><ele>58.637</ele><time>2020-10-04T20:05:19Z</time></trkpt><trkpt lat="34.024442" lon="-118.157232"><ele>58.649</ele><time>2020-10-04T20:05:20Z</time></trkpt><trkpt lat="34.024367" lon="-118.157256"><ele>58.613</ele><time>2020-10-04T20:05:21Z</time></trkpt><trkpt lat="34.024297" lon="-118.157282"><ele>58.508</ele><time>2020-10-04T20:05:22Z</time></trkpt><trkpt lat="34.024224" lon="-118.157304"><ele>58.448</ele><time>2020-10-04T20:05:23Z</time></trkpt><trkpt lat="34.024154" lon="-118.157328"><ele>58.360</ele><time>2020-10-04T20:05:24Z</time></trkpt><trkpt lat="34.024083" lon="-118.157346"><ele>58.282</ele><time>2020-10-04T20:05:25Z</time></trkpt><trkpt lat="34.024016" lon="-118.157367"><ele>58.252</ele><time>2020-10-04T20:05:26Z</time></trkpt><trkpt lat="34.023939" lon="-118.157391"><ele>58.239</ele><time>2020-10-04T20:05:27Z</time></trkpt><trkpt lat="34.023874" lon="-118.157414"><ele>58.241</ele><time>2020-10-04T20:05:28Z</time></trkpt><trkpt lat="34.023802" lon="-118.157439"><ele>58.133</ele><time>2020-10-04T20:05:29Z</time></trkpt><trkpt lat="34.023740" lon="-118.157457"><ele>58.129</ele><time>2020-10-04T20:05:30Z</time></trkpt><trkpt lat="34.023667" lon="-118.157480"><ele>58.176</ele><time>2020-10-04T20:05:31Z</time></trkpt><trkpt lat="34.023596" lon="-118.157502"><ele>58.190</ele><time>2020-10-04T20:05:32Z</time></trkpt><trkpt lat="34.023528" lon="-118.157524"><ele>58.019</ele><time>2020-10-04T20:05:33Z</time></trkpt><trkpt lat="34.023460" lon="-118.157541"><ele>57.908</ele><time>2020-10-04T20:05:34Z</time></trkpt><trkpt lat="34.023390" lon="-118.157560"><ele>57.882</ele><time>2020-10-04T20:05:35Z</time></trkpt><trkpt lat="34.023325" lon="-118.157580"><ele>57.714</ele><time>2020-10-04T20:05:36Z</time></trkpt><trkpt lat="34.023259" lon="-118.157597"><ele>57.636</ele><time>2020-10-04T20:05:37Z</time></trkpt><trkpt lat="34.023200" lon="-118.157618"><ele>57.516</ele><time>2020-10-04T20:05:38Z</time></trkpt><trkpt lat="34.023129" lon="-118.157644"><ele>57.493</ele><time>2020-10-04T20:05:39Z</time></trkpt><trkpt lat="34.023068" lon="-118.157661"><ele>57.375</ele><time>2020-10-04T20:05:40Z</time></trkpt><trkpt lat="34.023007" lon="-118.157678"><ele>57.267</ele><time>2020-10-04T20:05:41Z</time></trkpt><trkpt lat="34.022947" lon="-118.157686"><ele>57.133</ele><time>2020-10-04T20:05:42Z</time></trkpt><trkpt lat="34.022893" lon="-118.157672"><ele>57.085</ele><time>2020-10-04T20:05:43Z</time></trkpt><trkpt lat="34.022851" lon="-118.157636"><ele>56.989</ele><time>2020-10-04T20:05:44Z</time></trkpt><trkpt lat="34.022813" lon="-118.157594"><ele>56.817</ele><time>2020-10-04T20:05:45Z</time></trkpt><trkpt lat="34.022799" lon="-118.157529"><ele>56.708</ele><time>2020-10-04T20:05:46Z</time></trkpt><trkpt lat="34.022784" lon="-118.157461"><ele>56.673</ele><time>2020-10-04T20:05:47Z</time></trkpt><trkpt lat="34.022777" lon="-118.157396"><ele>56.515</ele><time>2020-10-04T20:05:48Z</time></trkpt><trkpt lat="34.022768" lon="-118.157328"><ele>56.577</ele><time>2020-10-04T20:05:49Z</time></trkpt><trkpt lat="34.022755" lon="-118.157269"><ele>56.527</ele><time>2020-10-04T20:05:50Z</time></trkpt><trkpt lat="34.022745" lon="-118.157211"><ele>56.544</ele><time>2020-10-04T20:05:51Z</time></trkpt><trkpt lat="34.022717" lon="-118.157114"><ele>56.556</ele><time>2020-10-04T20:05:53Z</time></trkpt><trkpt lat="34.022695" lon="-118.157063"><ele>56.578</ele><time>2020-10-04T20:05:54Z</time></trkpt><trkpt lat="34.022665" lon="-118.156980"><ele>56.474</ele><time>2020-10-04T20:05:56Z</time></trkpt><trkpt lat="34.022646" lon="-118.156884"><ele>56.365</ele><time>2020-10-04T20:05:58Z</time></trkpt><trkpt lat="34.022631" lon="-118.156804"><ele>56.268</ele><time>2020-10-04T20:06:00Z</time></trkpt><trkpt lat="34.022619" lon="-118.156741"><ele>56.114</ele><time>2020-10-04T20:06:02Z</time></trkpt><trkpt lat="34.022606" lon="-118.156659"><ele>55.908</ele><time>2020-10-04T20:06:04Z</time></trkpt><trkpt lat="34.022599" lon="-118.156600"><ele>55.931</ele><time>2020-10-04T20:06:05Z</time></trkpt><trkpt lat="34.022593" lon="-118.156544"><ele>55.923</ele><time>2020-10-04T20:06:06Z</time></trkpt><trkpt lat="34.022580" lon="-118.156482"><ele>56.025</ele><time>2020-10-04T20:06:07Z</time></trkpt><trkpt lat="34.022576" lon="-118.156422"><ele>56.155</ele><time>2020-10-04T20:06:08Z</time></trkpt><trkpt lat="34.022559" lon="-118.156351"><ele>56.212</ele><time>2020-10-04T20:06:09Z</time></trkpt><trkpt lat="34.022547" lon="-118.156284"><ele>56.314</ele><time>2020-10-04T20:06:10Z</time></trkpt><trkpt lat="34.022529" lon="-118.156219"><ele>56.466</ele><time>2020-10-04T20:06:11Z</time></trkpt><trkpt lat="34.022515" lon="-118.156148"><ele>56.432</ele><time>2020-10-04T20:06:12Z</time></trkpt><trkpt lat="34.022502" lon="-118.156084"><ele>56.486</ele><time>2020-10-04T20:06:13Z</time></trkpt><trkpt lat="34.022492" lon="-118.156017"><ele>56.460</ele><time>2020-10-04T20:06:14Z</time></trkpt><trkpt lat="34.022482" lon="-118.155952"><ele>56.426</ele><time>2020-10-04T20:06:15Z</time></trkpt><trkpt lat="34.022468" lon="-118.155880"><ele>56.408</ele><time>2020-10-04T20:06:16Z</time></trkpt><trkpt lat="34.022459" lon="-118.155812"><ele>56.413</ele><time>2020-10-04T20:06:17Z</time></trkpt><trkpt lat="34.022445" lon="-118.155748"><ele>56.415</ele><time>2020-10-04T20:06:18Z</time></trkpt><trkpt lat="34.022429" lon="-118.155686"><ele>56.427</ele><time>2020-10-04T20:06:19Z</time></trkpt><trkpt lat="34.022415" lon="-118.155619"><ele>56.497</ele><time>2020-10-04T20:06:20Z</time></trkpt><trkpt lat="34.022400" lon="-118.155547"><ele>56.424</ele><time>2020-10-04T20:06:21Z</time></trkpt><trkpt lat="34.022379" lon="-118.155483"><ele>56.466</ele><time>2020-10-04T20:06:22Z</time></trkpt><trkpt lat="34.022363" lon="-118.155416"><ele>56.478</ele><time>2020-10-04T20:06:23Z</time></trkpt><trkpt lat="34.022343" lon="-118.155338"><ele>56.474</ele><time>2020-10-04T20:06:24Z</time></trkpt><trkpt lat="34.022329" lon="-118.155266"><ele>56.484</ele><time>2020-10-04T20:06:25Z</time></trkpt><trkpt lat="34.022316" lon="-118.155191"><ele>56.507</ele><time>2020-10-04T20:06:26Z</time></trkpt><trkpt lat="34.022303" lon="-118.155111"><ele>56.517</ele><time>2020-10-04T20:06:27Z</time></trkpt><trkpt lat="34.022291" lon="-118.155035"><ele>56.508</ele><time>2020-10-04T20:06:28Z</time></trkpt><trkpt lat="34.022274" lon="-118.154962"><ele>56.523</ele><time>2020-10-04T20:06:29Z</time></trkpt><trkpt lat="34.022261" lon="-118.154885"><ele>56.615</ele><time>2020-10-04T20:06:30Z</time></trkpt><trkpt lat="34.022244" lon="-118.154808"><ele>56.727</ele><time>2020-10-04T20:06:31Z</time></trkpt><trkpt lat="34.022219" lon="-118.154736"><ele>56.817</ele><time>2020-10-04T20:06:32Z</time></trkpt><trkpt lat="34.022197" lon="-118.154668"><ele>56.994</ele><time>2020-10-04T20:06:33Z</time></trkpt><trkpt lat="34.022182" lon="-118.154596"><ele>57.096</ele><time>2020-10-04T20:06:34Z</time></trkpt><trkpt lat="34.022166" lon="-118.154525"><ele>57.078</ele><time>2020-10-04T20:06:35Z</time></trkpt><trkpt lat="34.022150" lon="-118.154446"><ele>57.044</ele><time>2020-10-04T20:06:36Z</time></trkpt><trkpt lat="34.022130" lon="-118.154365"><ele>57.066</ele><time>2020-10-04T20:06:37Z</time></trkpt><trkpt lat="34.022114" lon="-118.154284"><ele>57.029</ele><time>2020-10-04T20:06:38Z</time></trkpt><trkpt lat="34.022103" lon="-118.154208"><ele>57.021</ele><time>2020-10-04T20:06:39Z</time></trkpt><trkpt lat="34.022090" lon="-118.154130"><ele>57.008</ele><time>2020-10-04T20:06:40Z</time></trkpt><trkpt lat="34.022064" lon="-118.154060"><ele>57.041</ele><time>2020-10-04T20:06:41Z</time></trkpt><trkpt lat="34.022045" lon="-118.153985"><ele>57.063</ele><time>2020-10-04T20:06:42Z</time></trkpt><trkpt lat="34.022029" lon="-118.153920"><ele>57.065</ele><time>2020-10-04T20:06:43Z</time></trkpt><trkpt lat="34.022023" lon="-118.153844"><ele>57.035</ele><time>2020-10-04T20:06:44Z</time></trkpt><trkpt lat="34.022000" lon="-118.153780"><ele>56.962</ele><time>2020-10-04T20:06:45Z</time></trkpt><trkpt lat="34.021984" lon="-118.153714"><ele>56.814</ele><time>2020-10-04T20:06:46Z</time></trkpt><trkpt lat="34.021969" lon="-118.153643"><ele>56.816</ele><time>2020-10-04T20:06:47Z</time></trkpt><trkpt lat="34.021955" lon="-118.153571"><ele>56.832</ele><time>2020-10-04T20:06:48Z</time></trkpt><trkpt lat="34.021939" lon="-118.153494"><ele>56.756</ele><time>2020-10-04T20:06:49Z</time></trkpt><trkpt lat="34.021925" lon="-118.153418"><ele>56.759</ele><time>2020-10-04T20:06:50Z</time></trkpt><trkpt lat="34.021912" lon="-118.153343"><ele>56.714</ele><time>2020-10-04T20:06:51Z</time></trkpt><trkpt lat="34.021900" lon="-118.153265"><ele>56.708</ele><time>2020-10-04T20:06:52Z</time></trkpt><trkpt lat="34.021889" lon="-118.153183"><ele>56.760</ele><time>2020-10-04T20:06:53Z</time></trkpt><trkpt lat="34.021874" lon="-118.153097"><ele>56.732</ele><time>2020-10-04T20:06:54Z</time></trkpt><trkpt lat="34.021859" lon="-118.153021"><ele>56.824</ele><time>2020-10-04T20:06:55Z</time></trkpt><trkpt lat="34.021846" lon="-118.152938"><ele>56.844</ele><time>2020-10-04T20:06:56Z</time></trkpt><trkpt lat="34.021829" lon="-118.152857"><ele>56.861</ele><time>2020-10-04T20:06:57Z</time></trkpt><trkpt lat="34.021809" lon="-118.152774"><ele>56.853</ele><time>2020-10-04T20:06:58Z</time></trkpt><trkpt lat="34.021793" lon="-118.152700"><ele>56.915</ele><time>2020-10-04T20:06:59Z</time></trkpt><trkpt lat="34.021776" lon="-118.152625"><ele>56.991</ele><time>2020-10-04T20:07:00Z</time></trkpt><trkpt lat="34.021760" lon="-118.152555"><ele>56.912</ele><time>2020-10-04T20:07:01Z</time></trkpt><trkpt lat="34.021748" lon="-118.152480"><ele>56.932</ele><time>2020-10-04T20:07:02Z</time></trkpt><trkpt lat="34.021738" lon="-118.152400"><ele>56.905</ele><time>2020-10-04T20:07:03Z</time></trkpt><trkpt lat="34.021720" lon="-118.152319"><ele>56.908</ele><time>2020-10-04T20:07:04Z</time></trkpt><trkpt lat="34.021698" lon="-118.152245"><ele>56.986</ele><time>2020-10-04T20:07:05Z</time></trkpt><trkpt lat="34.021681" lon="-118.152168"><ele>56.938</ele><time>2020-10-04T20:07:06Z</time></trkpt><trkpt lat="34.021665" lon="-118.152092"><ele>56.920</ele><time>2020-10-04T20:07:07Z</time></trkpt><trkpt lat="34.021650" lon="-118.152015"><ele>56.980</ele><time>2020-10-04T20:07:08Z</time></trkpt><trkpt lat="34.021628" lon="-118.151940"><ele>56.947</ele><time>2020-10-04T20:07:09Z</time></trkpt><trkpt lat="34.021609" lon="-118.151863"><ele>56.849</ele><time>2020-10-04T20:07:10Z</time></trkpt><trkpt lat="34.021585" lon="-118.151791"><ele>56.851</ele><time>2020-10-04T20:07:11Z</time></trkpt><trkpt lat="34.021568" lon="-118.151715"><ele>56.717</ele><time>2020-10-04T20:07:12Z</time></trkpt><trkpt lat="34.021557" lon="-118.151635"><ele>56.659</ele><time>2020-10-04T20:07:13Z</time></trkpt><trkpt lat="34.021551" lon="-118.151547"><ele>56.503</ele><time>2020-10-04T20:07:14Z</time></trkpt><trkpt lat="34.021531" lon="-118.151470"><ele>56.523</ele><time>2020-10-04T20:07:15Z</time></trkpt><trkpt lat="34.021519" lon="-118.151383"><ele>56.408</ele><time>2020-10-04T20:07:16Z</time></trkpt><trkpt lat="34.021504" lon="-118.151300"><ele>56.410</ele><time>2020-10-04T20:07:17Z</time></trkpt><trkpt lat="34.021488" lon="-118.151208"><ele>56.452</ele><time>2020-10-04T20:07:18Z</time></trkpt><trkpt lat="34.021472" lon="-118.151120"><ele>56.554</ele><time>2020-10-04T20:07:19Z</time></trkpt><trkpt lat="34.021455" lon="-118.151036"><ele>56.554</ele><time>2020-10-04T20:07:20Z</time></trkpt><trkpt lat="34.021429" lon="-118.150953"><ele>56.631</ele><time>2020-10-04T20:07:21Z</time></trkpt><trkpt lat="34.021408" lon="-118.150869"><ele>56.713</ele><time>2020-10-04T20:07:22Z</time></trkpt><trkpt lat="34.021383" lon="-118.150786"><ele>56.865</ele><time>2020-10-04T20:07:23Z</time></trkpt><trkpt lat="34.021365" lon="-118.150699"><ele>56.911</ele><time>2020-10-04T20:07:24Z</time></trkpt><trkpt lat="34.021348" lon="-118.150618"><ele>57.043</ele><time>2020-10-04T20:07:25Z</time></trkpt><trkpt lat="34.021332" lon="-118.150540"><ele>57.064</ele><time>2020-10-04T20:07:26Z</time></trkpt><trkpt lat="34.021313" lon="-118.150455"><ele>57.110</ele><time>2020-10-04T20:07:27Z</time></trkpt><trkpt lat="34.021302" lon="-118.150368"><ele>57.108</ele><time>2020-10-04T20:07:28Z</time></trkpt><trkpt lat="34.021278" lon="-118.150288"><ele>57.139</ele><time>2020-10-04T20:07:29Z</time></trkpt><trkpt lat="34.021255" lon="-118.150205"><ele>57.181</ele><time>2020-10-04T20:07:30Z</time></trkpt><trkpt lat="34.021232" lon="-118.150127"><ele>57.173</ele><time>2020-10-04T20:07:31Z</time></trkpt><trkpt lat="34.021222" lon="-118.150050"><ele>57.183</ele><time>2020-10-04T20:07:32Z</time></trkpt><trkpt lat="34.021207" lon="-118.149972"><ele>57.160</ele><time>2020-10-04T20:07:33Z</time></trkpt><trkpt lat="34.021191" lon="-118.149895"><ele>57.192</ele><time>2020-10-04T20:07:34Z</time></trkpt><trkpt lat="34.021176" lon="-118.149826"><ele>57.174</ele><time>2020-10-04T20:07:35Z</time></trkpt><trkpt lat="34.021162" lon="-118.149759"><ele>57.110</ele><time>2020-10-04T20:07:36Z</time></trkpt><trkpt lat="34.021149" lon="-118.149684"><ele>57.195</ele><time>2020-10-04T20:07:37Z</time></trkpt><trkpt lat="34.021137" lon="-118.149601"><ele>57.149</ele><time>2020-10-04T20:07:38Z</time></trkpt><trkpt lat="34.021126" lon="-118.149514"><ele>57.123</ele><time>2020-10-04T20:07:39Z</time></trkpt><trkpt lat="34.021109" lon="-118.149435"><ele>57.208</ele><time>2020-10-04T20:07:40Z</time></trkpt><trkpt lat="34.021094" lon="-118.149352"><ele>57.364</ele><time>2020-10-04T20:07:41Z</time></trkpt><trkpt lat="34.021074" lon="-118.149272"><ele>57.486</ele><time>2020-10-04T20:07:42Z</time></trkpt><trkpt lat="34.021053" lon="-118.149199"><ele>57.558</ele><time>2020-10-04T20:07:43Z</time></trkpt><trkpt lat="34.021037" lon="-118.149123"><ele>57.698</ele><time>2020-10-04T20:07:44Z</time></trkpt><trkpt lat="34.021016" lon="-118.149042"><ele>57.725</ele><time>2020-10-04T20:07:45Z</time></trkpt><trkpt lat="34.021001" lon="-118.148959"><ele>57.837</ele><time>2020-10-04T20:07:46Z</time></trkpt><trkpt lat="34.020991" lon="-118.148883"><ele>57.989</ele><time>2020-10-04T20:07:47Z</time></trkpt><trkpt lat="34.020977" lon="-118.148801"><ele>57.985</ele><time>2020-10-04T20:07:48Z</time></trkpt><trkpt lat="34.020955" lon="-118.148721"><ele>57.939</ele><time>2020-10-04T20:07:49Z</time></trkpt><trkpt lat="34.020936" lon="-118.148655"><ele>57.901</ele><time>2020-10-04T20:07:50Z</time></trkpt><trkpt lat="34.020914" lon="-118.148573"><ele>57.821</ele><time>2020-10-04T20:07:51Z</time></trkpt><trkpt lat="34.020899" lon="-118.148497"><ele>57.708</ele><time>2020-10-04T20:07:52Z</time></trkpt><trkpt lat="34.020880" lon="-118.148421"><ele>57.748</ele><time>2020-10-04T20:07:53Z</time></trkpt><trkpt lat="34.020866" lon="-118.148352"><ele>57.790</ele><time>2020-10-04T20:07:54Z</time></trkpt><trkpt lat="34.020851" lon="-118.148269"><ele>57.792</ele><time>2020-10-04T20:07:55Z</time></trkpt><trkpt lat="34.020840" lon="-118.148188"><ele>57.862</ele><time>2020-10-04T20:07:56Z</time></trkpt><trkpt lat="34.020824" lon="-118.148107"><ele>57.959</ele><time>2020-10-04T20:07:57Z</time></trkpt><trkpt lat="34.020806" lon="-118.148030"><ele>58.031</ele><time>2020-10-04T20:07:58Z</time></trkpt><trkpt lat="34.020787" lon="-118.147959"><ele>58.163</ele><time>2020-10-04T20:07:59Z</time></trkpt><trkpt lat="34.020776" lon="-118.147885"><ele>58.229</ele><time>2020-10-04T20:08:00Z</time></trkpt><trkpt lat="34.020763" lon="-118.147820"><ele>58.333</ele><time>2020-10-04T20:08:01Z</time></trkpt><trkpt lat="34.020738" lon="-118.147762"><ele>58.323</ele><time>2020-10-04T20:08:02Z</time></trkpt><trkpt lat="34.020720" lon="-118.147697"><ele>58.315</ele><time>2020-10-04T20:08:03Z</time></trkpt><trkpt lat="34.020707" lon="-118.147634"><ele>58.308</ele><time>2020-10-04T20:08:04Z</time></trkpt><trkpt lat="34.020696" lon="-118.147571"><ele>58.378</ele><time>2020-10-04T20:08:05Z</time></trkpt><trkpt lat="34.020679" lon="-118.147499"><ele>58.240</ele><time>2020-10-04T20:08:06Z</time></trkpt><trkpt lat="34.020664" lon="-118.147424"><ele>58.272</ele><time>2020-10-04T20:08:07Z</time></trkpt><trkpt lat="34.020654" lon="-118.147351"><ele>58.212</ele><time>2020-10-04T20:08:08Z</time></trkpt><trkpt lat="34.020644" lon="-118.147271"><ele>58.349</ele><time>2020-10-04T20:08:09Z</time></trkpt><trkpt lat="34.020632" lon="-118.147201"><ele>58.491</ele><time>2020-10-04T20:08:10Z</time></trkpt><trkpt lat="34.020631" lon="-118.147130"><ele>58.653</ele><time>2020-10-04T20:08:11Z</time></trkpt><trkpt lat="34.020615" lon="-118.147063"><ele>58.739</ele><time>2020-10-04T20:08:12Z</time></trkpt><trkpt lat="34.020595" lon="-118.146993"><ele>58.761</ele><time>2020-10-04T20:08:13Z</time></trkpt><trkpt lat="34.020573" lon="-118.146929"><ele>58.621</ele><time>2020-10-04T20:08:14Z</time></trkpt><trkpt lat="34.020550" lon="-118.146862"><ele>58.513</ele><time>2020-10-04T20:08:15Z</time></trkpt><trkpt lat="34.020536" lon="-118.146798"><ele>58.408</ele><time>2020-10-04T20:08:16Z</time></trkpt><trkpt lat="34.020526" lon="-118.146739"><ele>58.391</ele><time>2020-10-04T20:08:17Z</time></trkpt><trkpt lat="34.020515" lon="-118.146679"><ele>58.143</ele><time>2020-10-04T20:08:19Z</time></trkpt><trkpt lat="34.020493" lon="-118.146625"><ele>57.855</ele><time>2020-10-04T20:08:21Z</time></trkpt><trkpt lat="34.020476" lon="-118.146548"><ele>57.585</ele><time>2020-10-04T20:08:23Z</time></trkpt><trkpt lat="34.020477" lon="-118.146450"><ele>57.572</ele><time>2020-10-04T20:08:25Z</time></trkpt><trkpt lat="34.020461" lon="-118.146333"><ele>57.644</ele><time>2020-10-04T20:08:27Z</time></trkpt><trkpt lat="34.020451" lon="-118.146268"><ele>57.996</ele><time>2020-10-04T20:08:28Z</time></trkpt><trkpt lat="34.020431" lon="-118.146200"><ele>58.072</ele><time>2020-10-04T20:08:29Z</time></trkpt><trkpt lat="34.020424" lon="-118.146140"><ele>58.157</ele><time>2020-10-04T20:08:30Z</time></trkpt><trkpt lat="34.020408" lon="-118.146069"><ele>58.200</ele><time>2020-10-04T20:08:31Z</time></trkpt><trkpt lat="34.020387" lon="-118.145999"><ele>58.220</ele><time>2020-10-04T20:08:32Z</time></trkpt><trkpt lat="34.020374" lon="-118.145929"><ele>58.208</ele><time>2020-10-04T20:08:33Z</time></trkpt><trkpt lat="34.020357" lon="-118.145862"><ele>58.250</ele><time>2020-10-04T20:08:34Z</time></trkpt><trkpt lat="34.020341" lon="-118.145801"><ele>58.282</ele><time>2020-10-04T20:08:35Z</time></trkpt><trkpt lat="34.020329" lon="-118.145735"><ele>58.234</ele><time>2020-10-04T20:08:36Z</time></trkpt><trkpt lat="34.020319" lon="-118.145681"><ele>58.164</ele><time>2020-10-04T20:08:37Z</time></trkpt><trkpt lat="34.020310" lon="-118.145621"><ele>58.031</ele><time>2020-10-04T20:08:38Z</time></trkpt><trkpt lat="34.020297" lon="-118.145567"><ele>57.943</ele><time>2020-10-04T20:08:39Z</time></trkpt><trkpt lat="34.020280" lon="-118.145512"><ele>57.855</ele><time>2020-10-04T20:08:40Z</time></trkpt><trkpt lat="34.020266" lon="-118.145445"><ele>57.811</ele><time>2020-10-04T20:08:41Z</time></trkpt><trkpt lat="34.020255" lon="-118.145380"><ele>57.846</ele><time>2020-10-04T20:08:42Z</time></trkpt><trkpt lat="34.020243" lon="-118.145310"><ele>57.888</ele><time>2020-10-04T20:08:43Z</time></trkpt><trkpt lat="34.020225" lon="-118.145251"><ele>57.916</ele><time>2020-10-04T20:08:44Z</time></trkpt><trkpt lat="34.020210" lon="-118.145187"><ele>58.008</ele><time>2020-10-04T20:08:45Z</time></trkpt><trkpt lat="34.020185" lon="-118.145119"><ele>58.049</ele><time>2020-10-04T20:08:46Z</time></trkpt><trkpt lat="34.020168" lon="-118.145047"><ele>58.221</ele><time>2020-10-04T20:08:47Z</time></trkpt><trkpt lat="34.020152" lon="-118.144976"><ele>58.263</ele><time>2020-10-04T20:08:48Z</time></trkpt><trkpt lat="34.020126" lon="-118.144903"><ele>58.253</ele><time>2020-10-04T20:08:49Z</time></trkpt><trkpt lat="34.020113" lon="-118.144827"><ele>58.260</ele><time>2020-10-04T20:08:50Z</time></trkpt><trkpt lat="34.020097" lon="-118.144756"><ele>58.172</ele><time>2020-10-04T20:08:51Z</time></trkpt><trkpt lat="34.020080" lon="-118.144677"><ele>58.044</ele><time>2020-10-04T20:08:52Z</time></trkpt><trkpt lat="34.020070" lon="-118.144600"><ele>57.910</ele><time>2020-10-04T20:08:53Z</time></trkpt><trkpt lat="34.020049" lon="-118.144530"><ele>57.941</ele><time>2020-10-04T20:08:54Z</time></trkpt><trkpt lat="34.020039" lon="-118.144458"><ele>57.981</ele><time>2020-10-04T20:08:55Z</time></trkpt><trkpt lat="34.020021" lon="-118.144386"><ele>57.909</ele><time>2020-10-04T20:08:56Z</time></trkpt><trkpt lat="34.020006" lon="-118.144315"><ele>57.808</ele><time>2020-10-04T20:08:57Z</time></trkpt><trkpt lat="34.019995" lon="-118.144241"><ele>57.849</ele><time>2020-10-04T20:08:58Z</time></trkpt><trkpt lat="34.019984" lon="-118.144167"><ele>57.891</ele><time>2020-10-04T20:08:59Z</time></trkpt><trkpt lat="34.019968" lon="-118.144095"><ele>57.883</ele><time>2020-10-04T20:09:00Z</time></trkpt><trkpt lat="34.019948" lon="-118.144023"><ele>57.883</ele><time>2020-10-04T20:09:01Z</time></trkpt><trkpt lat="34.019934" lon="-118.143947"><ele>57.810</ele><time>2020-10-04T20:09:02Z</time></trkpt><trkpt lat="34.019920" lon="-118.143873"><ele>57.882</ele><time>2020-10-04T20:09:03Z</time></trkpt><trkpt lat="34.019898" lon="-118.143798"><ele>57.864</ele><time>2020-10-04T20:09:04Z</time></trkpt><trkpt lat="34.019883" lon="-118.143732"><ele>57.840</ele><time>2020-10-04T20:09:05Z</time></trkpt><trkpt lat="34.019869" lon="-118.143661"><ele>57.929</ele><time>2020-10-04T20:09:06Z</time></trkpt><trkpt lat="34.019853" lon="-118.143597"><ele>57.900</ele><time>2020-10-04T20:09:07Z</time></trkpt><trkpt lat="34.019837" lon="-118.143529"><ele>57.920</ele><time>2020-10-04T20:09:08Z</time></trkpt><trkpt lat="34.019822" lon="-118.143465"><ele>57.808</ele><time>2020-10-04T20:09:09Z</time></trkpt><trkpt lat="34.019808" lon="-118.143405"><ele>57.817</ele><time>2020-10-04T20:09:10Z</time></trkpt><trkpt lat="34.019797" lon="-118.143337"><ele>57.849</ele><time>2020-10-04T20:09:11Z</time></trkpt><trkpt lat="34.019782" lon="-118.143275"><ele>57.851</ele><time>2020-10-04T20:09:12Z</time></trkpt><trkpt lat="34.019767" lon="-118.143206"><ele>57.951</ele><time>2020-10-04T20:09:13Z</time></trkpt><trkpt lat="34.019757" lon="-118.143133"><ele>58.068</ele><time>2020-10-04T20:09:14Z</time></trkpt><trkpt lat="34.019744" lon="-118.143062"><ele>58.120</ele><time>2020-10-04T20:09:15Z</time></trkpt><trkpt lat="34.019731" lon="-118.142995"><ele>58.192</ele><time>2020-10-04T20:09:16Z</time></trkpt><trkpt lat="34.019719" lon="-118.142926"><ele>58.128</ele><time>2020-10-04T20:09:17Z</time></trkpt><trkpt lat="34.019707" lon="-118.142861"><ele>58.024</ele><time>2020-10-04T20:09:18Z</time></trkpt><trkpt lat="34.019686" lon="-118.142797"><ele>57.904</ele><time>2020-10-04T20:09:19Z</time></trkpt><trkpt lat="34.019675" lon="-118.142730"><ele>57.814</ele><time>2020-10-04T20:09:20Z</time></trkpt><trkpt lat="34.019667" lon="-118.142660"><ele>57.808</ele><time>2020-10-04T20:09:21Z</time></trkpt><trkpt lat="34.019649" lon="-118.142594"><ele>57.827</ele><time>2020-10-04T20:09:22Z</time></trkpt><trkpt lat="34.019637" lon="-118.142532"><ele>57.749</ele><time>2020-10-04T20:09:23Z</time></trkpt><trkpt lat="34.019619" lon="-118.142473"><ele>57.641</ele><time>2020-10-04T20:09:24Z</time></trkpt><trkpt lat="34.019605" lon="-118.142407"><ele>57.531</ele><time>2020-10-04T20:09:25Z</time></trkpt><trkpt lat="34.019597" lon="-118.142337"><ele>57.368</ele><time>2020-10-04T20:09:26Z</time></trkpt><trkpt lat="34.019584" lon="-118.142272"><ele>57.340</ele><time>2020-10-04T20:09:27Z</time></trkpt><trkpt lat="34.019563" lon="-118.142205"><ele>57.372</ele><time>2020-10-04T20:09:28Z</time></trkpt><trkpt lat="34.019546" lon="-118.142129"><ele>57.478</ele><time>2020-10-04T20:09:29Z</time></trkpt><trkpt lat="34.019526" lon="-118.142060"><ele>57.498</ele><time>2020-10-04T20:09:30Z</time></trkpt><trkpt lat="34.019509" lon="-118.141985"><ele>57.515</ele><time>2020-10-04T20:09:31Z</time></trkpt><trkpt lat="34.019494" lon="-118.141909"><ele>57.526</ele><time>2020-10-04T20:09:32Z</time></trkpt><trkpt lat="34.019479" lon="-118.141837"><ele>57.608</ele><time>2020-10-04T20:09:33Z</time></trkpt><trkpt lat="34.019464" lon="-118.141767"><ele>57.694</ele><time>2020-10-04T20:09:34Z</time></trkpt><trkpt lat="34.019442" lon="-118.141708"><ele>57.666</ele><time>2020-10-04T20:09:35Z</time></trkpt><trkpt lat="34.019440" lon="-118.141635"><ele>57.668</ele><time>2020-10-04T20:09:36Z</time></trkpt><trkpt lat="34.019427" lon="-118.141566"><ele>57.528</ele><time>2020-10-04T20:09:37Z</time></trkpt><trkpt lat="34.019408" lon="-118.141499"><ele>57.575</ele><time>2020-10-04T20:09:38Z</time></trkpt><trkpt lat="34.019399" lon="-118.141416"><ele>57.577</ele><time>2020-10-04T20:09:39Z</time></trkpt><trkpt lat="34.019381" lon="-118.141360"><ele>57.599</ele><time>2020-10-04T20:09:40Z</time></trkpt><trkpt lat="34.019370" lon="-118.141286"><ele>57.665</ele><time>2020-10-04T20:09:41Z</time></trkpt><trkpt lat="34.019356" lon="-118.141215"><ele>57.738</ele><time>2020-10-04T20:09:42Z</time></trkpt><trkpt lat="34.019340" lon="-118.141139"><ele>57.870</ele><time>2020-10-04T20:09:43Z</time></trkpt><trkpt lat="34.019322" lon="-118.141066"><ele>57.917</ele><time>2020-10-04T20:09:44Z</time></trkpt><trkpt lat="34.019310" lon="-118.140984"><ele>57.908</ele><time>2020-10-04T20:09:45Z</time></trkpt><trkpt lat="34.019296" lon="-118.140901"><ele>57.948</ele><time>2020-10-04T20:09:46Z</time></trkpt><trkpt lat="34.019282" lon="-118.140819"><ele>58.010</ele><time>2020-10-04T20:09:47Z</time></trkpt><trkpt lat="34.019267" lon="-118.140738"><ele>58.172</ele><time>2020-10-04T20:09:48Z</time></trkpt><trkpt lat="34.019253" lon="-118.140668"><ele>58.222</ele><time>2020-10-04T20:09:49Z</time></trkpt><trkpt lat="34.019232" lon="-118.140597"><ele>58.319</ele><time>2020-10-04T20:09:50Z</time></trkpt><trkpt lat="34.019224" lon="-118.140512"><ele>58.481</ele><time>2020-10-04T20:09:51Z</time></trkpt><trkpt lat="34.019201" lon="-118.140435"><ele>58.563</ele><time>2020-10-04T20:09:52Z</time></trkpt><trkpt lat="34.019190" lon="-118.140362"><ele>58.519</ele><time>2020-10-04T20:09:53Z</time></trkpt><trkpt lat="34.019178" lon="-118.140278"><ele>58.511</ele><time>2020-10-04T20:09:54Z</time></trkpt><trkpt lat="34.019162" lon="-118.140205"><ele>58.521</ele><time>2020-10-04T20:09:55Z</time></trkpt><trkpt lat="34.019147" lon="-118.140131"><ele>58.503</ele><time>2020-10-04T20:09:56Z</time></trkpt><trkpt lat="34.019126" lon="-118.140055"><ele>58.508</ele><time>2020-10-04T20:09:57Z</time></trkpt><trkpt lat="34.019110" lon="-118.139983"><ele>58.636</ele><time>2020-10-04T20:09:58Z</time></trkpt><trkpt lat="34.019094" lon="-118.139912"><ele>58.728</ele><time>2020-10-04T20:09:59Z</time></trkpt><trkpt lat="34.019073" lon="-118.139844"><ele>58.810</ele><time>2020-10-04T20:10:00Z</time></trkpt><trkpt lat="34.019054" lon="-118.139776"><ele>58.810</ele><time>2020-10-04T20:10:01Z</time></trkpt><trkpt lat="34.019043" lon="-118.139705"><ele>58.867</ele><time>2020-10-04T20:10:02Z</time></trkpt><trkpt lat="34.019032" lon="-118.139641"><ele>58.859</ele><time>2020-10-04T20:10:03Z</time></trkpt><trkpt lat="34.019020" lon="-118.139569"><ele>58.831</ele><time>2020-10-04T20:10:04Z</time></trkpt><trkpt lat="34.019012" lon="-118.139497"><ele>58.887</ele><time>2020-10-04T20:10:05Z</time></trkpt><trkpt lat="34.019003" lon="-118.139427"><ele>58.767</ele><time>2020-10-04T20:10:06Z</time></trkpt><trkpt lat="34.019000" lon="-118.139349"><ele>58.781</ele><time>2020-10-04T20:10:07Z</time></trkpt><trkpt lat="34.018989" lon="-118.139283"><ele>58.719</ele><time>2020-10-04T20:10:08Z</time></trkpt><trkpt lat="34.018977" lon="-118.139219"><ele>58.708</ele><time>2020-10-04T20:10:09Z</time></trkpt><trkpt lat="34.018954" lon="-118.139152"><ele>58.741</ele><time>2020-10-04T20:10:10Z</time></trkpt><trkpt lat="34.018937" lon="-118.139071"><ele>58.763</ele><time>2020-10-04T20:10:11Z</time></trkpt><trkpt lat="34.018917" lon="-118.138992"><ele>58.765</ele><time>2020-10-04T20:10:12Z</time></trkpt><trkpt lat="34.018900" lon="-118.138918"><ele>58.765</ele><time>2020-10-04T20:10:13Z</time></trkpt><trkpt lat="34.018876" lon="-118.138841"><ele>58.742</ele><time>2020-10-04T20:10:14Z</time></trkpt><trkpt lat="34.018858" lon="-118.138772"><ele>58.794</ele><time>2020-10-04T20:10:15Z</time></trkpt><trkpt lat="34.018840" lon="-118.138700"><ele>58.866</ele><time>2020-10-04T20:10:16Z</time></trkpt><trkpt lat="34.018822" lon="-118.138631"><ele>58.862</ele><time>2020-10-04T20:10:17Z</time></trkpt><trkpt lat="34.018808" lon="-118.138554"><ele>58.759</ele><time>2020-10-04T20:10:18Z</time></trkpt><trkpt lat="34.018791" lon="-118.138472"><ele>58.703</ele><time>2020-10-04T20:10:19Z</time></trkpt><trkpt lat="34.018775" lon="-118.138393"><ele>58.723</ele><time>2020-10-04T20:10:20Z</time></trkpt><trkpt lat="34.018758" lon="-118.138321"><ele>58.708</ele><time>2020-10-04T20:10:21Z</time></trkpt><trkpt lat="34.018743" lon="-118.138251"><ele>58.710</ele><time>2020-10-04T20:10:22Z</time></trkpt><trkpt lat="34.018729" lon="-118.138178"><ele>58.772</ele><time>2020-10-04T20:10:23Z</time></trkpt><trkpt lat="34.018714" lon="-118.138103"><ele>58.784</ele><time>2020-10-04T20:10:24Z</time></trkpt><trkpt lat="34.018696" lon="-118.138029"><ele>58.764</ele><time>2020-10-04T20:10:25Z</time></trkpt><trkpt lat="34.018675" lon="-118.137952"><ele>58.711</ele><time>2020-10-04T20:10:26Z</time></trkpt><trkpt lat="34.018652" lon="-118.137878"><ele>58.713</ele><time>2020-10-04T20:10:27Z</time></trkpt><trkpt lat="34.018637" lon="-118.137801"><ele>58.715</ele><time>2020-10-04T20:10:28Z</time></trkpt><trkpt lat="34.018621" lon="-118.137738"><ele>58.641</ele><time>2020-10-04T20:10:29Z</time></trkpt><trkpt lat="34.018601" lon="-118.137662"><ele>58.514</ele><time>2020-10-04T20:10:30Z</time></trkpt><trkpt lat="34.018592" lon="-118.137595"><ele>58.454</ele><time>2020-10-04T20:10:31Z</time></trkpt><trkpt lat="34.018584" lon="-118.137522"><ele>58.309</ele><time>2020-10-04T20:10:32Z</time></trkpt><trkpt lat="34.018571" lon="-118.137460"><ele>58.208</ele><time>2020-10-04T20:10:33Z</time></trkpt><trkpt lat="34.018563" lon="-118.137387"><ele>58.186</ele><time>2020-10-04T20:10:34Z</time></trkpt><trkpt lat="34.018552" lon="-118.137328"><ele>58.018</ele><time>2020-10-04T20:10:35Z</time></trkpt><trkpt lat="34.018531" lon="-118.137257"><ele>58.020</ele><time>2020-10-04T20:10:36Z</time></trkpt><trkpt lat="34.018517" lon="-118.137184"><ele>58.090</ele><time>2020-10-04T20:10:37Z</time></trkpt><trkpt lat="34.018504" lon="-118.137107"><ele>58.077</ele><time>2020-10-04T20:10:38Z</time></trkpt><trkpt lat="34.018489" lon="-118.137033"><ele>58.199</ele><time>2020-10-04T20:10:39Z</time></trkpt><trkpt lat="34.018490" lon="-118.136936"><ele>58.271</ele><time>2020-10-04T20:10:40Z</time></trkpt><trkpt lat="34.018473" lon="-118.136851"><ele>58.287</ele><time>2020-10-04T20:10:41Z</time></trkpt><trkpt lat="34.018456" lon="-118.136776"><ele>58.252</ele><time>2020-10-04T20:10:42Z</time></trkpt><trkpt lat="34.018438" lon="-118.136697"><ele>58.253</ele><time>2020-10-04T20:10:43Z</time></trkpt><trkpt lat="34.018421" lon="-118.136618"><ele>58.208</ele><time>2020-10-04T20:10:44Z</time></trkpt><trkpt lat="34.018405" lon="-118.136542"><ele>58.108</ele><time>2020-10-04T20:10:45Z</time></trkpt><trkpt lat="34.018382" lon="-118.136462"><ele>58.120</ele><time>2020-10-04T20:10:46Z</time></trkpt><trkpt lat="34.018360" lon="-118.136377"><ele>58.152</ele><time>2020-10-04T20:10:47Z</time></trkpt><trkpt lat="34.018344" lon="-118.136305"><ele>58.174</ele><time>2020-10-04T20:10:48Z</time></trkpt><trkpt lat="34.018320" lon="-118.136223"><ele>58.194</ele><time>2020-10-04T20:10:49Z</time></trkpt><trkpt lat="34.018306" lon="-118.136141"><ele>58.041</ele><time>2020-10-04T20:10:50Z</time></trkpt><trkpt lat="34.018286" lon="-118.136059"><ele>58.073</ele><time>2020-10-04T20:10:51Z</time></trkpt><trkpt lat="34.018269" lon="-118.135972"><ele>58.075</ele><time>2020-10-04T20:10:52Z</time></trkpt><trkpt lat="34.018254" lon="-118.135891"><ele>58.131</ele><time>2020-10-04T20:10:53Z</time></trkpt><trkpt lat="34.018242" lon="-118.135811"><ele>58.265</ele><time>2020-10-04T20:10:54Z</time></trkpt><trkpt lat="34.018224" lon="-118.135735"><ele>58.468</ele><time>2020-10-04T20:10:55Z</time></trkpt><trkpt lat="34.018200" lon="-118.135656"><ele>58.614</ele><time>2020-10-04T20:10:56Z</time></trkpt><trkpt lat="34.018183" lon="-118.135575"><ele>58.608</ele><time>2020-10-04T20:10:57Z</time></trkpt><trkpt lat="34.018164" lon="-118.135494"><ele>58.621</ele><time>2020-10-04T20:10:58Z</time></trkpt><trkpt lat="34.018145" lon="-118.135414"><ele>58.613</ele><time>2020-10-04T20:10:59Z</time></trkpt><trkpt lat="34.018123" lon="-118.135332"><ele>58.685</ele><time>2020-10-04T20:11:00Z</time></trkpt><trkpt lat="34.018112" lon="-118.135247"><ele>58.515</ele><time>2020-10-04T20:11:01Z</time></trkpt><trkpt lat="34.018088" lon="-118.135171"><ele>58.462</ele><time>2020-10-04T20:11:02Z</time></trkpt><trkpt lat="34.018072" lon="-118.135089"><ele>58.494</ele><time>2020-10-04T20:11:03Z</time></trkpt><trkpt lat="34.018062" lon="-118.135004"><ele>58.396</ele><time>2020-10-04T20:11:04Z</time></trkpt><trkpt lat="34.018040" lon="-118.134933"><ele>58.322</ele><time>2020-10-04T20:11:05Z</time></trkpt><trkpt lat="34.018024" lon="-118.134855"><ele>58.393</ele><time>2020-10-04T20:11:06Z</time></trkpt><trkpt lat="34.018008" lon="-118.134785"><ele>58.365</ele><time>2020-10-04T20:11:07Z</time></trkpt><trkpt lat="34.017992" lon="-118.134710"><ele>58.421</ele><time>2020-10-04T20:11:08Z</time></trkpt><trkpt lat="34.017976" lon="-118.134629"><ele>58.508</ele><time>2020-10-04T20:11:09Z</time></trkpt><trkpt lat="34.017965" lon="-118.134550"><ele>58.684</ele><time>2020-10-04T20:11:10Z</time></trkpt><trkpt lat="34.017948" lon="-118.134461"><ele>58.736</ele><time>2020-10-04T20:11:11Z</time></trkpt><trkpt lat="34.017931" lon="-118.134387"><ele>58.758</ele><time>2020-10-04T20:11:12Z</time></trkpt><trkpt lat="34.017914" lon="-118.134308"><ele>58.718</ele><time>2020-10-04T20:11:13Z</time></trkpt><trkpt lat="34.017897" lon="-118.134236"><ele>58.795</ele><time>2020-10-04T20:11:14Z</time></trkpt><trkpt lat="34.017883" lon="-118.134166"><ele>58.687</ele><time>2020-10-04T20:11:15Z</time></trkpt><trkpt lat="34.017863" lon="-118.134091"><ele>58.529</ele><time>2020-10-04T20:11:16Z</time></trkpt><trkpt lat="34.017835" lon="-118.134030"><ele>58.545</ele><time>2020-10-04T20:11:17Z</time></trkpt><trkpt lat="34.017827" lon="-118.133971"><ele>58.518</ele><time>2020-10-04T20:11:18Z</time></trkpt><trkpt lat="34.017832" lon="-118.133912"><ele>58.598</ele><time>2020-10-04T20:11:19Z</time></trkpt><trkpt lat="34.017849" lon="-118.133861"><ele>58.417</ele><time>2020-10-04T20:11:20Z</time></trkpt><trkpt lat="34.017917" lon="-118.133814"><ele>58.308</ele><time>2020-10-04T20:11:22Z</time></trkpt><trkpt lat="34.018000" lon="-118.133808"><ele>58.016</ele><time>2020-10-04T20:11:24Z</time></trkpt><trkpt lat="34.018065" lon="-118.133791"><ele>58.038</ele><time>2020-10-04T20:11:25Z</time></trkpt><trkpt lat="34.018117" lon="-118.133775"><ele>58.040</ele><time>2020-10-04T20:11:26Z</time></trkpt><trkpt lat="34.018167" lon="-118.133764"><ele>58.270</ele><time>2020-10-04T20:11:27Z</time></trkpt><trkpt lat="34.018214" lon="-118.133751"><ele>58.447</ele><time>2020-10-04T20:11:28Z</time></trkpt><trkpt lat="34.018265" lon="-118.133732"><ele>58.549</ele><time>2020-10-04T20:11:29Z</time></trkpt><trkpt lat="34.018315" lon="-118.133713"><ele>58.681</ele><time>2020-10-04T20:11:30Z</time></trkpt><trkpt lat="34.018372" lon="-118.133694"><ele>58.777</ele><time>2020-10-04T20:11:31Z</time></trkpt><trkpt lat="34.018423" lon="-118.133674"><ele>58.857</ele><time>2020-10-04T20:11:32Z</time></trkpt><trkpt lat="34.018484" lon="-118.133644"><ele>58.900</ele><time>2020-10-04T20:11:33Z</time></trkpt><trkpt lat="34.018547" lon="-118.133613"><ele>59.020</ele><time>2020-10-04T20:11:34Z</time></trkpt><trkpt lat="34.018597" lon="-118.133590"><ele>59.108</ele><time>2020-10-04T20:11:35Z</time></trkpt><trkpt lat="34.018645" lon="-118.133561"><ele>59.260</ele><time>2020-10-04T20:11:36Z</time></trkpt><trkpt lat="34.018694" lon="-118.133521"><ele>59.272</ele><time>2020-10-04T20:11:37Z</time></trkpt><trkpt lat="34.018747" lon="-118.133488"><ele>59.394</ele><time>2020-10-04T20:11:38Z</time></trkpt><trkpt lat="34.018799" lon="-118.133451"><ele>59.384</ele><time>2020-10-04T20:11:39Z</time></trkpt><trkpt lat="34.018844" lon="-118.133394"><ele>59.321</ele><time>2020-10-04T20:11:40Z</time></trkpt><trkpt lat="34.018897" lon="-118.133348"><ele>59.323</ele><time>2020-10-04T20:11:41Z</time></trkpt><trkpt lat="34.018941" lon="-118.133303"><ele>59.355</ele><time>2020-10-04T20:11:42Z</time></trkpt><trkpt lat="34.018992" lon="-118.133250"><ele>59.441</ele><time>2020-10-04T20:11:43Z</time></trkpt><trkpt lat="34.019035" lon="-118.133199"><ele>59.531</ele><time>2020-10-04T20:11:44Z</time></trkpt><trkpt lat="34.019089" lon="-118.133148"><ele>59.661</ele><time>2020-10-04T20:11:45Z</time></trkpt><trkpt lat="34.019130" lon="-118.133095"><ele>59.607</ele><time>2020-10-04T20:11:46Z</time></trkpt><trkpt lat="34.019172" lon="-118.133033"><ele>59.608</ele><time>2020-10-04T20:11:47Z</time></trkpt><trkpt lat="34.019211" lon="-118.132974"><ele>59.658</ele><time>2020-10-04T20:11:48Z</time></trkpt><trkpt lat="34.019250" lon="-118.132918"><ele>59.610</ele><time>2020-10-04T20:11:49Z</time></trkpt><trkpt lat="34.019280" lon="-118.132857"><ele>59.652</ele><time>2020-10-04T20:11:50Z</time></trkpt><trkpt lat="34.019297" lon="-118.132787"><ele>59.642</ele><time>2020-10-04T20:11:51Z</time></trkpt><trkpt lat="34.019292" lon="-118.132718"><ele>59.699</ele><time>2020-10-04T20:11:52Z</time></trkpt><trkpt lat="34.019277" lon="-118.132657"><ele>59.771</ele><time>2020-10-04T20:11:53Z</time></trkpt><trkpt lat="34.019232" lon="-118.132594"><ele>59.863</ele><time>2020-10-04T20:11:54Z</time></trkpt><trkpt lat="34.019190" lon="-118.132526"><ele>59.989</ele><time>2020-10-04T20:11:55Z</time></trkpt><trkpt lat="34.019144" lon="-118.132468"><ele>59.994</ele><time>2020-10-04T20:11:56Z</time></trkpt><trkpt lat="34.019108" lon="-118.132395"><ele>59.957</ele><time>2020-10-04T20:11:57Z</time></trkpt><trkpt lat="34.019073" lon="-118.132327"><ele>59.922</ele><time>2020-10-04T20:11:58Z</time></trkpt><trkpt lat="34.019033" lon="-118.132258"><ele>59.908</ele><time>2020-10-04T20:11:59Z</time></trkpt><trkpt lat="34.018992" lon="-118.132182"><ele>59.994</ele><time>2020-10-04T20:12:00Z</time></trkpt><trkpt lat="34.018950" lon="-118.132115"><ele>59.976</ele><time>2020-10-04T20:12:01Z</time></trkpt><trkpt lat="34.018915" lon="-118.132036"><ele>59.968</ele><time>2020-10-04T20:12:02Z</time></trkpt><trkpt lat="34.018871" lon="-118.131967"><ele>59.978</ele><time>2020-10-04T20:12:03Z</time></trkpt><trkpt lat="34.018831" lon="-118.131900"><ele>59.985</ele><time>2020-10-04T20:12:04Z</time></trkpt><trkpt lat="34.018793" lon="-118.131828"><ele>59.947</ele><time>2020-10-04T20:12:05Z</time></trkpt><trkpt lat="34.018751" lon="-118.131756"><ele>59.929</ele><time>2020-10-04T20:12:06Z</time></trkpt><trkpt lat="34.018708" lon="-118.131689"><ele>59.985</ele><time>2020-10-04T20:12:07Z</time></trkpt><trkpt lat="34.018669" lon="-118.131619"><ele>59.945</ele><time>2020-10-04T20:12:08Z</time></trkpt><trkpt lat="34.018624" lon="-118.131549"><ele>59.947</ele><time>2020-10-04T20:12:09Z</time></trkpt><trkpt lat="34.018584" lon="-118.131483"><ele>59.911</ele><time>2020-10-04T20:12:10Z</time></trkpt><trkpt lat="34.018541" lon="-118.131412"><ele>59.808</ele><time>2020-10-04T20:12:11Z</time></trkpt><trkpt lat="34.018503" lon="-118.131347"><ele>59.899</ele><time>2020-10-04T20:12:12Z</time></trkpt><trkpt lat="34.018462" lon="-118.131283"><ele>59.731</ele><time>2020-10-04T20:12:13Z</time></trkpt><trkpt lat="34.018425" lon="-118.131215"><ele>59.663</ele><time>2020-10-04T20:12:14Z</time></trkpt><trkpt lat="34.018386" lon="-118.131146"><ele>59.593</ele><time>2020-10-04T20:12:15Z</time></trkpt><trkpt lat="34.018349" lon="-118.131083"><ele>59.540</ele><time>2020-10-04T20:12:16Z</time></trkpt><trkpt lat="34.018309" lon="-118.131017"><ele>59.692</ele><time>2020-10-04T20:12:17Z</time></trkpt><trkpt lat="34.018267" lon="-118.130958"><ele>59.654</ele><time>2020-10-04T20:12:18Z</time></trkpt><trkpt lat="34.018228" lon="-118.130898"><ele>59.650</ele><time>2020-10-04T20:12:19Z</time></trkpt><trkpt lat="34.018190" lon="-118.130842"><ele>59.694</ele><time>2020-10-04T20:12:20Z</time></trkpt><trkpt lat="34.018150" lon="-118.130787"><ele>59.457</ele><time>2020-10-04T20:12:21Z</time></trkpt><trkpt lat="34.018112" lon="-118.130731"><ele>59.322</ele><time>2020-10-04T20:12:22Z</time></trkpt><trkpt lat="34.018084" lon="-118.130666"><ele>59.308</ele><time>2020-10-04T20:12:23Z</time></trkpt><trkpt lat="34.018062" lon="-118.130603"><ele>59.374</ele><time>2020-10-04T20:12:24Z</time></trkpt><trkpt lat="34.018046" lon="-118.130538"><ele>59.316</ele><time>2020-10-04T20:12:25Z</time></trkpt><trkpt lat="34.018020" lon="-118.130469"><ele>59.388</ele><time>2020-10-04T20:12:26Z</time></trkpt><trkpt lat="34.017984" lon="-118.130405"><ele>59.378</ele><time>2020-10-04T20:12:27Z</time></trkpt><trkpt lat="34.017947" lon="-118.130341"><ele>59.325</ele><time>2020-10-04T20:12:28Z</time></trkpt><trkpt lat="34.017909" lon="-118.130285"><ele>59.337</ele><time>2020-10-04T20:12:29Z</time></trkpt><trkpt lat="34.017882" lon="-118.130216"><ele>59.339</ele><time>2020-10-04T20:12:30Z</time></trkpt><trkpt lat="34.017881" lon="-118.130132"><ele>59.455</ele><time>2020-10-04T20:12:31Z</time></trkpt><trkpt lat="34.017899" lon="-118.130052"><ele>59.437</ele><time>2020-10-04T20:12:32Z</time></trkpt><trkpt lat="34.017930" lon="-118.129983"><ele>59.449</ele><time>2020-10-04T20:12:33Z</time></trkpt><trkpt lat="34.017962" lon="-118.129912"><ele>59.313</ele><time>2020-10-04T20:12:34Z</time></trkpt><trkpt lat="34.017994" lon="-118.129833"><ele>59.308</ele><time>2020-10-04T20:12:35Z</time></trkpt><trkpt lat="34.018021" lon="-118.129753"><ele>59.348</ele><time>2020-10-04T20:12:36Z</time></trkpt><trkpt lat="34.018030" lon="-118.129673"><ele>59.320</ele><time>2020-10-04T20:12:37Z</time></trkpt><trkpt lat="34.018046" lon="-118.129593"><ele>59.342</ele><time>2020-10-04T20:12:38Z</time></trkpt><trkpt lat="34.018064" lon="-118.129505"><ele>59.432</ele><time>2020-10-04T20:12:39Z</time></trkpt><trkpt lat="34.018073" lon="-118.129422"><ele>59.559</ele><time>2020-10-04T20:12:40Z</time></trkpt><trkpt lat="34.018087" lon="-118.129339"><ele>59.541</ele><time>2020-10-04T20:12:41Z</time></trkpt><trkpt lat="34.018099" lon="-118.129261"><ele>59.693</ele><time>2020-10-04T20:12:42Z</time></trkpt><trkpt lat="34.018114" lon="-118.129185"><ele>59.779</ele><time>2020-10-04T20:12:43Z</time></trkpt><trkpt lat="34.018122" lon="-118.129104"><ele>59.838</ele><time>2020-10-04T20:12:44Z</time></trkpt><trkpt lat="34.018127" lon="-118.129019"><ele>59.970</ele><time>2020-10-04T20:12:45Z</time></trkpt><trkpt lat="34.018136" lon="-118.128936"><ele>60.017</ele><time>2020-10-04T20:12:46Z</time></trkpt><trkpt lat="34.018139" lon="-118.128848"><ele>60.008</ele><time>2020-10-04T20:12:47Z</time></trkpt><trkpt lat="34.018141" lon="-118.128766"><ele>60.058</ele><time>2020-10-04T20:12:48Z</time></trkpt><trkpt lat="34.018140" lon="-118.128678"><ele>60.070</ele><time>2020-10-04T20:12:49Z</time></trkpt><trkpt lat="34.018136" lon="-118.128595"><ele>60.042</ele><time>2020-10-04T20:12:50Z</time></trkpt><trkpt lat="34.018138" lon="-118.128516"><ele>60.042</ele><time>2020-10-04T20:12:51Z</time></trkpt><trkpt lat="34.018129" lon="-118.128438"><ele>60.079</ele><time>2020-10-04T20:12:52Z</time></trkpt><trkpt lat="34.018120" lon="-118.128361"><ele>60.071</ele><time>2020-10-04T20:12:53Z</time></trkpt><trkpt lat="34.018113" lon="-118.128279"><ele>60.073</ele><time>2020-10-04T20:12:54Z</time></trkpt><trkpt lat="34.018110" lon="-118.128200"><ele>60.099</ele><time>2020-10-04T20:12:55Z</time></trkpt><trkpt lat="34.018110" lon="-118.128125"><ele>60.085</ele><time>2020-10-04T20:12:56Z</time></trkpt><trkpt lat="34.018102" lon="-118.128055"><ele>60.089</ele><time>2020-10-04T20:12:57Z</time></trkpt><trkpt lat="34.018092" lon="-118.127977"><ele>60.017</ele><time>2020-10-04T20:12:58Z</time></trkpt><trkpt lat="34.018084" lon="-118.127893"><ele>60.008</ele><time>2020-10-04T20:12:59Z</time></trkpt><trkpt lat="34.018079" lon="-118.127809"><ele>60.033</ele><time>2020-10-04T20:13:00Z</time></trkpt><trkpt lat="34.018061" lon="-118.127724"><ele>60.015</ele><time>2020-10-04T20:13:01Z</time></trkpt><trkpt lat="34.018041" lon="-118.127645"><ele>60.147</ele><time>2020-10-04T20:13:02Z</time></trkpt><trkpt lat="34.018025" lon="-118.127560"><ele>60.237</ele><time>2020-10-04T20:13:03Z</time></trkpt><trkpt lat="34.018005" lon="-118.127469"><ele>60.464</ele><time>2020-10-04T20:13:04Z</time></trkpt><trkpt lat="34.017969" lon="-118.127387"><ele>60.536</ele><time>2020-10-04T20:13:05Z</time></trkpt><trkpt lat="34.017957" lon="-118.127317"><ele>60.758</ele><time>2020-10-04T20:13:06Z</time></trkpt><trkpt lat="34.017932" lon="-118.127234"><ele>60.864</ele><time>2020-10-04T20:13:07Z</time></trkpt><trkpt lat="34.017913" lon="-118.127153"><ele>60.962</ele><time>2020-10-04T20:13:08Z</time></trkpt><trkpt lat="34.017898" lon="-118.127077"><ele>60.983</ele><time>2020-10-04T20:13:09Z</time></trkpt><trkpt lat="34.017873" lon="-118.126998"><ele>60.811</ele><time>2020-10-04T20:13:10Z</time></trkpt><trkpt lat="34.017858" lon="-118.126919"><ele>60.708</ele><time>2020-10-04T20:13:11Z</time></trkpt><trkpt lat="34.017831" lon="-118.126849"><ele>60.691</ele><time>2020-10-04T20:13:12Z</time></trkpt><trkpt lat="34.017818" lon="-118.126772"><ele>60.593</ele><time>2020-10-04T20:13:13Z</time></trkpt><trkpt lat="34.017804" lon="-118.126691"><ele>60.595</ele><time>2020-10-04T20:13:14Z</time></trkpt><trkpt lat="34.017783" lon="-118.126620"><ele>60.555</ele><time>2020-10-04T20:13:15Z</time></trkpt><trkpt lat="34.017768" lon="-118.126548"><ele>60.512</ele><time>2020-10-04T20:13:16Z</time></trkpt><trkpt lat="34.017751" lon="-118.126472"><ele>60.514</ele><time>2020-10-04T20:13:17Z</time></trkpt><trkpt lat="34.017734" lon="-118.126402"><ele>60.586</ele><time>2020-10-04T20:13:18Z</time></trkpt><trkpt lat="34.017721" lon="-118.126328"><ele>60.552</ele><time>2020-10-04T20:13:19Z</time></trkpt><trkpt lat="34.017707" lon="-118.126261"><ele>60.586</ele><time>2020-10-04T20:13:20Z</time></trkpt><trkpt lat="34.017693" lon="-118.126196"><ele>60.560</ele><time>2020-10-04T20:13:21Z</time></trkpt><trkpt lat="34.017674" lon="-118.126132"><ele>60.526</ele><time>2020-10-04T20:13:22Z</time></trkpt><trkpt lat="34.017648" lon="-118.126075"><ele>60.508</ele><time>2020-10-04T20:13:23Z</time></trkpt><trkpt lat="34.017631" lon="-118.126013"><ele>60.413</ele><time>2020-10-04T20:13:24Z</time></trkpt><trkpt lat="34.017614" lon="-118.125954"><ele>60.455</ele><time>2020-10-04T20:13:25Z</time></trkpt><trkpt lat="34.017597" lon="-118.125885"><ele>60.417</ele><time>2020-10-04T20:13:26Z</time></trkpt><trkpt lat="34.017586" lon="-118.125819"><ele>60.317</ele><time>2020-10-04T20:13:27Z</time></trkpt><trkpt lat="34.017585" lon="-118.125751"><ele>60.354</ele><time>2020-10-04T20:13:28Z</time></trkpt><trkpt lat="34.017581" lon="-118.125683"><ele>60.316</ele><time>2020-10-04T20:13:29Z</time></trkpt><trkpt lat="34.017577" lon="-118.125618"><ele>60.318</ele><time>2020-10-04T20:13:30Z</time></trkpt><trkpt lat="34.017563" lon="-118.125557"><ele>60.354</ele><time>2020-10-04T20:13:31Z</time></trkpt><trkpt lat="34.017551" lon="-118.125482"><ele>60.437</ele><time>2020-10-04T20:13:32Z</time></trkpt><trkpt lat="34.017537" lon="-118.125429"><ele>60.449</ele><time>2020-10-04T20:13:33Z</time></trkpt><trkpt lat="34.017513" lon="-118.125367"><ele>60.513</ele><time>2020-10-04T20:13:34Z</time></trkpt><trkpt lat="34.017499" lon="-118.125299"><ele>60.608</ele><time>2020-10-04T20:13:35Z</time></trkpt><trkpt lat="34.017487" lon="-118.125236"><ele>60.738</ele><time>2020-10-04T20:13:36Z</time></trkpt><trkpt lat="34.017471" lon="-118.125165"><ele>60.890</ele><time>2020-10-04T20:13:37Z</time></trkpt><trkpt lat="34.017455" lon="-118.125098"><ele>60.962</ele><time>2020-10-04T20:13:38Z</time></trkpt><trkpt lat="34.017440" lon="-118.125032"><ele>61.062</ele><time>2020-10-04T20:13:39Z</time></trkpt><trkpt lat="34.017423" lon="-118.124969"><ele>61.259</ele><time>2020-10-04T20:13:40Z</time></trkpt><trkpt lat="34.017409" lon="-118.124904"><ele>61.351</ele><time>2020-10-04T20:13:41Z</time></trkpt><trkpt lat="34.017389" lon="-118.124842"><ele>61.453</ele><time>2020-10-04T20:13:42Z</time></trkpt><trkpt lat="34.017372" lon="-118.124781"><ele>61.539</ele><time>2020-10-04T20:13:43Z</time></trkpt><trkpt lat="34.017365" lon="-118.124724"><ele>61.645</ele><time>2020-10-04T20:13:44Z</time></trkpt><trkpt lat="34.017351" lon="-118.124654"><ele>61.747</ele><time>2020-10-04T20:13:45Z</time></trkpt><trkpt lat="34.017343" lon="-118.124593"><ele>61.811</ele><time>2020-10-04T20:13:46Z</time></trkpt><trkpt lat="34.017328" lon="-118.124539"><ele>61.808</ele><time>2020-10-04T20:13:47Z</time></trkpt><trkpt lat="34.017314" lon="-118.124483"><ele>61.859</ele><time>2020-10-04T20:13:48Z</time></trkpt><trkpt lat="34.017302" lon="-118.124420"><ele>61.961</ele><time>2020-10-04T20:13:49Z</time></trkpt><trkpt lat="34.017285" lon="-118.124353"><ele>61.913</ele><time>2020-10-04T20:13:50Z</time></trkpt><trkpt lat="34.017272" lon="-118.124301"><ele>61.993</ele><time>2020-10-04T20:13:51Z</time></trkpt><trkpt lat="34.017256" lon="-118.124209"><ele>61.920</ele><time>2020-10-04T20:13:53Z</time></trkpt><trkpt lat="34.017242" lon="-118.124132"><ele>61.922</ele><time>2020-10-04T20:13:55Z</time></trkpt><trkpt lat="34.017231" lon="-118.124067"><ele>61.814</ele><time>2020-10-04T20:13:57Z</time></trkpt><trkpt lat="34.017223" lon="-118.123988"><ele>61.690</ele><time>2020-10-04T20:14:31Z</time></trkpt><trkpt lat="34.017203" lon="-118.123928"><ele>61.696</ele><time>2020-10-04T20:14:33Z</time></trkpt><trkpt lat="34.017180" lon="-118.123848"><ele>61.731</ele><time>2020-10-04T20:14:35Z</time></trkpt><trkpt lat="34.017169" lon="-118.123748"><ele>61.824</ele><time>2020-10-04T20:14:37Z</time></trkpt><trkpt lat="34.017149" lon="-118.123646"><ele>62.108</ele><time>2020-10-04T20:14:39Z</time></trkpt><trkpt lat="34.017136" lon="-118.123591"><ele>62.214</ele><time>2020-10-04T20:14:40Z</time></trkpt><trkpt lat="34.017129" lon="-118.123525"><ele>62.536</ele><time>2020-10-04T20:14:41Z</time></trkpt><trkpt lat="34.017094" lon="-118.123416"><ele>62.818</ele><time>2020-10-04T20:14:43Z</time></trkpt><trkpt lat="34.017079" lon="-118.123351"><ele>62.968</ele><time>2020-10-04T20:14:44Z</time></trkpt><trkpt lat="34.017066" lon="-118.123286"><ele>63.095</ele><time>2020-10-04T20:14:45Z</time></trkpt><trkpt lat="34.017053" lon="-118.123220"><ele>63.047</ele><time>2020-10-04T20:14:46Z</time></trkpt><trkpt lat="34.017037" lon="-118.123150"><ele>63.139</ele><time>2020-10-04T20:14:47Z</time></trkpt><trkpt lat="34.017018" lon="-118.123093"><ele>63.295</ele><time>2020-10-04T20:14:48Z</time></trkpt><trkpt lat="34.017004" lon="-118.123024"><ele>63.264</ele><time>2020-10-04T20:14:49Z</time></trkpt><trkpt lat="34.016994" lon="-118.122951"><ele>63.406</ele><time>2020-10-04T20:14:50Z</time></trkpt><trkpt lat="34.016978" lon="-118.122874"><ele>63.516</ele><time>2020-10-04T20:14:51Z</time></trkpt><trkpt lat="34.016965" lon="-118.122804"><ele>63.608</ele><time>2020-10-04T20:14:52Z</time></trkpt><trkpt lat="34.016949" lon="-118.122727"><ele>63.791</ele><time>2020-10-04T20:14:53Z</time></trkpt><trkpt lat="34.016933" lon="-118.122657"><ele>63.813</ele><time>2020-10-04T20:14:54Z</time></trkpt><trkpt lat="34.016921" lon="-118.122584"><ele>63.855</ele><time>2020-10-04T20:14:55Z</time></trkpt><trkpt lat="34.016912" lon="-118.122511"><ele>63.825</ele><time>2020-10-04T20:14:56Z</time></trkpt><trkpt lat="34.016894" lon="-118.122441"><ele>63.952</ele><time>2020-10-04T20:14:57Z</time></trkpt><trkpt lat="34.016874" lon="-118.122362"><ele>63.974</ele><time>2020-10-04T20:14:58Z</time></trkpt><trkpt lat="34.016863" lon="-118.122289"><ele>63.936</ele><time>2020-10-04T20:14:59Z</time></trkpt><trkpt lat="34.016854" lon="-118.122215"><ele>63.962</ele><time>2020-10-04T20:15:00Z</time></trkpt><trkpt lat="34.016845" lon="-118.122138"><ele>63.968</ele><time>2020-10-04T20:15:01Z</time></trkpt><trkpt lat="34.016824" lon="-118.122063"><ele>63.942</ele><time>2020-10-04T20:15:02Z</time></trkpt><trkpt lat="34.016801" lon="-118.121989"><ele>63.926</ele><time>2020-10-04T20:15:03Z</time></trkpt><trkpt lat="34.016789" lon="-118.121913"><ele>63.908</ele><time>2020-10-04T20:15:04Z</time></trkpt><trkpt lat="34.016775" lon="-118.121839"><ele>63.911</ele><time>2020-10-04T20:15:05Z</time></trkpt><trkpt lat="34.016760" lon="-118.121757"><ele>64.073</ele><time>2020-10-04T20:15:06Z</time></trkpt><trkpt lat="34.016744" lon="-118.121684"><ele>64.035</ele><time>2020-10-04T20:15:07Z</time></trkpt><trkpt lat="34.016724" lon="-118.121611"><ele>64.085</ele><time>2020-10-04T20:15:08Z</time></trkpt><trkpt lat="34.016706" lon="-118.121535"><ele>64.052</ele><time>2020-10-04T20:15:09Z</time></trkpt><trkpt lat="34.016695" lon="-118.121463"><ele>64.064</ele><time>2020-10-04T20:15:10Z</time></trkpt><trkpt lat="34.016675" lon="-118.121391"><ele>63.986</ele><time>2020-10-04T20:15:11Z</time></trkpt><trkpt lat="34.016660" lon="-118.121318"><ele>63.732</ele><time>2020-10-04T20:15:12Z</time></trkpt><trkpt lat="34.016651" lon="-118.121250"><ele>63.656</ele><time>2020-10-04T20:15:13Z</time></trkpt><trkpt lat="34.016631" lon="-118.121174"><ele>63.559</ele><time>2020-10-04T20:15:14Z</time></trkpt><trkpt lat="34.016610" lon="-118.121103"><ele>63.414</ele><time>2020-10-04T20:15:15Z</time></trkpt><trkpt lat="34.016591" lon="-118.121026"><ele>63.308</ele><time>2020-10-04T20:15:16Z</time></trkpt><trkpt lat="34.016576" lon="-118.120956"><ele>63.350</ele><time>2020-10-04T20:15:17Z</time></trkpt><trkpt lat="34.016560" lon="-118.120882"><ele>63.392</ele><time>2020-10-04T20:15:18Z</time></trkpt><trkpt lat="34.016540" lon="-118.120805"><ele>63.144</ele><time>2020-10-04T20:15:19Z</time></trkpt><trkpt lat="34.016525" lon="-118.120728"><ele>63.014</ele><time>2020-10-04T20:15:20Z</time></trkpt><trkpt lat="34.016515" lon="-118.120656"><ele>62.941</ele><time>2020-10-04T20:15:21Z</time></trkpt><trkpt lat="34.016505" lon="-118.120579"><ele>62.843</ele><time>2020-10-04T20:15:22Z</time></trkpt><trkpt lat="34.016485" lon="-118.120507"><ele>62.765</ele><time>2020-10-04T20:15:23Z</time></trkpt><trkpt lat="34.016472" lon="-118.120427"><ele>62.681</ele><time>2020-10-04T20:15:24Z</time></trkpt><trkpt lat="34.016456" lon="-118.120349"><ele>62.699</ele><time>2020-10-04T20:15:25Z</time></trkpt><trkpt lat="34.016440" lon="-118.120274"><ele>62.607</ele><time>2020-10-04T20:15:26Z</time></trkpt><trkpt lat="34.016422" lon="-118.120205"><ele>62.527</ele><time>2020-10-04T20:15:27Z</time></trkpt><trkpt lat="34.016410" lon="-118.120135"><ele>62.408</ele><time>2020-10-04T20:15:28Z</time></trkpt><trkpt lat="34.016396" lon="-118.120054"><ele>62.494</ele><time>2020-10-04T20:15:29Z</time></trkpt><trkpt lat="34.016381" lon="-118.119981"><ele>62.266</ele><time>2020-10-04T20:15:30Z</time></trkpt><trkpt lat="34.016369" lon="-118.119907"><ele>62.168</ele><time>2020-10-04T20:15:31Z</time></trkpt><trkpt lat="34.016348" lon="-118.119833"><ele>62.018</ele><time>2020-10-04T20:15:32Z</time></trkpt><trkpt lat="34.016339" lon="-118.119761"><ele>61.935</ele><time>2020-10-04T20:15:33Z</time></trkpt><trkpt lat="34.016327" lon="-118.119690"><ele>61.967</ele><time>2020-10-04T20:15:34Z</time></trkpt><trkpt lat="34.016308" lon="-118.119631"><ele>61.859</ele><time>2020-10-04T20:15:35Z</time></trkpt><trkpt lat="34.016293" lon="-118.119560"><ele>61.765</ele><time>2020-10-04T20:15:36Z</time></trkpt><trkpt lat="34.016282" lon="-118.119493"><ele>61.688</ele><time>2020-10-04T20:15:37Z</time></trkpt><trkpt lat="34.016269" lon="-118.119426"><ele>61.424</ele><time>2020-10-04T20:15:38Z</time></trkpt><trkpt lat="34.016259" lon="-118.119361"><ele>61.326</ele><time>2020-10-04T20:15:39Z</time></trkpt><trkpt lat="34.016244" lon="-118.119293"><ele>61.208</ele><time>2020-10-04T20:15:40Z</time></trkpt><trkpt lat="34.016232" lon="-118.119233"><ele>61.173</ele><time>2020-10-04T20:15:41Z</time></trkpt><trkpt lat="34.016216" lon="-118.119160"><ele>61.025</ele><time>2020-10-04T20:15:42Z</time></trkpt><trkpt lat="34.016199" lon="-118.119087"><ele>61.077</ele><time>2020-10-04T20:15:43Z</time></trkpt><trkpt lat="34.016190" lon="-118.119016"><ele>61.057</ele><time>2020-10-04T20:15:44Z</time></trkpt><trkpt lat="34.016176" lon="-118.118940"><ele>61.024</ele><time>2020-10-04T20:15:45Z</time></trkpt><trkpt lat="34.016161" lon="-118.118869"><ele>61.016</ele><time>2020-10-04T20:15:46Z</time></trkpt><trkpt lat="34.016143" lon="-118.118795"><ele>61.058</ele><time>2020-10-04T20:15:47Z</time></trkpt><trkpt lat="34.016125" lon="-118.118720"><ele>61.034</ele><time>2020-10-04T20:15:48Z</time></trkpt><trkpt lat="34.016107" lon="-118.118644"><ele>61.012</ele><time>2020-10-04T20:15:49Z</time></trkpt><trkpt lat="34.016089" lon="-118.118577"><ele>61.032</ele><time>2020-10-04T20:15:50Z</time></trkpt><trkpt lat="34.016076" lon="-118.118506"><ele>61.005</ele><time>2020-10-04T20:15:51Z</time></trkpt><trkpt lat="34.016057" lon="-118.118441"><ele>61.008</ele><time>2020-10-04T20:15:52Z</time></trkpt><trkpt lat="34.016047" lon="-118.118378"><ele>61.076</ele><time>2020-10-04T20:15:53Z</time></trkpt><trkpt lat="34.016030" lon="-118.118313"><ele>61.048</ele><time>2020-10-04T20:15:54Z</time></trkpt><trkpt lat="34.016014" lon="-118.118240"><ele>60.860</ele><time>2020-10-04T20:15:55Z</time></trkpt><trkpt lat="34.016005" lon="-118.118177"><ele>60.810</ele><time>2020-10-04T20:15:56Z</time></trkpt><trkpt lat="34.015993" lon="-118.118109"><ele>60.597</ele><time>2020-10-04T20:15:57Z</time></trkpt><trkpt lat="34.015978" lon="-118.118040"><ele>60.569</ele><time>2020-10-04T20:15:58Z</time></trkpt><trkpt lat="34.015963" lon="-118.117973"><ele>60.511</ele><time>2020-10-04T20:15:59Z</time></trkpt><trkpt lat="34.015948" lon="-118.117901"><ele>60.577</ele><time>2020-10-04T20:16:00Z</time></trkpt><trkpt lat="34.015934" lon="-118.117836"><ele>60.576</ele><time>2020-10-04T20:16:01Z</time></trkpt><trkpt lat="34.015919" lon="-118.117765"><ele>60.590</ele><time>2020-10-04T20:16:02Z</time></trkpt><trkpt lat="34.015908" lon="-118.117688"><ele>60.419</ele><time>2020-10-04T20:16:03Z</time></trkpt><trkpt lat="34.015897" lon="-118.117607"><ele>60.308</ele><time>2020-10-04T20:16:04Z</time></trkpt><trkpt lat="34.015883" lon="-118.117529"><ele>60.152</ele><time>2020-10-04T20:16:05Z</time></trkpt><trkpt lat="34.015869" lon="-118.117450"><ele>60.024</ele><time>2020-10-04T20:16:06Z</time></trkpt><trkpt lat="34.015857" lon="-118.117371"><ele>59.926</ele><time>2020-10-04T20:16:07Z</time></trkpt><trkpt lat="34.015842" lon="-118.117286"><ele>59.916</ele><time>2020-10-04T20:16:08Z</time></trkpt><trkpt lat="34.015822" lon="-118.117213"><ele>59.973</ele><time>2020-10-04T20:16:09Z</time></trkpt><trkpt lat="34.015805" lon="-118.117129"><ele>60.085</ele><time>2020-10-04T20:16:10Z</time></trkpt><trkpt lat="34.015785" lon="-118.117050"><ele>60.037</ele><time>2020-10-04T20:16:11Z</time></trkpt><trkpt lat="34.015765" lon="-118.116968"><ele>60.093</ele><time>2020-10-04T20:16:12Z</time></trkpt><trkpt lat="34.015748" lon="-118.116887"><ele>60.051</ele><time>2020-10-04T20:16:13Z</time></trkpt><trkpt lat="34.015733" lon="-118.116806"><ele>59.901</ele><time>2020-10-04T20:16:14Z</time></trkpt><trkpt lat="34.015722" lon="-118.116725"><ele>59.711</ele><time>2020-10-04T20:16:15Z</time></trkpt><trkpt lat="34.015705" lon="-118.116637"><ele>59.508</ele><time>2020-10-04T20:16:16Z</time></trkpt><trkpt lat="34.015690" lon="-118.116558"><ele>59.240</ele><time>2020-10-04T20:16:17Z</time></trkpt><trkpt lat="34.015666" lon="-118.116491"><ele>59.172</ele><time>2020-10-04T20:16:18Z</time></trkpt><trkpt lat="34.015645" lon="-118.116412"><ele>59.024</ele><time>2020-10-04T20:16:19Z</time></trkpt><trkpt lat="34.015621" lon="-118.116329"><ele>59.094</ele><time>2020-10-04T20:16:20Z</time></trkpt><trkpt lat="34.015603" lon="-118.116252"><ele>59.051</ele><time>2020-10-04T20:16:21Z</time></trkpt><trkpt lat="34.015583" lon="-118.116173"><ele>58.963</ele><time>2020-10-04T20:16:22Z</time></trkpt><trkpt lat="34.015559" lon="-118.116093"><ele>58.995</ele><time>2020-10-04T20:16:23Z</time></trkpt><trkpt lat="34.015550" lon="-118.116017"><ele>58.881</ele><time>2020-10-04T20:16:24Z</time></trkpt><trkpt lat="34.015533" lon="-118.115940"><ele>58.892</ele><time>2020-10-04T20:16:25Z</time></trkpt><trkpt lat="34.015517" lon="-118.115863"><ele>58.773</ele><time>2020-10-04T20:16:26Z</time></trkpt><trkpt lat="34.015503" lon="-118.115786"><ele>58.720</ele><time>2020-10-04T20:16:27Z</time></trkpt><trkpt lat="34.015491" lon="-118.115717"><ele>58.708</ele><time>2020-10-04T20:16:28Z</time></trkpt><trkpt lat="34.015475" lon="-118.115656"><ele>58.514</ele><time>2020-10-04T20:16:29Z</time></trkpt><trkpt lat="34.015444" lon="-118.115576"><ele>58.216</ele><time>2020-10-04T20:16:31Z</time></trkpt><trkpt lat="34.015430" lon="-118.115491"><ele>57.678</ele><time>2020-10-04T20:16:33Z</time></trkpt><trkpt lat="34.015422" lon="-118.115432"><ele>57.548</ele><time>2020-10-04T20:16:34Z</time></trkpt><trkpt lat="34.015404" lon="-118.115367"><ele>57.475</ele><time>2020-10-04T20:16:35Z</time></trkpt><trkpt lat="34.015398" lon="-118.115301"><ele>57.427</ele><time>2020-10-04T20:16:36Z</time></trkpt><trkpt lat="34.015385" lon="-118.115235"><ele>57.429</ele><time>2020-10-04T20:16:37Z</time></trkpt><trkpt lat="34.015369" lon="-118.115176"><ele>57.485</ele><time>2020-10-04T20:16:38Z</time></trkpt><trkpt lat="34.015358" lon="-118.115107"><ele>57.456</ele><time>2020-10-04T20:16:39Z</time></trkpt><trkpt lat="34.015342" lon="-118.115042"><ele>57.459</ele><time>2020-10-04T20:16:40Z</time></trkpt><trkpt lat="34.015336" lon="-118.114980"><ele>57.414</ele><time>2020-10-04T20:16:41Z</time></trkpt><trkpt lat="34.015306" lon="-118.114896"><ele>57.308</ele><time>2020-10-04T20:16:43Z</time></trkpt><trkpt lat="34.015333" lon="-118.114842"><ele>57.160</ele><time>2020-10-04T20:17:17Z</time></trkpt><trkpt lat="34.015376" lon="-118.114802"><ele>56.742</ele><time>2020-10-04T20:17:31Z</time></trkpt><trkpt lat="34.015359" lon="-118.114751"><ele>56.334</ele><time>2020-10-04T20:17:47Z</time></trkpt><trkpt lat="34.015350" lon="-118.114689"><ele>56.374</ele><time>2020-10-04T20:17:50Z</time></trkpt><trkpt lat="34.015340" lon="-118.114624"><ele>56.361</ele><time>2020-10-04T20:17:52Z</time></trkpt><trkpt lat="34.015320" lon="-118.114537"><ele>56.473</ele><time>2020-10-04T20:17:54Z</time></trkpt><trkpt lat="34.015282" lon="-118.114421"><ele>56.595</ele><time>2020-10-04T20:17:56Z</time></trkpt><trkpt lat="34.015263" lon="-118.114363"><ele>56.581</ele><time>2020-10-04T20:17:57Z</time></trkpt><trkpt lat="34.015249" lon="-118.114307"><ele>56.577</ele><time>2020-10-04T20:17:58Z</time></trkpt><trkpt lat="34.015237" lon="-118.114240"><ele>56.661</ele><time>2020-10-04T20:17:59Z</time></trkpt><trkpt lat="34.015215" lon="-118.114166"><ele>56.627</ele><time>2020-10-04T20:18:00Z</time></trkpt><trkpt lat="34.015197" lon="-118.114102"><ele>56.808</ele><time>2020-10-04T20:18:01Z</time></trkpt><trkpt lat="34.015180" lon="-118.114036"><ele>56.972</ele><time>2020-10-04T20:18:02Z</time></trkpt><trkpt lat="34.015167" lon="-118.113974"><ele>56.994</ele><time>2020-10-04T20:18:03Z</time></trkpt><trkpt lat="34.015145" lon="-118.113917"><ele>56.986</ele><time>2020-10-04T20:18:04Z</time></trkpt><trkpt lat="34.015131" lon="-118.113853"><ele>56.966</ele><time>2020-10-04T20:18:05Z</time></trkpt><trkpt lat="34.015119" lon="-118.113788"><ele>56.823</ele><time>2020-10-04T20:18:06Z</time></trkpt><trkpt lat="34.015109" lon="-118.113719"><ele>56.775</ele><time>2020-10-04T20:18:07Z</time></trkpt><trkpt lat="34.015094" lon="-118.113645"><ele>56.717</ele><time>2020-10-04T20:18:08Z</time></trkpt><trkpt lat="34.015079" lon="-118.113572"><ele>56.753</ele><time>2020-10-04T20:18:09Z</time></trkpt><trkpt lat="34.015067" lon="-118.113509"><ele>56.518</ele><time>2020-10-04T20:18:10Z</time></trkpt><trkpt lat="34.015052" lon="-118.113439"><ele>56.598</ele><time>2020-10-04T20:18:11Z</time></trkpt><trkpt lat="34.015040" lon="-118.113367"><ele>56.517</ele><time>2020-10-04T20:18:12Z</time></trkpt><trkpt lat="34.015024" lon="-118.113295"><ele>56.408</ele><time>2020-10-04T20:18:13Z</time></trkpt><trkpt lat="34.015012" lon="-118.113224"><ele>56.276</ele><time>2020-10-04T20:18:14Z</time></trkpt><trkpt lat="34.014999" lon="-118.113152"><ele>56.258</ele><time>2020-10-04T20:18:15Z</time></trkpt><trkpt lat="34.014981" lon="-118.113087"><ele>56.140</ele><time>2020-10-04T20:18:16Z</time></trkpt><trkpt lat="34.014968" lon="-118.113025"><ele>56.020</ele><time>2020-10-04T20:18:17Z</time></trkpt><trkpt lat="34.014958" lon="-118.112972"><ele>55.857</ele><time>2020-10-04T20:18:18Z</time></trkpt><trkpt lat="34.014948" lon="-118.112916"><ele>55.529</ele><time>2020-10-04T20:18:20Z</time></trkpt><trkpt lat="34.014936" lon="-118.112858"><ele>55.151</ele><time>2020-10-04T20:18:25Z</time></trkpt><trkpt lat="34.014919" lon="-118.112787"><ele>55.157</ele><time>2020-10-04T20:18:27Z</time></trkpt><trkpt lat="34.014897" lon="-118.112696"><ele>55.212</ele><time>2020-10-04T20:18:29Z</time></trkpt><trkpt lat="34.014876" lon="-118.112583"><ele>55.632</ele><time>2020-10-04T20:18:31Z</time></trkpt><trkpt lat="34.014866" lon="-118.112526"><ele>55.705</ele><time>2020-10-04T20:18:32Z</time></trkpt><trkpt lat="34.014852" lon="-118.112469"><ele>55.808</ele><time>2020-10-04T20:18:33Z</time></trkpt><trkpt lat="34.014838" lon="-118.112401"><ele>55.886</ele><time>2020-10-04T20:18:34Z</time></trkpt><trkpt lat="34.014828" lon="-118.112340"><ele>55.938</ele><time>2020-10-04T20:18:35Z</time></trkpt><trkpt lat="34.014810" lon="-118.112271"><ele>55.960</ele><time>2020-10-04T20:18:36Z</time></trkpt><trkpt lat="34.014799" lon="-118.112206"><ele>56.080</ele><time>2020-10-04T20:18:37Z</time></trkpt><trkpt lat="34.014787" lon="-118.112138"><ele>56.157</ele><time>2020-10-04T20:18:38Z</time></trkpt><trkpt lat="34.014775" lon="-118.112073"><ele>56.299</ele><time>2020-10-04T20:18:39Z</time></trkpt><trkpt lat="34.014764" lon="-118.112006"><ele>56.251</ele><time>2020-10-04T20:18:40Z</time></trkpt><trkpt lat="34.014747" lon="-118.111944"><ele>56.377</ele><time>2020-10-04T20:18:41Z</time></trkpt><trkpt lat="34.014726" lon="-118.111876"><ele>56.382</ele><time>2020-10-04T20:18:42Z</time></trkpt><trkpt lat="34.014708" lon="-118.111805"><ele>56.443</ele><time>2020-10-04T20:18:43Z</time></trkpt><trkpt lat="34.014688" lon="-118.111736"><ele>56.417</ele><time>2020-10-04T20:18:44Z</time></trkpt><trkpt lat="34.014671" lon="-118.111664"><ele>56.408</ele><time>2020-10-04T20:18:45Z</time></trkpt><trkpt lat="34.014653" lon="-118.111590"><ele>56.443</ele><time>2020-10-04T20:18:46Z</time></trkpt><trkpt lat="34.014639" lon="-118.111519"><ele>56.485</ele><time>2020-10-04T20:18:47Z</time></trkpt><trkpt lat="34.014627" lon="-118.111444"><ele>56.497</ele><time>2020-10-04T20:18:48Z</time></trkpt><trkpt lat="34.014608" lon="-118.111367"><ele>56.557</ele><time>2020-10-04T20:18:49Z</time></trkpt><trkpt lat="34.014590" lon="-118.111297"><ele>56.544</ele><time>2020-10-04T20:18:50Z</time></trkpt><trkpt lat="34.014575" lon="-118.111222"><ele>56.566</ele><time>2020-10-04T20:18:51Z</time></trkpt><trkpt lat="34.014556" lon="-118.111145"><ele>56.598</ele><time>2020-10-04T20:18:52Z</time></trkpt><trkpt lat="34.014541" lon="-118.111068"><ele>56.594</ele><time>2020-10-04T20:18:53Z</time></trkpt><trkpt lat="34.014527" lon="-118.110992"><ele>56.513</ele><time>2020-10-04T20:18:54Z</time></trkpt><trkpt lat="34.014509" lon="-118.110922"><ele>56.543</ele><time>2020-10-04T20:18:55Z</time></trkpt><trkpt lat="34.014491" lon="-118.110852"><ele>56.507</ele><time>2020-10-04T20:18:56Z</time></trkpt><trkpt lat="34.014476" lon="-118.110780"><ele>56.508</ele><time>2020-10-04T20:18:57Z</time></trkpt><trkpt lat="34.014462" lon="-118.110700"><ele>56.646</ele><time>2020-10-04T20:18:58Z</time></trkpt><trkpt lat="34.014448" lon="-118.110622"><ele>56.688</ele><time>2020-10-04T20:18:59Z</time></trkpt><trkpt lat="34.014437" lon="-118.110540"><ele>56.840</ele><time>2020-10-04T20:19:00Z</time></trkpt><trkpt lat="34.014424" lon="-118.110458"><ele>56.890</ele><time>2020-10-04T20:19:01Z</time></trkpt><trkpt lat="34.014408" lon="-118.110381"><ele>56.867</ele><time>2020-10-04T20:19:02Z</time></trkpt><trkpt lat="34.014394" lon="-118.110302"><ele>56.819</ele><time>2020-10-04T20:19:03Z</time></trkpt><trkpt lat="34.014379" lon="-118.110228"><ele>56.861</ele><time>2020-10-04T20:19:04Z</time></trkpt><trkpt lat="34.014362" lon="-118.110156"><ele>56.887</ele><time>2020-10-04T20:19:05Z</time></trkpt><trkpt lat="34.014348" lon="-118.110081"><ele>56.811</ele><time>2020-10-04T20:19:06Z</time></trkpt><trkpt lat="34.014328" lon="-118.110012"><ele>56.821</ele><time>2020-10-04T20:19:07Z</time></trkpt><trkpt lat="34.014303" lon="-118.109943"><ele>56.803</ele><time>2020-10-04T20:19:08Z</time></trkpt><trkpt lat="34.014292" lon="-118.109881"><ele>56.808</ele><time>2020-10-04T20:19:09Z</time></trkpt><trkpt lat="34.014278" lon="-118.109813"><ele>56.866</ele><time>2020-10-04T20:19:10Z</time></trkpt><trkpt lat="34.014263" lon="-118.109745"><ele>56.998</ele><time>2020-10-04T20:19:11Z</time></trkpt><trkpt lat="34.014249" lon="-118.109675"><ele>57.090</ele><time>2020-10-04T20:19:12Z</time></trkpt><trkpt lat="34.014238" lon="-118.109607"><ele>57.050</ele><time>2020-10-04T20:19:13Z</time></trkpt><trkpt lat="34.014228" lon="-118.109537"><ele>57.167</ele><time>2020-10-04T20:19:14Z</time></trkpt><trkpt lat="34.014215" lon="-118.109460"><ele>57.129</ele><time>2020-10-04T20:19:15Z</time></trkpt><trkpt lat="34.014195" lon="-118.109385"><ele>57.141</ele><time>2020-10-04T20:19:16Z</time></trkpt><trkpt lat="34.014184" lon="-118.109318"><ele>57.127</ele><time>2020-10-04T20:19:17Z</time></trkpt><trkpt lat="34.014168" lon="-118.109244"><ele>57.192</ele><time>2020-10-04T20:19:18Z</time></trkpt><trkpt lat="34.014148" lon="-118.109179"><ele>57.173</ele><time>2020-10-04T20:19:19Z</time></trkpt><trkpt lat="34.014127" lon="-118.109102"><ele>57.120</ele><time>2020-10-04T20:19:20Z</time></trkpt><trkpt lat="34.014109" lon="-118.109028"><ele>57.108</ele><time>2020-10-04T20:19:21Z</time></trkpt><trkpt lat="34.014090" lon="-118.108955"><ele>57.174</ele><time>2020-10-04T20:19:22Z</time></trkpt><trkpt lat="34.014077" lon="-118.108876"><ele>57.166</ele><time>2020-10-04T20:19:23Z</time></trkpt><trkpt lat="34.014060" lon="-118.108802"><ele>57.158</ele><time>2020-10-04T20:19:24Z</time></trkpt><trkpt lat="34.014048" lon="-118.108723"><ele>57.168</ele><time>2020-10-04T20:19:25Z</time></trkpt><trkpt lat="34.014029" lon="-118.108647"><ele>57.195</ele><time>2020-10-04T20:19:26Z</time></trkpt><trkpt lat="34.014016" lon="-118.108573"><ele>57.257</ele><time>2020-10-04T20:19:27Z</time></trkpt><trkpt lat="34.014003" lon="-118.108498"><ele>57.259</ele><time>2020-10-04T20:19:28Z</time></trkpt><trkpt lat="34.013986" lon="-118.108421"><ele>57.275</ele><time>2020-10-04T20:19:29Z</time></trkpt><trkpt lat="34.013971" lon="-118.108343"><ele>57.467</ele><time>2020-10-04T20:19:30Z</time></trkpt><trkpt lat="34.013955" lon="-118.108267"><ele>57.481</ele><time>2020-10-04T20:19:31Z</time></trkpt><trkpt lat="34.013939" lon="-118.108190"><ele>57.519</ele><time>2020-10-04T20:19:32Z</time></trkpt><trkpt lat="34.013917" lon="-118.108121"><ele>57.608</ele><time>2020-10-04T20:19:33Z</time></trkpt><trkpt lat="34.013905" lon="-118.108047"><ele>57.771</ele><time>2020-10-04T20:19:34Z</time></trkpt><trkpt lat="34.013884" lon="-118.107973"><ele>57.713</ele><time>2020-10-04T20:19:35Z</time></trkpt><trkpt lat="34.013866" lon="-118.107910"><ele>57.725</ele><time>2020-10-04T20:19:36Z</time></trkpt><trkpt lat="34.013856" lon="-118.107835"><ele>57.815</ele><time>2020-10-04T20:19:37Z</time></trkpt><trkpt lat="34.013841" lon="-118.107758"><ele>57.822</ele><time>2020-10-04T20:19:38Z</time></trkpt><trkpt lat="34.013820" lon="-118.107693"><ele>57.894</ele><time>2020-10-04T20:19:39Z</time></trkpt><trkpt lat="34.013808" lon="-118.107624"><ele>57.826</ele><time>2020-10-04T20:19:40Z</time></trkpt><trkpt lat="34.013795" lon="-118.107558"><ele>57.772</ele><time>2020-10-04T20:19:41Z</time></trkpt><trkpt lat="34.013782" lon="-118.107499"><ele>57.796</ele><time>2020-10-04T20:19:42Z</time></trkpt><trkpt lat="34.013767" lon="-118.107447"><ele>57.731</ele><time>2020-10-04T20:19:43Z</time></trkpt><trkpt lat="34.013755" lon="-118.107392"><ele>57.724</ele><time>2020-10-04T20:19:44Z</time></trkpt><trkpt lat="34.013744" lon="-118.107337"><ele>57.708</ele><time>2020-10-04T20:19:45Z</time></trkpt><trkpt lat="34.013720" lon="-118.107240"><ele>57.754</ele><time>2020-10-04T20:19:47Z</time></trkpt><trkpt lat="34.013701" lon="-118.107162"><ele>57.736</ele><time>2020-10-04T20:19:49Z</time></trkpt><trkpt lat="34.013676" lon="-118.107104"><ele>57.798</ele><time>2020-10-04T20:19:51Z</time></trkpt><trkpt lat="34.013662" lon="-118.107029"><ele>57.568</ele><time>2020-10-04T20:19:54Z</time></trkpt><trkpt lat="34.013640" lon="-118.106946"><ele>57.335</ele><time>2020-10-04T20:20:31Z</time></trkpt><trkpt lat="34.013627" lon="-118.106859"><ele>57.447</ele><time>2020-10-04T20:20:33Z</time></trkpt><trkpt lat="34.013617" lon="-118.106748"><ele>57.629</ele><time>2020-10-04T20:20:35Z</time></trkpt><trkpt lat="34.013609" lon="-118.106690"><ele>57.745</ele><time>2020-10-04T20:20:36Z</time></trkpt><trkpt lat="34.013601" lon="-118.106625"><ele>57.833</ele><time>2020-10-04T20:20:37Z</time></trkpt><trkpt lat="34.013591" lon="-118.106560"><ele>57.823</ele><time>2020-10-04T20:20:38Z</time></trkpt><trkpt lat="34.013576" lon="-118.106495"><ele>57.815</ele><time>2020-10-04T20:20:39Z</time></trkpt><trkpt lat="34.013567" lon="-118.106433"><ele>58.008</ele><time>2020-10-04T20:20:40Z</time></trkpt><trkpt lat="34.013553" lon="-118.106370"><ele>58.228</ele><time>2020-10-04T20:20:41Z</time></trkpt><trkpt lat="34.013541" lon="-118.106300"><ele>58.370</ele><time>2020-10-04T20:20:42Z</time></trkpt><trkpt lat="34.013525" lon="-118.106230"><ele>58.332</ele><time>2020-10-04T20:20:43Z</time></trkpt><trkpt lat="34.013508" lon="-118.106158"><ele>58.352</ele><time>2020-10-04T20:20:44Z</time></trkpt><trkpt lat="34.013489" lon="-118.106083"><ele>58.279</ele><time>2020-10-04T20:20:45Z</time></trkpt><trkpt lat="34.013476" lon="-118.106004"><ele>58.271</ele><time>2020-10-04T20:20:46Z</time></trkpt><trkpt lat="34.013459" lon="-118.105931"><ele>58.243</ele><time>2020-10-04T20:20:47Z</time></trkpt><trkpt lat="34.013442" lon="-118.105863"><ele>58.429</ele><time>2020-10-04T20:20:48Z</time></trkpt><trkpt lat="34.013426" lon="-118.105782"><ele>58.484</ele><time>2020-10-04T20:20:49Z</time></trkpt><trkpt lat="34.013408" lon="-118.105709"><ele>58.407</ele><time>2020-10-04T20:20:50Z</time></trkpt><trkpt lat="34.013391" lon="-118.105631"><ele>58.417</ele><time>2020-10-04T20:20:51Z</time></trkpt><trkpt lat="34.013374" lon="-118.105551"><ele>58.408</ele><time>2020-10-04T20:20:52Z</time></trkpt><trkpt lat="34.013355" lon="-118.105475"><ele>58.343</ele><time>2020-10-04T20:20:53Z</time></trkpt><trkpt lat="34.013343" lon="-118.105397"><ele>58.355</ele><time>2020-10-04T20:20:54Z</time></trkpt><trkpt lat="34.013330" lon="-118.105330"><ele>58.347</ele><time>2020-10-04T20:20:55Z</time></trkpt><trkpt lat="34.013315" lon="-118.105259"><ele>58.327</ele><time>2020-10-04T20:20:56Z</time></trkpt><trkpt lat="34.013305" lon="-118.105183"><ele>58.384</ele><time>2020-10-04T20:20:57Z</time></trkpt><trkpt lat="34.013292" lon="-118.105118"><ele>58.396</ele><time>2020-10-04T20:20:58Z</time></trkpt><trkpt lat="34.013278" lon="-118.105057"><ele>58.268</ele><time>2020-10-04T20:20:59Z</time></trkpt><trkpt lat="34.013256" lon="-118.104998"><ele>58.274</ele><time>2020-10-04T20:21:00Z</time></trkpt><trkpt lat="34.013236" lon="-118.104934"><ele>58.134</ele><time>2020-10-04T20:21:01Z</time></trkpt><trkpt lat="34.013227" lon="-118.104874"><ele>58.155</ele><time>2020-10-04T20:21:02Z</time></trkpt><trkpt lat="34.013218" lon="-118.104807"><ele>58.110</ele><time>2020-10-04T20:21:03Z</time></trkpt><trkpt lat="34.013199" lon="-118.104736"><ele>58.108</ele><time>2020-10-04T20:21:04Z</time></trkpt><trkpt lat="34.013184" lon="-118.104658"><ele>58.198</ele><time>2020-10-04T20:21:05Z</time></trkpt><trkpt lat="34.013173" lon="-118.104582"><ele>58.240</ele><time>2020-10-04T20:21:06Z</time></trkpt><trkpt lat="34.013162" lon="-118.104501"><ele>58.342</ele><time>2020-10-04T20:21:07Z</time></trkpt><trkpt lat="34.013145" lon="-118.104429"><ele>58.422</ele><time>2020-10-04T20:21:08Z</time></trkpt><trkpt lat="34.013127" lon="-118.104347"><ele>58.519</ele><time>2020-10-04T20:21:09Z</time></trkpt><trkpt lat="34.013110" lon="-118.104269"><ele>58.551</ele><time>2020-10-04T20:21:10Z</time></trkpt><trkpt lat="34.013095" lon="-118.104191"><ele>58.533</ele><time>2020-10-04T20:21:11Z</time></trkpt><trkpt lat="34.013076" lon="-118.104120"><ele>58.529</ele><time>2020-10-04T20:21:12Z</time></trkpt><trkpt lat="34.013055" lon="-118.104049"><ele>58.571</ele><time>2020-10-04T20:21:13Z</time></trkpt><trkpt lat="34.013039" lon="-118.103981"><ele>58.541</ele><time>2020-10-04T20:21:14Z</time></trkpt><trkpt lat="34.013026" lon="-118.103921"><ele>58.515</ele><time>2020-10-04T20:21:15Z</time></trkpt><trkpt lat="34.013014" lon="-118.103853"><ele>58.508</ele><time>2020-10-04T20:21:16Z</time></trkpt><trkpt lat="34.013007" lon="-118.103791"><ele>58.512</ele><time>2020-10-04T20:21:17Z</time></trkpt><trkpt lat="34.012997" lon="-118.103728"><ele>58.514</ele><time>2020-10-04T20:21:18Z</time></trkpt><trkpt lat="34.012983" lon="-118.103661"><ele>58.516</ele><time>2020-10-04T20:21:19Z</time></trkpt><trkpt lat="34.012969" lon="-118.103591"><ele>58.556</ele><time>2020-10-04T20:21:20Z</time></trkpt><trkpt lat="34.012954" lon="-118.103521"><ele>58.513</ele><time>2020-10-04T20:21:21Z</time></trkpt><trkpt lat="34.012939" lon="-118.103442"><ele>58.595</ele><time>2020-10-04T20:21:22Z</time></trkpt><trkpt lat="34.012922" lon="-118.103369"><ele>58.667</ele><time>2020-10-04T20:21:23Z</time></trkpt><trkpt lat="34.012907" lon="-118.103291"><ele>58.783</ele><time>2020-10-04T20:21:24Z</time></trkpt><trkpt lat="34.012894" lon="-118.103214"><ele>58.854</ele><time>2020-10-04T20:21:25Z</time></trkpt><trkpt lat="34.012878" lon="-118.103138"><ele>58.956</ele><time>2020-10-04T20:21:26Z</time></trkpt><trkpt lat="34.012863" lon="-118.103068"><ele>58.911</ele><time>2020-10-04T20:21:27Z</time></trkpt><trkpt lat="34.012853" lon="-118.103003"><ele>58.908</ele><time>2020-10-04T20:21:28Z</time></trkpt><trkpt lat="34.012838" lon="-118.102951"><ele>58.820</ele><time>2020-10-04T20:21:29Z</time></trkpt><trkpt lat="34.012809" lon="-118.102862"><ele>58.642</ele><time>2020-10-04T20:21:31Z</time></trkpt><trkpt lat="34.012786" lon="-118.102757"><ele>58.654</ele><time>2020-10-04T20:21:33Z</time></trkpt><trkpt lat="34.012781" lon="-118.102698"><ele>58.744</ele><time>2020-10-04T20:21:34Z</time></trkpt><trkpt lat="34.012770" lon="-118.102634"><ele>58.761</ele><time>2020-10-04T20:21:35Z</time></trkpt><trkpt lat="34.012756" lon="-118.102566"><ele>58.743</ele><time>2020-10-04T20:21:36Z</time></trkpt><trkpt lat="34.012745" lon="-118.102495"><ele>58.755</ele><time>2020-10-04T20:21:37Z</time></trkpt><trkpt lat="34.012728" lon="-118.102425"><ele>58.751</ele><time>2020-10-04T20:21:38Z</time></trkpt><trkpt lat="34.012709" lon="-118.102349"><ele>58.712</ele><time>2020-10-04T20:21:39Z</time></trkpt><trkpt lat="34.012689" lon="-118.102284"><ele>58.732</ele><time>2020-10-04T20:21:40Z</time></trkpt><trkpt lat="34.012674" lon="-118.102206"><ele>58.905</ele><time>2020-10-04T20:21:41Z</time></trkpt><trkpt lat="34.012660" lon="-118.102140"><ele>59.008</ele><time>2020-10-04T20:21:42Z</time></trkpt><trkpt lat="34.012646" lon="-118.102075"><ele>59.136</ele><time>2020-10-04T20:21:43Z</time></trkpt><trkpt lat="34.012631" lon="-118.102008"><ele>59.298</ele><time>2020-10-04T20:21:44Z</time></trkpt><trkpt lat="34.012617" lon="-118.101941"><ele>59.390</ele><time>2020-10-04T20:21:45Z</time></trkpt><trkpt lat="34.012602" lon="-118.101874"><ele>59.380</ele><time>2020-10-04T20:21:46Z</time></trkpt><trkpt lat="34.012595" lon="-118.101809"><ele>59.317</ele><time>2020-10-04T20:21:47Z</time></trkpt><trkpt lat="34.012578" lon="-118.101746"><ele>59.329</ele><time>2020-10-04T20:21:48Z</time></trkpt><trkpt lat="34.012563" lon="-118.101679"><ele>59.341</ele><time>2020-10-04T20:21:49Z</time></trkpt><trkpt lat="34.012547" lon="-118.101611"><ele>59.327</ele><time>2020-10-04T20:21:50Z</time></trkpt><trkpt lat="34.012531" lon="-118.101540"><ele>59.367</ele><time>2020-10-04T20:21:51Z</time></trkpt><trkpt lat="34.012516" lon="-118.101468"><ele>59.381</ele><time>2020-10-04T20:21:52Z</time></trkpt><trkpt lat="34.012499" lon="-118.101392"><ele>59.319</ele><time>2020-10-04T20:21:53Z</time></trkpt><trkpt lat="34.012482" lon="-118.101321"><ele>59.408</ele><time>2020-10-04T20:21:54Z</time></trkpt><trkpt lat="34.012469" lon="-118.101249"><ele>59.691</ele><time>2020-10-04T20:21:55Z</time></trkpt><trkpt lat="34.012456" lon="-118.101174"><ele>59.723</ele><time>2020-10-04T20:21:56Z</time></trkpt><trkpt lat="34.012440" lon="-118.101100"><ele>59.845</ele><time>2020-10-04T20:21:57Z</time></trkpt><trkpt lat="34.012418" lon="-118.101037"><ele>59.965</ele><time>2020-10-04T20:21:58Z</time></trkpt><trkpt lat="34.012401" lon="-118.100969"><ele>59.922</ele><time>2020-10-04T20:21:59Z</time></trkpt><trkpt lat="34.012383" lon="-118.100909"><ele>59.944</ele><time>2020-10-04T20:22:00Z</time></trkpt><trkpt lat="34.012370" lon="-118.100845"><ele>59.976</ele><time>2020-10-04T20:22:01Z</time></trkpt><trkpt lat="34.012354" lon="-118.100788"><ele>59.832</ele><time>2020-10-04T20:22:02Z</time></trkpt><trkpt lat="34.012337" lon="-118.100724"><ele>59.766</ele><time>2020-10-04T20:22:03Z</time></trkpt><trkpt lat="34.012329" lon="-118.100657"><ele>59.729</ele><time>2020-10-04T20:22:04Z</time></trkpt><trkpt lat="34.012320" lon="-118.100585"><ele>59.721</ele><time>2020-10-04T20:22:05Z</time></trkpt><trkpt lat="34.012308" lon="-118.100519"><ele>59.708</ele><time>2020-10-04T20:22:06Z</time></trkpt><trkpt lat="34.012296" lon="-118.100455"><ele>59.861</ele><time>2020-10-04T20:22:07Z</time></trkpt><trkpt lat="34.012280" lon="-118.100381"><ele>59.833</ele><time>2020-10-04T20:22:08Z</time></trkpt><trkpt lat="34.012263" lon="-118.100309"><ele>59.865</ele><time>2020-10-04T20:22:09Z</time></trkpt><trkpt lat="34.012249" lon="-118.100237"><ele>59.825</ele><time>2020-10-04T20:22:10Z</time></trkpt><trkpt lat="34.012236" lon="-118.100167"><ele>59.882</ele><time>2020-10-04T20:22:11Z</time></trkpt><trkpt lat="34.012216" lon="-118.100098"><ele>59.894</ele><time>2020-10-04T20:22:12Z</time></trkpt><trkpt lat="34.012204" lon="-118.100032"><ele>59.976</ele><time>2020-10-04T20:22:13Z</time></trkpt><trkpt lat="34.012190" lon="-118.099959"><ele>59.992</ele><time>2020-10-04T20:22:14Z</time></trkpt><trkpt lat="34.012167" lon="-118.099883"><ele>60.084</ele><time>2020-10-04T20:22:15Z</time></trkpt><trkpt lat="34.012158" lon="-118.099805"><ele>60.007</ele><time>2020-10-04T20:22:16Z</time></trkpt><trkpt lat="34.012141" lon="-118.099734"><ele>60.017</ele><time>2020-10-04T20:22:17Z</time></trkpt><trkpt lat="34.012120" lon="-118.099663"><ele>60.008</ele><time>2020-10-04T20:22:18Z</time></trkpt><trkpt lat="34.012106" lon="-118.099588"><ele>60.043</ele><time>2020-10-04T20:22:19Z</time></trkpt><trkpt lat="34.012091" lon="-118.099515"><ele>60.085</ele><time>2020-10-04T20:22:20Z</time></trkpt><trkpt lat="34.012076" lon="-118.099447"><ele>60.187</ele><time>2020-10-04T20:22:21Z</time></trkpt><trkpt lat="34.012061" lon="-118.099374"><ele>60.197</ele><time>2020-10-04T20:22:22Z</time></trkpt><trkpt lat="34.012044" lon="-118.099306"><ele>60.164</ele><time>2020-10-04T20:22:23Z</time></trkpt><trkpt lat="34.012032" lon="-118.099236"><ele>60.116</ele><time>2020-10-04T20:22:24Z</time></trkpt><trkpt lat="34.012018" lon="-118.099160"><ele>60.128</ele><time>2020-10-04T20:22:25Z</time></trkpt><trkpt lat="34.012008" lon="-118.099085"><ele>60.284</ele><time>2020-10-04T20:22:26Z</time></trkpt><trkpt lat="34.011992" lon="-118.099013"><ele>60.346</ele><time>2020-10-04T20:22:27Z</time></trkpt><trkpt lat="34.011979" lon="-118.098947"><ele>60.488</ele><time>2020-10-04T20:22:28Z</time></trkpt><trkpt lat="34.011966" lon="-118.098879"><ele>60.516</ele><time>2020-10-04T20:22:29Z</time></trkpt><trkpt lat="34.011951" lon="-118.098801"><ele>60.608</ele><time>2020-10-04T20:22:30Z</time></trkpt><trkpt lat="34.011937" lon="-118.098746"><ele>60.659</ele><time>2020-10-04T20:22:31Z</time></trkpt><trkpt lat="34.011933" lon="-118.098689"><ele>60.621</ele><time>2020-10-04T20:22:32Z</time></trkpt><trkpt lat="34.011949" lon="-118.098624"><ele>60.663</ele><time>2020-10-04T20:22:33Z</time></trkpt><trkpt lat="34.012001" lon="-118.098541"><ele>60.483</ele><time>2020-10-04T20:22:35Z</time></trkpt><trkpt lat="34.012045" lon="-118.098508"><ele>60.330</ele><time>2020-10-04T20:22:36Z</time></trkpt><trkpt lat="34.012094" lon="-118.098493"><ele>60.282</ele><time>2020-10-04T20:22:37Z</time></trkpt><trkpt lat="34.012150" lon="-118.098483"><ele>60.254</ele><time>2020-10-04T20:22:38Z</time></trkpt><trkpt lat="34.012210" lon="-118.098474"><ele>60.170</ele><time>2020-10-04T20:22:39Z</time></trkpt><trkpt lat="34.012270" lon="-118.098452"><ele>60.166</ele><time>2020-10-04T20:22:40Z</time></trkpt><trkpt lat="34.012334" lon="-118.098440"><ele>60.129</ele><time>2020-10-04T20:22:41Z</time></trkpt><trkpt lat="34.012394" lon="-118.098423"><ele>60.321</ele><time>2020-10-04T20:22:42Z</time></trkpt><trkpt lat="34.012453" lon="-118.098405"><ele>60.408</ele><time>2020-10-04T20:22:43Z</time></trkpt><trkpt lat="34.012516" lon="-118.098380"><ele>60.551</ele><time>2020-10-04T20:22:44Z</time></trkpt><trkpt lat="34.012581" lon="-118.098366"><ele>60.523</ele><time>2020-10-04T20:22:45Z</time></trkpt><trkpt lat="34.012643" lon="-118.098350"><ele>60.585</ele><time>2020-10-04T20:22:46Z</time></trkpt><trkpt lat="34.012708" lon="-118.098332"><ele>60.515</ele><time>2020-10-04T20:22:47Z</time></trkpt><trkpt lat="34.012775" lon="-118.098312"><ele>60.422</ele><time>2020-10-04T20:22:48Z</time></trkpt><trkpt lat="34.012849" lon="-118.098290"><ele>60.494</ele><time>2020-10-04T20:22:49Z</time></trkpt><trkpt lat="34.012918" lon="-118.098271"><ele>60.546</ele><time>2020-10-04T20:22:50Z</time></trkpt><trkpt lat="34.012975" lon="-118.098251"><ele>60.572</ele><time>2020-10-04T20:22:51Z</time></trkpt><trkpt lat="34.013044" lon="-118.098232"><ele>60.547</ele><time>2020-10-04T20:22:52Z</time></trkpt><trkpt lat="34.013116" lon="-118.098209"><ele>60.529</ele><time>2020-10-04T20:22:53Z</time></trkpt><trkpt lat="34.013186" lon="-118.098193"><ele>60.521</ele><time>2020-10-04T20:22:54Z</time></trkpt><trkpt lat="34.013254" lon="-118.098165"><ele>60.408</ele><time>2020-10-04T20:22:55Z</time></trkpt><trkpt lat="34.013323" lon="-118.098148"><ele>60.449</ele><time>2020-10-04T20:22:56Z</time></trkpt><trkpt lat="34.013401" lon="-118.098126"><ele>60.441</ele><time>2020-10-04T20:22:57Z</time></trkpt><trkpt lat="34.013471" lon="-118.098109"><ele>60.433</ele><time>2020-10-04T20:22:58Z</time></trkpt><trkpt lat="34.013543" lon="-118.098084"><ele>60.483</ele><time>2020-10-04T20:22:59Z</time></trkpt><trkpt lat="34.013607" lon="-118.098062"><ele>60.390</ele><time>2020-10-04T20:23:00Z</time></trkpt><trkpt lat="34.013674" lon="-118.098033"><ele>60.272</ele><time>2020-10-04T20:23:01Z</time></trkpt><trkpt lat="34.013736" lon="-118.098013"><ele>60.124</ele><time>2020-10-04T20:23:02Z</time></trkpt><trkpt lat="34.013802" lon="-118.097996"><ele>60.040</ele><time>2020-10-04T20:23:03Z</time></trkpt><trkpt lat="34.013880" lon="-118.097979"><ele>59.951</ele><time>2020-10-04T20:23:04Z</time></trkpt><trkpt lat="34.013951" lon="-118.097951"><ele>59.901</ele><time>2020-10-04T20:23:05Z</time></trkpt><trkpt lat="34.014030" lon="-118.097914"><ele>59.911</ele><time>2020-10-04T20:23:06Z</time></trkpt><trkpt lat="34.014092" lon="-118.097890"><ele>59.908</ele><time>2020-10-04T20:23:07Z</time></trkpt><trkpt lat="34.014156" lon="-118.097866"><ele>59.960</ele><time>2020-10-04T20:23:08Z</time></trkpt><trkpt lat="34.014222" lon="-118.097849"><ele>59.992</ele><time>2020-10-04T20:23:09Z</time></trkpt><trkpt lat="34.014292" lon="-118.097834"><ele>59.954</ele><time>2020-10-04T20:23:10Z</time></trkpt><trkpt lat="34.014358" lon="-118.097816"><ele>59.954</ele><time>2020-10-04T20:23:11Z</time></trkpt><trkpt lat="34.014432" lon="-118.097798"><ele>59.931</ele><time>2020-10-04T20:23:12Z</time></trkpt><trkpt lat="34.014501" lon="-118.097781"><ele>59.893</ele><time>2020-10-04T20:23:13Z</time></trkpt><trkpt lat="34.014570" lon="-118.097758"><ele>59.835</ele><time>2020-10-04T20:23:14Z</time></trkpt><trkpt lat="34.014642" lon="-118.097731"><ele>59.831</ele><time>2020-10-04T20:23:15Z</time></trkpt><trkpt lat="34.014716" lon="-118.097707"><ele>59.868</ele><time>2020-10-04T20:23:16Z</time></trkpt><trkpt lat="34.014788" lon="-118.097684"><ele>59.842</ele><time>2020-10-04T20:23:17Z</time></trkpt><trkpt lat="34.014861" lon="-118.097666"><ele>59.726</ele><time>2020-10-04T20:23:18Z</time></trkpt><trkpt lat="34.014927" lon="-118.097641"><ele>59.708</ele><time>2020-10-04T20:23:19Z</time></trkpt><trkpt lat="34.014995" lon="-118.097623"><ele>59.651</ele><time>2020-10-04T20:23:20Z</time></trkpt><trkpt lat="34.015063" lon="-118.097602"><ele>59.533</ele><time>2020-10-04T20:23:21Z</time></trkpt><trkpt lat="34.015116" lon="-118.097580"><ele>59.525</ele><time>2020-10-04T20:23:22Z</time></trkpt><trkpt lat="34.015169" lon="-118.097571"><ele>59.525</ele><time>2020-10-04T20:23:23Z</time></trkpt><trkpt lat="34.015214" lon="-118.097561"><ele>59.542</ele><time>2020-10-04T20:23:24Z</time></trkpt><trkpt lat="34.015275" lon="-118.097542"><ele>59.484</ele><time>2020-10-04T20:23:26Z</time></trkpt><trkpt lat="34.015336" lon="-118.097522"><ele>58.726</ele><time>2020-10-04T20:23:39Z</time></trkpt><trkpt lat="34.015395" lon="-118.097505"><ele>58.922</ele><time>2020-10-04T20:23:41Z</time></trkpt><trkpt lat="34.015472" lon="-118.097485"><ele>59.079</ele><time>2020-10-04T20:23:43Z</time></trkpt><trkpt lat="34.015520" lon="-118.097484"><ele>59.105</ele><time>2020-10-04T20:23:44Z</time></trkpt><trkpt lat="34.015606" lon="-118.097470"><ele>59.325</ele><time>2020-10-04T20:23:46Z</time></trkpt><trkpt lat="34.015657" lon="-118.097462"><ele>59.408</ele><time>2020-10-04T20:23:47Z</time></trkpt><trkpt lat="34.015711" lon="-118.097438"><ele>59.412</ele><time>2020-10-04T20:23:48Z</time></trkpt><trkpt lat="34.015763" lon="-118.097413"><ele>59.564</ele><time>2020-10-04T20:23:49Z</time></trkpt><trkpt lat="34.015816" lon="-118.097395"><ele>59.586</ele><time>2020-10-04T20:23:50Z</time></trkpt><trkpt lat="34.015872" lon="-118.097376"><ele>59.546</ele><time>2020-10-04T20:23:51Z</time></trkpt><trkpt lat="34.015931" lon="-118.097358"><ele>59.643</ele><time>2020-10-04T20:23:52Z</time></trkpt><trkpt lat="34.015997" lon="-118.097343"><ele>59.745</ele><time>2020-10-04T20:23:53Z</time></trkpt><trkpt lat="34.016061" lon="-118.097316"><ele>59.827</ele><time>2020-10-04T20:23:54Z</time></trkpt><trkpt lat="34.016122" lon="-118.097295"><ele>59.963</ele><time>2020-10-04T20:23:55Z</time></trkpt><trkpt lat="34.016190" lon="-118.097276"><ele>60.066</ele><time>2020-10-04T20:23:56Z</time></trkpt><trkpt lat="34.016254" lon="-118.097254"><ele>60.029</ele><time>2020-10-04T20:23:57Z</time></trkpt><trkpt lat="34.016325" lon="-118.097236"><ele>60.021</ele><time>2020-10-04T20:23:58Z</time></trkpt><trkpt lat="34.016390" lon="-118.097217"><ele>60.008</ele><time>2020-10-04T20:23:59Z</time></trkpt><trkpt lat="34.016456" lon="-118.097195"><ele>60.091</ele><time>2020-10-04T20:24:00Z</time></trkpt><trkpt lat="34.016527" lon="-118.097176"><ele>60.073</ele><time>2020-10-04T20:24:01Z</time></trkpt><trkpt lat="34.016594" lon="-118.097160"><ele>60.075</ele><time>2020-10-04T20:24:02Z</time></trkpt><trkpt lat="34.016665" lon="-118.097141"><ele>60.135</ele><time>2020-10-04T20:24:03Z</time></trkpt><trkpt lat="34.016728" lon="-118.097120"><ele>60.222</ele><time>2020-10-04T20:24:04Z</time></trkpt><trkpt lat="34.016792" lon="-118.097102"><ele>60.394</ele><time>2020-10-04T20:24:05Z</time></trkpt><trkpt lat="34.016861" lon="-118.097083"><ele>60.446</ele><time>2020-10-04T20:24:06Z</time></trkpt><trkpt lat="34.016931" lon="-118.097062"><ele>60.562</ele><time>2020-10-04T20:24:07Z</time></trkpt><trkpt lat="34.017004" lon="-118.097040"><ele>60.674</ele><time>2020-10-04T20:24:08Z</time></trkpt><trkpt lat="34.017069" lon="-118.097020"><ele>60.756</ele><time>2020-10-04T20:24:09Z</time></trkpt><trkpt lat="34.017139" lon="-118.096997"><ele>60.721</ele><time>2020-10-04T20:24:10Z</time></trkpt><trkpt lat="34.017208" lon="-118.096980"><ele>60.708</ele><time>2020-10-04T20:24:11Z</time></trkpt><trkpt lat="34.017275" lon="-118.096952"><ele>60.742</ele><time>2020-10-04T20:24:12Z</time></trkpt><trkpt lat="34.017349" lon="-118.096930"><ele>60.714</ele><time>2020-10-04T20:24:13Z</time></trkpt><trkpt lat="34.017419" lon="-118.096909"><ele>60.766</ele><time>2020-10-04T20:24:14Z</time></trkpt><trkpt lat="34.017484" lon="-118.096891"><ele>60.846</ele><time>2020-10-04T20:24:15Z</time></trkpt><trkpt lat="34.017549" lon="-118.096868"><ele>60.973</ele><time>2020-10-04T20:24:16Z</time></trkpt><trkpt lat="34.017618" lon="-118.096849"><ele>60.965</ele><time>2020-10-04T20:24:17Z</time></trkpt><trkpt lat="34.017680" lon="-118.096827"><ele>61.157</ele><time>2020-10-04T20:24:18Z</time></trkpt><trkpt lat="34.017750" lon="-118.096804"><ele>61.263</ele><time>2020-10-04T20:24:19Z</time></trkpt><trkpt lat="34.017818" lon="-118.096783"><ele>61.463</ele><time>2020-10-04T20:24:20Z</time></trkpt><trkpt lat="34.017885" lon="-118.096767"><ele>61.544</ele><time>2020-10-04T20:24:21Z</time></trkpt><trkpt lat="34.017950" lon="-118.096752"><ele>61.518</ele><time>2020-10-04T20:24:22Z</time></trkpt><trkpt lat="34.018016" lon="-118.096730"><ele>61.608</ele><time>2020-10-04T20:24:23Z</time></trkpt><trkpt lat="34.018079" lon="-118.096707"><ele>61.651</ele><time>2020-10-04T20:24:24Z</time></trkpt><trkpt lat="34.018140" lon="-118.096682"><ele>61.683</ele><time>2020-10-04T20:24:25Z</time></trkpt><trkpt lat="34.018209" lon="-118.096659"><ele>61.655</ele><time>2020-10-04T20:24:26Z</time></trkpt><trkpt lat="34.018276" lon="-118.096634"><ele>61.695</ele><time>2020-10-04T20:24:27Z</time></trkpt><trkpt lat="34.018340" lon="-118.096616"><ele>61.712</ele><time>2020-10-04T20:24:28Z</time></trkpt><trkpt lat="34.018405" lon="-118.096596"><ele>61.884</ele><time>2020-10-04T20:24:29Z</time></trkpt><trkpt lat="34.018469" lon="-118.096579"><ele>61.926</ele><time>2020-10-04T20:24:30Z</time></trkpt><trkpt lat="34.018530" lon="-118.096560"><ele>62.052</ele><time>2020-10-04T20:24:31Z</time></trkpt><trkpt lat="34.018595" lon="-118.096541"><ele>62.152</ele><time>2020-10-04T20:24:32Z</time></trkpt><trkpt lat="34.018662" lon="-118.096513"><ele>62.253</ele><time>2020-10-04T20:24:33Z</time></trkpt><trkpt lat="34.018723" lon="-118.096494"><ele>62.208</ele><time>2020-10-04T20:24:34Z</time></trkpt><trkpt lat="34.018788" lon="-118.096480"><ele>62.308</ele><time>2020-10-04T20:24:35Z</time></trkpt><trkpt lat="34.018851" lon="-118.096463"><ele>62.540</ele><time>2020-10-04T20:24:36Z</time></trkpt><trkpt lat="34.018913" lon="-118.096442"><ele>62.712</ele><time>2020-10-04T20:24:37Z</time></trkpt><trkpt lat="34.018975" lon="-118.096422"><ele>62.874</ele><time>2020-10-04T20:24:38Z</time></trkpt><trkpt lat="34.019036" lon="-118.096399"><ele>63.264</ele><time>2020-10-04T20:24:39Z</time></trkpt><trkpt lat="34.019096" lon="-118.096378"><ele>63.321</ele><time>2020-10-04T20:24:40Z</time></trkpt><trkpt lat="34.019150" lon="-118.096365"><ele>63.453</ele><time>2020-10-04T20:24:41Z</time></trkpt><trkpt lat="34.019204" lon="-118.096354"><ele>63.515</ele><time>2020-10-04T20:24:42Z</time></trkpt><trkpt lat="34.019251" lon="-118.096329"><ele>63.671</ele><time>2020-10-04T20:24:43Z</time></trkpt><trkpt lat="34.019300" lon="-118.096315"><ele>63.727</ele><time>2020-10-04T20:24:44Z</time></trkpt><trkpt lat="34.019378" lon="-118.096265"><ele>63.868</ele><time>2020-10-04T20:24:46Z</time></trkpt><trkpt lat="34.019417" lon="-118.096217"><ele>63.914</ele><time>2020-10-04T20:24:47Z</time></trkpt><trkpt lat="34.019439" lon="-118.096161"><ele>64.008</ele><time>2020-10-04T20:24:48Z</time></trkpt><trkpt lat="34.019449" lon="-118.096098"><ele>64.187</ele><time>2020-10-04T20:24:49Z</time></trkpt><trkpt lat="34.019456" lon="-118.096025"><ele>64.249</ele><time>2020-10-04T20:24:50Z</time></trkpt><trkpt lat="34.019462" lon="-118.095960"><ele>64.351</ele><time>2020-10-04T20:24:51Z</time></trkpt><trkpt lat="34.019469" lon="-118.095885"><ele>64.421</ele><time>2020-10-04T20:24:52Z</time></trkpt><trkpt lat="34.019468" lon="-118.095811"><ele>64.498</ele><time>2020-10-04T20:24:53Z</time></trkpt><trkpt lat="34.019475" lon="-118.095732"><ele>64.410</ele><time>2020-10-04T20:24:54Z</time></trkpt><trkpt lat="34.019484" lon="-118.095650"><ele>64.462</ele><time>2020-10-04T20:24:55Z</time></trkpt><trkpt lat="34.019489" lon="-118.095568"><ele>64.418</ele><time>2020-10-04T20:24:56Z</time></trkpt><trkpt lat="34.019492" lon="-118.095485"><ele>64.361</ele><time>2020-10-04T20:24:57Z</time></trkpt><trkpt lat="34.019490" lon="-118.095401"><ele>64.221</ele><time>2020-10-04T20:24:58Z</time></trkpt><trkpt lat="34.019493" lon="-118.095304"><ele>63.913</ele><time>2020-10-04T20:24:59Z</time></trkpt><trkpt lat="34.019500" lon="-118.095214"><ele>63.708</ele><time>2020-10-04T20:25:00Z</time></trkpt><trkpt lat="34.019504" lon="-118.095122"><ele>63.631</ele><time>2020-10-04T20:25:01Z</time></trkpt><trkpt lat="34.019513" lon="-118.095027"><ele>63.593</ele><time>2020-10-04T20:25:02Z</time></trkpt><trkpt lat="34.019517" lon="-118.094928"><ele>63.465</ele><time>2020-10-04T20:25:03Z</time></trkpt><trkpt lat="34.019523" lon="-118.094831"><ele>63.335</ele><time>2020-10-04T20:25:04Z</time></trkpt><trkpt lat="34.019529" lon="-118.094735"><ele>63.282</ele><time>2020-10-04T20:25:05Z</time></trkpt><trkpt lat="34.019531" lon="-118.094639"><ele>63.024</ele><time>2020-10-04T20:25:06Z</time></trkpt><trkpt lat="34.019536" lon="-118.094551"><ele>62.846</ele><time>2020-10-04T20:25:07Z</time></trkpt><trkpt lat="34.019550" lon="-118.094452"><ele>62.642</ele><time>2020-10-04T20:25:08Z</time></trkpt><trkpt lat="34.019558" lon="-118.094359"><ele>62.358</ele><time>2020-10-04T20:25:09Z</time></trkpt><trkpt lat="34.019568" lon="-118.094265"><ele>62.152</ele><time>2020-10-04T20:25:10Z</time></trkpt><trkpt lat="34.019575" lon="-118.094161"><ele>61.817</ele><time>2020-10-04T20:25:11Z</time></trkpt><trkpt lat="34.019579" lon="-118.094062"><ele>61.508</ele><time>2020-10-04T20:25:12Z</time></trkpt><trkpt lat="34.019589" lon="-118.093963"><ele>61.290</ele><time>2020-10-04T20:25:13Z</time></trkpt><trkpt lat="34.019598" lon="-118.093860"><ele>60.932</ele><time>2020-10-04T20:25:14Z</time></trkpt><trkpt lat="34.019607" lon="-118.093760"><ele>60.664</ele><time>2020-10-04T20:25:15Z</time></trkpt><trkpt lat="34.019615" lon="-118.093656"><ele>60.494</ele><time>2020-10-04T20:25:16Z</time></trkpt><trkpt lat="34.019622" lon="-118.093560"><ele>60.231</ele><time>2020-10-04T20:25:17Z</time></trkpt><trkpt lat="34.019629" lon="-118.093458"><ele>60.083</ele><time>2020-10-04T20:25:18Z</time></trkpt><trkpt lat="34.019634" lon="-118.093361"><ele>59.615</ele><time>2020-10-04T20:25:19Z</time></trkpt><trkpt lat="34.019638" lon="-118.093260"><ele>59.551</ele><time>2020-10-04T20:25:20Z</time></trkpt><trkpt lat="34.019643" lon="-118.093156"><ele>59.357</ele><time>2020-10-04T20:25:21Z</time></trkpt><trkpt lat="34.019646" lon="-118.093049"><ele>59.100</ele><time>2020-10-04T20:25:22Z</time></trkpt><trkpt lat="34.019646" lon="-118.092943"><ele>59.020</ele><time>2020-10-04T20:25:23Z</time></trkpt><trkpt lat="34.019652" lon="-118.092840"><ele>58.908</ele><time>2020-10-04T20:25:24Z</time></trkpt><trkpt lat="34.019663" lon="-118.092739"><ele>58.810</ele><time>2020-10-04T20:25:25Z</time></trkpt><trkpt lat="34.019674" lon="-118.092638"><ele>58.852</ele><time>2020-10-04T20:25:26Z</time></trkpt><trkpt lat="34.019678" lon="-118.092537"><ele>58.834</ele><time>2020-10-04T20:25:27Z</time></trkpt><trkpt lat="34.019698" lon="-118.092439"><ele>58.834</ele><time>2020-10-04T20:25:28Z</time></trkpt><trkpt lat="34.019703" lon="-118.092341"><ele>58.821</ele><time>2020-10-04T20:25:29Z</time></trkpt><trkpt lat="34.019709" lon="-118.092241"><ele>58.883</ele><time>2020-10-04T20:25:30Z</time></trkpt><trkpt lat="34.019720" lon="-118.092145"><ele>58.745</ele><time>2020-10-04T20:25:31Z</time></trkpt><trkpt lat="34.019726" lon="-118.092045"><ele>58.711</ele><time>2020-10-04T20:25:32Z</time></trkpt><trkpt lat="34.019731" lon="-118.091942"><ele>58.616</ele><time>2020-10-04T20:25:33Z</time></trkpt><trkpt lat="34.019732" lon="-118.091840"><ele>58.576</ele><time>2020-10-04T20:25:34Z</time></trkpt><trkpt lat="34.019739" lon="-118.091737"><ele>58.513</ele><time>2020-10-04T20:25:35Z</time></trkpt><trkpt lat="34.019747" lon="-118.091642"><ele>58.508</ele><time>2020-10-04T20:25:36Z</time></trkpt><trkpt lat="34.019753" lon="-118.091545"><ele>58.526</ele><time>2020-10-04T20:25:37Z</time></trkpt><trkpt lat="34.019761" lon="-118.091447"><ele>58.448</ele><time>2020-10-04T20:25:38Z</time></trkpt><trkpt lat="34.019762" lon="-118.091349"><ele>58.370</ele><time>2020-10-04T20:25:39Z</time></trkpt><trkpt lat="34.019770" lon="-118.091257"><ele>57.990</ele><time>2020-10-04T20:25:40Z</time></trkpt><trkpt lat="34.019777" lon="-118.091160"><ele>57.877</ele><time>2020-10-04T20:25:41Z</time></trkpt><trkpt lat="34.019778" lon="-118.091064"><ele>57.839</ele><time>2020-10-04T20:25:42Z</time></trkpt><trkpt lat="34.019781" lon="-118.090976"><ele>57.861</ele><time>2020-10-04T20:25:43Z</time></trkpt><trkpt lat="34.019781" lon="-118.090878"><ele>57.827</ele><time>2020-10-04T20:25:44Z</time></trkpt><trkpt lat="34.019779" lon="-118.090782"><ele>57.898</ele><time>2020-10-04T20:25:45Z</time></trkpt><trkpt lat="34.019781" lon="-118.090688"><ele>57.815</ele><time>2020-10-04T20:25:46Z</time></trkpt><trkpt lat="34.019789" lon="-118.090590"><ele>57.826</ele><time>2020-10-04T20:25:47Z</time></trkpt><trkpt lat="34.019802" lon="-118.090499"><ele>57.808</ele><time>2020-10-04T20:25:48Z</time></trkpt><trkpt lat="34.019811" lon="-118.090409"><ele>57.774</ele><time>2020-10-04T20:25:49Z</time></trkpt><trkpt lat="34.019827" lon="-118.090317"><ele>57.666</ele><time>2020-10-04T20:25:50Z</time></trkpt><trkpt lat="34.019854" lon="-118.090219"><ele>57.478</ele><time>2020-10-04T20:25:51Z</time></trkpt><trkpt lat="34.019880" lon="-118.090129"><ele>57.268</ele><time>2020-10-04T20:25:52Z</time></trkpt><trkpt lat="34.019911" lon="-118.090041"><ele>57.135</ele><time>2020-10-04T20:25:53Z</time></trkpt><trkpt lat="34.019946" lon="-118.089956"><ele>57.087</ele><time>2020-10-04T20:25:54Z</time></trkpt><trkpt lat="34.019988" lon="-118.089883"><ele>56.999</ele><time>2020-10-04T20:25:55Z</time></trkpt><trkpt lat="34.020041" lon="-118.089808"><ele>56.865</ele><time>2020-10-04T20:25:56Z</time></trkpt><trkpt lat="34.020090" lon="-118.089732"><ele>56.872</ele><time>2020-10-04T20:25:57Z</time></trkpt><trkpt lat="34.020137" lon="-118.089664"><ele>56.813</ele><time>2020-10-04T20:25:58Z</time></trkpt><trkpt lat="34.020192" lon="-118.089597"><ele>56.814</ele><time>2020-10-04T20:25:59Z</time></trkpt><trkpt lat="34.020257" lon="-118.089542"><ele>56.708</ele><time>2020-10-04T20:26:00Z</time></trkpt><trkpt lat="34.020327" lon="-118.089491"><ele>56.682</ele><time>2020-10-04T20:26:01Z</time></trkpt><trkpt lat="34.020397" lon="-118.089437"><ele>56.574</ele><time>2020-10-04T20:26:02Z</time></trkpt><trkpt lat="34.020466" lon="-118.089389"><ele>56.486</ele><time>2020-10-04T20:26:03Z</time></trkpt><trkpt lat="34.020534" lon="-118.089340"><ele>56.346</ele><time>2020-10-04T20:26:04Z</time></trkpt><trkpt lat="34.020598" lon="-118.089292"><ele>56.393</ele><time>2020-10-04T20:26:05Z</time></trkpt><trkpt lat="34.020663" lon="-118.089243"><ele>56.335</ele><time>2020-10-04T20:26:06Z</time></trkpt><trkpt lat="34.020735" lon="-118.089194"><ele>56.327</ele><time>2020-10-04T20:26:07Z</time></trkpt><trkpt lat="34.020804" lon="-118.089150"><ele>56.423</ele><time>2020-10-04T20:26:08Z</time></trkpt><trkpt lat="34.020867" lon="-118.089113"><ele>56.489</ele><time>2020-10-04T20:26:09Z</time></trkpt><trkpt lat="34.020936" lon="-118.089074"><ele>56.406</ele><time>2020-10-04T20:26:10Z</time></trkpt><trkpt lat="34.021008" lon="-118.089032"><ele>56.526</ele><time>2020-10-04T20:26:11Z</time></trkpt><trkpt lat="34.021078" lon="-118.088989"><ele>56.608</ele><time>2020-10-04T20:26:12Z</time></trkpt><trkpt lat="34.021149" lon="-118.088950"><ele>56.723</ele><time>2020-10-04T20:26:13Z</time></trkpt><trkpt lat="34.021211" lon="-118.088908"><ele>56.845</ele><time>2020-10-04T20:26:14Z</time></trkpt><trkpt lat="34.021277" lon="-118.088862"><ele>57.047</ele><time>2020-10-04T20:26:15Z</time></trkpt><trkpt lat="34.021349" lon="-118.088814"><ele>57.227</ele><time>2020-10-04T20:26:16Z</time></trkpt><trkpt lat="34.021415" lon="-118.088766"><ele>57.434</ele><time>2020-10-04T20:26:17Z</time></trkpt><trkpt lat="34.021485" lon="-118.088719"><ele>57.656</ele><time>2020-10-04T20:26:18Z</time></trkpt><trkpt lat="34.021548" lon="-118.088674"><ele>57.928</ele><time>2020-10-04T20:26:19Z</time></trkpt><trkpt lat="34.021617" lon="-118.088632"><ele>58.074</ele><time>2020-10-04T20:26:20Z</time></trkpt><trkpt lat="34.021687" lon="-118.088598"><ele>58.144</ele><time>2020-10-04T20:26:21Z</time></trkpt><trkpt lat="34.021757" lon="-118.088559"><ele>58.105</ele><time>2020-10-04T20:26:22Z</time></trkpt><trkpt lat="34.021828" lon="-118.088514"><ele>58.115</ele><time>2020-10-04T20:26:23Z</time></trkpt><trkpt lat="34.021897" lon="-118.088462"><ele>58.208</ele><time>2020-10-04T20:26:24Z</time></trkpt><trkpt lat="34.021965" lon="-118.088419"><ele>58.359</ele><time>2020-10-04T20:26:25Z</time></trkpt><trkpt lat="34.022030" lon="-118.088371"><ele>58.411</ele><time>2020-10-04T20:26:26Z</time></trkpt><trkpt lat="34.022097" lon="-118.088317"><ele>58.433</ele><time>2020-10-04T20:26:27Z</time></trkpt><trkpt lat="34.022163" lon="-118.088271"><ele>58.493</ele><time>2020-10-04T20:26:28Z</time></trkpt><trkpt lat="34.022223" lon="-118.088230"><ele>58.480</ele><time>2020-10-04T20:26:29Z</time></trkpt><trkpt lat="34.022285" lon="-118.088194"><ele>58.452</ele><time>2020-10-04T20:26:30Z</time></trkpt><trkpt lat="34.022340" lon="-118.088153"><ele>58.334</ele><time>2020-10-04T20:26:31Z</time></trkpt><trkpt lat="34.022398" lon="-118.088115"><ele>58.390</ele><time>2020-10-04T20:26:32Z</time></trkpt><trkpt lat="34.022466" lon="-118.088077"><ele>58.324</ele><time>2020-10-04T20:26:33Z</time></trkpt><trkpt lat="34.022533" lon="-118.088033"><ele>58.204</ele><time>2020-10-04T20:26:34Z</time></trkpt><trkpt lat="34.022594" lon="-118.087991"><ele>58.214</ele><time>2020-10-04T20:26:35Z</time></trkpt><trkpt lat="34.022656" lon="-118.087949"><ele>58.208</ele><time>2020-10-04T20:26:36Z</time></trkpt><trkpt lat="34.022714" lon="-118.087906"><ele>58.337</ele><time>2020-10-04T20:26:37Z</time></trkpt><trkpt lat="34.022774" lon="-118.087860"><ele>58.419</ele><time>2020-10-04T20:26:38Z</time></trkpt><trkpt lat="34.022833" lon="-118.087816"><ele>58.671</ele><time>2020-10-04T20:26:39Z</time></trkpt><trkpt lat="34.022895" lon="-118.087764"><ele>58.651</ele><time>2020-10-04T20:26:40Z</time></trkpt><trkpt lat="34.022954" lon="-118.087708"><ele>58.638</ele><time>2020-10-04T20:26:41Z</time></trkpt><trkpt lat="34.023006" lon="-118.087652"><ele>58.610</ele><time>2020-10-04T20:26:42Z</time></trkpt><trkpt lat="34.023054" lon="-118.087596"><ele>58.652</ele><time>2020-10-04T20:26:43Z</time></trkpt><trkpt lat="34.023107" lon="-118.087535"><ele>58.628</ele><time>2020-10-04T20:26:44Z</time></trkpt><trkpt lat="34.023169" lon="-118.087472"><ele>58.763</ele><time>2020-10-04T20:26:45Z</time></trkpt><trkpt lat="34.023214" lon="-118.087408"><ele>58.744</ele><time>2020-10-04T20:26:46Z</time></trkpt><trkpt lat="34.023260" lon="-118.087344"><ele>58.718</ele><time>2020-10-04T20:26:47Z</time></trkpt><trkpt lat="34.023303" lon="-118.087274"><ele>58.808</ele><time>2020-10-04T20:26:48Z</time></trkpt><trkpt lat="34.023345" lon="-118.087206"><ele>58.911</ele><time>2020-10-04T20:26:49Z</time></trkpt><trkpt lat="34.023386" lon="-118.087136"><ele>59.063</ele><time>2020-10-04T20:26:50Z</time></trkpt><trkpt lat="34.023425" lon="-118.087066"><ele>59.175</ele><time>2020-10-04T20:26:51Z</time></trkpt><trkpt lat="34.023457" lon="-118.087005"><ele>59.315</ele><time>2020-10-04T20:26:52Z</time></trkpt><trkpt lat="34.023491" lon="-118.086939"><ele>59.532</ele><time>2020-10-04T20:26:53Z</time></trkpt><trkpt lat="34.023524" lon="-118.086871"><ele>59.744</ele><time>2020-10-04T20:26:54Z</time></trkpt><trkpt lat="34.023552" lon="-118.086803"><ele>59.986</ele><time>2020-10-04T20:26:55Z</time></trkpt><trkpt lat="34.023578" lon="-118.086731"><ele>60.142</ele><time>2020-10-04T20:26:56Z</time></trkpt><trkpt lat="34.023613" lon="-118.086670"><ele>60.442</ele><time>2020-10-04T20:26:57Z</time></trkpt><trkpt lat="34.023639" lon="-118.086605"><ele>60.822</ele><time>2020-10-04T20:26:58Z</time></trkpt><trkpt lat="34.023666" lon="-118.086538"><ele>61.014</ele><time>2020-10-04T20:26:59Z</time></trkpt><trkpt lat="34.023685" lon="-118.086472"><ele>61.308</ele><time>2020-10-04T20:27:00Z</time></trkpt><trkpt lat="34.023700" lon="-118.086407"><ele>61.429</ele><time>2020-10-04T20:27:01Z</time></trkpt><trkpt lat="34.023718" lon="-118.086343"><ele>61.871</ele><time>2020-10-04T20:27:02Z</time></trkpt><trkpt lat="34.023742" lon="-118.086278"><ele>62.163</ele><time>2020-10-04T20:27:03Z</time></trkpt><trkpt lat="34.023767" lon="-118.086213"><ele>62.413</ele><time>2020-10-04T20:27:04Z</time></trkpt><trkpt lat="34.023789" lon="-118.086147"><ele>62.740</ele><time>2020-10-04T20:27:05Z</time></trkpt><trkpt lat="34.023816" lon="-118.086085"><ele>63.022</ele><time>2020-10-04T20:27:06Z</time></trkpt><trkpt lat="34.023830" lon="-118.086020"><ele>63.244</ele><time>2020-10-04T20:27:07Z</time></trkpt><trkpt lat="34.023854" lon="-118.085962"><ele>63.630</ele><time>2020-10-04T20:27:08Z</time></trkpt><trkpt lat="34.023883" lon="-118.085899"><ele>63.993</ele><time>2020-10-04T20:27:09Z</time></trkpt><trkpt lat="34.023911" lon="-118.085838"><ele>64.165</ele><time>2020-10-04T20:27:10Z</time></trkpt><trkpt lat="34.023937" lon="-118.085773"><ele>64.421</ele><time>2020-10-04T20:27:11Z</time></trkpt><trkpt lat="34.023960" lon="-118.085709"><ele>64.608</ele><time>2020-10-04T20:27:12Z</time></trkpt><trkpt lat="34.023983" lon="-118.085652"><ele>64.994</ele><time>2020-10-04T20:27:13Z</time></trkpt><trkpt lat="34.024010" lon="-118.085596"><ele>65.386</ele><time>2020-10-04T20:27:14Z</time></trkpt><trkpt lat="34.024027" lon="-118.085540"><ele>65.648</ele><time>2020-10-04T20:27:15Z</time></trkpt><trkpt lat="34.024042" lon="-118.085487"><ele>65.818</ele><time>2020-10-04T20:27:16Z</time></trkpt><trkpt lat="34.024057" lon="-118.085433"><ele>66.165</ele><time>2020-10-04T20:27:17Z</time></trkpt><trkpt lat="34.024061" lon="-118.085336"><ele>66.987</ele><time>2020-10-04T20:27:19Z</time></trkpt><trkpt lat="34.024049" lon="-118.085244"><ele>67.319</ele><time>2020-10-04T20:27:21Z</time></trkpt><trkpt lat="34.024041" lon="-118.085165"><ele>67.735</ele><time>2020-10-04T20:27:23Z</time></trkpt><trkpt lat="34.024006" lon="-118.085111"><ele>68.278</ele><time>2020-10-04T20:27:25Z</time></trkpt><trkpt lat="34.023960" lon="-118.085092"><ele>68.733</ele><time>2020-10-04T20:27:28Z</time></trkpt><trkpt lat="34.023993" lon="-118.085048"><ele>69.026</ele><time>2020-10-04T20:28:43Z</time></trkpt><trkpt lat="34.024049" lon="-118.085002"><ele>68.908</ele><time>2020-10-04T20:28:46Z</time></trkpt><trkpt lat="34.024098" lon="-118.084970"><ele>68.822</ele><time>2020-10-04T20:28:48Z</time></trkpt><trkpt lat="34.024166" lon="-118.084909"><ele>68.754</ele><time>2020-10-04T20:28:50Z</time></trkpt><trkpt lat="34.024206" lon="-118.084876"><ele>68.756</ele><time>2020-10-04T20:28:51Z</time></trkpt><trkpt lat="34.024255" lon="-118.084833"><ele>68.796</ele><time>2020-10-04T20:28:52Z</time></trkpt><trkpt lat="34.024309" lon="-118.084785"><ele>68.663</ele><time>2020-10-04T20:28:53Z</time></trkpt><trkpt lat="34.024359" lon="-118.084739"><ele>68.375</ele><time>2020-10-04T20:28:54Z</time></trkpt><trkpt lat="34.024408" lon="-118.084678"><ele>68.227</ele><time>2020-10-04T20:28:55Z</time></trkpt><trkpt lat="34.024455" lon="-118.084596"><ele>67.993</ele><time>2020-10-04T20:28:56Z</time></trkpt><trkpt lat="34.024494" lon="-118.084516"><ele>67.634</ele><time>2020-10-04T20:28:57Z</time></trkpt><trkpt lat="34.024533" lon="-118.084425"><ele>67.455</ele><time>2020-10-04T20:28:58Z</time></trkpt><trkpt lat="34.024579" lon="-118.084336"><ele>67.210</ele><time>2020-10-04T20:28:59Z</time></trkpt><trkpt lat="34.024617" lon="-118.084241"><ele>66.808</ele><time>2020-10-04T20:29:00Z</time></trkpt><trkpt lat="34.024656" lon="-118.084148"><ele>66.028</ele><time>2020-10-04T20:29:01Z</time></trkpt><trkpt lat="34.024698" lon="-118.084061"><ele>65.690</ele><time>2020-10-04T20:29:02Z</time></trkpt><trkpt lat="34.024743" lon="-118.083968"><ele>65.292</ele><time>2020-10-04T20:29:03Z</time></trkpt><trkpt lat="34.024790" lon="-118.083877"><ele>64.862</ele><time>2020-10-04T20:29:04Z</time></trkpt><trkpt lat="34.024837" lon="-118.083781"><ele>64.459</ele><time>2020-10-04T20:29:05Z</time></trkpt><trkpt lat="34.024889" lon="-118.083687"><ele>63.971</ele><time>2020-10-04T20:29:06Z</time></trkpt><trkpt lat="34.024939" lon="-118.083593"><ele>63.693</ele><time>2020-10-04T20:29:07Z</time></trkpt><trkpt lat="34.024986" lon="-118.083498"><ele>63.399</ele><time>2020-10-04T20:29:08Z</time></trkpt><trkpt lat="34.025027" lon="-118.083399"><ele>63.161</ele><time>2020-10-04T20:29:09Z</time></trkpt><trkpt lat="34.025051" lon="-118.083290"><ele>63.021</ele><time>2020-10-04T20:29:10Z</time></trkpt><trkpt lat="34.025064" lon="-118.083173"><ele>62.713</ele><time>2020-10-04T20:29:11Z</time></trkpt><trkpt lat="34.025073" lon="-118.083061"><ele>62.308</ele><time>2020-10-04T20:29:12Z</time></trkpt><trkpt lat="34.025089" lon="-118.082952"><ele>62.021</ele><time>2020-10-04T20:29:13Z</time></trkpt><trkpt lat="34.025106" lon="-118.082847"><ele>61.353</ele><time>2020-10-04T20:29:14Z</time></trkpt><trkpt lat="34.025123" lon="-118.082735"><ele>60.855</ele><time>2020-10-04T20:29:15Z</time></trkpt><trkpt lat="34.025138" lon="-118.082621"><ele>60.665</ele><time>2020-10-04T20:29:16Z</time></trkpt><trkpt lat="34.025157" lon="-118.082514"><ele>60.542</ele><time>2020-10-04T20:29:17Z</time></trkpt><trkpt lat="34.025174" lon="-118.082409"><ele>60.494</ele><time>2020-10-04T20:29:18Z</time></trkpt><trkpt lat="34.025187" lon="-118.082301"><ele>60.476</ele><time>2020-10-04T20:29:19Z</time></trkpt><trkpt lat="34.025203" lon="-118.082196"><ele>60.472</ele><time>2020-10-04T20:29:20Z</time></trkpt><trkpt lat="34.025220" lon="-118.082088"><ele>60.557</ele><time>2020-10-04T20:29:21Z</time></trkpt><trkpt lat="34.025238" lon="-118.081986"><ele>60.700</ele><time>2020-10-04T20:29:22Z</time></trkpt><trkpt lat="34.025257" lon="-118.081889"><ele>60.920</ele><time>2020-10-04T20:29:23Z</time></trkpt><trkpt lat="34.025272" lon="-118.081795"><ele>60.908</ele><time>2020-10-04T20:29:24Z</time></trkpt><trkpt lat="34.025281" lon="-118.081698"><ele>61.040</ele><time>2020-10-04T20:29:25Z</time></trkpt><trkpt lat="34.025295" lon="-118.081603"><ele>61.032</ele><time>2020-10-04T20:29:26Z</time></trkpt><trkpt lat="34.025308" lon="-118.081516"><ele>61.034</ele><time>2020-10-04T20:29:27Z</time></trkpt><trkpt lat="34.025325" lon="-118.081418"><ele>61.094</ele><time>2020-10-04T20:29:28Z</time></trkpt><trkpt lat="34.025335" lon="-118.081326"><ele>61.071</ele><time>2020-10-04T20:29:29Z</time></trkpt><trkpt lat="34.025345" lon="-118.081230"><ele>61.023</ele><time>2020-10-04T20:29:30Z</time></trkpt><trkpt lat="34.025361" lon="-118.081128"><ele>61.085</ele><time>2020-10-04T20:29:31Z</time></trkpt><trkpt lat="34.025373" lon="-118.081038"><ele>61.091</ele><time>2020-10-04T20:29:32Z</time></trkpt><trkpt lat="34.025390" lon="-118.080948"><ele>61.042</ele><time>2020-10-04T20:29:33Z</time></trkpt><trkpt lat="34.025410" lon="-118.080856"><ele>61.022</ele><time>2020-10-04T20:29:34Z</time></trkpt><trkpt lat="34.025441" lon="-118.080772"><ele>61.014</ele><time>2020-10-04T20:29:35Z</time></trkpt><trkpt lat="34.025466" lon="-118.080688"><ele>61.008</ele><time>2020-10-04T20:29:36Z</time></trkpt><trkpt lat="34.025499" lon="-118.080606"><ele>61.049</ele><time>2020-10-04T20:29:37Z</time></trkpt><trkpt lat="34.025531" lon="-118.080529"><ele>61.071</ele><time>2020-10-04T20:29:38Z</time></trkpt><trkpt lat="34.025566" lon="-118.080454"><ele>61.193</ele><time>2020-10-04T20:29:39Z</time></trkpt><trkpt lat="34.025600" lon="-118.080379"><ele>61.123</ele><time>2020-10-04T20:29:40Z</time></trkpt><trkpt lat="34.025636" lon="-118.080302"><ele>61.150</ele><time>2020-10-04T20:29:41Z</time></trkpt><trkpt lat="34.025670" lon="-118.080220"><ele>61.052</ele><time>2020-10-04T20:29:42Z</time></trkpt><trkpt lat="34.025703" lon="-118.080143"><ele>60.964</ele><time>2020-10-04T20:29:43Z</time></trkpt><trkpt lat="34.025739" lon="-118.080069"><ele>60.750</ele><time>2020-10-04T20:29:44Z</time></trkpt><trkpt lat="34.025773" lon="-118.079994"><ele>60.746</ele><time>2020-10-04T20:29:45Z</time></trkpt><trkpt lat="34.025803" lon="-118.079910"><ele>60.788</ele><time>2020-10-04T20:29:46Z</time></trkpt><trkpt lat="34.025826" lon="-118.079823"><ele>60.716</ele><time>2020-10-04T20:29:47Z</time></trkpt><trkpt lat="34.025844" lon="-118.079736"><ele>60.708</ele><time>2020-10-04T20:29:48Z</time></trkpt><trkpt lat="34.025859" lon="-118.079651"><ele>60.619</ele><time>2020-10-04T20:29:49Z</time></trkpt><trkpt lat="34.025879" lon="-118.079566"><ele>60.431</ele><time>2020-10-04T20:29:50Z</time></trkpt><trkpt lat="34.025897" lon="-118.079479"><ele>60.373</ele><time>2020-10-04T20:29:51Z</time></trkpt><trkpt lat="34.025914" lon="-118.079386"><ele>60.283</ele><time>2020-10-04T20:29:52Z</time></trkpt><trkpt lat="34.025926" lon="-118.079298"><ele>60.160</ele><time>2020-10-04T20:29:53Z</time></trkpt><trkpt lat="34.025942" lon="-118.079208"><ele>60.062</ele><time>2020-10-04T20:29:54Z</time></trkpt><trkpt lat="34.025963" lon="-118.079120"><ele>59.944</ele><time>2020-10-04T20:29:55Z</time></trkpt><trkpt lat="34.025980" lon="-118.079024"><ele>59.940</ele><time>2020-10-04T20:29:56Z</time></trkpt><trkpt lat="34.025999" lon="-118.078932"><ele>59.834</ele><time>2020-10-04T20:29:57Z</time></trkpt><trkpt lat="34.026019" lon="-118.078837"><ele>59.755</ele><time>2020-10-04T20:29:58Z</time></trkpt><trkpt lat="34.026033" lon="-118.078747"><ele>59.710</ele><time>2020-10-04T20:29:59Z</time></trkpt><trkpt lat="34.026051" lon="-118.078663"><ele>59.708</ele><time>2020-10-04T20:30:00Z</time></trkpt><trkpt lat="34.026069" lon="-118.078578"><ele>59.858</ele><time>2020-10-04T20:30:01Z</time></trkpt><trkpt lat="34.026089" lon="-118.078485"><ele>59.970</ele><time>2020-10-04T20:30:02Z</time></trkpt><trkpt lat="34.026103" lon="-118.078388"><ele>59.992</ele><time>2020-10-04T20:30:03Z</time></trkpt><trkpt lat="34.026111" lon="-118.078299"><ele>59.822</ele><time>2020-10-04T20:30:04Z</time></trkpt><trkpt lat="34.026119" lon="-118.078207"><ele>59.539</ele><time>2020-10-04T20:30:05Z</time></trkpt><trkpt lat="34.026127" lon="-118.078103"><ele>59.141</ele><time>2020-10-04T20:30:06Z</time></trkpt><trkpt lat="34.026134" lon="-118.078002"><ele>59.073</ele><time>2020-10-04T20:30:07Z</time></trkpt><trkpt lat="34.026141" lon="-118.077902"><ele>59.019</ele><time>2020-10-04T20:30:08Z</time></trkpt><trkpt lat="34.026152" lon="-118.077794"><ele>59.085</ele><time>2020-10-04T20:30:09Z</time></trkpt><trkpt lat="34.026165" lon="-118.077692"><ele>59.089</ele><time>2020-10-04T20:30:10Z</time></trkpt><trkpt lat="34.026181" lon="-118.077597"><ele>59.017</ele><time>2020-10-04T20:30:11Z</time></trkpt><trkpt lat="34.026196" lon="-118.077497"><ele>59.008</ele><time>2020-10-04T20:30:12Z</time></trkpt><trkpt lat="34.026214" lon="-118.077399"><ele>58.973</ele><time>2020-10-04T20:30:13Z</time></trkpt><trkpt lat="34.026230" lon="-118.077303"><ele>58.875</ele><time>2020-10-04T20:30:14Z</time></trkpt><trkpt lat="34.026246" lon="-118.077211"><ele>58.827</ele><time>2020-10-04T20:30:15Z</time></trkpt><trkpt lat="34.026262" lon="-118.077119"><ele>58.887</ele><time>2020-10-04T20:30:16Z</time></trkpt><trkpt lat="34.026280" lon="-118.077024"><ele>58.884</ele><time>2020-10-04T20:30:17Z</time></trkpt><trkpt lat="34.026301" lon="-118.076926"><ele>58.846</ele><time>2020-10-04T20:30:18Z</time></trkpt><trkpt lat="34.026327" lon="-118.076834"><ele>58.868</ele><time>2020-10-04T20:30:19Z</time></trkpt><trkpt lat="34.026347" lon="-118.076739"><ele>58.984</ele><time>2020-10-04T20:30:20Z</time></trkpt><trkpt lat="34.026372" lon="-118.076648"><ele>58.965</ele><time>2020-10-04T20:30:21Z</time></trkpt><trkpt lat="34.026396" lon="-118.076551"><ele>58.968</ele><time>2020-10-04T20:30:22Z</time></trkpt><trkpt lat="34.026414" lon="-118.076462"><ele>58.914</ele><time>2020-10-04T20:30:23Z</time></trkpt><trkpt lat="34.026434" lon="-118.076371"><ele>58.808</ele><time>2020-10-04T20:30:24Z</time></trkpt><trkpt lat="34.026452" lon="-118.076282"><ele>58.731</ele><time>2020-10-04T20:30:25Z</time></trkpt><trkpt lat="34.026469" lon="-118.076191"><ele>58.453</ele><time>2020-10-04T20:30:26Z</time></trkpt><trkpt lat="34.026487" lon="-118.076093"><ele>58.435</ele><time>2020-10-04T20:30:27Z</time></trkpt><trkpt lat="34.026499" lon="-118.075994"><ele>58.385</ele><time>2020-10-04T20:30:28Z</time></trkpt><trkpt lat="34.026508" lon="-118.075905"><ele>58.312</ele><time>2020-10-04T20:30:29Z</time></trkpt><trkpt lat="34.026522" lon="-118.075815"><ele>58.354</ele><time>2020-10-04T20:30:30Z</time></trkpt><trkpt lat="34.026534" lon="-118.075723"><ele>58.346</ele><time>2020-10-04T20:30:31Z</time></trkpt><trkpt lat="34.026544" lon="-118.075634"><ele>58.362</ele><time>2020-10-04T20:30:32Z</time></trkpt><trkpt lat="34.026552" lon="-118.075547"><ele>58.558</ele><time>2020-10-04T20:30:33Z</time></trkpt><trkpt lat="34.026566" lon="-118.075460"><ele>58.752</ele><time>2020-10-04T20:30:34Z</time></trkpt><trkpt lat="34.026577" lon="-118.075369"><ele>58.817</ele><time>2020-10-04T20:30:35Z</time></trkpt><trkpt lat="34.026599" lon="-118.075281"><ele>58.908</ele><time>2020-10-04T20:30:36Z</time></trkpt><trkpt lat="34.026622" lon="-118.075200"><ele>58.910</ele><time>2020-10-04T20:30:37Z</time></trkpt><trkpt lat="34.026654" lon="-118.075121"><ele>58.932</ele><time>2020-10-04T20:30:38Z</time></trkpt><trkpt lat="34.026691" lon="-118.075044"><ele>58.864</ele><time>2020-10-04T20:30:39Z</time></trkpt><trkpt lat="34.026737" lon="-118.074971"><ele>58.854</ele><time>2020-10-04T20:30:40Z</time></trkpt><trkpt lat="34.026785" lon="-118.074911"><ele>58.811</ele><time>2020-10-04T20:30:41Z</time></trkpt><trkpt lat="34.026844" lon="-118.074851"><ele>58.843</ele><time>2020-10-04T20:30:42Z</time></trkpt><trkpt lat="34.026905" lon="-118.074794"><ele>58.985</ele><time>2020-10-04T20:30:43Z</time></trkpt><trkpt lat="34.026966" lon="-118.074744"><ele>58.911</ele><time>2020-10-04T20:30:44Z</time></trkpt><trkpt lat="34.027022" lon="-118.074698"><ele>58.941</ele><time>2020-10-04T20:30:45Z</time></trkpt><trkpt lat="34.027081" lon="-118.074644"><ele>58.881</ele><time>2020-10-04T20:30:46Z</time></trkpt><trkpt lat="34.027139" lon="-118.074579"><ele>58.809</ele><time>2020-10-04T20:30:47Z</time></trkpt><trkpt lat="34.027183" lon="-118.074508"><ele>58.808</ele><time>2020-10-04T20:30:48Z</time></trkpt><trkpt lat="34.027224" lon="-118.074426"><ele>58.859</ele><time>2020-10-04T20:30:49Z</time></trkpt><trkpt lat="34.027262" lon="-118.074338"><ele>58.831</ele><time>2020-10-04T20:30:50Z</time></trkpt><trkpt lat="34.027301" lon="-118.074247"><ele>58.763</ele><time>2020-10-04T20:30:51Z</time></trkpt><trkpt lat="34.027342" lon="-118.074161"><ele>58.573</ele><time>2020-10-04T20:30:52Z</time></trkpt><trkpt lat="34.027377" lon="-118.074075"><ele>58.320</ele><time>2020-10-04T20:30:53Z</time></trkpt><trkpt lat="34.027417" lon="-118.073989"><ele>58.152</ele><time>2020-10-04T20:30:54Z</time></trkpt><trkpt lat="34.027454" lon="-118.073905"><ele>58.074</ele><time>2020-10-04T20:30:55Z</time></trkpt><trkpt lat="34.027493" lon="-118.073821"><ele>57.960</ele><time>2020-10-04T20:30:56Z</time></trkpt><trkpt lat="34.027532" lon="-118.073740"><ele>57.966</ele><time>2020-10-04T20:30:57Z</time></trkpt><trkpt lat="34.027567" lon="-118.073659"><ele>57.929</ele><time>2020-10-04T20:30:58Z</time></trkpt><trkpt lat="34.027604" lon="-118.073580"><ele>57.921</ele><time>2020-10-04T20:30:59Z</time></trkpt><trkpt lat="34.027635" lon="-118.073508"><ele>57.908</ele><time>2020-10-04T20:31:00Z</time></trkpt><trkpt lat="34.027675" lon="-118.073425"><ele>57.931</ele><time>2020-10-04T20:31:01Z</time></trkpt><trkpt lat="34.027715" lon="-118.073349"><ele>58.033</ele><time>2020-10-04T20:31:02Z</time></trkpt><trkpt lat="34.027761" lon="-118.073280"><ele>58.265</ele><time>2020-10-04T20:31:03Z</time></trkpt><trkpt lat="34.027812" lon="-118.073217"><ele>58.475</ele><time>2020-10-04T20:31:04Z</time></trkpt><trkpt lat="34.027867" lon="-118.073157"><ele>58.432</ele><time>2020-10-04T20:31:05Z</time></trkpt><trkpt lat="34.027938" lon="-118.073108"><ele>58.534</ele><time>2020-10-04T20:31:06Z</time></trkpt><trkpt lat="34.028011" lon="-118.073069"><ele>58.596</ele><time>2020-10-04T20:31:07Z</time></trkpt><trkpt lat="34.028078" lon="-118.073037"><ele>58.582</ele><time>2020-10-04T20:31:08Z</time></trkpt><trkpt lat="34.028142" lon="-118.073009"><ele>58.545</ele><time>2020-10-04T20:31:09Z</time></trkpt><trkpt lat="34.028212" lon="-118.072975"><ele>58.547</ele><time>2020-10-04T20:31:10Z</time></trkpt><trkpt lat="34.028274" lon="-118.072930"><ele>58.511</ele><time>2020-10-04T20:31:11Z</time></trkpt><trkpt lat="34.028328" lon="-118.072871"><ele>58.508</ele><time>2020-10-04T20:31:12Z</time></trkpt><trkpt lat="34.028372" lon="-118.072803"><ele>58.589</ele><time>2020-10-04T20:31:13Z</time></trkpt><trkpt lat="34.028421" lon="-118.072737"><ele>58.521</ele><time>2020-10-04T20:31:14Z</time></trkpt><trkpt lat="34.028479" lon="-118.072669"><ele>58.513</ele><time>2020-10-04T20:31:15Z</time></trkpt><trkpt lat="34.028530" lon="-118.072610"><ele>58.523</ele><time>2020-10-04T20:31:16Z</time></trkpt><trkpt lat="34.028585" lon="-118.072558"><ele>58.520</ele><time>2020-10-04T20:31:17Z</time></trkpt><trkpt lat="34.028638" lon="-118.072504"><ele>58.552</ele><time>2020-10-04T20:31:18Z</time></trkpt><trkpt lat="34.028695" lon="-118.072450"><ele>58.564</ele><time>2020-10-04T20:31:19Z</time></trkpt><trkpt lat="34.028742" lon="-118.072403"><ele>58.550</ele><time>2020-10-04T20:31:20Z</time></trkpt><trkpt lat="34.028799" lon="-118.072346"><ele>58.553</ele><time>2020-10-04T20:31:21Z</time></trkpt><trkpt lat="34.028852" lon="-118.072281"><ele>58.504</ele><time>2020-10-04T20:31:22Z</time></trkpt><trkpt lat="34.028899" lon="-118.072213"><ele>58.514</ele><time>2020-10-04T20:31:23Z</time></trkpt><trkpt lat="34.028943" lon="-118.072141"><ele>58.608</ele><time>2020-10-04T20:31:24Z</time></trkpt><trkpt lat="34.028982" lon="-118.072070"><ele>58.680</ele><time>2020-10-04T20:31:25Z</time></trkpt><trkpt lat="34.029019" lon="-118.072008"><ele>58.752</ele><time>2020-10-04T20:31:26Z</time></trkpt><trkpt lat="34.029062" lon="-118.071945"><ele>59.264</ele><time>2020-10-04T20:31:27Z</time></trkpt><trkpt lat="34.029100" lon="-118.071893"><ele>59.594</ele><time>2020-10-04T20:31:28Z</time></trkpt><trkpt lat="34.029149" lon="-118.071834"><ele>59.881</ele><time>2020-10-04T20:31:29Z</time></trkpt><trkpt lat="34.029194" lon="-118.071800"><ele>60.123</ele><time>2020-10-04T20:31:30Z</time></trkpt><trkpt lat="34.029250" lon="-118.071761"><ele>60.225</ele><time>2020-10-04T20:31:31Z</time></trkpt><trkpt lat="34.029305" lon="-118.071729"><ele>60.371</ele><time>2020-10-04T20:31:32Z</time></trkpt><trkpt lat="34.029362" lon="-118.071691"><ele>60.485</ele><time>2020-10-04T20:31:33Z</time></trkpt><trkpt lat="34.029414" lon="-118.071656"><ele>60.589</ele><time>2020-10-04T20:31:34Z</time></trkpt><trkpt lat="34.029463" lon="-118.071629"><ele>60.617</ele><time>2020-10-04T20:31:35Z</time></trkpt><trkpt lat="34.029519" lon="-118.071606"><ele>60.708</ele><time>2020-10-04T20:31:36Z</time></trkpt><trkpt lat="34.029572" lon="-118.071605"><ele>60.963</ele><time>2020-10-04T20:31:37Z</time></trkpt><trkpt lat="34.029621" lon="-118.071623"><ele>61.165</ele><time>2020-10-04T20:31:38Z</time></trkpt><trkpt lat="34.029660" lon="-118.071672"><ele>61.317</ele><time>2020-10-04T20:31:39Z</time></trkpt><trkpt lat="34.029683" lon="-118.071723"><ele>61.597</ele><time>2020-10-04T20:31:40Z</time></trkpt><trkpt lat="34.029703" lon="-118.071784"><ele>61.714</ele><time>2020-10-04T20:31:41Z</time></trkpt><trkpt lat="34.029705" lon="-118.071869"><ele>62.036</ele><time>2020-10-04T20:31:42Z</time></trkpt><trkpt lat="34.029720" lon="-118.071942"><ele>62.258</ele><time>2020-10-04T20:31:43Z</time></trkpt><trkpt lat="34.029738" lon="-118.072016"><ele>62.374</ele><time>2020-10-04T20:31:44Z</time></trkpt><trkpt lat="34.029766" lon="-118.072089"><ele>62.367</ele><time>2020-10-04T20:31:45Z</time></trkpt><trkpt lat="34.029800" lon="-118.072162"><ele>62.381</ele><time>2020-10-04T20:31:46Z</time></trkpt><trkpt lat="34.029841" lon="-118.072236"><ele>62.119</ele><time>2020-10-04T20:31:47Z</time></trkpt><trkpt lat="34.029887" lon="-118.072309"><ele>61.808</ele><time>2020-10-04T20:31:48Z</time></trkpt><trkpt lat="34.029940" lon="-118.072379"><ele>61.361</ele><time>2020-10-04T20:31:49Z</time></trkpt><trkpt lat="34.029995" lon="-118.072442"><ele>61.133</ele><time>2020-10-04T20:31:50Z</time></trkpt><trkpt lat="34.030053" lon="-118.072498"><ele>60.945</ele><time>2020-10-04T20:31:51Z</time></trkpt><trkpt lat="34.030115" lon="-118.072547"><ele>60.895</ele><time>2020-10-04T20:31:52Z</time></trkpt><trkpt lat="34.030177" lon="-118.072593"><ele>60.812</ele><time>2020-10-04T20:31:53Z</time></trkpt><trkpt lat="34.030237" lon="-118.072633"><ele>60.814</ele><time>2020-10-04T20:31:54Z</time></trkpt><trkpt lat="34.030295" lon="-118.072674"><ele>60.946</ele><time>2020-10-04T20:31:55Z</time></trkpt><trkpt lat="34.030351" lon="-118.072712"><ele>61.012</ele><time>2020-10-04T20:31:56Z</time></trkpt><trkpt lat="34.030408" lon="-118.072744"><ele>61.231</ele><time>2020-10-04T20:31:57Z</time></trkpt><trkpt lat="34.030461" lon="-118.072777"><ele>61.461</ele><time>2020-10-04T20:31:58Z</time></trkpt><trkpt lat="34.030514" lon="-118.072812"><ele>61.507</ele><time>2020-10-04T20:31:59Z</time></trkpt><trkpt lat="34.030566" lon="-118.072839"><ele>61.608</ele><time>2020-10-04T20:32:00Z</time></trkpt><trkpt lat="34.030609" lon="-118.072863"><ele>61.778</ele><time>2020-10-04T20:32:01Z</time></trkpt><trkpt lat="34.030652" lon="-118.072888"><ele>61.860</ele><time>2020-10-04T20:32:02Z</time></trkpt><trkpt lat="34.030724" lon="-118.072921"><ele>62.152</ele><time>2020-10-04T20:32:04Z</time></trkpt><trkpt lat="34.030775" lon="-118.072891"><ele>62.342</ele><time>2020-10-04T20:32:06Z</time></trkpt><trkpt lat="34.030805" lon="-118.072820"><ele>62.589</ele><time>2020-10-04T20:32:08Z</time></trkpt><trkpt lat="34.030791" lon="-118.072726"><ele>62.631</ele><time>2020-10-04T20:32:10Z</time></trkpt><trkpt lat="34.030760" lon="-118.072682"><ele>62.643</ele><time>2020-10-04T20:32:11Z</time></trkpt><trkpt lat="34.030722" lon="-118.072641"><ele>62.619</ele><time>2020-10-04T20:32:12Z</time></trkpt><trkpt lat="34.030682" lon="-118.072599"><ele>62.739</ele><time>2020-10-04T20:32:13Z</time></trkpt><trkpt lat="34.030644" lon="-118.072548"><ele>62.801</ele><time>2020-10-04T20:32:14Z</time></trkpt><trkpt lat="34.030604" lon="-118.072495"><ele>62.921</ele><time>2020-10-04T20:32:15Z</time></trkpt><trkpt lat="34.030563" lon="-118.072440"><ele>62.908</ele><time>2020-10-04T20:32:16Z</time></trkpt><trkpt lat="34.030520" lon="-118.072384"><ele>62.968</ele><time>2020-10-04T20:32:17Z</time></trkpt><trkpt lat="34.030480" lon="-118.072329"><ele>62.910</ele><time>2020-10-04T20:32:18Z</time></trkpt><trkpt lat="34.030437" lon="-118.072271"><ele>63.012</ele><time>2020-10-04T20:32:19Z</time></trkpt><trkpt lat="34.030394" lon="-118.072209"><ele>63.192</ele><time>2020-10-04T20:32:20Z</time></trkpt><trkpt lat="34.030352" lon="-118.072153"><ele>63.289</ele><time>2020-10-04T20:32:21Z</time></trkpt><trkpt lat="34.030310" lon="-118.072098"><ele>63.391</ele><time>2020-10-04T20:32:22Z</time></trkpt><trkpt lat="34.030269" lon="-118.072038"><ele>63.343</ele><time>2020-10-04T20:32:23Z</time></trkpt><trkpt lat="34.030224" lon="-118.071974"><ele>63.279</ele><time>2020-10-04T20:32:24Z</time></trkpt><trkpt lat="34.030180" lon="-118.071912"><ele>63.116</ele><time>2020-10-04T20:32:25Z</time></trkpt><trkpt lat="34.030140" lon="-118.071847"><ele>63.076</ele><time>2020-10-04T20:32:26Z</time></trkpt><trkpt lat="34.030103" lon="-118.071786"><ele>62.913</ele><time>2020-10-04T20:32:27Z</time></trkpt><trkpt lat="34.030064" lon="-118.071720"><ele>62.908</ele><time>2020-10-04T20:32:28Z</time></trkpt><trkpt lat="34.030024" lon="-118.071655"><ele>62.996</ele><time>2020-10-04T20:32:29Z</time></trkpt><trkpt lat="34.029982" lon="-118.071585"><ele>62.898</ele><time>2020-10-04T20:32:30Z</time></trkpt><trkpt lat="34.029945" lon="-118.071521"><ele>62.740</ele><time>2020-10-04T20:32:31Z</time></trkpt><trkpt lat="34.029906" lon="-118.071450"><ele>62.620</ele><time>2020-10-04T20:32:32Z</time></trkpt><trkpt lat="34.029865" lon="-118.071381"><ele>62.537</ele><time>2020-10-04T20:32:33Z</time></trkpt><trkpt lat="34.029826" lon="-118.071310"><ele>62.569</ele><time>2020-10-04T20:32:34Z</time></trkpt><trkpt lat="34.029790" lon="-118.071240"><ele>62.551</ele><time>2020-10-04T20:32:35Z</time></trkpt><trkpt lat="34.029758" lon="-118.071176"><ele>62.577</ele><time>2020-10-04T20:32:36Z</time></trkpt><trkpt lat="34.029721" lon="-118.071109"><ele>62.767</ele><time>2020-10-04T20:32:37Z</time></trkpt><trkpt lat="34.029687" lon="-118.071046"><ele>62.881</ele><time>2020-10-04T20:32:38Z</time></trkpt><trkpt lat="34.029653" lon="-118.070979"><ele>62.819</ele><time>2020-10-04T20:32:39Z</time></trkpt><trkpt lat="34.029618" lon="-118.070912"><ele>62.808</ele><time>2020-10-04T20:32:40Z</time></trkpt><trkpt lat="34.029582" lon="-118.070842"><ele>62.811</ele><time>2020-10-04T20:32:41Z</time></trkpt><trkpt lat="34.029546" lon="-118.070769"><ele>62.823</ele><time>2020-10-04T20:32:42Z</time></trkpt><trkpt lat="34.029513" lon="-118.070697"><ele>62.845</ele><time>2020-10-04T20:32:43Z</time></trkpt><trkpt lat="34.029476" lon="-118.070620"><ele>62.985</ele><time>2020-10-04T20:32:44Z</time></trkpt><trkpt lat="34.029441" lon="-118.070553"><ele>63.072</ele><time>2020-10-04T20:32:45Z</time></trkpt><trkpt lat="34.029406" lon="-118.070485"><ele>63.094</ele><time>2020-10-04T20:32:46Z</time></trkpt><trkpt lat="34.029373" lon="-118.070410"><ele>63.016</ele><time>2020-10-04T20:32:47Z</time></trkpt><trkpt lat="34.029339" lon="-118.070331"><ele>63.062</ele><time>2020-10-04T20:32:48Z</time></trkpt><trkpt lat="34.029307" lon="-118.070258"><ele>62.948</ele><time>2020-10-04T20:32:49Z</time></trkpt><trkpt lat="34.029278" lon="-118.070178"><ele>62.861</ele><time>2020-10-04T20:32:50Z</time></trkpt><trkpt lat="34.029247" lon="-118.070100"><ele>62.817</ele><time>2020-10-04T20:32:51Z</time></trkpt><trkpt lat="34.029214" lon="-118.070027"><ele>62.808</ele><time>2020-10-04T20:32:52Z</time></trkpt><trkpt lat="34.029176" lon="-118.069956"><ele>62.749</ele><time>2020-10-04T20:32:53Z</time></trkpt><trkpt lat="34.029143" lon="-118.069881"><ele>62.651</ele><time>2020-10-04T20:32:54Z</time></trkpt><trkpt lat="34.029110" lon="-118.069797"><ele>62.573</ele><time>2020-10-04T20:32:55Z</time></trkpt><trkpt lat="34.029077" lon="-118.069714"><ele>62.473</ele><time>2020-10-04T20:32:56Z</time></trkpt><trkpt lat="34.029046" lon="-118.069634"><ele>62.380</ele><time>2020-10-04T20:32:57Z</time></trkpt><trkpt lat="34.029013" lon="-118.069549"><ele>62.332</ele><time>2020-10-04T20:32:58Z</time></trkpt><trkpt lat="34.028981" lon="-118.069471"><ele>62.324</ele><time>2020-10-04T20:32:59Z</time></trkpt><trkpt lat="34.028951" lon="-118.069385"><ele>62.250</ele><time>2020-10-04T20:33:00Z</time></trkpt><trkpt lat="34.028920" lon="-118.069306"><ele>62.135</ele><time>2020-10-04T20:33:01Z</time></trkpt><trkpt lat="34.028890" lon="-118.069223"><ele>62.086</ele><time>2020-10-04T20:33:02Z</time></trkpt><trkpt lat="34.028857" lon="-118.069135"><ele>61.914</ele><time>2020-10-04T20:33:03Z</time></trkpt><trkpt lat="34.028819" lon="-118.069046"><ele>61.708</ele><time>2020-10-04T20:33:04Z</time></trkpt><trkpt lat="34.028784" lon="-118.068962"><ele>61.688</ele><time>2020-10-04T20:33:05Z</time></trkpt><trkpt lat="34.028753" lon="-118.068881"><ele>61.690</ele><time>2020-10-04T20:33:06Z</time></trkpt><trkpt lat="34.028729" lon="-118.068801"><ele>61.632</ele><time>2020-10-04T20:33:07Z</time></trkpt><trkpt lat="34.028710" lon="-118.068721"><ele>61.672</ele><time>2020-10-04T20:33:08Z</time></trkpt><trkpt lat="34.028686" lon="-118.068654"><ele>61.629</ele><time>2020-10-04T20:33:09Z</time></trkpt><trkpt lat="34.028661" lon="-118.068583"><ele>61.611</ele><time>2020-10-04T20:33:10Z</time></trkpt><trkpt lat="34.028639" lon="-118.068522"><ele>61.593</ele><time>2020-10-04T20:33:11Z</time></trkpt><trkpt lat="34.028615" lon="-118.068458"><ele>61.499</ele><time>2020-10-04T20:33:12Z</time></trkpt><trkpt lat="34.028580" lon="-118.068362"><ele>61.385</ele><time>2020-10-04T20:33:14Z</time></trkpt><trkpt lat="34.028548" lon="-118.068284"><ele>61.189</ele><time>2020-10-04T20:33:16Z</time></trkpt><trkpt lat="34.028537" lon="-118.068222"><ele>60.517</ele><time>2020-10-04T20:34:11Z</time></trkpt><trkpt lat="34.028507" lon="-118.068169"><ele>60.708</ele><time>2020-10-04T20:34:27Z</time></trkpt><trkpt lat="34.028468" lon="-118.068103"><ele>60.863</ele><time>2020-10-04T20:34:29Z</time></trkpt><trkpt lat="34.028426" lon="-118.068024"><ele>61.075</ele><time>2020-10-04T20:34:31Z</time></trkpt><trkpt lat="34.028359" lon="-118.067940"><ele>61.397</ele><time>2020-10-04T20:34:33Z</time></trkpt><trkpt lat="34.028316" lon="-118.067892"><ele>61.527</ele><time>2020-10-04T20:34:34Z</time></trkpt><trkpt lat="34.028286" lon="-118.067839"><ele>61.584</ele><time>2020-10-04T20:34:35Z</time></trkpt><trkpt lat="34.028260" lon="-118.067773"><ele>61.566</ele><time>2020-10-04T20:34:36Z</time></trkpt><trkpt lat="34.028230" lon="-118.067700"><ele>61.548</ele><time>2020-10-04T20:34:37Z</time></trkpt><trkpt lat="34.028195" lon="-118.067622"><ele>61.434</ele><time>2020-10-04T20:34:38Z</time></trkpt><trkpt lat="34.028165" lon="-118.067543"><ele>61.313</ele><time>2020-10-04T20:34:39Z</time></trkpt><trkpt lat="34.028136" lon="-118.067464"><ele>61.243</ele><time>2020-10-04T20:34:40Z</time></trkpt><trkpt lat="34.028102" lon="-118.067380"><ele>61.007</ele><time>2020-10-04T20:34:41Z</time></trkpt><trkpt lat="34.028075" lon="-118.067300"><ele>60.908</ele><time>2020-10-04T20:34:42Z</time></trkpt><trkpt lat="34.028054" lon="-118.067213"><ele>60.846</ele><time>2020-10-04T20:34:43Z</time></trkpt><trkpt lat="34.028029" lon="-118.067131"><ele>60.898</ele><time>2020-10-04T20:34:44Z</time></trkpt><trkpt lat="34.027994" lon="-118.067055"><ele>60.840</ele><time>2020-10-04T20:34:45Z</time></trkpt><trkpt lat="34.027974" lon="-118.066965"><ele>60.870</ele><time>2020-10-04T20:34:46Z</time></trkpt><trkpt lat="34.027964" lon="-118.066885"><ele>60.847</ele><time>2020-10-04T20:34:47Z</time></trkpt><trkpt lat="34.027952" lon="-118.066799"><ele>60.969</ele><time>2020-10-04T20:34:48Z</time></trkpt><trkpt lat="34.027942" lon="-118.066708"><ele>60.921</ele><time>2020-10-04T20:34:49Z</time></trkpt><trkpt lat="34.027940" lon="-118.066618"><ele>60.977</ele><time>2020-10-04T20:34:50Z</time></trkpt><trkpt lat="34.027936" lon="-118.066531"><ele>60.936</ele><time>2020-10-04T20:34:51Z</time></trkpt><trkpt lat="34.027926" lon="-118.066448"><ele>60.817</ele><time>2020-10-04T20:34:52Z</time></trkpt><trkpt lat="34.027918" lon="-118.066363"><ele>60.718</ele><time>2020-10-04T20:34:53Z</time></trkpt><trkpt lat="34.027911" lon="-118.066276"><ele>60.608</ele><time>2020-10-04T20:34:54Z</time></trkpt><trkpt lat="34.027907" lon="-118.066188"><ele>60.598</ele><time>2020-10-04T20:34:55Z</time></trkpt><trkpt lat="34.027897" lon="-118.066097"><ele>60.540</ele><time>2020-10-04T20:34:56Z</time></trkpt><trkpt lat="34.027887" lon="-118.066011"><ele>60.672</ele><time>2020-10-04T20:34:57Z</time></trkpt><trkpt lat="34.027873" lon="-118.065931"><ele>60.792</ele><time>2020-10-04T20:34:58Z</time></trkpt><trkpt lat="34.027856" lon="-118.065848"><ele>60.719</ele><time>2020-10-04T20:34:59Z</time></trkpt><trkpt lat="34.027839" lon="-118.065773"><ele>60.791</ele><time>2020-10-04T20:35:00Z</time></trkpt><trkpt lat="34.027820" lon="-118.065697"><ele>60.793</ele><time>2020-10-04T20:35:01Z</time></trkpt><trkpt lat="34.027793" lon="-118.065635"><ele>60.729</ele><time>2020-10-04T20:35:02Z</time></trkpt><trkpt lat="34.027761" lon="-118.065574"><ele>60.875</ele><time>2020-10-04T20:35:03Z</time></trkpt><trkpt lat="34.027721" lon="-118.065513"><ele>61.028</ele><time>2020-10-04T20:35:04Z</time></trkpt><trkpt lat="34.027682" lon="-118.065454"><ele>61.220</ele><time>2020-10-04T20:35:05Z</time></trkpt><trkpt lat="34.027638" lon="-118.065400"><ele>61.308</ele><time>2020-10-04T20:35:06Z</time></trkpt><trkpt lat="34.027595" lon="-118.065333"><ele>61.322</ele><time>2020-10-04T20:35:07Z</time></trkpt><trkpt lat="34.027555" lon="-118.065267"><ele>61.374</ele><time>2020-10-04T20:35:08Z</time></trkpt><trkpt lat="34.027526" lon="-118.065196"><ele>61.246</ele><time>2020-10-04T20:35:09Z</time></trkpt><trkpt lat="34.027502" lon="-118.065122"><ele>61.156</ele><time>2020-10-04T20:35:10Z</time></trkpt><trkpt lat="34.027473" lon="-118.065048"><ele>61.093</ele><time>2020-10-04T20:35:11Z</time></trkpt><trkpt lat="34.027441" lon="-118.064977"><ele>61.035</ele><time>2020-10-04T20:35:12Z</time></trkpt><trkpt lat="34.027412" lon="-118.064909"><ele>61.017</ele><time>2020-10-04T20:35:13Z</time></trkpt><trkpt lat="34.027384" lon="-118.064835"><ele>61.053</ele><time>2020-10-04T20:35:14Z</time></trkpt><trkpt lat="34.027358" lon="-118.064761"><ele>61.084</ele><time>2020-10-04T20:35:15Z</time></trkpt><trkpt lat="34.027332" lon="-118.064685"><ele>61.007</ele><time>2020-10-04T20:35:16Z</time></trkpt><trkpt lat="34.027308" lon="-118.064607"><ele>61.017</ele><time>2020-10-04T20:35:17Z</time></trkpt><trkpt lat="34.027281" lon="-118.064534"><ele>61.008</ele><time>2020-10-04T20:35:18Z</time></trkpt><trkpt lat="34.027254" lon="-118.064460"><ele>61.073</ele><time>2020-10-04T20:35:19Z</time></trkpt><trkpt lat="34.027227" lon="-118.064397"><ele>61.065</ele><time>2020-10-04T20:35:20Z</time></trkpt><trkpt lat="34.027198" lon="-118.064328"><ele>60.987</ele><time>2020-10-04T20:35:21Z</time></trkpt><trkpt lat="34.027176" lon="-118.064253"><ele>60.967</ele><time>2020-10-04T20:35:22Z</time></trkpt><trkpt lat="34.027150" lon="-118.064183"><ele>61.084</ele><time>2020-10-04T20:35:23Z</time></trkpt><trkpt lat="34.027129" lon="-118.064114"><ele>61.026</ele><time>2020-10-04T20:35:24Z</time></trkpt><trkpt lat="34.027100" lon="-118.064043"><ele>61.078</ele><time>2020-10-04T20:35:25Z</time></trkpt><trkpt lat="34.027070" lon="-118.063977"><ele>61.064</ele><time>2020-10-04T20:35:26Z</time></trkpt><trkpt lat="34.027038" lon="-118.063904"><ele>61.053</ele><time>2020-10-04T20:35:27Z</time></trkpt><trkpt lat="34.027009" lon="-118.063835"><ele>61.004</ele><time>2020-10-04T20:35:28Z</time></trkpt><trkpt lat="34.026976" lon="-118.063764"><ele>60.914</ele><time>2020-10-04T20:35:29Z</time></trkpt><trkpt lat="34.026945" lon="-118.063697"><ele>60.908</ele><time>2020-10-04T20:35:30Z</time></trkpt><trkpt lat="34.026915" lon="-118.063625"><ele>60.910</ele><time>2020-10-04T20:35:31Z</time></trkpt><trkpt lat="34.026889" lon="-118.063555"><ele>60.992</ele><time>2020-10-04T20:35:32Z</time></trkpt><trkpt lat="34.026862" lon="-118.063489"><ele>60.934</ele><time>2020-10-04T20:35:33Z</time></trkpt><trkpt lat="34.026837" lon="-118.063413"><ele>60.954</ele><time>2020-10-04T20:35:34Z</time></trkpt><trkpt lat="34.026804" lon="-118.063335"><ele>60.951</ele><time>2020-10-04T20:35:35Z</time></trkpt><trkpt lat="34.026774" lon="-118.063266"><ele>60.923</ele><time>2020-10-04T20:35:36Z</time></trkpt><trkpt lat="34.026749" lon="-118.063190"><ele>60.975</ele><time>2020-10-04T20:35:37Z</time></trkpt><trkpt lat="34.026725" lon="-118.063116"><ele>61.081</ele><time>2020-10-04T20:35:38Z</time></trkpt><trkpt lat="34.026697" lon="-118.063043"><ele>61.068</ele><time>2020-10-04T20:35:39Z</time></trkpt><trkpt lat="34.026670" lon="-118.062966"><ele>61.142</ele><time>2020-10-04T20:35:40Z</time></trkpt><trkpt lat="34.026640" lon="-118.062892"><ele>61.226</ele><time>2020-10-04T20:35:41Z</time></trkpt><trkpt lat="34.026613" lon="-118.062812"><ele>61.208</ele><time>2020-10-04T20:35:42Z</time></trkpt><trkpt lat="34.026588" lon="-118.062734"><ele>61.251</ele><time>2020-10-04T20:35:43Z</time></trkpt><trkpt lat="34.026560" lon="-118.062659"><ele>61.233</ele><time>2020-10-04T20:35:44Z</time></trkpt><trkpt lat="34.026529" lon="-118.062584"><ele>61.235</ele><time>2020-10-04T20:35:45Z</time></trkpt><trkpt lat="34.026497" lon="-118.062508"><ele>61.265</ele><time>2020-10-04T20:35:46Z</time></trkpt><trkpt lat="34.026467" lon="-118.062433"><ele>61.322</ele><time>2020-10-04T20:35:47Z</time></trkpt><trkpt lat="34.026439" lon="-118.062351"><ele>61.494</ele><time>2020-10-04T20:35:48Z</time></trkpt><trkpt lat="34.026413" lon="-118.062283"><ele>61.416</ele><time>2020-10-04T20:35:49Z</time></trkpt><trkpt lat="34.026388" lon="-118.062206"><ele>61.592</ele><time>2020-10-04T20:35:50Z</time></trkpt><trkpt lat="34.026361" lon="-118.062131"><ele>61.587</ele><time>2020-10-04T20:35:51Z</time></trkpt><trkpt lat="34.026324" lon="-118.062059"><ele>61.542</ele><time>2020-10-04T20:35:52Z</time></trkpt><trkpt lat="34.026292" lon="-118.061988"><ele>61.526</ele><time>2020-10-04T20:35:53Z</time></trkpt><trkpt lat="34.026261" lon="-118.061910"><ele>61.608</ele><time>2020-10-04T20:35:54Z</time></trkpt><trkpt lat="34.026226" lon="-118.061831"><ele>61.673</ele><time>2020-10-04T20:35:55Z</time></trkpt><trkpt lat="34.026196" lon="-118.061756"><ele>61.685</ele><time>2020-10-04T20:35:56Z</time></trkpt><trkpt lat="34.026161" lon="-118.061685"><ele>61.737</ele><time>2020-10-04T20:35:57Z</time></trkpt><trkpt lat="34.026129" lon="-118.061615"><ele>61.817</ele><time>2020-10-04T20:35:58Z</time></trkpt><trkpt lat="34.026101" lon="-118.061529"><ele>61.914</ele><time>2020-10-04T20:35:59Z</time></trkpt><trkpt lat="34.026067" lon="-118.061451"><ele>61.946</ele><time>2020-10-04T20:36:00Z</time></trkpt><trkpt lat="34.026040" lon="-118.061371"><ele>61.918</ele><time>2020-10-04T20:36:01Z</time></trkpt><trkpt lat="34.026014" lon="-118.061286"><ele>61.934</ele><time>2020-10-04T20:36:02Z</time></trkpt><trkpt lat="34.025993" lon="-118.061202"><ele>61.968</ele><time>2020-10-04T20:36:03Z</time></trkpt><trkpt lat="34.025962" lon="-118.061113"><ele>61.942</ele><time>2020-10-04T20:36:04Z</time></trkpt><trkpt lat="34.025933" lon="-118.061034"><ele>61.926</ele><time>2020-10-04T20:36:05Z</time></trkpt><trkpt lat="34.025893" lon="-118.060962"><ele>61.908</ele><time>2020-10-04T20:36:06Z</time></trkpt><trkpt lat="34.025861" lon="-118.060885"><ele>61.911</ele><time>2020-10-04T20:36:07Z</time></trkpt><trkpt lat="34.025831" lon="-118.060806"><ele>62.043</ele><time>2020-10-04T20:36:08Z</time></trkpt><trkpt lat="34.025799" lon="-118.060730"><ele>62.175</ele><time>2020-10-04T20:36:09Z</time></trkpt><trkpt lat="34.025762" lon="-118.060657"><ele>62.195</ele><time>2020-10-04T20:36:10Z</time></trkpt><trkpt lat="34.025733" lon="-118.060576"><ele>62.122</ele><time>2020-10-04T20:36:11Z</time></trkpt><trkpt lat="34.025704" lon="-118.060495"><ele>62.164</ele><time>2020-10-04T20:36:12Z</time></trkpt><trkpt lat="34.025678" lon="-118.060416"><ele>62.126</ele><time>2020-10-04T20:36:13Z</time></trkpt><trkpt lat="34.025654" lon="-118.060338"><ele>62.042</ele><time>2020-10-04T20:36:14Z</time></trkpt><trkpt lat="34.025629" lon="-118.060262"><ele>62.037</ele><time>2020-10-04T20:36:15Z</time></trkpt><trkpt lat="34.025593" lon="-118.060194"><ele>62.049</ele><time>2020-10-04T20:36:16Z</time></trkpt><trkpt lat="34.025564" lon="-118.060122"><ele>62.013</ele><time>2020-10-04T20:36:17Z</time></trkpt><trkpt lat="34.025535" lon="-118.060045"><ele>62.008</ele><time>2020-10-04T20:36:18Z</time></trkpt><trkpt lat="34.025506" lon="-118.059965"><ele>62.118</ele><time>2020-10-04T20:36:19Z</time></trkpt><trkpt lat="34.025481" lon="-118.059894"><ele>62.350</ele><time>2020-10-04T20:36:20Z</time></trkpt><trkpt lat="34.025449" lon="-118.059817"><ele>62.422</ele><time>2020-10-04T20:36:21Z</time></trkpt><trkpt lat="34.025423" lon="-118.059743"><ele>62.452</ele><time>2020-10-04T20:36:22Z</time></trkpt><trkpt lat="34.025396" lon="-118.059667"><ele>62.419</ele><time>2020-10-04T20:36:23Z</time></trkpt><trkpt lat="34.025364" lon="-118.059589"><ele>62.451</ele><time>2020-10-04T20:36:24Z</time></trkpt><trkpt lat="34.025328" lon="-118.059508"><ele>62.463</ele><time>2020-10-04T20:36:25Z</time></trkpt><trkpt lat="34.025297" lon="-118.059426"><ele>62.399</ele><time>2020-10-04T20:36:26Z</time></trkpt><trkpt lat="34.025273" lon="-118.059347"><ele>62.364</ele><time>2020-10-04T20:36:27Z</time></trkpt><trkpt lat="34.025244" lon="-118.059270"><ele>62.306</ele><time>2020-10-04T20:36:28Z</time></trkpt><trkpt lat="34.025216" lon="-118.059189"><ele>62.316</ele><time>2020-10-04T20:36:29Z</time></trkpt><trkpt lat="34.025190" lon="-118.059116"><ele>62.308</ele><time>2020-10-04T20:36:30Z</time></trkpt><trkpt lat="34.025162" lon="-118.059038"><ele>62.311</ele><time>2020-10-04T20:36:31Z</time></trkpt><trkpt lat="34.025139" lon="-118.058962"><ele>62.323</ele><time>2020-10-04T20:36:32Z</time></trkpt><trkpt lat="34.025109" lon="-118.058875"><ele>62.395</ele><time>2020-10-04T20:36:33Z</time></trkpt><trkpt lat="34.025078" lon="-118.058793"><ele>62.355</ele><time>2020-10-04T20:36:34Z</time></trkpt><trkpt lat="34.025044" lon="-118.058712"><ele>62.212</ele><time>2020-10-04T20:36:35Z</time></trkpt><trkpt lat="34.025018" lon="-118.058630"><ele>62.234</ele><time>2020-10-04T20:36:36Z</time></trkpt><trkpt lat="34.024988" lon="-118.058546"><ele>62.226</ele><time>2020-10-04T20:36:37Z</time></trkpt><trkpt lat="34.024964" lon="-118.058472"><ele>62.172</ele><time>2020-10-04T20:36:38Z</time></trkpt><trkpt lat="34.024933" lon="-118.058396"><ele>62.197</ele><time>2020-10-04T20:36:39Z</time></trkpt><trkpt lat="34.024903" lon="-118.058315"><ele>62.123</ele><time>2020-10-04T20:36:40Z</time></trkpt><trkpt lat="34.024870" lon="-118.058238"><ele>62.125</ele><time>2020-10-04T20:36:41Z</time></trkpt><trkpt lat="34.024838" lon="-118.058161"><ele>62.108</ele><time>2020-10-04T20:36:42Z</time></trkpt><trkpt lat="34.024811" lon="-118.058078"><ele>62.234</ele><time>2020-10-04T20:36:43Z</time></trkpt><trkpt lat="34.024778" lon="-118.058000"><ele>62.256</ele><time>2020-10-04T20:36:44Z</time></trkpt><trkpt lat="34.024742" lon="-118.057921"><ele>62.298</ele><time>2020-10-04T20:36:45Z</time></trkpt><trkpt lat="34.024716" lon="-118.057843"><ele>62.348</ele><time>2020-10-04T20:36:46Z</time></trkpt><trkpt lat="34.024685" lon="-118.057762"><ele>62.395</ele><time>2020-10-04T20:36:47Z</time></trkpt><trkpt lat="34.024653" lon="-118.057685"><ele>62.267</ele><time>2020-10-04T20:36:48Z</time></trkpt><trkpt lat="34.024622" lon="-118.057609"><ele>62.149</ele><time>2020-10-04T20:36:49Z</time></trkpt><trkpt lat="34.024593" lon="-118.057528"><ele>62.025</ele><time>2020-10-04T20:36:50Z</time></trkpt><trkpt lat="34.024566" lon="-118.057449"><ele>61.924</ele><time>2020-10-04T20:36:51Z</time></trkpt><trkpt lat="34.024536" lon="-118.057375"><ele>61.904</ele><time>2020-10-04T20:36:52Z</time></trkpt><trkpt lat="34.024504" lon="-118.057296"><ele>61.914</ele><time>2020-10-04T20:36:53Z</time></trkpt><trkpt lat="34.024475" lon="-118.057218"><ele>61.908</ele><time>2020-10-04T20:36:54Z</time></trkpt><trkpt lat="34.024445" lon="-118.057139"><ele>61.997</ele><time>2020-10-04T20:36:55Z</time></trkpt><trkpt lat="34.024414" lon="-118.057065"><ele>61.989</ele><time>2020-10-04T20:36:56Z</time></trkpt><trkpt lat="34.024386" lon="-118.056986"><ele>61.961</ele><time>2020-10-04T20:36:57Z</time></trkpt><trkpt lat="34.024353" lon="-118.056912"><ele>62.061</ele><time>2020-10-04T20:36:58Z</time></trkpt><trkpt lat="34.024324" lon="-118.056834"><ele>62.138</ele><time>2020-10-04T20:36:59Z</time></trkpt><trkpt lat="34.024292" lon="-118.056756"><ele>62.210</ele><time>2020-10-04T20:37:00Z</time></trkpt><trkpt lat="34.024267" lon="-118.056674"><ele>62.312</ele><time>2020-10-04T20:37:01Z</time></trkpt><trkpt lat="34.024238" lon="-118.056600"><ele>62.328</ele><time>2020-10-04T20:37:02Z</time></trkpt><trkpt lat="34.024213" lon="-118.056517"><ele>62.345</ele><time>2020-10-04T20:37:03Z</time></trkpt><trkpt lat="34.024185" lon="-118.056441"><ele>62.347</ele><time>2020-10-04T20:37:04Z</time></trkpt><trkpt lat="34.024150" lon="-118.056369"><ele>62.311</ele><time>2020-10-04T20:37:05Z</time></trkpt><trkpt lat="34.024122" lon="-118.056296"><ele>62.408</ele><time>2020-10-04T20:37:06Z</time></trkpt><trkpt lat="34.024089" lon="-118.056221"><ele>62.489</ele><time>2020-10-04T20:37:07Z</time></trkpt><trkpt lat="34.024055" lon="-118.056142"><ele>62.441</ele><time>2020-10-04T20:37:08Z</time></trkpt><trkpt lat="34.024021" lon="-118.056063"><ele>62.493</ele><time>2020-10-04T20:37:09Z</time></trkpt><trkpt lat="34.023995" lon="-118.055990"><ele>62.453</ele><time>2020-10-04T20:37:10Z</time></trkpt><trkpt lat="34.023967" lon="-118.055914"><ele>62.380</ele><time>2020-10-04T20:37:11Z</time></trkpt><trkpt lat="34.023940" lon="-118.055833"><ele>62.332</ele><time>2020-10-04T20:37:12Z</time></trkpt><trkpt lat="34.023909" lon="-118.055753"><ele>62.324</ele><time>2020-10-04T20:37:13Z</time></trkpt><trkpt lat="34.023879" lon="-118.055678"><ele>62.310</ele><time>2020-10-04T20:37:14Z</time></trkpt><trkpt lat="34.023850" lon="-118.055598"><ele>62.295</ele><time>2020-10-04T20:37:15Z</time></trkpt><trkpt lat="34.023821" lon="-118.055519"><ele>62.249</ele><time>2020-10-04T20:37:16Z</time></trkpt><trkpt lat="34.023790" lon="-118.055432"><ele>62.223</ele><time>2020-10-04T20:37:17Z</time></trkpt><trkpt lat="34.023754" lon="-118.055356"><ele>62.208</ele><time>2020-10-04T20:37:18Z</time></trkpt><trkpt lat="34.023729" lon="-118.055273"><ele>62.264</ele><time>2020-10-04T20:37:19Z</time></trkpt><trkpt lat="34.023697" lon="-118.055192"><ele>62.216</ele><time>2020-10-04T20:37:20Z</time></trkpt><trkpt lat="34.023668" lon="-118.055114"><ele>62.398</ele><time>2020-10-04T20:37:21Z</time></trkpt><trkpt lat="34.023638" lon="-118.055038"><ele>62.318</ele><time>2020-10-04T20:37:22Z</time></trkpt><trkpt lat="34.023609" lon="-118.054956"><ele>62.315</ele><time>2020-10-04T20:37:23Z</time></trkpt><trkpt lat="34.023570" lon="-118.054888"><ele>62.367</ele><time>2020-10-04T20:37:24Z</time></trkpt><trkpt lat="34.023539" lon="-118.054817"><ele>62.389</ele><time>2020-10-04T20:37:25Z</time></trkpt><trkpt lat="34.023508" lon="-118.054741"><ele>62.345</ele><time>2020-10-04T20:37:26Z</time></trkpt><trkpt lat="34.023470" lon="-118.054675"><ele>62.228</ele><time>2020-10-04T20:37:27Z</time></trkpt><trkpt lat="34.023439" lon="-118.054604"><ele>62.289</ele><time>2020-10-04T20:37:28Z</time></trkpt><trkpt lat="34.023406" lon="-118.054537"><ele>62.117</ele><time>2020-10-04T20:37:29Z</time></trkpt><trkpt lat="34.023381" lon="-118.054463"><ele>62.108</ele><time>2020-10-04T20:37:30Z</time></trkpt><trkpt lat="34.023354" lon="-118.054390"><ele>62.027</ele><time>2020-10-04T20:37:31Z</time></trkpt><trkpt lat="34.023350" lon="-118.054319"><ele>62.059</ele><time>2020-10-04T20:37:32Z</time></trkpt><trkpt lat="34.023373" lon="-118.054254"><ele>61.991</ele><time>2020-10-04T20:37:33Z</time></trkpt><trkpt lat="34.023414" lon="-118.054212"><ele>61.861</ele><time>2020-10-04T20:37:34Z</time></trkpt><trkpt lat="34.023466" lon="-118.054170"><ele>61.748</ele><time>2020-10-04T20:37:35Z</time></trkpt><trkpt lat="34.023537" lon="-118.054139"><ele>61.690</ele><time>2020-10-04T20:37:36Z</time></trkpt><trkpt lat="34.023588" lon="-118.054111"><ele>61.512</ele><time>2020-10-04T20:37:37Z</time></trkpt><trkpt lat="34.023650" lon="-118.054076"><ele>61.538</ele><time>2020-10-04T20:37:38Z</time></trkpt><trkpt lat="34.023712" lon="-118.054034"><ele>61.597</ele><time>2020-10-04T20:37:39Z</time></trkpt><trkpt lat="34.023767" lon="-118.054002"><ele>61.523</ele><time>2020-10-04T20:37:40Z</time></trkpt><trkpt lat="34.023828" lon="-118.053962"><ele>61.525</ele><time>2020-10-04T20:37:41Z</time></trkpt><trkpt lat="34.023891" lon="-118.053930"><ele>61.608</ele><time>2020-10-04T20:37:42Z</time></trkpt><trkpt lat="34.023954" lon="-118.053894"><ele>61.764</ele><time>2020-10-04T20:37:43Z</time></trkpt><trkpt lat="34.024016" lon="-118.053856"><ele>61.816</ele><time>2020-10-04T20:37:44Z</time></trkpt><trkpt lat="34.024074" lon="-118.053814"><ele>61.848</ele><time>2020-10-04T20:37:45Z</time></trkpt><trkpt lat="34.024138" lon="-118.053770"><ele>61.928</ele><time>2020-10-04T20:37:46Z</time></trkpt><trkpt lat="34.024202" lon="-118.053730"><ele>62.075</ele><time>2020-10-04T20:37:47Z</time></trkpt><trkpt lat="34.024264" lon="-118.053694"><ele>62.067</ele><time>2020-10-04T20:37:48Z</time></trkpt><trkpt lat="34.024329" lon="-118.053656"><ele>62.069</ele><time>2020-10-04T20:37:49Z</time></trkpt><trkpt lat="34.024393" lon="-118.053620"><ele>62.025</ele><time>2020-10-04T20:37:50Z</time></trkpt><trkpt lat="34.024455" lon="-118.053575"><ele>62.016</ele><time>2020-10-04T20:37:51Z</time></trkpt><trkpt lat="34.024524" lon="-118.053535"><ele>62.076</ele><time>2020-10-04T20:37:52Z</time></trkpt><trkpt lat="34.024594" lon="-118.053498"><ele>62.013</ele><time>2020-10-04T20:37:53Z</time></trkpt><trkpt lat="34.024660" lon="-118.053458"><ele>62.008</ele><time>2020-10-04T20:37:54Z</time></trkpt><trkpt lat="34.024728" lon="-118.053415"><ele>62.066</ele><time>2020-10-04T20:37:55Z</time></trkpt><trkpt lat="34.024789" lon="-118.053378"><ele>62.098</ele><time>2020-10-04T20:37:56Z</time></trkpt><trkpt lat="34.024854" lon="-118.053343"><ele>62.040</ele><time>2020-10-04T20:37:57Z</time></trkpt><trkpt lat="34.024922" lon="-118.053292"><ele>62.130</ele><time>2020-10-04T20:37:58Z</time></trkpt><trkpt lat="34.024988" lon="-118.053253"><ele>62.277</ele><time>2020-10-04T20:37:59Z</time></trkpt><trkpt lat="34.025052" lon="-118.053221"><ele>62.469</ele><time>2020-10-04T20:38:00Z</time></trkpt><trkpt lat="34.025112" lon="-118.053184"><ele>62.511</ele><time>2020-10-04T20:38:01Z</time></trkpt><trkpt lat="34.025172" lon="-118.053145"><ele>62.627</ele><time>2020-10-04T20:38:02Z</time></trkpt><trkpt lat="34.025225" lon="-118.053113"><ele>63.161</ele><time>2020-10-04T20:38:03Z</time></trkpt><trkpt lat="34.025282" lon="-118.053076"><ele>63.521</ele><time>2020-10-04T20:38:04Z</time></trkpt><trkpt lat="34.025342" lon="-118.053041"><ele>64.013</ele><time>2020-10-04T20:38:05Z</time></trkpt><trkpt lat="34.025399" lon="-118.052999"><ele>64.408</ele><time>2020-10-04T20:38:06Z</time></trkpt><trkpt lat="34.025457" lon="-118.052954"><ele>64.841</ele><time>2020-10-04T20:38:07Z</time></trkpt><trkpt lat="34.025516" lon="-118.052918"><ele>65.093</ele><time>2020-10-04T20:38:08Z</time></trkpt><trkpt lat="34.025576" lon="-118.052880"><ele>65.195</ele><time>2020-10-04T20:38:09Z</time></trkpt><trkpt lat="34.025642" lon="-118.052844"><ele>65.185</ele><time>2020-10-04T20:38:10Z</time></trkpt><trkpt lat="34.025705" lon="-118.052804"><ele>65.162</ele><time>2020-10-04T20:38:11Z</time></trkpt><trkpt lat="34.025764" lon="-118.052762"><ele>65.194</ele><time>2020-10-04T20:38:12Z</time></trkpt><trkpt lat="34.025828" lon="-118.052719"><ele>65.196</ele><time>2020-10-04T20:38:13Z</time></trkpt><trkpt lat="34.025892" lon="-118.052683"><ele>65.132</ele><time>2020-10-04T20:38:14Z</time></trkpt><trkpt lat="34.025948" lon="-118.052645"><ele>65.176</ele><time>2020-10-04T20:38:15Z</time></trkpt><trkpt lat="34.026009" lon="-118.052607"><ele>65.190</ele><time>2020-10-04T20:38:16Z</time></trkpt><trkpt lat="34.026065" lon="-118.052573"><ele>65.219</ele><time>2020-10-04T20:38:17Z</time></trkpt><trkpt lat="34.026132" lon="-118.052531"><ele>65.308</ele><time>2020-10-04T20:38:18Z</time></trkpt><trkpt lat="34.026198" lon="-118.052493"><ele>65.582</ele><time>2020-10-04T20:38:19Z</time></trkpt><trkpt lat="34.026261" lon="-118.052454"><ele>65.624</ele><time>2020-10-04T20:38:20Z</time></trkpt><trkpt lat="34.026328" lon="-118.052410"><ele>65.716</ele><time>2020-10-04T20:38:21Z</time></trkpt><trkpt lat="34.026398" lon="-118.052368"><ele>65.816</ele><time>2020-10-04T20:38:22Z</time></trkpt><trkpt lat="34.026472" lon="-118.052336"><ele>65.893</ele><time>2020-10-04T20:38:23Z</time></trkpt><trkpt lat="34.026537" lon="-118.052292"><ele>65.955</ele><time>2020-10-04T20:38:24Z</time></trkpt><trkpt lat="34.026599" lon="-118.052246"><ele>66.067</ele><time>2020-10-04T20:38:25Z</time></trkpt><trkpt lat="34.026663" lon="-118.052205"><ele>66.133</ele><time>2020-10-04T20:38:26Z</time></trkpt><trkpt lat="34.026729" lon="-118.052167"><ele>66.119</ele><time>2020-10-04T20:38:27Z</time></trkpt><trkpt lat="34.026793" lon="-118.052125"><ele>66.109</ele><time>2020-10-04T20:38:28Z</time></trkpt><trkpt lat="34.026852" lon="-118.052088"><ele>66.119</ele><time>2020-10-04T20:38:29Z</time></trkpt><trkpt lat="34.026915" lon="-118.052047"><ele>66.108</ele><time>2020-10-04T20:38:30Z</time></trkpt><trkpt lat="34.026982" lon="-118.052006"><ele>66.146</ele><time>2020-10-04T20:38:31Z</time></trkpt><trkpt lat="34.027044" lon="-118.051967"><ele>66.158</ele><time>2020-10-04T20:38:32Z</time></trkpt><trkpt lat="34.027113" lon="-118.051919"><ele>66.250</ele><time>2020-10-04T20:38:33Z</time></trkpt><trkpt lat="34.027179" lon="-118.051874"><ele>66.260</ele><time>2020-10-04T20:38:34Z</time></trkpt><trkpt lat="34.027243" lon="-118.051827"><ele>66.237</ele><time>2020-10-04T20:38:35Z</time></trkpt><trkpt lat="34.027305" lon="-118.051784"><ele>66.299</ele><time>2020-10-04T20:38:36Z</time></trkpt><trkpt lat="34.027371" lon="-118.051743"><ele>66.281</ele><time>2020-10-04T20:38:37Z</time></trkpt><trkpt lat="34.027432" lon="-118.051694"><ele>66.237</ele><time>2020-10-04T20:38:38Z</time></trkpt><trkpt lat="34.027495" lon="-118.051643"><ele>66.241</ele><time>2020-10-04T20:38:39Z</time></trkpt><trkpt lat="34.027554" lon="-118.051594"><ele>66.281</ele><time>2020-10-04T20:38:40Z</time></trkpt><trkpt lat="34.027611" lon="-118.051544"><ele>66.209</ele><time>2020-10-04T20:38:41Z</time></trkpt><trkpt lat="34.027668" lon="-118.051497"><ele>66.208</ele><time>2020-10-04T20:38:42Z</time></trkpt><trkpt lat="34.027731" lon="-118.051447"><ele>66.239</ele><time>2020-10-04T20:38:43Z</time></trkpt><trkpt lat="34.027786" lon="-118.051393"><ele>66.281</ele><time>2020-10-04T20:38:44Z</time></trkpt><trkpt lat="34.027846" lon="-118.051340"><ele>66.323</ele><time>2020-10-04T20:38:45Z</time></trkpt><trkpt lat="34.027906" lon="-118.051284"><ele>66.353</ele><time>2020-10-04T20:38:46Z</time></trkpt><trkpt lat="34.027963" lon="-118.051230"><ele>66.320</ele><time>2020-10-04T20:38:47Z</time></trkpt><trkpt lat="34.028025" lon="-118.051182"><ele>66.382</ele><time>2020-10-04T20:38:48Z</time></trkpt><trkpt lat="34.028084" lon="-118.051129"><ele>66.324</ele><time>2020-10-04T20:38:49Z</time></trkpt><trkpt lat="34.028142" lon="-118.051074"><ele>66.310</ele><time>2020-10-04T20:38:50Z</time></trkpt><trkpt lat="34.028202" lon="-118.051020"><ele>66.421</ele><time>2020-10-04T20:38:51Z</time></trkpt><trkpt lat="34.028261" lon="-118.050964"><ele>66.541</ele><time>2020-10-04T20:38:52Z</time></trkpt><trkpt lat="34.028320" lon="-118.050909"><ele>66.605</ele><time>2020-10-04T20:38:53Z</time></trkpt><trkpt lat="34.028371" lon="-118.050858"><ele>66.608</ele><time>2020-10-04T20:38:54Z</time></trkpt><trkpt lat="34.028431" lon="-118.050801"><ele>66.687</ele><time>2020-10-04T20:38:55Z</time></trkpt><trkpt lat="34.028487" lon="-118.050742"><ele>66.619</ele><time>2020-10-04T20:38:56Z</time></trkpt><trkpt lat="34.028541" lon="-118.050681"><ele>66.581</ele><time>2020-10-04T20:38:57Z</time></trkpt><trkpt lat="34.028595" lon="-118.050618"><ele>66.571</ele><time>2020-10-04T20:38:58Z</time></trkpt><trkpt lat="34.028648" lon="-118.050554"><ele>66.438</ele><time>2020-10-04T20:38:59Z</time></trkpt><trkpt lat="34.028702" lon="-118.050497"><ele>66.320</ele><time>2020-10-04T20:39:00Z</time></trkpt><trkpt lat="34.028758" lon="-118.050437"><ele>66.252</ele><time>2020-10-04T20:39:01Z</time></trkpt><trkpt lat="34.028814" lon="-118.050374"><ele>66.238</ele><time>2020-10-04T20:39:02Z</time></trkpt><trkpt lat="34.028871" lon="-118.050309"><ele>66.295</ele><time>2020-10-04T20:39:03Z</time></trkpt><trkpt lat="34.028928" lon="-118.050244"><ele>66.249</ele><time>2020-10-04T20:39:04Z</time></trkpt><trkpt lat="34.028977" lon="-118.050179"><ele>66.223</ele><time>2020-10-04T20:39:05Z</time></trkpt><trkpt lat="34.029028" lon="-118.050118"><ele>66.408</ele><time>2020-10-04T20:39:06Z</time></trkpt><trkpt lat="34.029079" lon="-118.050051"><ele>66.584</ele><time>2020-10-04T20:39:07Z</time></trkpt><trkpt lat="34.029129" lon="-118.049982"><ele>66.536</ele><time>2020-10-04T20:39:08Z</time></trkpt><trkpt lat="34.029181" lon="-118.049915"><ele>66.538</ele><time>2020-10-04T20:39:09Z</time></trkpt><trkpt lat="34.029233" lon="-118.049847"><ele>66.488</ele><time>2020-10-04T20:39:10Z</time></trkpt><trkpt lat="34.029280" lon="-118.049778"><ele>66.375</ele><time>2020-10-04T20:39:11Z</time></trkpt><trkpt lat="34.029330" lon="-118.049711"><ele>66.227</ele><time>2020-10-04T20:39:12Z</time></trkpt><trkpt lat="34.029382" lon="-118.049637"><ele>66.249</ele><time>2020-10-04T20:39:13Z</time></trkpt><trkpt lat="34.029429" lon="-118.049563"><ele>66.255</ele><time>2020-10-04T20:39:14Z</time></trkpt><trkpt lat="34.029474" lon="-118.049494"><ele>66.313</ele><time>2020-10-04T20:39:15Z</time></trkpt><trkpt lat="34.029515" lon="-118.049426"><ele>66.443</ele><time>2020-10-04T20:39:16Z</time></trkpt><trkpt lat="34.029560" lon="-118.049354"><ele>66.507</ele><time>2020-10-04T20:39:17Z</time></trkpt><trkpt lat="34.029606" lon="-118.049287"><ele>66.608</ele><time>2020-10-04T20:39:18Z</time></trkpt><trkpt lat="34.029646" lon="-118.049223"><ele>66.726</ele><time>2020-10-04T20:39:19Z</time></trkpt><trkpt lat="34.029688" lon="-118.049152"><ele>66.758</ele><time>2020-10-04T20:39:20Z</time></trkpt><trkpt lat="34.029733" lon="-118.049081"><ele>66.860</ele><time>2020-10-04T20:39:21Z</time></trkpt><trkpt lat="34.029773" lon="-118.049020"><ele>66.860</ele><time>2020-10-04T20:39:22Z</time></trkpt><trkpt lat="34.029810" lon="-118.048950"><ele>66.827</ele><time>2020-10-04T20:39:23Z</time></trkpt><trkpt lat="34.029848" lon="-118.048874"><ele>66.879</ele><time>2020-10-04T20:39:24Z</time></trkpt><trkpt lat="34.029885" lon="-118.048803"><ele>66.881</ele><time>2020-10-04T20:39:25Z</time></trkpt><trkpt lat="34.029927" lon="-118.048734"><ele>66.767</ele><time>2020-10-04T20:39:26Z</time></trkpt><trkpt lat="34.029969" lon="-118.048663"><ele>66.575</ele><time>2020-10-04T20:39:27Z</time></trkpt><trkpt lat="34.030006" lon="-118.048584"><ele>66.428</ele><time>2020-10-04T20:39:28Z</time></trkpt><trkpt lat="34.030040" lon="-118.048506"><ele>66.420</ele><time>2020-10-04T20:39:29Z</time></trkpt><trkpt lat="34.030076" lon="-118.048432"><ele>66.408</ele><time>2020-10-04T20:39:30Z</time></trkpt><trkpt lat="34.030113" lon="-118.048349"><ele>66.452</ele><time>2020-10-04T20:39:31Z</time></trkpt><trkpt lat="34.030155" lon="-118.048268"><ele>66.494</ele><time>2020-10-04T20:39:32Z</time></trkpt><trkpt lat="34.030192" lon="-118.048194"><ele>66.416</ele><time>2020-10-04T20:39:33Z</time></trkpt><trkpt lat="34.030225" lon="-118.048118"><ele>66.496</ele><time>2020-10-04T20:39:34Z</time></trkpt><trkpt lat="34.030260" lon="-118.048039"><ele>66.413</ele><time>2020-10-04T20:39:35Z</time></trkpt><trkpt lat="34.030290" lon="-118.047963"><ele>66.475</ele><time>2020-10-04T20:39:36Z</time></trkpt><trkpt lat="34.030324" lon="-118.047890"><ele>66.417</ele><time>2020-10-04T20:39:37Z</time></trkpt><trkpt lat="34.030361" lon="-118.047813"><ele>66.583</ele><time>2020-10-04T20:39:38Z</time></trkpt><trkpt lat="34.030395" lon="-118.047734"><ele>66.647</ele><time>2020-10-04T20:39:39Z</time></trkpt><trkpt lat="34.030425" lon="-118.047659"><ele>66.729</ele><time>2020-10-04T20:39:40Z</time></trkpt><trkpt lat="34.030461" lon="-118.047582"><ele>66.821</ele><time>2020-10-04T20:39:41Z</time></trkpt><trkpt lat="34.030496" lon="-118.047501"><ele>66.908</ele><time>2020-10-04T20:39:42Z</time></trkpt><trkpt lat="34.030530" lon="-118.047423"><ele>67.029</ele><time>2020-10-04T20:39:43Z</time></trkpt><trkpt lat="34.030567" lon="-118.047339"><ele>67.111</ele><time>2020-10-04T20:39:44Z</time></trkpt><trkpt lat="34.030601" lon="-118.047260"><ele>67.173</ele><time>2020-10-04T20:39:45Z</time></trkpt><trkpt lat="34.030634" lon="-118.047179"><ele>67.073</ele><time>2020-10-04T20:39:46Z</time></trkpt><trkpt lat="34.030664" lon="-118.047104"><ele>67.060</ele><time>2020-10-04T20:39:47Z</time></trkpt><trkpt lat="34.030701" lon="-118.047026"><ele>67.042</ele><time>2020-10-04T20:39:48Z</time></trkpt><trkpt lat="34.030739" lon="-118.046948"><ele>67.054</ele><time>2020-10-04T20:39:49Z</time></trkpt><trkpt lat="34.030776" lon="-118.046871"><ele>67.120</ele><time>2020-10-04T20:39:50Z</time></trkpt><trkpt lat="34.030804" lon="-118.046784"><ele>67.212</ele><time>2020-10-04T20:39:51Z</time></trkpt><trkpt lat="34.030838" lon="-118.046705"><ele>67.332</ele><time>2020-10-04T20:39:52Z</time></trkpt><trkpt lat="34.030877" lon="-118.046623"><ele>67.305</ele><time>2020-10-04T20:39:53Z</time></trkpt><trkpt lat="34.030914" lon="-118.046538"><ele>67.308</ele><time>2020-10-04T20:39:54Z</time></trkpt><trkpt lat="34.030952" lon="-118.046455"><ele>67.366</ele><time>2020-10-04T20:39:55Z</time></trkpt><trkpt lat="34.030987" lon="-118.046372"><ele>67.368</ele><time>2020-10-04T20:39:56Z</time></trkpt><trkpt lat="34.031022" lon="-118.046293"><ele>67.240</ele><time>2020-10-04T20:39:57Z</time></trkpt><trkpt lat="34.031059" lon="-118.046220"><ele>67.270</ele><time>2020-10-04T20:39:58Z</time></trkpt><trkpt lat="34.031092" lon="-118.046139"><ele>67.357</ele><time>2020-10-04T20:39:59Z</time></trkpt><trkpt lat="34.031127" lon="-118.046054"><ele>67.429</ele><time>2020-10-04T20:40:00Z</time></trkpt><trkpt lat="34.031165" lon="-118.045969"><ele>67.491</ele><time>2020-10-04T20:40:01Z</time></trkpt><trkpt lat="34.031204" lon="-118.045890"><ele>67.577</ele><time>2020-10-04T20:40:02Z</time></trkpt><trkpt lat="34.031240" lon="-118.045801"><ele>67.572</ele><time>2020-10-04T20:40:03Z</time></trkpt><trkpt lat="34.031280" lon="-118.045719"><ele>67.513</ele><time>2020-10-04T20:40:04Z</time></trkpt><trkpt lat="34.031315" lon="-118.045639"><ele>67.414</ele><time>2020-10-04T20:40:05Z</time></trkpt><trkpt lat="34.031346" lon="-118.045559"><ele>67.408</ele><time>2020-10-04T20:40:06Z</time></trkpt><trkpt lat="34.031380" lon="-118.045480"><ele>67.472</ele><time>2020-10-04T20:40:07Z</time></trkpt><trkpt lat="34.031416" lon="-118.045400"><ele>67.454</ele><time>2020-10-04T20:40:08Z</time></trkpt><trkpt lat="34.031451" lon="-118.045324"><ele>67.676</ele><time>2020-10-04T20:40:09Z</time></trkpt><trkpt lat="34.031482" lon="-118.045240"><ele>67.756</ele><time>2020-10-04T20:40:10Z</time></trkpt><trkpt lat="34.031521" lon="-118.045161"><ele>67.863</ele><time>2020-10-04T20:40:11Z</time></trkpt><trkpt lat="34.031556" lon="-118.045079"><ele>67.865</ele><time>2020-10-04T20:40:12Z</time></trkpt><trkpt lat="34.031593" lon="-118.044998"><ele>67.867</ele><time>2020-10-04T20:40:13Z</time></trkpt><trkpt lat="34.031622" lon="-118.044913"><ele>67.873</ele><time>2020-10-04T20:40:14Z</time></trkpt><trkpt lat="34.031660" lon="-118.044829"><ele>67.853</ele><time>2020-10-04T20:40:15Z</time></trkpt><trkpt lat="34.031701" lon="-118.044752"><ele>67.804</ele><time>2020-10-04T20:40:16Z</time></trkpt><trkpt lat="34.031733" lon="-118.044668"><ele>67.814</ele><time>2020-10-04T20:40:17Z</time></trkpt><trkpt lat="34.031762" lon="-118.044585"><ele>67.708</ele><time>2020-10-04T20:40:18Z</time></trkpt><trkpt lat="34.031800" lon="-118.044500"><ele>67.640</ele><time>2020-10-04T20:40:19Z</time></trkpt><trkpt lat="34.031836" lon="-118.044425"><ele>67.672</ele><time>2020-10-04T20:40:20Z</time></trkpt><trkpt lat="34.031872" lon="-118.044349"><ele>67.684</ele><time>2020-10-04T20:40:21Z</time></trkpt><trkpt lat="34.031904" lon="-118.044270"><ele>67.644</ele><time>2020-10-04T20:40:22Z</time></trkpt><trkpt lat="34.031944" lon="-118.044191"><ele>67.711</ele><time>2020-10-04T20:40:23Z</time></trkpt><trkpt lat="34.031979" lon="-118.044116"><ele>67.833</ele><time>2020-10-04T20:40:24Z</time></trkpt><trkpt lat="34.032016" lon="-118.044032"><ele>67.965</ele><time>2020-10-04T20:40:25Z</time></trkpt><trkpt lat="34.032051" lon="-118.043953"><ele>68.081</ele><time>2020-10-04T20:40:26Z</time></trkpt><trkpt lat="34.032082" lon="-118.043869"><ele>68.067</ele><time>2020-10-04T20:40:27Z</time></trkpt><trkpt lat="34.032113" lon="-118.043787"><ele>68.081</ele><time>2020-10-04T20:40:28Z</time></trkpt><trkpt lat="34.032148" lon="-118.043710"><ele>68.019</ele><time>2020-10-04T20:40:29Z</time></trkpt><trkpt lat="34.032185" lon="-118.043634"><ele>67.908</ele><time>2020-10-04T20:40:30Z</time></trkpt><trkpt lat="34.032222" lon="-118.043554"><ele>67.881</ele><time>2020-10-04T20:40:31Z</time></trkpt><trkpt lat="34.032257" lon="-118.043479"><ele>67.823</ele><time>2020-10-04T20:40:32Z</time></trkpt><trkpt lat="34.032292" lon="-118.043389"><ele>67.815</ele><time>2020-10-04T20:40:33Z</time></trkpt><trkpt lat="34.032331" lon="-118.043306"><ele>67.885</ele><time>2020-10-04T20:40:34Z</time></trkpt><trkpt lat="34.032366" lon="-118.043225"><ele>67.842</ele><time>2020-10-04T20:40:35Z</time></trkpt><trkpt lat="34.032403" lon="-118.043145"><ele>67.834</ele><time>2020-10-04T20:40:36Z</time></trkpt><trkpt lat="34.032442" lon="-118.043064"><ele>67.886</ele><time>2020-10-04T20:40:37Z</time></trkpt><trkpt lat="34.032480" lon="-118.042976"><ele>67.952</ele><time>2020-10-04T20:40:38Z</time></trkpt><trkpt lat="34.032511" lon="-118.042886"><ele>68.076</ele><time>2020-10-04T20:40:39Z</time></trkpt><trkpt lat="34.032547" lon="-118.042803"><ele>68.190</ele><time>2020-10-04T20:40:40Z</time></trkpt><trkpt lat="34.032580" lon="-118.042726"><ele>68.219</ele><time>2020-10-04T20:40:41Z</time></trkpt><trkpt lat="34.032613" lon="-118.042644"><ele>68.308</ele><time>2020-10-04T20:40:42Z</time></trkpt><trkpt lat="34.032646" lon="-118.042567"><ele>68.472</ele><time>2020-10-04T20:40:43Z</time></trkpt><trkpt lat="34.032685" lon="-118.042494"><ele>68.434</ele><time>2020-10-04T20:40:44Z</time></trkpt><trkpt lat="34.032721" lon="-118.042411"><ele>68.496</ele><time>2020-10-04T20:40:45Z</time></trkpt><trkpt lat="34.032752" lon="-118.042323"><ele>68.446</ele><time>2020-10-04T20:40:46Z</time></trkpt><trkpt lat="34.032787" lon="-118.042237"><ele>68.493</ele><time>2020-10-04T20:40:47Z</time></trkpt><trkpt lat="34.032818" lon="-118.042152"><ele>68.485</ele><time>2020-10-04T20:40:48Z</time></trkpt><trkpt lat="34.032853" lon="-118.042071"><ele>68.477</ele><time>2020-10-04T20:40:49Z</time></trkpt><trkpt lat="34.032885" lon="-118.041990"><ele>68.443</ele><time>2020-10-04T20:40:50Z</time></trkpt><trkpt lat="34.032914" lon="-118.041905"><ele>68.532</ele><time>2020-10-04T20:40:51Z</time></trkpt><trkpt lat="34.032950" lon="-118.041823"><ele>68.692</ele><time>2020-10-04T20:40:52Z</time></trkpt><trkpt lat="34.032984" lon="-118.041743"><ele>68.611</ele><time>2020-10-04T20:40:53Z</time></trkpt><trkpt lat="34.033017" lon="-118.041667"><ele>68.708</ele><time>2020-10-04T20:40:54Z</time></trkpt><trkpt lat="34.033059" lon="-118.041589"><ele>68.848</ele><time>2020-10-04T20:40:55Z</time></trkpt><trkpt lat="34.033095" lon="-118.041514"><ele>68.990</ele><time>2020-10-04T20:40:56Z</time></trkpt><trkpt lat="34.033122" lon="-118.041438"><ele>69.092</ele><time>2020-10-04T20:40:57Z</time></trkpt><trkpt lat="34.033152" lon="-118.041361"><ele>69.042</ele><time>2020-10-04T20:40:58Z</time></trkpt><trkpt lat="34.033185" lon="-118.041290"><ele>69.129</ele><time>2020-10-04T20:40:59Z</time></trkpt><trkpt lat="34.033214" lon="-118.041214"><ele>69.271</ele><time>2020-10-04T20:41:00Z</time></trkpt><trkpt lat="34.033247" lon="-118.041146"><ele>69.353</ele><time>2020-10-04T20:41:01Z</time></trkpt><trkpt lat="34.033280" lon="-118.041061"><ele>69.339</ele><time>2020-10-04T20:41:02Z</time></trkpt><trkpt lat="34.033311" lon="-118.040987"><ele>69.335</ele><time>2020-10-04T20:41:03Z</time></trkpt><trkpt lat="34.033341" lon="-118.040908"><ele>69.386</ele><time>2020-10-04T20:41:04Z</time></trkpt><trkpt lat="34.033380" lon="-118.040836"><ele>69.314</ele><time>2020-10-04T20:41:05Z</time></trkpt><trkpt lat="34.033413" lon="-118.040757"><ele>69.308</ele><time>2020-10-04T20:41:06Z</time></trkpt><trkpt lat="34.033445" lon="-118.040681"><ele>69.318</ele><time>2020-10-04T20:41:07Z</time></trkpt><trkpt lat="34.033479" lon="-118.040604"><ele>69.350</ele><time>2020-10-04T20:41:08Z</time></trkpt><trkpt lat="34.033510" lon="-118.040524"><ele>69.392</ele><time>2020-10-04T20:41:09Z</time></trkpt><trkpt lat="34.033543" lon="-118.040448"><ele>69.372</ele><time>2020-10-04T20:41:10Z</time></trkpt><trkpt lat="34.033574" lon="-118.040381"><ele>69.449</ele><time>2020-10-04T20:41:11Z</time></trkpt><trkpt lat="34.033609" lon="-118.040298"><ele>69.481</ele><time>2020-10-04T20:41:12Z</time></trkpt><trkpt lat="34.033640" lon="-118.040229"><ele>69.493</ele><time>2020-10-04T20:41:13Z</time></trkpt><trkpt lat="34.033673" lon="-118.040155"><ele>69.439</ele><time>2020-10-04T20:41:14Z</time></trkpt><trkpt lat="34.033701" lon="-118.040074"><ele>69.453</ele><time>2020-10-04T20:41:15Z</time></trkpt><trkpt lat="34.033730" lon="-118.039997"><ele>69.504</ele><time>2020-10-04T20:41:16Z</time></trkpt><trkpt lat="34.033760" lon="-118.039916"><ele>69.514</ele><time>2020-10-04T20:41:17Z</time></trkpt><trkpt lat="34.033797" lon="-118.039835"><ele>69.508</ele><time>2020-10-04T20:41:18Z</time></trkpt><trkpt lat="34.033829" lon="-118.039757"><ele>69.530</ele><time>2020-10-04T20:41:19Z</time></trkpt><trkpt lat="34.033868" lon="-118.039683"><ele>69.512</ele><time>2020-10-04T20:41:20Z</time></trkpt><trkpt lat="34.033901" lon="-118.039613"><ele>69.544</ele><time>2020-10-04T20:41:21Z</time></trkpt><trkpt lat="34.033933" lon="-118.039538"><ele>69.514</ele><time>2020-10-04T20:41:22Z</time></trkpt><trkpt lat="34.033967" lon="-118.039462"><ele>69.681</ele><time>2020-10-04T20:41:23Z</time></trkpt><trkpt lat="34.034001" lon="-118.039392"><ele>69.723</ele><time>2020-10-04T20:41:24Z</time></trkpt><trkpt lat="34.034030" lon="-118.039326"><ele>69.875</ele><time>2020-10-04T20:41:25Z</time></trkpt><trkpt lat="34.034065" lon="-118.039258"><ele>69.861</ele><time>2020-10-04T20:41:26Z</time></trkpt><trkpt lat="34.034100" lon="-118.039189"><ele>69.885</ele><time>2020-10-04T20:41:27Z</time></trkpt><trkpt lat="34.034133" lon="-118.039111"><ele>69.889</ele><time>2020-10-04T20:41:28Z</time></trkpt><trkpt lat="34.034167" lon="-118.039034"><ele>69.817</ele><time>2020-10-04T20:41:29Z</time></trkpt><trkpt lat="34.034201" lon="-118.038955"><ele>69.808</ele><time>2020-10-04T20:41:30Z</time></trkpt><trkpt lat="34.034232" lon="-118.038867"><ele>69.823</ele><time>2020-10-04T20:41:31Z</time></trkpt><trkpt lat="34.034265" lon="-118.038781"><ele>69.765</ele><time>2020-10-04T20:41:32Z</time></trkpt><trkpt lat="34.034289" lon="-118.038696"><ele>69.567</ele><time>2020-10-04T20:41:33Z</time></trkpt><trkpt lat="34.034318" lon="-118.038609"><ele>69.477</ele><time>2020-10-04T20:41:34Z</time></trkpt><trkpt lat="34.034348" lon="-118.038516"><ele>69.324</ele><time>2020-10-04T20:41:35Z</time></trkpt><trkpt lat="34.034379" lon="-118.038418"><ele>69.166</ele><time>2020-10-04T20:41:36Z</time></trkpt><trkpt lat="34.034409" lon="-118.038324"><ele>69.098</ele><time>2020-10-04T20:41:37Z</time></trkpt><trkpt lat="34.034439" lon="-118.038227"><ele>68.834</ele><time>2020-10-04T20:41:38Z</time></trkpt><trkpt lat="34.034475" lon="-118.038133"><ele>68.628</ele><time>2020-10-04T20:41:39Z</time></trkpt><trkpt lat="34.034529" lon="-118.038037"><ele>68.489</ele><time>2020-10-04T20:41:40Z</time></trkpt><trkpt lat="34.034574" lon="-118.037952"><ele>68.317</ele><time>2020-10-04T20:41:41Z</time></trkpt><trkpt lat="34.034614" lon="-118.037876"><ele>68.308</ele><time>2020-10-04T20:41:42Z</time></trkpt><trkpt lat="34.034660" lon="-118.037797"><ele>68.367</ele><time>2020-10-04T20:41:43Z</time></trkpt><trkpt lat="34.034703" lon="-118.037726"><ele>68.699</ele><time>2020-10-04T20:41:44Z</time></trkpt><trkpt lat="34.034747" lon="-118.037645"><ele>68.971</ele><time>2020-10-04T20:41:45Z</time></trkpt><trkpt lat="34.034783" lon="-118.037570"><ele>69.381</ele><time>2020-10-04T20:41:46Z</time></trkpt><trkpt lat="34.034824" lon="-118.037495"><ele>69.798</ele><time>2020-10-04T20:41:47Z</time></trkpt><trkpt lat="34.034862" lon="-118.037420"><ele>70.290</ele><time>2020-10-04T20:41:48Z</time></trkpt><trkpt lat="34.034899" lon="-118.037343"><ele>70.682</ele><time>2020-10-04T20:41:49Z</time></trkpt><trkpt lat="34.034933" lon="-118.037266"><ele>70.958</ele><time>2020-10-04T20:41:50Z</time></trkpt><trkpt lat="34.034968" lon="-118.037186"><ele>71.257</ele><time>2020-10-04T20:41:51Z</time></trkpt><trkpt lat="34.034999" lon="-118.037108"><ele>71.400</ele><time>2020-10-04T20:41:52Z</time></trkpt><trkpt lat="34.035030" lon="-118.037034"><ele>71.420</ele><time>2020-10-04T20:41:53Z</time></trkpt><trkpt lat="34.035063" lon="-118.036956"><ele>71.408</ele><time>2020-10-04T20:41:54Z</time></trkpt><trkpt lat="34.035092" lon="-118.036879"><ele>71.460</ele><time>2020-10-04T20:41:55Z</time></trkpt><trkpt lat="34.035124" lon="-118.036801"><ele>71.412</ele><time>2020-10-04T20:41:56Z</time></trkpt><trkpt lat="34.035155" lon="-118.036724"><ele>71.434</ele><time>2020-10-04T20:41:57Z</time></trkpt><trkpt lat="34.035188" lon="-118.036647"><ele>71.484</ele><time>2020-10-04T20:41:58Z</time></trkpt><trkpt lat="34.035222" lon="-118.036572"><ele>71.471</ele><time>2020-10-04T20:41:59Z</time></trkpt><trkpt lat="34.035260" lon="-118.036493"><ele>71.373</ele><time>2020-10-04T20:42:00Z</time></trkpt><trkpt lat="34.035291" lon="-118.036418"><ele>71.255</ele><time>2020-10-04T20:42:01Z</time></trkpt><trkpt lat="34.035325" lon="-118.036343"><ele>71.151</ele><time>2020-10-04T20:42:02Z</time></trkpt><trkpt lat="34.035359" lon="-118.036266"><ele>71.043</ele><time>2020-10-04T20:42:03Z</time></trkpt><trkpt lat="34.035396" lon="-118.036188"><ele>70.964</ele><time>2020-10-04T20:42:04Z</time></trkpt><trkpt lat="34.035424" lon="-118.036110"><ele>70.810</ele><time>2020-10-04T20:42:05Z</time></trkpt><trkpt lat="34.035451" lon="-118.036032"><ele>70.708</ele><time>2020-10-04T20:42:06Z</time></trkpt><trkpt lat="34.035486" lon="-118.035956"><ele>70.789</ele><time>2020-10-04T20:42:07Z</time></trkpt><trkpt lat="34.035520" lon="-118.035884"><ele>70.851</ele><time>2020-10-04T20:42:08Z</time></trkpt><trkpt lat="34.035554" lon="-118.035793"><ele>70.973</ele><time>2020-10-04T20:42:09Z</time></trkpt><trkpt lat="34.035589" lon="-118.035715"><ele>71.043</ele><time>2020-10-04T20:42:10Z</time></trkpt><trkpt lat="34.035624" lon="-118.035639"><ele>71.170</ele><time>2020-10-04T20:42:11Z</time></trkpt><trkpt lat="34.035666" lon="-118.035563"><ele>71.252</ele><time>2020-10-04T20:42:12Z</time></trkpt><trkpt lat="34.035701" lon="-118.035486"><ele>71.284</ele><time>2020-10-04T20:42:13Z</time></trkpt><trkpt lat="34.035728" lon="-118.035406"><ele>71.220</ele><time>2020-10-04T20:42:14Z</time></trkpt><trkpt lat="34.035765" lon="-118.035325"><ele>71.231</ele><time>2020-10-04T20:42:15Z</time></trkpt><trkpt lat="34.035802" lon="-118.035242"><ele>71.361</ele><time>2020-10-04T20:42:16Z</time></trkpt><trkpt lat="34.035833" lon="-118.035162"><ele>71.407</ele><time>2020-10-04T20:42:17Z</time></trkpt><trkpt lat="34.035867" lon="-118.035083"><ele>71.508</ele><time>2020-10-04T20:42:18Z</time></trkpt><trkpt lat="34.035904" lon="-118.035010"><ele>71.628</ele><time>2020-10-04T20:42:19Z</time></trkpt><trkpt lat="34.035941" lon="-118.034931"><ele>71.770</ele><time>2020-10-04T20:42:20Z</time></trkpt><trkpt lat="34.035974" lon="-118.034853"><ele>71.842</ele><time>2020-10-04T20:42:21Z</time></trkpt><trkpt lat="34.036003" lon="-118.034782"><ele>71.842</ele><time>2020-10-04T20:42:22Z</time></trkpt><trkpt lat="34.036035" lon="-118.034709"><ele>71.899</ele><time>2020-10-04T20:42:23Z</time></trkpt><trkpt lat="34.036062" lon="-118.034631"><ele>71.831</ele><time>2020-10-04T20:42:24Z</time></trkpt><trkpt lat="34.036093" lon="-118.034551"><ele>71.823</ele><time>2020-10-04T20:42:25Z</time></trkpt><trkpt lat="34.036128" lon="-118.034462"><ele>71.859</ele><time>2020-10-04T20:42:26Z</time></trkpt><trkpt lat="34.036156" lon="-118.034368"><ele>71.857</ele><time>2020-10-04T20:42:27Z</time></trkpt><trkpt lat="34.036182" lon="-118.034272"><ele>71.700</ele><time>2020-10-04T20:42:28Z</time></trkpt><trkpt lat="34.036211" lon="-118.034176"><ele>71.520</ele><time>2020-10-04T20:42:29Z</time></trkpt><trkpt lat="34.036243" lon="-118.034078"><ele>71.408</ele><time>2020-10-04T20:42:30Z</time></trkpt><trkpt lat="34.036279" lon="-118.033976"><ele>71.210</ele><time>2020-10-04T20:42:31Z</time></trkpt><trkpt lat="34.036314" lon="-118.033873"><ele>70.942</ele><time>2020-10-04T20:42:32Z</time></trkpt><trkpt lat="34.036351" lon="-118.033773"><ele>70.644</ele><time>2020-10-04T20:42:33Z</time></trkpt><trkpt lat="34.036405" lon="-118.033692"><ele>70.374</ele><time>2020-10-04T20:42:34Z</time></trkpt><trkpt lat="34.036450" lon="-118.033610"><ele>69.821</ele><time>2020-10-04T20:42:35Z</time></trkpt><trkpt lat="34.036493" lon="-118.033513"><ele>69.773</ele><time>2020-10-04T20:42:36Z</time></trkpt><trkpt lat="34.036539" lon="-118.033413"><ele>69.775</ele><time>2020-10-04T20:42:37Z</time></trkpt><trkpt lat="34.036586" lon="-118.033319"><ele>69.781</ele><time>2020-10-04T20:42:38Z</time></trkpt><trkpt lat="34.036588" lon="-118.033177"><ele>69.844</ele><time>2020-10-04T20:42:39Z</time></trkpt><trkpt lat="34.036652" lon="-118.033077"><ele>69.805</ele><time>2020-10-04T20:42:40Z</time></trkpt><trkpt lat="34.036693" lon="-118.033002"><ele>69.815</ele><time>2020-10-04T20:42:41Z</time></trkpt><trkpt lat="34.036742" lon="-118.032918"><ele>69.908</ele><time>2020-10-04T20:42:42Z</time></trkpt><trkpt lat="34.036776" lon="-118.032841"><ele>70.099</ele><time>2020-10-04T20:42:43Z</time></trkpt><trkpt lat="34.036815" lon="-118.032773"><ele>70.291</ele><time>2020-10-04T20:42:44Z</time></trkpt><trkpt lat="34.036849" lon="-118.032723"><ele>70.663</ele><time>2020-10-04T20:42:45Z</time></trkpt><trkpt lat="34.036879" lon="-118.032678"><ele>70.853</ele><time>2020-10-04T20:42:46Z</time></trkpt><trkpt lat="34.036907" lon="-118.032605"><ele>71.250</ele><time>2020-10-04T20:42:48Z</time></trkpt><trkpt lat="34.036938" lon="-118.032565"><ele>71.542</ele><time>2020-10-04T20:42:51Z</time></trkpt><trkpt lat="34.036916" lon="-118.032612"><ele>71.714</ele><time>2020-10-04T20:42:55Z</time></trkpt><trkpt lat="34.036893" lon="-118.032672"><ele>71.530</ele><time>2020-10-04T20:42:58Z</time></trkpt><trkpt lat="34.036876" lon="-118.032730"><ele>71.234</ele><time>2020-10-04T20:43:06Z</time></trkpt><trkpt lat="34.036861" lon="-118.032674"><ele>71.055</ele><time>2020-10-04T20:45:15Z</time></trkpt><trkpt lat="34.036898" lon="-118.032619"><ele>71.210</ele><time>2020-10-04T20:45:18Z</time></trkpt><trkpt lat="34.036936" lon="-118.032550"><ele>71.208</ele><time>2020-10-04T20:45:20Z</time></trkpt><trkpt lat="34.036983" lon="-118.032461"><ele>71.388</ele><time>2020-10-04T20:45:22Z</time></trkpt><trkpt lat="34.037007" lon="-118.032409"><ele>71.540</ele><time>2020-10-04T20:45:23Z</time></trkpt><trkpt lat="34.037035" lon="-118.032352"><ele>71.662</ele><time>2020-10-04T20:45:24Z</time></trkpt><trkpt lat="34.037063" lon="-118.032292"><ele>71.742</ele><time>2020-10-04T20:45:25Z</time></trkpt><trkpt lat="34.037094" lon="-118.032228"><ele>71.869</ele><time>2020-10-04T20:45:26Z</time></trkpt><trkpt lat="34.037120" lon="-118.032160"><ele>71.921</ele><time>2020-10-04T20:45:27Z</time></trkpt><trkpt lat="34.037144" lon="-118.032087"><ele>71.983</ele><time>2020-10-04T20:45:28Z</time></trkpt><trkpt lat="34.037168" lon="-118.032024"><ele>71.969</ele><time>2020-10-04T20:45:29Z</time></trkpt><trkpt lat="34.037203" lon="-118.031950"><ele>71.936</ele><time>2020-10-04T20:45:30Z</time></trkpt><trkpt lat="34.037236" lon="-118.031877"><ele>72.017</ele><time>2020-10-04T20:45:31Z</time></trkpt><trkpt lat="34.037270" lon="-118.031800"><ele>71.918</ele><time>2020-10-04T20:45:32Z</time></trkpt><trkpt lat="34.037300" lon="-118.031731"><ele>71.908</ele><time>2020-10-04T20:45:33Z</time></trkpt><trkpt lat="34.037334" lon="-118.031649"><ele>72.048</ele><time>2020-10-04T20:45:34Z</time></trkpt><trkpt lat="34.037369" lon="-118.031573"><ele>72.080</ele><time>2020-10-04T20:45:35Z</time></trkpt><trkpt lat="34.037407" lon="-118.031489"><ele>72.042</ele><time>2020-10-04T20:45:36Z</time></trkpt><trkpt lat="34.037442" lon="-118.031403"><ele>72.192</ele><time>2020-10-04T20:45:37Z</time></trkpt><trkpt lat="34.037478" lon="-118.031323"><ele>72.179</ele><time>2020-10-04T20:45:38Z</time></trkpt><trkpt lat="34.037509" lon="-118.031233"><ele>72.121</ele><time>2020-10-04T20:45:39Z</time></trkpt><trkpt lat="34.037546" lon="-118.031152"><ele>72.293</ele><time>2020-10-04T20:45:40Z</time></trkpt><trkpt lat="34.037571" lon="-118.031068"><ele>72.379</ele><time>2020-10-04T20:45:41Z</time></trkpt><trkpt lat="34.037599" lon="-118.030988"><ele>72.494</ele><time>2020-10-04T20:45:42Z</time></trkpt><trkpt lat="34.037634" lon="-118.030910"><ele>72.557</ele><time>2020-10-04T20:45:43Z</time></trkpt><trkpt lat="34.037671" lon="-118.030826"><ele>72.622</ele><time>2020-10-04T20:45:44Z</time></trkpt><trkpt lat="34.037707" lon="-118.030745"><ele>72.608</ele><time>2020-10-04T20:45:45Z</time></trkpt><trkpt lat="34.037751" lon="-118.030665"><ele>72.664</ele><time>2020-10-04T20:45:46Z</time></trkpt><trkpt lat="34.037788" lon="-118.030585"><ele>72.636</ele><time>2020-10-04T20:45:47Z</time></trkpt><trkpt lat="34.037822" lon="-118.030507"><ele>72.658</ele><time>2020-10-04T20:45:48Z</time></trkpt><trkpt lat="34.037862" lon="-118.030424"><ele>72.648</ele><time>2020-10-04T20:45:49Z</time></trkpt><trkpt lat="34.037902" lon="-118.030342"><ele>72.765</ele><time>2020-10-04T20:45:50Z</time></trkpt><trkpt lat="34.037934" lon="-118.030252"><ele>72.867</ele><time>2020-10-04T20:45:51Z</time></trkpt><trkpt lat="34.037974" lon="-118.030168"><ele>72.959</ele><time>2020-10-04T20:45:52Z</time></trkpt><trkpt lat="34.038009" lon="-118.030085"><ele>73.125</ele><time>2020-10-04T20:45:53Z</time></trkpt><trkpt lat="34.038039" lon="-118.029996"><ele>73.292</ele><time>2020-10-04T20:45:54Z</time></trkpt><trkpt lat="34.038078" lon="-118.029918"><ele>73.273</ele><time>2020-10-04T20:45:55Z</time></trkpt><trkpt lat="34.038120" lon="-118.029833"><ele>73.120</ele><time>2020-10-04T20:45:56Z</time></trkpt><trkpt lat="34.038160" lon="-118.029750"><ele>73.108</ele><time>2020-10-04T20:45:57Z</time></trkpt><trkpt lat="34.038196" lon="-118.029664"><ele>73.114</ele><time>2020-10-04T20:45:58Z</time></trkpt><trkpt lat="34.038235" lon="-118.029581"><ele>73.126</ele><time>2020-10-04T20:45:59Z</time></trkpt><trkpt lat="34.038273" lon="-118.029495"><ele>73.028</ele><time>2020-10-04T20:46:00Z</time></trkpt><trkpt lat="34.038307" lon="-118.029407"><ele>73.048</ele><time>2020-10-04T20:46:01Z</time></trkpt><trkpt lat="34.038339" lon="-118.029332"><ele>73.025</ele><time>2020-10-04T20:46:02Z</time></trkpt><trkpt lat="34.038367" lon="-118.029251"><ele>73.047</ele><time>2020-10-04T20:46:03Z</time></trkpt><trkpt lat="34.038402" lon="-118.029168"><ele>73.199</ele><time>2020-10-04T20:46:04Z</time></trkpt><trkpt lat="34.038442" lon="-118.029084"><ele>73.255</ele><time>2020-10-04T20:46:05Z</time></trkpt><trkpt lat="34.038478" lon="-118.028998"><ele>73.253</ele><time>2020-10-04T20:46:06Z</time></trkpt><trkpt lat="34.038515" lon="-118.028912"><ele>73.204</ele><time>2020-10-04T20:46:07Z</time></trkpt><trkpt lat="34.038553" lon="-118.028825"><ele>73.214</ele><time>2020-10-04T20:46:08Z</time></trkpt><trkpt lat="34.038585" lon="-118.028742"><ele>73.108</ele><time>2020-10-04T20:46:09Z</time></trkpt><trkpt lat="34.038616" lon="-118.028667"><ele>73.010</ele><time>2020-10-04T20:46:10Z</time></trkpt><trkpt lat="34.038646" lon="-118.028581"><ele>73.012</ele><time>2020-10-04T20:46:11Z</time></trkpt><trkpt lat="34.038679" lon="-118.028499"><ele>73.094</ele><time>2020-10-04T20:46:12Z</time></trkpt><trkpt lat="34.038717" lon="-118.028416"><ele>73.184</ele><time>2020-10-04T20:46:13Z</time></trkpt><trkpt lat="34.038756" lon="-118.028327"><ele>73.281</ele><time>2020-10-04T20:46:14Z</time></trkpt><trkpt lat="34.038797" lon="-118.028239"><ele>73.363</ele><time>2020-10-04T20:46:15Z</time></trkpt><trkpt lat="34.038830" lon="-118.028157"><ele>73.395</ele><time>2020-10-04T20:46:16Z</time></trkpt><trkpt lat="34.038868" lon="-118.028074"><ele>73.321</ele><time>2020-10-04T20:46:17Z</time></trkpt><trkpt lat="34.038901" lon="-118.027998"><ele>73.395</ele><time>2020-10-04T20:46:18Z</time></trkpt><trkpt lat="34.038936" lon="-118.027923"><ele>73.349</ele><time>2020-10-04T20:46:19Z</time></trkpt><trkpt lat="34.038975" lon="-118.027840"><ele>73.323</ele><time>2020-10-04T20:46:20Z</time></trkpt><trkpt lat="34.039019" lon="-118.027753"><ele>73.408</ele><time>2020-10-04T20:46:21Z</time></trkpt><trkpt lat="34.039053" lon="-118.027668"><ele>73.534</ele><time>2020-10-04T20:46:22Z</time></trkpt><trkpt lat="34.039092" lon="-118.027586"><ele>73.556</ele><time>2020-10-04T20:46:23Z</time></trkpt><trkpt lat="34.039133" lon="-118.027510"><ele>73.668</ele><time>2020-10-04T20:46:24Z</time></trkpt><trkpt lat="34.039169" lon="-118.027434"><ele>73.868</ele><time>2020-10-04T20:46:25Z</time></trkpt><trkpt lat="34.039207" lon="-118.027361"><ele>73.945</ele><time>2020-10-04T20:46:26Z</time></trkpt><trkpt lat="34.039245" lon="-118.027287"><ele>74.157</ele><time>2020-10-04T20:46:27Z</time></trkpt><trkpt lat="34.039291" lon="-118.027222"><ele>74.329</ele><time>2020-10-04T20:46:28Z</time></trkpt><trkpt lat="34.039330" lon="-118.027143"><ele>74.455</ele><time>2020-10-04T20:46:29Z</time></trkpt><trkpt lat="34.039366" lon="-118.027068"><ele>74.596</ele><time>2020-10-04T20:46:30Z</time></trkpt><trkpt lat="34.039400" lon="-118.026987"><ele>74.631</ele><time>2020-10-04T20:46:31Z</time></trkpt><trkpt lat="34.039434" lon="-118.026905"><ele>74.724</ele><time>2020-10-04T20:46:32Z</time></trkpt><trkpt lat="34.039459" lon="-118.026822"><ele>74.808</ele><time>2020-10-04T20:46:33Z</time></trkpt><trkpt lat="34.039485" lon="-118.026736"><ele>74.854</ele><time>2020-10-04T20:46:34Z</time></trkpt><trkpt lat="34.039505" lon="-118.026661"><ele>74.866</ele><time>2020-10-04T20:46:35Z</time></trkpt><trkpt lat="34.039534" lon="-118.026580"><ele>74.898</ele><time>2020-10-04T20:46:36Z</time></trkpt><trkpt lat="34.039566" lon="-118.026499"><ele>74.878</ele><time>2020-10-04T20:46:37Z</time></trkpt><trkpt lat="34.039604" lon="-118.026415"><ele>74.745</ele><time>2020-10-04T20:46:38Z</time></trkpt><trkpt lat="34.039642" lon="-118.026336"><ele>74.787</ele><time>2020-10-04T20:46:39Z</time></trkpt><trkpt lat="34.039678" lon="-118.026258"><ele>74.769</ele><time>2020-10-04T20:46:40Z</time></trkpt><trkpt lat="34.039709" lon="-118.026177"><ele>74.795</ele><time>2020-10-04T20:46:41Z</time></trkpt><trkpt lat="34.039738" lon="-118.026105"><ele>74.724</ele><time>2020-10-04T20:46:42Z</time></trkpt><trkpt lat="34.039770" lon="-118.026026"><ele>74.704</ele><time>2020-10-04T20:46:43Z</time></trkpt><trkpt lat="34.039805" lon="-118.025944"><ele>74.714</ele><time>2020-10-04T20:46:44Z</time></trkpt><trkpt lat="34.039840" lon="-118.025868"><ele>74.708</ele><time>2020-10-04T20:46:45Z</time></trkpt><trkpt lat="34.039872" lon="-118.025793"><ele>74.857</ele><time>2020-10-04T20:46:46Z</time></trkpt><trkpt lat="34.039914" lon="-118.025716"><ele>74.859</ele><time>2020-10-04T20:46:47Z</time></trkpt><trkpt lat="34.039949" lon="-118.025637"><ele>74.851</ele><time>2020-10-04T20:46:48Z</time></trkpt><trkpt lat="34.039982" lon="-118.025555"><ele>74.911</ele><time>2020-10-04T20:46:49Z</time></trkpt><trkpt lat="34.040015" lon="-118.025473"><ele>75.028</ele><time>2020-10-04T20:46:50Z</time></trkpt><trkpt lat="34.040052" lon="-118.025391"><ele>75.020</ele><time>2020-10-04T20:46:51Z</time></trkpt><trkpt lat="34.040091" lon="-118.025313"><ele>75.162</ele><time>2020-10-04T20:46:52Z</time></trkpt><trkpt lat="34.040132" lon="-118.025229"><ele>75.268</ele><time>2020-10-04T20:46:53Z</time></trkpt><trkpt lat="34.040173" lon="-118.025142"><ele>75.383</ele><time>2020-10-04T20:46:54Z</time></trkpt><trkpt lat="34.040206" lon="-118.025055"><ele>75.425</ele><time>2020-10-04T20:46:55Z</time></trkpt><trkpt lat="34.040238" lon="-118.024975"><ele>75.517</ele><time>2020-10-04T20:46:56Z</time></trkpt><trkpt lat="34.040264" lon="-118.024900"><ele>75.608</ele><time>2020-10-04T20:46:57Z</time></trkpt><trkpt lat="34.040301" lon="-118.024823"><ele>75.623</ele><time>2020-10-04T20:46:58Z</time></trkpt><trkpt lat="34.040336" lon="-118.024736"><ele>75.685</ele><time>2020-10-04T20:46:59Z</time></trkpt><trkpt lat="34.040370" lon="-118.024650"><ele>75.697</ele><time>2020-10-04T20:47:00Z</time></trkpt><trkpt lat="34.040408" lon="-118.024567"><ele>75.567</ele><time>2020-10-04T20:47:01Z</time></trkpt><trkpt lat="34.040443" lon="-118.024486"><ele>75.464</ele><time>2020-10-04T20:47:02Z</time></trkpt><trkpt lat="34.040481" lon="-118.024403"><ele>75.326</ele><time>2020-10-04T20:47:03Z</time></trkpt><trkpt lat="34.040509" lon="-118.024325"><ele>75.348</ele><time>2020-10-04T20:47:04Z</time></trkpt><trkpt lat="34.040545" lon="-118.024243"><ele>75.384</ele><time>2020-10-04T20:47:05Z</time></trkpt><trkpt lat="34.040581" lon="-118.024154"><ele>75.323</ele><time>2020-10-04T20:47:06Z</time></trkpt><trkpt lat="34.040620" lon="-118.024070"><ele>75.483</ele><time>2020-10-04T20:47:07Z</time></trkpt><trkpt lat="34.040655" lon="-118.023982"><ele>75.411</ele><time>2020-10-04T20:47:08Z</time></trkpt><trkpt lat="34.040689" lon="-118.023892"><ele>75.408</ele><time>2020-10-04T20:47:09Z</time></trkpt><trkpt lat="34.040728" lon="-118.023809"><ele>75.417</ele><time>2020-10-04T20:47:10Z</time></trkpt><trkpt lat="34.040765" lon="-118.023718"><ele>75.499</ele><time>2020-10-04T20:47:11Z</time></trkpt><trkpt lat="34.040808" lon="-118.023630"><ele>75.461</ele><time>2020-10-04T20:47:12Z</time></trkpt><trkpt lat="34.040843" lon="-118.023544"><ele>75.451</ele><time>2020-10-04T20:47:13Z</time></trkpt><trkpt lat="34.040883" lon="-118.023461"><ele>75.478</ele><time>2020-10-04T20:47:14Z</time></trkpt><trkpt lat="34.040916" lon="-118.023368"><ele>75.470</ele><time>2020-10-04T20:47:15Z</time></trkpt><trkpt lat="34.040954" lon="-118.023275"><ele>75.472</ele><time>2020-10-04T20:47:16Z</time></trkpt><trkpt lat="34.040996" lon="-118.023200"><ele>75.428</ele><time>2020-10-04T20:47:17Z</time></trkpt><trkpt lat="34.041030" lon="-118.023117"><ele>75.424</ele><time>2020-10-04T20:47:18Z</time></trkpt><trkpt lat="34.041069" lon="-118.023026"><ele>75.404</ele><time>2020-10-04T20:47:19Z</time></trkpt><trkpt lat="34.041105" lon="-118.022945"><ele>75.414</ele><time>2020-10-04T20:47:20Z</time></trkpt><trkpt lat="34.041141" lon="-118.022861"><ele>75.408</ele><time>2020-10-04T20:47:21Z</time></trkpt><trkpt lat="34.041181" lon="-118.022777"><ele>75.487</ele><time>2020-10-04T20:47:22Z</time></trkpt><trkpt lat="34.041218" lon="-118.022694"><ele>75.579</ele><time>2020-10-04T20:47:23Z</time></trkpt><trkpt lat="34.041254" lon="-118.022617"><ele>75.661</ele><time>2020-10-04T20:47:24Z</time></trkpt><trkpt lat="34.041291" lon="-118.022528"><ele>75.671</ele><time>2020-10-04T20:47:25Z</time></trkpt><trkpt lat="34.041322" lon="-118.022445"><ele>75.688</ele><time>2020-10-04T20:47:26Z</time></trkpt><trkpt lat="34.041357" lon="-118.022358"><ele>75.650</ele><time>2020-10-04T20:47:27Z</time></trkpt><trkpt lat="34.041394" lon="-118.022274"><ele>75.632</ele><time>2020-10-04T20:47:28Z</time></trkpt><trkpt lat="34.041438" lon="-118.022186"><ele>75.698</ele><time>2020-10-04T20:47:29Z</time></trkpt><trkpt lat="34.041477" lon="-118.022108"><ele>75.755</ele><time>2020-10-04T20:47:30Z</time></trkpt><trkpt lat="34.041519" lon="-118.022029"><ele>75.707</ele><time>2020-10-04T20:47:31Z</time></trkpt><trkpt lat="34.041558" lon="-118.021947"><ele>75.817</ele><time>2020-10-04T20:47:32Z</time></trkpt><trkpt lat="34.041596" lon="-118.021864"><ele>75.908</ele><time>2020-10-04T20:47:33Z</time></trkpt><trkpt lat="34.041630" lon="-118.021783"><ele>75.990</ele><time>2020-10-04T20:47:34Z</time></trkpt><trkpt lat="34.041660" lon="-118.021697"><ele>75.962</ele><time>2020-10-04T20:47:35Z</time></trkpt><trkpt lat="34.041691" lon="-118.021609"><ele>75.884</ele><time>2020-10-04T20:47:36Z</time></trkpt><trkpt lat="34.041722" lon="-118.021529"><ele>75.894</ele><time>2020-10-04T20:47:37Z</time></trkpt><trkpt lat="34.041763" lon="-118.021448"><ele>75.831</ele><time>2020-10-04T20:47:38Z</time></trkpt><trkpt lat="34.041793" lon="-118.021365"><ele>75.783</ele><time>2020-10-04T20:47:39Z</time></trkpt><trkpt lat="34.041834" lon="-118.021283"><ele>75.745</ele><time>2020-10-04T20:47:40Z</time></trkpt><trkpt lat="34.041875" lon="-118.021196"><ele>75.731</ele><time>2020-10-04T20:47:41Z</time></trkpt><trkpt lat="34.041907" lon="-118.021107"><ele>75.793</ele><time>2020-10-04T20:47:42Z</time></trkpt><trkpt lat="34.041941" lon="-118.021023"><ele>75.765</ele><time>2020-10-04T20:47:43Z</time></trkpt><trkpt lat="34.041978" lon="-118.020934"><ele>75.721</ele><time>2020-10-04T20:47:44Z</time></trkpt><trkpt lat="34.042010" lon="-118.020855"><ele>75.708</ele><time>2020-10-04T20:47:45Z</time></trkpt><trkpt lat="34.042046" lon="-118.020771"><ele>75.744</ele><time>2020-10-04T20:47:46Z</time></trkpt><trkpt lat="34.042084" lon="-118.020690"><ele>75.736</ele><time>2020-10-04T20:47:47Z</time></trkpt><trkpt lat="34.042120" lon="-118.020612"><ele>75.858</ele><time>2020-10-04T20:47:48Z</time></trkpt><trkpt lat="34.042160" lon="-118.020530"><ele>75.978</ele><time>2020-10-04T20:47:49Z</time></trkpt><trkpt lat="34.042190" lon="-118.020458"><ele>76.045</ele><time>2020-10-04T20:47:50Z</time></trkpt><trkpt lat="34.042230" lon="-118.020382"><ele>76.067</ele><time>2020-10-04T20:47:51Z</time></trkpt><trkpt lat="34.042271" lon="-118.020303"><ele>75.939</ele><time>2020-10-04T20:47:52Z</time></trkpt><trkpt lat="34.042311" lon="-118.020228"><ele>75.985</ele><time>2020-10-04T20:47:53Z</time></trkpt><trkpt lat="34.042346" lon="-118.020150"><ele>75.954</ele><time>2020-10-04T20:47:54Z</time></trkpt><trkpt lat="34.042381" lon="-118.020072"><ele>75.956</ele><time>2020-10-04T20:47:55Z</time></trkpt><trkpt lat="34.042407" lon="-118.019986"><ele>76.111</ele><time>2020-10-04T20:47:56Z</time></trkpt><trkpt lat="34.042437" lon="-118.019908"><ele>76.108</ele><time>2020-10-04T20:47:57Z</time></trkpt><trkpt lat="34.042472" lon="-118.019824"><ele>76.150</ele><time>2020-10-04T20:47:58Z</time></trkpt><trkpt lat="34.042508" lon="-118.019743"><ele>76.112</ele><time>2020-10-04T20:47:59Z</time></trkpt><trkpt lat="34.042540" lon="-118.019662"><ele>76.084</ele><time>2020-10-04T20:48:00Z</time></trkpt><trkpt lat="34.042573" lon="-118.019580"><ele>75.844</ele><time>2020-10-04T20:48:01Z</time></trkpt><trkpt lat="34.042606" lon="-118.019496"><ele>75.711</ele><time>2020-10-04T20:48:02Z</time></trkpt><trkpt lat="34.042637" lon="-118.019412"><ele>75.633</ele><time>2020-10-04T20:48:03Z</time></trkpt><trkpt lat="34.042666" lon="-118.019343"><ele>75.665</ele><time>2020-10-04T20:48:04Z</time></trkpt><trkpt lat="34.042694" lon="-118.019273"><ele>75.721</ele><time>2020-10-04T20:48:05Z</time></trkpt><trkpt lat="34.042725" lon="-118.019200"><ele>75.936</ele><time>2020-10-04T20:48:06Z</time></trkpt><trkpt lat="34.042757" lon="-118.019131"><ele>76.217</ele><time>2020-10-04T20:48:07Z</time></trkpt><trkpt lat="34.042782" lon="-118.019065"><ele>76.518</ele><time>2020-10-04T20:48:08Z</time></trkpt><trkpt lat="34.042816" lon="-118.018985"><ele>76.808</ele><time>2020-10-04T20:48:09Z</time></trkpt><trkpt lat="34.042847" lon="-118.018911"><ele>77.038</ele><time>2020-10-04T20:48:10Z</time></trkpt><trkpt lat="34.042887" lon="-118.018845"><ele>77.180</ele><time>2020-10-04T20:48:11Z</time></trkpt><trkpt lat="34.042929" lon="-118.018776"><ele>77.232</ele><time>2020-10-04T20:48:12Z</time></trkpt><trkpt lat="34.042966" lon="-118.018701"><ele>77.222</ele><time>2020-10-04T20:48:13Z</time></trkpt><trkpt lat="34.043007" lon="-118.018630"><ele>77.399</ele><time>2020-10-04T20:48:14Z</time></trkpt><trkpt lat="34.043040" lon="-118.018559"><ele>77.431</ele><time>2020-10-04T20:48:15Z</time></trkpt><trkpt lat="34.043073" lon="-118.018484"><ele>77.583</ele><time>2020-10-04T20:48:16Z</time></trkpt><trkpt lat="34.043099" lon="-118.018403"><ele>77.759</ele><time>2020-10-04T20:48:17Z</time></trkpt><trkpt lat="34.043131" lon="-118.018327"><ele>77.782</ele><time>2020-10-04T20:48:18Z</time></trkpt><trkpt lat="34.043165" lon="-118.018262"><ele>77.843</ele><time>2020-10-04T20:48:19Z</time></trkpt><trkpt lat="34.043193" lon="-118.018193"><ele>77.917</ele><time>2020-10-04T20:48:20Z</time></trkpt><trkpt lat="34.043228" lon="-118.018118"><ele>77.908</ele><time>2020-10-04T20:48:21Z</time></trkpt><trkpt lat="34.043263" lon="-118.018045"><ele>77.963</ele><time>2020-10-04T20:48:22Z</time></trkpt><trkpt lat="34.043303" lon="-118.017973"><ele>77.945</ele><time>2020-10-04T20:48:23Z</time></trkpt><trkpt lat="34.043342" lon="-118.017904"><ele>77.957</ele><time>2020-10-04T20:48:24Z</time></trkpt><trkpt lat="34.043382" lon="-118.017827"><ele>77.937</ele><time>2020-10-04T20:48:25Z</time></trkpt><trkpt lat="34.043426" lon="-118.017749"><ele>77.994</ele><time>2020-10-04T20:48:26Z</time></trkpt><trkpt lat="34.043461" lon="-118.017679"><ele>77.966</ele><time>2020-10-04T20:48:27Z</time></trkpt><trkpt lat="34.043493" lon="-118.017605"><ele>77.938</ele><time>2020-10-04T20:48:28Z</time></trkpt><trkpt lat="34.043533" lon="-118.017528"><ele>77.954</ele><time>2020-10-04T20:48:29Z</time></trkpt><trkpt lat="34.043570" lon="-118.017456"><ele>77.931</ele><time>2020-10-04T20:48:30Z</time></trkpt><trkpt lat="34.043607" lon="-118.017375"><ele>77.861</ele><time>2020-10-04T20:48:31Z</time></trkpt><trkpt lat="34.043651" lon="-118.017301"><ele>77.807</ele><time>2020-10-04T20:48:32Z</time></trkpt><trkpt lat="34.043691" lon="-118.017230"><ele>77.708</ele><time>2020-10-04T20:48:33Z</time></trkpt><trkpt lat="34.043735" lon="-118.017152"><ele>77.858</ele><time>2020-10-04T20:48:34Z</time></trkpt><trkpt lat="34.043776" lon="-118.017072"><ele>77.850</ele><time>2020-10-04T20:48:35Z</time></trkpt><trkpt lat="34.043817" lon="-118.016994"><ele>77.932</ele><time>2020-10-04T20:48:36Z</time></trkpt><trkpt lat="34.043865" lon="-118.016913"><ele>78.052</ele><time>2020-10-04T20:48:37Z</time></trkpt><trkpt lat="34.043915" lon="-118.016844"><ele>78.079</ele><time>2020-10-04T20:48:38Z</time></trkpt><trkpt lat="34.043958" lon="-118.016774"><ele>78.051</ele><time>2020-10-04T20:48:39Z</time></trkpt><trkpt lat="34.043998" lon="-118.016703"><ele>78.093</ele><time>2020-10-04T20:48:40Z</time></trkpt><trkpt lat="34.044043" lon="-118.016630"><ele>78.189</ele><time>2020-10-04T20:48:41Z</time></trkpt><trkpt lat="34.044089" lon="-118.016559"><ele>78.252</ele><time>2020-10-04T20:48:42Z</time></trkpt><trkpt lat="34.044139" lon="-118.016487"><ele>78.353</ele><time>2020-10-04T20:48:43Z</time></trkpt><trkpt lat="34.044182" lon="-118.016418"><ele>78.408</ele><time>2020-10-04T20:48:44Z</time></trkpt><trkpt lat="34.044227" lon="-118.016355"><ele>78.508</ele><time>2020-10-04T20:48:45Z</time></trkpt><trkpt lat="34.044269" lon="-118.016287"><ele>78.520</ele><time>2020-10-04T20:48:46Z</time></trkpt><trkpt lat="34.044310" lon="-118.016215"><ele>78.552</ele><time>2020-10-04T20:48:47Z</time></trkpt><trkpt lat="34.044354" lon="-118.016147"><ele>78.524</ele><time>2020-10-04T20:48:48Z</time></trkpt><trkpt lat="34.044402" lon="-118.016076"><ele>78.474</ele><time>2020-10-04T20:48:49Z</time></trkpt><trkpt lat="34.044447" lon="-118.016007"><ele>78.411</ele><time>2020-10-04T20:48:50Z</time></trkpt><trkpt lat="34.044491" lon="-118.015941"><ele>78.473</ele><time>2020-10-04T20:48:51Z</time></trkpt><trkpt lat="34.044539" lon="-118.015878"><ele>78.435</ele><time>2020-10-04T20:48:52Z</time></trkpt><trkpt lat="34.044592" lon="-118.015814"><ele>78.411</ele><time>2020-10-04T20:48:53Z</time></trkpt><trkpt lat="34.044630" lon="-118.015751"><ele>78.467</ele><time>2020-10-04T20:48:54Z</time></trkpt><trkpt lat="34.044679" lon="-118.015682"><ele>78.481</ele><time>2020-10-04T20:48:55Z</time></trkpt><trkpt lat="34.044722" lon="-118.015614"><ele>78.419</ele><time>2020-10-04T20:48:56Z</time></trkpt><trkpt lat="34.044777" lon="-118.015540"><ele>78.408</ele><time>2020-10-04T20:48:57Z</time></trkpt><trkpt lat="34.044826" lon="-118.015475"><ele>78.591</ele><time>2020-10-04T20:48:58Z</time></trkpt><trkpt lat="34.044875" lon="-118.015401"><ele>78.613</ele><time>2020-10-04T20:48:59Z</time></trkpt><trkpt lat="34.044926" lon="-118.015325"><ele>78.735</ele><time>2020-10-04T20:49:00Z</time></trkpt><trkpt lat="34.044978" lon="-118.015259"><ele>78.785</ele><time>2020-10-04T20:49:01Z</time></trkpt><trkpt lat="34.045028" lon="-118.015182"><ele>78.782</ele><time>2020-10-04T20:49:02Z</time></trkpt><trkpt lat="34.045075" lon="-118.015121"><ele>78.744</ele><time>2020-10-04T20:49:03Z</time></trkpt><trkpt lat="34.045128" lon="-118.015055"><ele>78.756</ele><time>2020-10-04T20:49:04Z</time></trkpt><trkpt lat="34.045178" lon="-118.014987"><ele>78.672</ele><time>2020-10-04T20:49:05Z</time></trkpt><trkpt lat="34.045224" lon="-118.014920"><ele>78.613</ele><time>2020-10-04T20:49:06Z</time></trkpt><trkpt lat="34.045273" lon="-118.014853"><ele>78.643</ele><time>2020-10-04T20:49:07Z</time></trkpt><trkpt lat="34.045317" lon="-118.014792"><ele>78.607</ele><time>2020-10-04T20:49:08Z</time></trkpt><trkpt lat="34.045368" lon="-118.014728"><ele>78.608</ele><time>2020-10-04T20:49:09Z</time></trkpt><trkpt lat="34.045422" lon="-118.014660"><ele>78.626</ele><time>2020-10-04T20:49:10Z</time></trkpt><trkpt lat="34.045482" lon="-118.014592"><ele>78.678</ele><time>2020-10-04T20:49:11Z</time></trkpt><trkpt lat="34.045531" lon="-118.014534"><ele>78.610</ele><time>2020-10-04T20:49:12Z</time></trkpt><trkpt lat="34.045582" lon="-118.014465"><ele>78.680</ele><time>2020-10-04T20:49:13Z</time></trkpt><trkpt lat="34.045633" lon="-118.014397"><ele>78.647</ele><time>2020-10-04T20:49:14Z</time></trkpt><trkpt lat="34.045684" lon="-118.014337"><ele>78.689</ele><time>2020-10-04T20:49:15Z</time></trkpt><trkpt lat="34.045739" lon="-118.014273"><ele>78.741</ele><time>2020-10-04T20:49:16Z</time></trkpt><trkpt lat="34.045794" lon="-118.014213"><ele>78.927</ele><time>2020-10-04T20:49:17Z</time></trkpt><trkpt lat="34.045847" lon="-118.014154"><ele>78.918</ele><time>2020-10-04T20:49:18Z</time></trkpt><trkpt lat="34.045900" lon="-118.014093"><ele>78.998</ele><time>2020-10-04T20:49:19Z</time></trkpt><trkpt lat="34.045960" lon="-118.014044"><ele>78.917</ele><time>2020-10-04T20:49:20Z</time></trkpt><trkpt lat="34.046012" lon="-118.013993"><ele>78.908</ele><time>2020-10-04T20:49:21Z</time></trkpt><trkpt lat="34.046069" lon="-118.013934"><ele>78.936</ele><time>2020-10-04T20:49:22Z</time></trkpt><trkpt lat="34.046131" lon="-118.013881"><ele>78.958</ele><time>2020-10-04T20:49:23Z</time></trkpt><trkpt lat="34.046186" lon="-118.013826"><ele>79.090</ele><time>2020-10-04T20:49:24Z</time></trkpt><trkpt lat="34.046234" lon="-118.013775"><ele>79.050</ele><time>2020-10-04T20:49:25Z</time></trkpt><trkpt lat="34.046284" lon="-118.013716"><ele>79.077</ele><time>2020-10-04T20:49:26Z</time></trkpt><trkpt lat="34.046333" lon="-118.013660"><ele>79.079</ele><time>2020-10-04T20:49:27Z</time></trkpt><trkpt lat="34.046380" lon="-118.013595"><ele>79.011</ele><time>2020-10-04T20:49:28Z</time></trkpt><trkpt lat="34.046422" lon="-118.013527"><ele>79.017</ele><time>2020-10-04T20:49:29Z</time></trkpt><trkpt lat="34.046465" lon="-118.013460"><ele>78.934</ele><time>2020-10-04T20:49:30Z</time></trkpt><trkpt lat="34.046520" lon="-118.013401"><ele>78.955</ele><time>2020-10-04T20:49:31Z</time></trkpt><trkpt lat="34.046578" lon="-118.013346"><ele>78.810</ele><time>2020-10-04T20:49:32Z</time></trkpt><trkpt lat="34.046632" lon="-118.013297"><ele>78.708</ele><time>2020-10-04T20:49:33Z</time></trkpt><trkpt lat="34.046688" lon="-118.013239"><ele>78.698</ele><time>2020-10-04T20:49:34Z</time></trkpt><trkpt lat="34.046756" lon="-118.013180"><ele>78.530</ele><time>2020-10-04T20:49:35Z</time></trkpt><trkpt lat="34.046816" lon="-118.013128"><ele>78.422</ele><time>2020-10-04T20:49:36Z</time></trkpt><trkpt lat="34.046877" lon="-118.013074"><ele>78.492</ele><time>2020-10-04T20:49:37Z</time></trkpt><trkpt lat="34.046931" lon="-118.013017"><ele>78.599</ele><time>2020-10-04T20:49:38Z</time></trkpt><trkpt lat="34.046981" lon="-118.012957"><ele>78.631</ele><time>2020-10-04T20:49:39Z</time></trkpt><trkpt lat="34.047027" lon="-118.012903"><ele>78.913</ele><time>2020-10-04T20:49:40Z</time></trkpt><trkpt lat="34.047080" lon="-118.012856"><ele>79.159</ele><time>2020-10-04T20:49:41Z</time></trkpt><trkpt lat="34.047130" lon="-118.012810"><ele>79.439</ele><time>2020-10-04T20:49:42Z</time></trkpt><trkpt lat="34.047174" lon="-118.012771"><ele>79.701</ele><time>2020-10-04T20:49:43Z</time></trkpt><trkpt lat="34.047219" lon="-118.012723"><ele>80.021</ele><time>2020-10-04T20:49:44Z</time></trkpt><trkpt lat="34.047266" lon="-118.012677"><ele>80.208</ele><time>2020-10-04T20:49:45Z</time></trkpt><trkpt lat="34.047320" lon="-118.012623"><ele>80.388</ele><time>2020-10-04T20:49:46Z</time></trkpt><trkpt lat="34.047372" lon="-118.012566"><ele>80.520</ele><time>2020-10-04T20:49:47Z</time></trkpt><trkpt lat="34.047424" lon="-118.012521"><ele>80.542</ele><time>2020-10-04T20:49:48Z</time></trkpt><trkpt lat="34.047481" lon="-118.012476"><ele>80.682</ele><time>2020-10-04T20:49:49Z</time></trkpt><trkpt lat="34.047537" lon="-118.012437"><ele>80.759</ele><time>2020-10-04T20:49:50Z</time></trkpt><trkpt lat="34.047592" lon="-118.012396"><ele>80.851</ele><time>2020-10-04T20:49:51Z</time></trkpt><trkpt lat="34.047650" lon="-118.012353"><ele>80.923</ele><time>2020-10-04T20:49:52Z</time></trkpt><trkpt lat="34.047720" lon="-118.012302"><ele>81.039</ele><time>2020-10-04T20:49:53Z</time></trkpt><trkpt lat="34.047776" lon="-118.012250"><ele>81.173</ele><time>2020-10-04T20:49:54Z</time></trkpt><trkpt lat="34.047830" lon="-118.012204"><ele>81.385</ele><time>2020-10-04T20:49:55Z</time></trkpt><trkpt lat="34.047883" lon="-118.012157"><ele>81.413</ele><time>2020-10-04T20:49:56Z</time></trkpt><trkpt lat="34.047941" lon="-118.012100"><ele>81.408</ele><time>2020-10-04T20:49:57Z</time></trkpt><trkpt lat="34.047990" lon="-118.012041"><ele>81.412</ele><time>2020-10-04T20:49:58Z</time></trkpt><trkpt lat="34.048043" lon="-118.011987"><ele>81.444</ele><time>2020-10-04T20:49:59Z</time></trkpt><trkpt lat="34.048098" lon="-118.011931"><ele>81.566</ele><time>2020-10-04T20:50:00Z</time></trkpt><trkpt lat="34.048162" lon="-118.011884"><ele>81.666</ele><time>2020-10-04T20:50:01Z</time></trkpt><trkpt lat="34.048224" lon="-118.011836"><ele>81.893</ele><time>2020-10-04T20:50:02Z</time></trkpt><trkpt lat="34.048282" lon="-118.011787"><ele>81.815</ele><time>2020-10-04T20:50:03Z</time></trkpt><trkpt lat="34.048346" lon="-118.011743"><ele>81.887</ele><time>2020-10-04T20:50:04Z</time></trkpt><trkpt lat="34.048407" lon="-118.011693"><ele>81.843</ele><time>2020-10-04T20:50:05Z</time></trkpt><trkpt lat="34.048466" lon="-118.011642"><ele>81.721</ele><time>2020-10-04T20:50:06Z</time></trkpt><trkpt lat="34.048532" lon="-118.011592"><ele>81.741</ele><time>2020-10-04T20:50:07Z</time></trkpt><trkpt lat="34.048587" lon="-118.011550"><ele>81.705</ele><time>2020-10-04T20:50:08Z</time></trkpt><trkpt lat="34.048645" lon="-118.011507"><ele>81.808</ele><time>2020-10-04T20:50:09Z</time></trkpt><trkpt lat="34.048706" lon="-118.011464"><ele>81.827</ele><time>2020-10-04T20:50:10Z</time></trkpt><trkpt lat="34.048772" lon="-118.011417"><ele>81.999</ele><time>2020-10-04T20:50:11Z</time></trkpt><trkpt lat="34.048827" lon="-118.011376"><ele>82.061</ele><time>2020-10-04T20:50:12Z</time></trkpt><trkpt lat="34.048885" lon="-118.011327"><ele>82.061</ele><time>2020-10-04T20:50:13Z</time></trkpt><trkpt lat="34.048947" lon="-118.011281"><ele>82.068</ele><time>2020-10-04T20:50:14Z</time></trkpt><trkpt lat="34.049012" lon="-118.011232"><ele>82.050</ele><time>2020-10-04T20:50:15Z</time></trkpt><trkpt lat="34.049074" lon="-118.011191"><ele>82.062</ele><time>2020-10-04T20:50:16Z</time></trkpt><trkpt lat="34.049138" lon="-118.011143"><ele>81.958</ele><time>2020-10-04T20:50:17Z</time></trkpt><trkpt lat="34.049197" lon="-118.011106"><ele>81.731</ele><time>2020-10-04T20:50:18Z</time></trkpt><trkpt lat="34.049258" lon="-118.011067"><ele>81.661</ele><time>2020-10-04T20:50:19Z</time></trkpt><trkpt lat="34.049329" lon="-118.011018"><ele>81.607</ele><time>2020-10-04T20:50:20Z</time></trkpt><trkpt lat="34.049390" lon="-118.010980"><ele>81.508</ele><time>2020-10-04T20:50:21Z</time></trkpt><trkpt lat="34.049457" lon="-118.010937"><ele>81.528</ele><time>2020-10-04T20:50:22Z</time></trkpt><trkpt lat="34.049523" lon="-118.010899"><ele>81.520</ele><time>2020-10-04T20:50:23Z</time></trkpt><trkpt lat="34.049593" lon="-118.010861"><ele>81.572</ele><time>2020-10-04T20:50:24Z</time></trkpt><trkpt lat="34.049660" lon="-118.010817"><ele>81.512</ele><time>2020-10-04T20:50:25Z</time></trkpt><trkpt lat="34.049727" lon="-118.010778"><ele>81.639</ele><time>2020-10-04T20:50:26Z</time></trkpt><trkpt lat="34.049798" lon="-118.010740"><ele>81.731</ele><time>2020-10-04T20:50:27Z</time></trkpt><trkpt lat="34.049865" lon="-118.010700"><ele>81.843</ele><time>2020-10-04T20:50:28Z</time></trkpt><trkpt lat="34.049935" lon="-118.010659"><ele>81.979</ele><time>2020-10-04T20:50:29Z</time></trkpt><trkpt lat="34.050003" lon="-118.010615"><ele>82.075</ele><time>2020-10-04T20:50:30Z</time></trkpt><trkpt lat="34.050070" lon="-118.010574"><ele>82.128</ele><time>2020-10-04T20:50:31Z</time></trkpt><trkpt lat="34.050139" lon="-118.010534"><ele>82.220</ele><time>2020-10-04T20:50:32Z</time></trkpt><trkpt lat="34.050204" lon="-118.010497"><ele>82.308</ele><time>2020-10-04T20:50:33Z</time></trkpt><trkpt lat="34.050273" lon="-118.010460"><ele>82.352</ele><time>2020-10-04T20:50:34Z</time></trkpt><trkpt lat="34.050344" lon="-118.010423"><ele>82.354</ele><time>2020-10-04T20:50:35Z</time></trkpt><trkpt lat="34.050404" lon="-118.010388"><ele>82.346</ele><time>2020-10-04T20:50:36Z</time></trkpt><trkpt lat="34.050468" lon="-118.010352"><ele>82.396</ele><time>2020-10-04T20:50:37Z</time></trkpt><trkpt lat="34.050539" lon="-118.010316"><ele>82.343</ele><time>2020-10-04T20:50:38Z</time></trkpt><trkpt lat="34.050608" lon="-118.010280"><ele>82.345</ele><time>2020-10-04T20:50:39Z</time></trkpt><trkpt lat="34.050673" lon="-118.010240"><ele>82.237</ele><time>2020-10-04T20:50:40Z</time></trkpt><trkpt lat="34.050736" lon="-118.010208"><ele>82.263</ele><time>2020-10-04T20:50:41Z</time></trkpt><trkpt lat="34.050801" lon="-118.010162"><ele>82.277</ele><time>2020-10-04T20:50:42Z</time></trkpt><trkpt lat="34.050864" lon="-118.010130"><ele>82.161</ele><time>2020-10-04T20:50:43Z</time></trkpt><trkpt lat="34.050931" lon="-118.010096"><ele>82.027</ele><time>2020-10-04T20:50:44Z</time></trkpt><trkpt lat="34.051000" lon="-118.010060"><ele>82.008</ele><time>2020-10-04T20:50:45Z</time></trkpt><trkpt lat="34.051070" lon="-118.010028"><ele>81.862</ele><time>2020-10-04T20:50:46Z</time></trkpt><trkpt lat="34.051141" lon="-118.009997"><ele>81.864</ele><time>2020-10-04T20:50:47Z</time></trkpt><trkpt lat="34.051208" lon="-118.009971"><ele>81.846</ele><time>2020-10-04T20:50:48Z</time></trkpt><trkpt lat="34.051272" lon="-118.009942"><ele>81.846</ele><time>2020-10-04T20:50:49Z</time></trkpt><trkpt lat="34.051343" lon="-118.009910"><ele>81.893</ele><time>2020-10-04T20:50:50Z</time></trkpt><trkpt lat="34.051413" lon="-118.009886"><ele>81.875</ele><time>2020-10-04T20:50:51Z</time></trkpt><trkpt lat="34.051485" lon="-118.009858"><ele>81.947</ele><time>2020-10-04T20:50:52Z</time></trkpt><trkpt lat="34.051556" lon="-118.009827"><ele>81.913</ele><time>2020-10-04T20:50:53Z</time></trkpt><trkpt lat="34.051624" lon="-118.009789"><ele>82.085</ele><time>2020-10-04T20:50:54Z</time></trkpt><trkpt lat="34.051691" lon="-118.009756"><ele>82.189</ele><time>2020-10-04T20:50:55Z</time></trkpt><trkpt lat="34.051771" lon="-118.009726"><ele>82.117</ele><time>2020-10-04T20:50:56Z</time></trkpt><trkpt lat="34.051839" lon="-118.009692"><ele>82.208</ele><time>2020-10-04T20:50:57Z</time></trkpt><trkpt lat="34.051909" lon="-118.009663"><ele>82.343</ele><time>2020-10-04T20:50:58Z</time></trkpt><trkpt lat="34.051979" lon="-118.009638"><ele>82.435</ele><time>2020-10-04T20:50:59Z</time></trkpt><trkpt lat="34.052049" lon="-118.009608"><ele>82.467</ele><time>2020-10-04T20:51:00Z</time></trkpt><trkpt lat="34.052110" lon="-118.009580"><ele>82.467</ele><time>2020-10-04T20:51:01Z</time></trkpt><trkpt lat="34.052177" lon="-118.009555"><ele>82.454</ele><time>2020-10-04T20:51:02Z</time></trkpt><trkpt lat="34.052248" lon="-118.009526"><ele>82.486</ele><time>2020-10-04T20:51:03Z</time></trkpt><trkpt lat="34.052321" lon="-118.009504"><ele>82.488</ele><time>2020-10-04T20:51:04Z</time></trkpt><trkpt lat="34.052390" lon="-118.009480"><ele>82.484</ele><time>2020-10-04T20:51:05Z</time></trkpt><trkpt lat="34.052458" lon="-118.009457"><ele>82.338</ele><time>2020-10-04T20:51:06Z</time></trkpt><trkpt lat="34.052529" lon="-118.009439"><ele>82.370</ele><time>2020-10-04T20:51:07Z</time></trkpt><trkpt lat="34.052600" lon="-118.009419"><ele>82.317</ele><time>2020-10-04T20:51:08Z</time></trkpt><trkpt lat="34.052671" lon="-118.009400"><ele>82.408</ele><time>2020-10-04T20:51:09Z</time></trkpt><trkpt lat="34.052743" lon="-118.009380"><ele>82.498</ele><time>2020-10-04T20:51:10Z</time></trkpt><trkpt lat="34.052811" lon="-118.009361"><ele>82.570</ele><time>2020-10-04T20:51:11Z</time></trkpt><trkpt lat="34.052884" lon="-118.009339"><ele>82.532</ele><time>2020-10-04T20:51:12Z</time></trkpt><trkpt lat="34.052950" lon="-118.009314"><ele>82.562</ele><time>2020-10-04T20:51:13Z</time></trkpt><trkpt lat="34.053020" lon="-118.009286"><ele>82.599</ele><time>2020-10-04T20:51:14Z</time></trkpt><trkpt lat="34.053092" lon="-118.009262"><ele>82.591</ele><time>2020-10-04T20:51:15Z</time></trkpt><trkpt lat="34.053158" lon="-118.009240"><ele>82.683</ele><time>2020-10-04T20:51:16Z</time></trkpt><trkpt lat="34.053220" lon="-118.009216"><ele>82.889</ele><time>2020-10-04T20:51:17Z</time></trkpt><trkpt lat="34.053280" lon="-118.009193"><ele>83.088</ele><time>2020-10-04T20:51:18Z</time></trkpt><trkpt lat="34.053340" lon="-118.009172"><ele>83.324</ele><time>2020-10-04T20:51:19Z</time></trkpt><trkpt lat="34.053395" lon="-118.009151"><ele>83.626</ele><time>2020-10-04T20:51:20Z</time></trkpt><trkpt lat="34.053456" lon="-118.009125"><ele>83.808</ele><time>2020-10-04T20:51:21Z</time></trkpt><trkpt lat="34.053524" lon="-118.009103"><ele>84.033</ele><time>2020-10-04T20:51:22Z</time></trkpt><trkpt lat="34.053581" lon="-118.009080"><ele>84.255</ele><time>2020-10-04T20:51:23Z</time></trkpt><trkpt lat="34.053647" lon="-118.009061"><ele>84.327</ele><time>2020-10-04T20:51:24Z</time></trkpt><trkpt lat="34.053716" lon="-118.009032"><ele>84.367</ele><time>2020-10-04T20:51:25Z</time></trkpt><trkpt lat="34.053782" lon="-118.009010"><ele>84.364</ele><time>2020-10-04T20:51:26Z</time></trkpt><trkpt lat="34.053849" lon="-118.008991"><ele>84.376</ele><time>2020-10-04T20:51:27Z</time></trkpt><trkpt lat="34.053916" lon="-118.008965"><ele>84.378</ele><time>2020-10-04T20:51:28Z</time></trkpt><trkpt lat="34.053982" lon="-118.008944"><ele>84.324</ele><time>2020-10-04T20:51:29Z</time></trkpt><trkpt lat="34.054051" lon="-118.008916"><ele>84.563</ele><time>2020-10-04T20:51:30Z</time></trkpt><trkpt lat="34.054118" lon="-118.008882"><ele>84.644</ele><time>2020-10-04T20:51:31Z</time></trkpt><trkpt lat="34.054183" lon="-118.008855"><ele>84.718</ele><time>2020-10-04T20:51:32Z</time></trkpt><trkpt lat="34.054248" lon="-118.008826"><ele>84.808</ele><time>2020-10-04T20:51:33Z</time></trkpt><trkpt lat="34.054317" lon="-118.008810"><ele>84.911</ele><time>2020-10-04T20:51:34Z</time></trkpt><trkpt lat="34.054387" lon="-118.008787"><ele>85.093</ele><time>2020-10-04T20:51:35Z</time></trkpt><trkpt lat="34.054449" lon="-118.008766"><ele>85.015</ele><time>2020-10-04T20:51:36Z</time></trkpt><trkpt lat="34.054512" lon="-118.008745"><ele>85.025</ele><time>2020-10-04T20:51:37Z</time></trkpt><trkpt lat="34.054585" lon="-118.008720"><ele>85.062</ele><time>2020-10-04T20:51:38Z</time></trkpt><trkpt lat="34.054649" lon="-118.008690"><ele>85.054</ele><time>2020-10-04T20:51:39Z</time></trkpt><trkpt lat="34.054709" lon="-118.008667"><ele>85.066</ele><time>2020-10-04T20:51:40Z</time></trkpt><trkpt lat="34.054783" lon="-118.008642"><ele>85.152</ele><time>2020-10-04T20:51:41Z</time></trkpt><trkpt lat="34.054852" lon="-118.008621"><ele>85.119</ele><time>2020-10-04T20:51:42Z</time></trkpt><trkpt lat="34.054918" lon="-118.008597"><ele>85.209</ele><time>2020-10-04T20:51:43Z</time></trkpt><trkpt lat="34.054986" lon="-118.008575"><ele>85.219</ele><time>2020-10-04T20:51:44Z</time></trkpt><trkpt lat="34.055052" lon="-118.008549"><ele>85.208</ele><time>2020-10-04T20:51:45Z</time></trkpt><trkpt lat="34.055116" lon="-118.008521"><ele>85.136</ele><time>2020-10-04T20:51:46Z</time></trkpt><trkpt lat="34.055179" lon="-118.008494"><ele>85.178</ele><time>2020-10-04T20:51:47Z</time></trkpt><trkpt lat="34.055247" lon="-118.008479"><ele>85.060</ele><time>2020-10-04T20:51:48Z</time></trkpt><trkpt lat="34.055313" lon="-118.008450"><ele>84.940</ele><time>2020-10-04T20:51:49Z</time></trkpt><trkpt lat="34.055382" lon="-118.008428"><ele>84.987</ele><time>2020-10-04T20:51:50Z</time></trkpt><trkpt lat="34.055456" lon="-118.008399"><ele>84.959</ele><time>2020-10-04T20:51:51Z</time></trkpt><trkpt lat="34.055520" lon="-118.008375"><ele>84.881</ele><time>2020-10-04T20:51:52Z</time></trkpt><trkpt lat="34.055594" lon="-118.008348"><ele>84.847</ele><time>2020-10-04T20:51:53Z</time></trkpt><trkpt lat="34.055661" lon="-118.008332"><ele>84.895</ele><time>2020-10-04T20:51:54Z</time></trkpt><trkpt lat="34.055736" lon="-118.008314"><ele>84.849</ele><time>2020-10-04T20:51:55Z</time></trkpt><trkpt lat="34.055804" lon="-118.008292"><ele>84.823</ele><time>2020-10-04T20:51:56Z</time></trkpt><trkpt lat="34.055880" lon="-118.008275"><ele>84.808</ele><time>2020-10-04T20:51:57Z</time></trkpt><trkpt lat="34.055947" lon="-118.008249"><ele>84.824</ele><time>2020-10-04T20:51:58Z</time></trkpt><trkpt lat="34.056014" lon="-118.008225"><ele>84.916</ele><time>2020-10-04T20:51:59Z</time></trkpt><trkpt lat="34.056081" lon="-118.008199"><ele>85.088</ele><time>2020-10-04T20:52:00Z</time></trkpt><trkpt lat="34.056153" lon="-118.008178"><ele>85.158</ele><time>2020-10-04T20:52:01Z</time></trkpt><trkpt lat="34.056215" lon="-118.008165"><ele>85.185</ele><time>2020-10-04T20:52:02Z</time></trkpt><trkpt lat="34.056282" lon="-118.008158"><ele>85.287</ele><time>2020-10-04T20:52:03Z</time></trkpt><trkpt lat="34.056351" lon="-118.008150"><ele>85.269</ele><time>2020-10-04T20:52:04Z</time></trkpt><trkpt lat="34.056424" lon="-118.008156"><ele>85.295</ele><time>2020-10-04T20:52:05Z</time></trkpt><trkpt lat="34.056489" lon="-118.008149"><ele>85.252</ele><time>2020-10-04T20:52:06Z</time></trkpt><trkpt lat="34.056564" lon="-118.008140"><ele>85.153</ele><time>2020-10-04T20:52:07Z</time></trkpt><trkpt lat="34.056641" lon="-118.008122"><ele>85.008</ele><time>2020-10-04T20:52:08Z</time></trkpt><trkpt lat="34.056717" lon="-118.008099"><ele>84.808</ele><time>2020-10-04T20:52:09Z</time></trkpt><trkpt lat="34.056793" lon="-118.008037"><ele>84.560</ele><time>2020-10-04T20:52:10Z</time></trkpt><trkpt lat="34.056869" lon="-118.007991"><ele>84.292</ele><time>2020-10-04T20:52:11Z</time></trkpt><trkpt lat="34.056932" lon="-118.007940"><ele>84.074</ele><time>2020-10-04T20:52:12Z</time></trkpt><trkpt lat="34.056995" lon="-118.007903"><ele>83.754</ele><time>2020-10-04T20:52:13Z</time></trkpt><trkpt lat="34.057062" lon="-118.007870"><ele>83.741</ele><time>2020-10-04T20:52:14Z</time></trkpt><trkpt lat="34.057131" lon="-118.007840"><ele>84.093</ele><time>2020-10-04T20:52:15Z</time></trkpt><trkpt lat="34.057195" lon="-118.007813"><ele>84.325</ele><time>2020-10-04T20:52:16Z</time></trkpt><trkpt lat="34.057253" lon="-118.007784"><ele>84.751</ele><time>2020-10-04T20:52:17Z</time></trkpt><trkpt lat="34.057316" lon="-118.007757"><ele>85.035</ele><time>2020-10-04T20:52:18Z</time></trkpt><trkpt lat="34.057381" lon="-118.007734"><ele>85.386</ele><time>2020-10-04T20:52:19Z</time></trkpt><trkpt lat="34.057446" lon="-118.007712"><ele>85.514</ele><time>2020-10-04T20:52:20Z</time></trkpt><trkpt lat="34.057514" lon="-118.007679"><ele>85.508</ele><time>2020-10-04T20:52:21Z</time></trkpt><trkpt lat="34.057585" lon="-118.007639"><ele>85.458</ele><time>2020-10-04T20:52:22Z</time></trkpt><trkpt lat="34.057653" lon="-118.007596"><ele>85.220</ele><time>2020-10-04T20:52:23Z</time></trkpt><trkpt lat="34.057729" lon="-118.007556"><ele>84.952</ele><time>2020-10-04T20:52:24Z</time></trkpt><trkpt lat="34.057803" lon="-118.007514"><ele>84.692</ele><time>2020-10-04T20:52:25Z</time></trkpt><trkpt lat="34.057889" lon="-118.007497"><ele>84.349</ele><time>2020-10-04T20:52:26Z</time></trkpt><trkpt lat="34.057967" lon="-118.007477"><ele>84.111</ele><time>2020-10-04T20:52:27Z</time></trkpt><trkpt lat="34.058048" lon="-118.007458"><ele>83.953</ele><time>2020-10-04T20:52:28Z</time></trkpt><trkpt lat="34.058122" lon="-118.007452"><ele>83.939</ele><time>2020-10-04T20:52:29Z</time></trkpt><trkpt lat="34.058192" lon="-118.007437"><ele>83.978</ele><time>2020-10-04T20:52:30Z</time></trkpt><trkpt lat="34.058266" lon="-118.007423"><ele>84.033</ele><time>2020-10-04T20:52:31Z</time></trkpt><trkpt lat="34.058335" lon="-118.007409"><ele>84.326</ele><time>2020-10-04T20:52:32Z</time></trkpt><trkpt lat="34.058401" lon="-118.007394"><ele>84.608</ele><time>2020-10-04T20:52:33Z</time></trkpt><trkpt lat="34.058464" lon="-118.007379"><ele>84.962</ele><time>2020-10-04T20:52:34Z</time></trkpt><trkpt lat="34.058528" lon="-118.007363"><ele>85.174</ele><time>2020-10-04T20:52:35Z</time></trkpt><trkpt lat="34.058592" lon="-118.007346"><ele>85.556</ele><time>2020-10-04T20:52:36Z</time></trkpt><trkpt lat="34.058656" lon="-118.007327"><ele>85.696</ele><time>2020-10-04T20:52:37Z</time></trkpt><trkpt lat="34.058721" lon="-118.007310"><ele>85.783</ele><time>2020-10-04T20:52:38Z</time></trkpt><trkpt lat="34.058784" lon="-118.007289"><ele>85.735</ele><time>2020-10-04T20:52:39Z</time></trkpt><trkpt lat="34.058850" lon="-118.007270"><ele>85.797</ele><time>2020-10-04T20:52:40Z</time></trkpt><trkpt lat="34.058918" lon="-118.007252"><ele>85.623</ele><time>2020-10-04T20:52:41Z</time></trkpt><trkpt lat="34.058982" lon="-118.007229"><ele>85.659</ele><time>2020-10-04T20:52:42Z</time></trkpt><trkpt lat="34.059047" lon="-118.007202"><ele>85.603</ele><time>2020-10-04T20:52:43Z</time></trkpt><trkpt lat="34.059110" lon="-118.007174"><ele>85.623</ele><time>2020-10-04T20:52:44Z</time></trkpt><trkpt lat="34.059173" lon="-118.007150"><ele>85.608</ele><time>2020-10-04T20:52:45Z</time></trkpt><trkpt lat="34.059239" lon="-118.007126"><ele>85.710</ele><time>2020-10-04T20:52:46Z</time></trkpt><trkpt lat="34.059299" lon="-118.007108"><ele>85.872</ele><time>2020-10-04T20:52:47Z</time></trkpt><trkpt lat="34.059366" lon="-118.007082"><ele>85.854</ele><time>2020-10-04T20:52:48Z</time></trkpt><trkpt lat="34.059432" lon="-118.007058"><ele>85.874</ele><time>2020-10-04T20:52:49Z</time></trkpt><trkpt lat="34.059502" lon="-118.007039"><ele>85.871</ele><time>2020-10-04T20:52:50Z</time></trkpt><trkpt lat="34.059568" lon="-118.007017"><ele>85.853</ele><time>2020-10-04T20:52:51Z</time></trkpt><trkpt lat="34.059635" lon="-118.006993"><ele>85.845</ele><time>2020-10-04T20:52:52Z</time></trkpt><trkpt lat="34.059700" lon="-118.006967"><ele>85.841</ele><time>2020-10-04T20:52:53Z</time></trkpt><trkpt lat="34.059770" lon="-118.006943"><ele>85.893</ele><time>2020-10-04T20:52:54Z</time></trkpt><trkpt lat="34.059834" lon="-118.006921"><ele>86.065</ele><time>2020-10-04T20:52:55Z</time></trkpt><trkpt lat="34.059895" lon="-118.006895"><ele>86.021</ele><time>2020-10-04T20:52:56Z</time></trkpt><trkpt lat="34.059956" lon="-118.006873"><ele>86.208</ele><time>2020-10-04T20:52:57Z</time></trkpt><trkpt lat="34.060024" lon="-118.006854"><ele>86.354</ele><time>2020-10-04T20:52:58Z</time></trkpt><trkpt lat="34.060097" lon="-118.006836"><ele>86.356</ele><time>2020-10-04T20:52:59Z</time></trkpt><trkpt lat="34.060166" lon="-118.006809"><ele>86.468</ele><time>2020-10-04T20:53:00Z</time></trkpt><trkpt lat="34.060237" lon="-118.006796"><ele>86.568</ele><time>2020-10-04T20:53:01Z</time></trkpt><trkpt lat="34.060304" lon="-118.006768"><ele>86.645</ele><time>2020-10-04T20:53:02Z</time></trkpt><trkpt lat="34.060368" lon="-118.006737"><ele>86.717</ele><time>2020-10-04T20:53:03Z</time></trkpt><trkpt lat="34.060433" lon="-118.006716"><ele>86.739</ele><time>2020-10-04T20:53:04Z</time></trkpt><trkpt lat="34.060498" lon="-118.006696"><ele>86.765</ele><time>2020-10-04T20:53:05Z</time></trkpt><trkpt lat="34.060564" lon="-118.006676"><ele>86.727</ele><time>2020-10-04T20:53:06Z</time></trkpt><trkpt lat="34.060630" lon="-118.006654"><ele>86.668</ele><time>2020-10-04T20:53:07Z</time></trkpt><trkpt lat="34.060691" lon="-118.006633"><ele>86.614</ele><time>2020-10-04T20:53:08Z</time></trkpt><trkpt lat="34.060760" lon="-118.006613"><ele>86.508</ele><time>2020-10-04T20:53:09Z</time></trkpt><trkpt lat="34.060827" lon="-118.006590"><ele>86.577</ele><time>2020-10-04T20:53:10Z</time></trkpt><trkpt lat="34.060893" lon="-118.006566"><ele>86.479</ele><time>2020-10-04T20:53:11Z</time></trkpt><trkpt lat="34.060953" lon="-118.006544"><ele>86.341</ele><time>2020-10-04T20:53:12Z</time></trkpt><trkpt lat="34.061013" lon="-118.006525"><ele>86.371</ele><time>2020-10-04T20:53:13Z</time></trkpt><trkpt lat="34.061079" lon="-118.006493"><ele>86.318</ele><time>2020-10-04T20:53:14Z</time></trkpt><trkpt lat="34.061149" lon="-118.006471"><ele>86.370</ele><time>2020-10-04T20:53:15Z</time></trkpt><trkpt lat="34.061218" lon="-118.006447"><ele>86.482</ele><time>2020-10-04T20:53:16Z</time></trkpt><trkpt lat="34.061287" lon="-118.006427"><ele>86.428</ele><time>2020-10-04T20:53:17Z</time></trkpt><trkpt lat="34.061354" lon="-118.006400"><ele>86.417</ele><time>2020-10-04T20:53:18Z</time></trkpt><trkpt lat="34.061424" lon="-118.006382"><ele>86.387</ele><time>2020-10-04T20:53:19Z</time></trkpt><trkpt lat="34.061493" lon="-118.006361"><ele>86.315</ele><time>2020-10-04T20:53:20Z</time></trkpt><trkpt lat="34.061557" lon="-118.006332"><ele>86.308</ele><time>2020-10-04T20:53:21Z</time></trkpt><trkpt lat="34.061623" lon="-118.006312"><ele>86.366</ele><time>2020-10-04T20:53:22Z</time></trkpt><trkpt lat="34.061685" lon="-118.006284"><ele>86.398</ele><time>2020-10-04T20:53:23Z</time></trkpt><trkpt lat="34.061751" lon="-118.006255"><ele>86.340</ele><time>2020-10-04T20:53:24Z</time></trkpt><trkpt lat="34.061819" lon="-118.006235"><ele>86.360</ele><time>2020-10-04T20:53:25Z</time></trkpt><trkpt lat="34.061885" lon="-118.006207"><ele>86.417</ele><time>2020-10-04T20:53:26Z</time></trkpt><trkpt lat="34.061952" lon="-118.006174"><ele>86.439</ele><time>2020-10-04T20:53:27Z</time></trkpt><trkpt lat="34.062016" lon="-118.006154"><ele>86.431</ele><time>2020-10-04T20:53:28Z</time></trkpt><trkpt lat="34.062080" lon="-118.006132"><ele>86.467</ele><time>2020-10-04T20:53:29Z</time></trkpt><trkpt lat="34.062142" lon="-118.006112"><ele>86.364</ele><time>2020-10-04T20:53:30Z</time></trkpt><trkpt lat="34.062209" lon="-118.006087"><ele>86.306</ele><time>2020-10-04T20:53:31Z</time></trkpt><trkpt lat="34.062270" lon="-118.006069"><ele>86.316</ele><time>2020-10-04T20:53:32Z</time></trkpt><trkpt lat="34.062329" lon="-118.006051"><ele>86.508</ele><time>2020-10-04T20:53:33Z</time></trkpt><trkpt lat="34.062385" lon="-118.006035"><ele>86.731</ele><time>2020-10-04T20:53:34Z</time></trkpt><trkpt lat="34.062442" lon="-118.006009"><ele>87.033</ele><time>2020-10-04T20:53:35Z</time></trkpt><trkpt lat="34.062501" lon="-118.005984"><ele>87.465</ele><time>2020-10-04T20:53:36Z</time></trkpt><trkpt lat="34.062561" lon="-118.005948"><ele>87.885</ele><time>2020-10-04T20:53:37Z</time></trkpt><trkpt lat="34.062622" lon="-118.005915"><ele>88.052</ele><time>2020-10-04T20:53:38Z</time></trkpt><trkpt lat="34.062682" lon="-118.005898"><ele>88.294</ele><time>2020-10-04T20:53:39Z</time></trkpt><trkpt lat="34.062749" lon="-118.005877"><ele>88.396</ele><time>2020-10-04T20:53:40Z</time></trkpt><trkpt lat="34.062810" lon="-118.005857"><ele>88.332</ele><time>2020-10-04T20:53:41Z</time></trkpt><trkpt lat="34.062880" lon="-118.005839"><ele>88.374</ele><time>2020-10-04T20:53:42Z</time></trkpt><trkpt lat="34.062952" lon="-118.005818"><ele>88.356</ele><time>2020-10-04T20:53:43Z</time></trkpt><trkpt lat="34.063010" lon="-118.005794"><ele>88.321</ele><time>2020-10-04T20:53:44Z</time></trkpt><trkpt lat="34.063074" lon="-118.005777"><ele>88.308</ele><time>2020-10-04T20:53:45Z</time></trkpt><trkpt lat="34.063140" lon="-118.005757"><ele>88.392</ele><time>2020-10-04T20:53:46Z</time></trkpt><trkpt lat="34.063206" lon="-118.005735"><ele>88.414</ele><time>2020-10-04T20:53:47Z</time></trkpt><trkpt lat="34.063277" lon="-118.005717"><ele>88.466</ele><time>2020-10-04T20:53:48Z</time></trkpt><trkpt lat="34.063343" lon="-118.005701"><ele>88.426</ele><time>2020-10-04T20:53:49Z</time></trkpt><trkpt lat="34.063414" lon="-118.005689"><ele>88.543</ele><time>2020-10-04T20:53:50Z</time></trkpt><trkpt lat="34.063485" lon="-118.005693"><ele>88.615</ele><time>2020-10-04T20:53:51Z</time></trkpt><trkpt lat="34.063548" lon="-118.005686"><ele>88.857</ele><time>2020-10-04T20:53:52Z</time></trkpt><trkpt lat="34.063620" lon="-118.005667"><ele>88.913</ele><time>2020-10-04T20:53:53Z</time></trkpt><trkpt lat="34.063690" lon="-118.005647"><ele>89.076</ele><time>2020-10-04T20:53:54Z</time></trkpt><trkpt lat="34.063757" lon="-118.005625"><ele>89.090</ele><time>2020-10-04T20:53:55Z</time></trkpt><trkpt lat="34.063822" lon="-118.005598"><ele>89.019</ele><time>2020-10-04T20:53:56Z</time></trkpt><trkpt lat="34.063882" lon="-118.005562"><ele>89.008</ele><time>2020-10-04T20:53:57Z</time></trkpt><trkpt lat="34.063944" lon="-118.005523"><ele>89.082</ele><time>2020-10-04T20:53:58Z</time></trkpt><trkpt lat="34.064015" lon="-118.005487"><ele>88.984</ele><time>2020-10-04T20:53:59Z</time></trkpt><trkpt lat="34.064091" lon="-118.005455"><ele>88.896</ele><time>2020-10-04T20:54:00Z</time></trkpt><trkpt lat="34.064168" lon="-118.005410"><ele>88.566</ele><time>2020-10-04T20:54:01Z</time></trkpt><trkpt lat="34.064245" lon="-118.005370"><ele>87.893</ele><time>2020-10-04T20:54:02Z</time></trkpt><trkpt lat="34.064307" lon="-118.005337"><ele>87.525</ele><time>2020-10-04T20:54:03Z</time></trkpt><trkpt lat="34.064374" lon="-118.005299"><ele>87.297</ele><time>2020-10-04T20:54:04Z</time></trkpt><trkpt lat="34.064438" lon="-118.005263"><ele>87.163</ele><time>2020-10-04T20:54:05Z</time></trkpt><trkpt lat="34.064512" lon="-118.005249"><ele>87.188</ele><time>2020-10-04T20:54:06Z</time></trkpt><trkpt lat="34.064628" lon="-118.005290"><ele>87.124</ele><time>2020-10-04T20:54:07Z</time></trkpt><trkpt lat="34.064715" lon="-118.005282"><ele>87.226</ele><time>2020-10-04T20:54:08Z</time></trkpt><trkpt lat="34.064816" lon="-118.005277"><ele>87.408</ele><time>2020-10-04T20:54:09Z</time></trkpt><trkpt lat="34.064888" lon="-118.005248"><ele>87.533</ele><time>2020-10-04T20:54:10Z</time></trkpt><trkpt lat="34.064944" lon="-118.005222"><ele>87.855</ele><time>2020-10-04T20:54:11Z</time></trkpt><trkpt lat="34.065004" lon="-118.005178"><ele>88.197</ele><time>2020-10-04T20:54:12Z</time></trkpt><trkpt lat="34.065059" lon="-118.005140"><ele>88.447</ele><time>2020-10-04T20:54:13Z</time></trkpt><trkpt lat="34.065117" lon="-118.005095"><ele>88.794</ele><time>2020-10-04T20:54:14Z</time></trkpt><trkpt lat="34.065176" lon="-118.005058"><ele>89.026</ele><time>2020-10-04T20:54:15Z</time></trkpt><trkpt lat="34.065241" lon="-118.005028"><ele>89.148</ele><time>2020-10-04T20:54:16Z</time></trkpt><trkpt lat="34.065304" lon="-118.005012"><ele>89.254</ele><time>2020-10-04T20:54:17Z</time></trkpt><trkpt lat="34.065370" lon="-118.004989"><ele>89.418</ele><time>2020-10-04T20:54:18Z</time></trkpt><trkpt lat="34.065436" lon="-118.004961"><ele>89.498</ele><time>2020-10-04T20:54:19Z</time></trkpt><trkpt lat="34.065496" lon="-118.004938"><ele>89.517</ele><time>2020-10-04T20:54:20Z</time></trkpt><trkpt lat="34.065566" lon="-118.004911"><ele>89.608</ele><time>2020-10-04T20:54:21Z</time></trkpt><trkpt lat="34.065640" lon="-118.004891"><ele>89.616</ele><time>2020-10-04T20:54:22Z</time></trkpt><trkpt lat="34.065709" lon="-118.004871"><ele>89.658</ele><time>2020-10-04T20:54:23Z</time></trkpt><trkpt lat="34.065777" lon="-118.004840"><ele>89.670</ele><time>2020-10-04T20:54:24Z</time></trkpt><trkpt lat="34.065840" lon="-118.004819"><ele>89.660</ele><time>2020-10-04T20:54:25Z</time></trkpt><trkpt lat="34.065906" lon="-118.004805"><ele>89.647</ele><time>2020-10-04T20:54:26Z</time></trkpt><trkpt lat="34.065977" lon="-118.004782"><ele>89.619</ele><time>2020-10-04T20:54:27Z</time></trkpt><trkpt lat="34.066046" lon="-118.004750"><ele>89.671</ele><time>2020-10-04T20:54:28Z</time></trkpt><trkpt lat="34.066116" lon="-118.004724"><ele>89.617</ele><time>2020-10-04T20:54:29Z</time></trkpt><trkpt lat="34.066188" lon="-118.004702"><ele>89.689</ele><time>2020-10-04T20:54:30Z</time></trkpt><trkpt lat="34.066259" lon="-118.004675"><ele>89.606</ele><time>2020-10-04T20:54:31Z</time></trkpt><trkpt lat="34.066329" lon="-118.004653"><ele>89.626</ele><time>2020-10-04T20:54:32Z</time></trkpt><trkpt lat="34.066395" lon="-118.004634"><ele>89.708</ele><time>2020-10-04T20:54:33Z</time></trkpt><trkpt lat="34.066466" lon="-118.004617"><ele>89.783</ele><time>2020-10-04T20:54:34Z</time></trkpt><trkpt lat="34.066537" lon="-118.004588"><ele>89.845</ele><time>2020-10-04T20:54:35Z</time></trkpt><trkpt lat="34.066609" lon="-118.004561"><ele>89.967</ele><time>2020-10-04T20:54:36Z</time></trkpt><trkpt lat="34.066672" lon="-118.004537"><ele>90.097</ele><time>2020-10-04T20:54:37Z</time></trkpt><trkpt lat="34.066742" lon="-118.004512"><ele>90.164</ele><time>2020-10-04T20:54:38Z</time></trkpt><trkpt lat="34.066810" lon="-118.004482"><ele>90.176</ele><time>2020-10-04T20:54:39Z</time></trkpt><trkpt lat="34.066879" lon="-118.004466"><ele>90.128</ele><time>2020-10-04T20:54:40Z</time></trkpt><trkpt lat="34.066949" lon="-118.004443"><ele>90.094</ele><time>2020-10-04T20:54:41Z</time></trkpt><trkpt lat="34.067023" lon="-118.004419"><ele>89.987</ele><time>2020-10-04T20:54:42Z</time></trkpt><trkpt lat="34.067089" lon="-118.004392"><ele>89.742</ele><time>2020-10-04T20:54:43Z</time></trkpt><trkpt lat="34.067157" lon="-118.004370"><ele>89.726</ele><time>2020-10-04T20:54:44Z</time></trkpt><trkpt lat="34.067223" lon="-118.004348"><ele>89.808</ele><time>2020-10-04T20:54:45Z</time></trkpt><trkpt lat="34.067292" lon="-118.004321"><ele>89.983</ele><time>2020-10-04T20:54:46Z</time></trkpt><trkpt lat="34.067355" lon="-118.004299"><ele>90.035</ele><time>2020-10-04T20:54:47Z</time></trkpt><trkpt lat="34.067427" lon="-118.004273"><ele>90.187</ele><time>2020-10-04T20:54:48Z</time></trkpt><trkpt lat="34.067501" lon="-118.004253"><ele>90.227</ele><time>2020-10-04T20:54:49Z</time></trkpt><trkpt lat="34.067571" lon="-118.004231"><ele>90.244</ele><time>2020-10-04T20:54:50Z</time></trkpt><trkpt lat="34.067640" lon="-118.004210"><ele>90.266</ele><time>2020-10-04T20:54:51Z</time></trkpt><trkpt lat="34.067705" lon="-118.004190"><ele>90.288</ele><time>2020-10-04T20:54:52Z</time></trkpt><trkpt lat="34.067778" lon="-118.004171"><ele>90.294</ele><time>2020-10-04T20:54:53Z</time></trkpt><trkpt lat="34.067840" lon="-118.004145"><ele>90.195</ele><time>2020-10-04T20:54:54Z</time></trkpt><trkpt lat="34.067911" lon="-118.004121"><ele>90.049</ele><time>2020-10-04T20:54:55Z</time></trkpt><trkpt lat="34.067977" lon="-118.004089"><ele>89.923</ele><time>2020-10-04T20:54:56Z</time></trkpt><trkpt lat="34.068042" lon="-118.004068"><ele>89.808</ele><time>2020-10-04T20:54:57Z</time></trkpt><trkpt lat="34.068113" lon="-118.004048"><ele>89.774</ele><time>2020-10-04T20:54:58Z</time></trkpt><trkpt lat="34.068173" lon="-118.004023"><ele>89.756</ele><time>2020-10-04T20:54:59Z</time></trkpt><trkpt lat="34.068240" lon="-118.004002"><ele>89.728</ele><time>2020-10-04T20:55:00Z</time></trkpt><trkpt lat="34.068314" lon="-118.003985"><ele>89.858</ele><time>2020-10-04T20:55:01Z</time></trkpt><trkpt lat="34.068379" lon="-118.003967"><ele>89.945</ele><time>2020-10-04T20:55:02Z</time></trkpt><trkpt lat="34.068451" lon="-118.003946"><ele>89.977</ele><time>2020-10-04T20:55:03Z</time></trkpt><trkpt lat="34.068514" lon="-118.003919"><ele>89.919</ele><time>2020-10-04T20:55:04Z</time></trkpt><trkpt lat="34.068584" lon="-118.003896"><ele>89.955</ele><time>2020-10-04T20:55:05Z</time></trkpt><trkpt lat="34.068653" lon="-118.003872"><ele>90.033</ele><time>2020-10-04T20:55:06Z</time></trkpt><trkpt lat="34.068726" lon="-118.003852"><ele>90.023</ele><time>2020-10-04T20:55:07Z</time></trkpt><trkpt lat="34.068792" lon="-118.003824"><ele>90.015</ele><time>2020-10-04T20:55:08Z</time></trkpt><trkpt lat="34.068860" lon="-118.003801"><ele>90.008</ele><time>2020-10-04T20:55:09Z</time></trkpt><trkpt lat="34.068931" lon="-118.003782"><ele>90.088</ele><time>2020-10-04T20:55:10Z</time></trkpt><trkpt lat="34.068998" lon="-118.003755"><ele>90.070</ele><time>2020-10-04T20:55:11Z</time></trkpt><trkpt lat="34.069064" lon="-118.003730"><ele>89.922</ele><time>2020-10-04T20:55:12Z</time></trkpt><trkpt lat="34.069128" lon="-118.003708"><ele>89.992</ele><time>2020-10-04T20:55:13Z</time></trkpt><trkpt lat="34.069195" lon="-118.003690"><ele>89.929</ele><time>2020-10-04T20:55:14Z</time></trkpt><trkpt lat="34.069268" lon="-118.003663"><ele>89.811</ele><time>2020-10-04T20:55:15Z</time></trkpt><trkpt lat="34.069328" lon="-118.003638"><ele>89.863</ele><time>2020-10-04T20:55:16Z</time></trkpt><trkpt lat="34.069396" lon="-118.003610"><ele>89.869</ele><time>2020-10-04T20:55:17Z</time></trkpt><trkpt lat="34.069459" lon="-118.003591"><ele>89.896</ele><time>2020-10-04T20:55:18Z</time></trkpt><trkpt lat="34.069525" lon="-118.003574"><ele>89.831</ele><time>2020-10-04T20:55:19Z</time></trkpt><trkpt lat="34.069585" lon="-118.003543"><ele>89.824</ele><time>2020-10-04T20:55:20Z</time></trkpt><trkpt lat="34.069656" lon="-118.003529"><ele>89.808</ele><time>2020-10-04T20:55:21Z</time></trkpt><trkpt lat="34.069725" lon="-118.003505"><ele>89.864</ele><time>2020-10-04T20:55:22Z</time></trkpt><trkpt lat="34.069795" lon="-118.003478"><ele>89.846</ele><time>2020-10-04T20:55:23Z</time></trkpt><trkpt lat="34.069868" lon="-118.003459"><ele>89.898</ele><time>2020-10-04T20:55:24Z</time></trkpt><trkpt lat="34.069937" lon="-118.003434"><ele>89.838</ele><time>2020-10-04T20:55:25Z</time></trkpt><trkpt lat="34.070007" lon="-118.003407"><ele>89.865</ele><time>2020-10-04T20:55:26Z</time></trkpt><trkpt lat="34.070079" lon="-118.003381"><ele>90.027</ele><time>2020-10-04T20:55:27Z</time></trkpt><trkpt lat="34.070147" lon="-118.003353"><ele>90.189</ele><time>2020-10-04T20:55:28Z</time></trkpt><trkpt lat="34.070219" lon="-118.003328"><ele>90.275</ele><time>2020-10-04T20:55:29Z</time></trkpt><trkpt lat="34.070287" lon="-118.003305"><ele>90.236</ele><time>2020-10-04T20:55:30Z</time></trkpt><trkpt lat="34.070353" lon="-118.003283"><ele>90.217</ele><time>2020-10-04T20:55:31Z</time></trkpt><trkpt lat="34.070419" lon="-118.003257"><ele>90.218</ele><time>2020-10-04T20:55:32Z</time></trkpt><trkpt lat="34.070488" lon="-118.003237"><ele>90.308</ele><time>2020-10-04T20:55:33Z</time></trkpt><trkpt lat="34.070560" lon="-118.003215"><ele>90.368</ele><time>2020-10-04T20:55:34Z</time></trkpt><trkpt lat="34.070625" lon="-118.003189"><ele>90.430</ele><time>2020-10-04T20:55:35Z</time></trkpt><trkpt lat="34.070694" lon="-118.003167"><ele>90.562</ele><time>2020-10-04T20:55:36Z</time></trkpt><trkpt lat="34.070760" lon="-118.003142"><ele>90.582</ele><time>2020-10-04T20:55:37Z</time></trkpt><trkpt lat="34.070827" lon="-118.003122"><ele>90.549</ele><time>2020-10-04T20:55:38Z</time></trkpt><trkpt lat="34.070888" lon="-118.003099"><ele>90.531</ele><time>2020-10-04T20:55:39Z</time></trkpt><trkpt lat="34.070952" lon="-118.003080"><ele>90.643</ele><time>2020-10-04T20:55:40Z</time></trkpt><trkpt lat="34.071021" lon="-118.003054"><ele>90.749</ele><time>2020-10-04T20:55:41Z</time></trkpt><trkpt lat="34.071090" lon="-118.003018"><ele>90.718</ele><time>2020-10-04T20:55:42Z</time></trkpt><trkpt lat="34.071158" lon="-118.002997"><ele>90.898</ele><time>2020-10-04T20:55:43Z</time></trkpt><trkpt lat="34.071223" lon="-118.002974"><ele>90.817</ele><time>2020-10-04T20:55:44Z</time></trkpt><trkpt lat="34.071289" lon="-118.002954"><ele>90.808</ele><time>2020-10-04T20:55:45Z</time></trkpt><trkpt lat="34.071361" lon="-118.002939"><ele>90.886</ele><time>2020-10-04T20:55:46Z</time></trkpt><trkpt lat="34.071431" lon="-118.002918"><ele>90.718</ele><time>2020-10-04T20:55:47Z</time></trkpt><trkpt lat="34.071497" lon="-118.002894"><ele>90.610</ele><time>2020-10-04T20:55:48Z</time></trkpt><trkpt lat="34.071558" lon="-118.002869"><ele>90.420</ele><time>2020-10-04T20:55:49Z</time></trkpt><trkpt lat="34.071618" lon="-118.002846"><ele>90.487</ele><time>2020-10-04T20:55:50Z</time></trkpt><trkpt lat="34.071685" lon="-118.002824"><ele>90.489</ele><time>2020-10-04T20:55:51Z</time></trkpt><trkpt lat="34.071752" lon="-118.002804"><ele>90.461</ele><time>2020-10-04T20:55:52Z</time></trkpt><trkpt lat="34.071817" lon="-118.002782"><ele>90.497</ele><time>2020-10-04T20:55:53Z</time></trkpt><trkpt lat="34.071882" lon="-118.002762"><ele>90.464</ele><time>2020-10-04T20:55:54Z</time></trkpt><trkpt lat="34.071947" lon="-118.002740"><ele>90.406</ele><time>2020-10-04T20:55:55Z</time></trkpt><trkpt lat="34.072016" lon="-118.002717"><ele>90.416</ele><time>2020-10-04T20:55:56Z</time></trkpt><trkpt lat="34.072074" lon="-118.002692"><ele>90.408</ele><time>2020-10-04T20:55:57Z</time></trkpt><trkpt lat="34.072140" lon="-118.002673"><ele>90.491</ele><time>2020-10-04T20:55:58Z</time></trkpt><trkpt lat="34.072205" lon="-118.002649"><ele>90.433</ele><time>2020-10-04T20:55:59Z</time></trkpt><trkpt lat="34.072274" lon="-118.002633"><ele>90.475</ele><time>2020-10-04T20:56:00Z</time></trkpt><trkpt lat="34.072337" lon="-118.002607"><ele>90.475</ele><time>2020-10-04T20:56:01Z</time></trkpt><trkpt lat="34.072403" lon="-118.002585"><ele>90.482</ele><time>2020-10-04T20:56:02Z</time></trkpt><trkpt lat="34.072470" lon="-118.002566"><ele>90.424</ele><time>2020-10-04T20:56:03Z</time></trkpt><trkpt lat="34.072530" lon="-118.002543"><ele>90.516</ele><time>2020-10-04T20:56:04Z</time></trkpt><trkpt lat="34.072599" lon="-118.002525"><ele>90.532</ele><time>2020-10-04T20:56:05Z</time></trkpt><trkpt lat="34.072667" lon="-118.002502"><ele>90.598</ele><time>2020-10-04T20:56:06Z</time></trkpt><trkpt lat="34.072734" lon="-118.002474"><ele>90.515</ele><time>2020-10-04T20:56:07Z</time></trkpt><trkpt lat="34.072804" lon="-118.002443"><ele>90.526</ele><time>2020-10-04T20:56:08Z</time></trkpt><trkpt lat="34.072862" lon="-118.002420"><ele>90.508</ele><time>2020-10-04T20:56:09Z</time></trkpt><trkpt lat="34.072918" lon="-118.002400"><ele>90.664</ele><time>2020-10-04T20:56:10Z</time></trkpt><trkpt lat="34.072966" lon="-118.002376"><ele>91.176</ele><time>2020-10-04T20:56:11Z</time></trkpt><trkpt lat="34.073045" lon="-118.002353"><ele>91.958</ele><time>2020-10-04T20:56:13Z</time></trkpt><trkpt lat="34.073087" lon="-118.002331"><ele>92.488</ele><time>2020-10-04T20:56:15Z</time></trkpt><trkpt lat="34.073139" lon="-118.002345"><ele>92.765</ele><time>2020-10-04T20:58:02Z</time></trkpt><trkpt lat="34.073189" lon="-118.002340"><ele>92.757</ele><time>2020-10-04T20:58:04Z</time></trkpt><trkpt lat="34.073253" lon="-118.002312"><ele>92.719</ele><time>2020-10-04T20:58:06Z</time></trkpt><trkpt lat="34.073328" lon="-118.002285"><ele>92.755</ele><time>2020-10-04T20:58:08Z</time></trkpt><trkpt lat="34.073373" lon="-118.002272"><ele>92.756</ele><time>2020-10-04T20:58:09Z</time></trkpt><trkpt lat="34.073418" lon="-118.002256"><ele>92.759</ele><time>2020-10-04T20:58:10Z</time></trkpt><trkpt lat="34.073462" lon="-118.002238"><ele>92.714</ele><time>2020-10-04T20:58:11Z</time></trkpt><trkpt lat="34.073509" lon="-118.002212"><ele>92.708</ele><time>2020-10-04T20:58:12Z</time></trkpt><trkpt lat="34.073556" lon="-118.002190"><ele>92.850</ele><time>2020-10-04T20:58:13Z</time></trkpt><trkpt lat="34.073606" lon="-118.002176"><ele>92.952</ele><time>2020-10-04T20:58:14Z</time></trkpt><trkpt lat="34.073657" lon="-118.002158"><ele>93.034</ele><time>2020-10-04T20:58:15Z</time></trkpt><trkpt lat="34.073711" lon="-118.002144"><ele>93.124</ele><time>2020-10-04T20:58:16Z</time></trkpt><trkpt lat="34.073770" lon="-118.002132"><ele>93.291</ele><time>2020-10-04T20:58:17Z</time></trkpt><trkpt lat="34.073826" lon="-118.002116"><ele>93.323</ele><time>2020-10-04T20:58:18Z</time></trkpt><trkpt lat="34.073880" lon="-118.002099"><ele>93.475</ele><time>2020-10-04T20:58:19Z</time></trkpt><trkpt lat="34.073933" lon="-118.002076"><ele>93.451</ele><time>2020-10-04T20:58:20Z</time></trkpt><trkpt lat="34.073987" lon="-118.002052"><ele>93.493</ele><time>2020-10-04T20:58:21Z</time></trkpt><trkpt lat="34.074038" lon="-118.002031"><ele>93.465</ele><time>2020-10-04T20:58:22Z</time></trkpt><trkpt lat="34.074091" lon="-118.002015"><ele>93.421</ele><time>2020-10-04T20:58:23Z</time></trkpt><trkpt lat="34.074145" lon="-118.002002"><ele>93.508</ele><time>2020-10-04T20:58:24Z</time></trkpt><trkpt lat="34.074199" lon="-118.001977"><ele>93.634</ele><time>2020-10-04T20:58:25Z</time></trkpt><trkpt lat="34.074259" lon="-118.001963"><ele>93.786</ele><time>2020-10-04T20:58:26Z</time></trkpt><trkpt lat="34.074314" lon="-118.001943"><ele>93.818</ele><time>2020-10-04T20:58:27Z</time></trkpt><trkpt lat="34.074376" lon="-118.001915"><ele>93.858</ele><time>2020-10-04T20:58:28Z</time></trkpt><trkpt lat="34.074427" lon="-118.001899"><ele>93.965</ele><time>2020-10-04T20:58:29Z</time></trkpt><trkpt lat="34.074491" lon="-118.001877"><ele>93.937</ele><time>2020-10-04T20:58:30Z</time></trkpt><trkpt lat="34.074551" lon="-118.001846"><ele>93.979</ele><time>2020-10-04T20:58:31Z</time></trkpt><trkpt lat="34.074612" lon="-118.001829"><ele>93.995</ele><time>2020-10-04T20:58:32Z</time></trkpt><trkpt lat="34.074675" lon="-118.001809"><ele>93.918</ele><time>2020-10-04T20:58:33Z</time></trkpt><trkpt lat="34.074735" lon="-118.001789"><ele>93.998</ele><time>2020-10-04T20:58:34Z</time></trkpt><trkpt lat="34.074796" lon="-118.001761"><ele>93.917</ele><time>2020-10-04T20:58:35Z</time></trkpt><trkpt lat="34.074858" lon="-118.001743"><ele>93.908</ele><time>2020-10-04T20:58:36Z</time></trkpt><trkpt lat="34.074920" lon="-118.001727"><ele>93.976</ele><time>2020-10-04T20:58:37Z</time></trkpt><trkpt lat="34.074978" lon="-118.001708"><ele>93.958</ele><time>2020-10-04T20:58:38Z</time></trkpt><trkpt lat="34.075041" lon="-118.001688"><ele>93.910</ele><time>2020-10-04T20:58:39Z</time></trkpt><trkpt lat="34.075099" lon="-118.001666"><ele>93.940</ele><time>2020-10-04T20:58:40Z</time></trkpt><trkpt lat="34.075165" lon="-118.001654"><ele>93.927</ele><time>2020-10-04T20:58:41Z</time></trkpt><trkpt lat="34.075229" lon="-118.001637"><ele>93.949</ele><time>2020-10-04T20:58:42Z</time></trkpt><trkpt lat="34.075288" lon="-118.001624"><ele>93.941</ele><time>2020-10-04T20:58:43Z</time></trkpt><trkpt lat="34.075347" lon="-118.001606"><ele>93.937</ele><time>2020-10-04T20:58:44Z</time></trkpt><trkpt lat="34.075410" lon="-118.001589"><ele>93.939</ele><time>2020-10-04T20:58:45Z</time></trkpt><trkpt lat="34.075473" lon="-118.001565"><ele>93.901</ele><time>2020-10-04T20:58:46Z</time></trkpt><trkpt lat="34.075537" lon="-118.001546"><ele>93.921</ele><time>2020-10-04T20:58:47Z</time></trkpt><trkpt lat="34.075599" lon="-118.001537"><ele>93.808</ele><time>2020-10-04T20:58:48Z</time></trkpt><trkpt lat="34.075661" lon="-118.001525"><ele>93.848</ele><time>2020-10-04T20:58:49Z</time></trkpt><trkpt lat="34.075723" lon="-118.001511"><ele>93.820</ele><time>2020-10-04T20:58:50Z</time></trkpt><trkpt lat="34.075779" lon="-118.001492"><ele>93.882</ele><time>2020-10-04T20:58:51Z</time></trkpt><trkpt lat="34.075835" lon="-118.001479"><ele>93.822</ele><time>2020-10-04T20:58:52Z</time></trkpt><trkpt lat="34.075895" lon="-118.001458"><ele>93.979</ele><time>2020-10-04T20:58:53Z</time></trkpt><trkpt lat="34.075971" lon="-118.001438"><ele>94.061</ele><time>2020-10-04T20:58:54Z</time></trkpt><trkpt lat="34.076026" lon="-118.001429"><ele>94.233</ele><time>2020-10-04T20:58:55Z</time></trkpt><trkpt lat="34.076088" lon="-118.001418"><ele>94.449</ele><time>2020-10-04T20:58:56Z</time></trkpt><trkpt lat="34.076148" lon="-118.001410"><ele>94.612</ele><time>2020-10-04T20:58:57Z</time></trkpt><trkpt lat="34.076211" lon="-118.001407"><ele>94.832</ele><time>2020-10-04T20:58:58Z</time></trkpt><trkpt lat="34.076269" lon="-118.001410"><ele>94.805</ele><time>2020-10-04T20:58:59Z</time></trkpt><trkpt lat="34.076328" lon="-118.001411"><ele>94.808</ele><time>2020-10-04T20:59:00Z</time></trkpt><trkpt lat="34.076388" lon="-118.001404"><ele>94.746</ele><time>2020-10-04T20:59:01Z</time></trkpt><trkpt lat="34.076452" lon="-118.001382"><ele>94.728</ele><time>2020-10-04T20:59:02Z</time></trkpt><trkpt lat="34.076510" lon="-118.001367"><ele>94.770</ele><time>2020-10-04T20:59:03Z</time></trkpt><trkpt lat="34.076564" lon="-118.001351"><ele>94.610</ele><time>2020-10-04T20:59:04Z</time></trkpt><trkpt lat="34.076616" lon="-118.001342"><ele>94.517</ele><time>2020-10-04T20:59:05Z</time></trkpt><trkpt lat="34.076673" lon="-118.001341"><ele>94.569</ele><time>2020-10-04T20:59:06Z</time></trkpt><trkpt lat="34.076718" lon="-118.001348"><ele>94.561</ele><time>2020-10-04T20:59:07Z</time></trkpt><trkpt lat="34.076777" lon="-118.001355"><ele>94.917</ele><time>2020-10-04T20:59:09Z</time></trkpt><trkpt lat="34.076825" lon="-118.001313"><ele>95.252</ele><time>2020-10-04T20:59:11Z</time></trkpt><trkpt lat="34.076849" lon="-118.001217"><ele>95.453</ele><time>2020-10-04T20:59:13Z</time></trkpt><trkpt lat="34.076865" lon="-118.001163"><ele>95.408</ele><time>2020-10-04T20:59:14Z</time></trkpt><trkpt lat="34.076887" lon="-118.001106"><ele>95.408</ele><time>2020-10-04T20:59:15Z</time></trkpt><trkpt lat="34.076899" lon="-118.001046"><ele>95.460</ele><time>2020-10-04T20:59:16Z</time></trkpt><trkpt lat="34.076901" lon="-118.000988"><ele>95.432</ele><time>2020-10-04T20:59:17Z</time></trkpt><trkpt lat="34.076912" lon="-118.000922"><ele>95.414</ele><time>2020-10-04T20:59:18Z</time></trkpt><trkpt lat="34.076930" lon="-118.000856"><ele>95.424</ele><time>2020-10-04T20:59:19Z</time></trkpt><trkpt lat="34.076942" lon="-118.000793"><ele>95.461</ele><time>2020-10-04T20:59:20Z</time></trkpt><trkpt lat="34.076957" lon="-118.000730"><ele>95.493</ele><time>2020-10-04T20:59:21Z</time></trkpt><trkpt lat="34.076970" lon="-118.000669"><ele>95.535</ele><time>2020-10-04T20:59:22Z</time></trkpt><trkpt lat="34.076985" lon="-118.000603"><ele>95.541</ele><time>2020-10-04T20:59:23Z</time></trkpt><trkpt lat="34.076996" lon="-118.000535"><ele>95.696</ele><time>2020-10-04T20:59:24Z</time></trkpt><trkpt lat="34.077011" lon="-118.000470"><ele>95.631</ele><time>2020-10-04T20:59:25Z</time></trkpt><trkpt lat="34.077027" lon="-118.000412"><ele>95.624</ele><time>2020-10-04T20:59:26Z</time></trkpt><trkpt lat="34.077043" lon="-118.000350"><ele>95.608</ele><time>2020-10-04T20:59:27Z</time></trkpt><trkpt lat="34.077058" lon="-118.000284"><ele>95.534</ele><time>2020-10-04T20:59:28Z</time></trkpt><trkpt lat="34.077070" lon="-118.000220"><ele>95.596</ele><time>2020-10-04T20:59:29Z</time></trkpt><trkpt lat="34.077083" lon="-118.000162"><ele>95.418</ele><time>2020-10-04T20:59:30Z</time></trkpt><trkpt lat="34.077097" lon="-118.000101"><ele>95.458</ele><time>2020-10-04T20:59:31Z</time></trkpt><trkpt lat="34.077111" lon="-118.000044"><ele>95.645</ele><time>2020-10-04T20:59:32Z</time></trkpt><trkpt lat="34.077123" lon="-117.999983"><ele>95.617</ele><time>2020-10-04T20:59:33Z</time></trkpt><trkpt lat="34.077130" lon="-117.999924"><ele>95.659</ele><time>2020-10-04T20:59:34Z</time></trkpt><trkpt lat="34.077142" lon="-117.999866"><ele>95.695</ele><time>2020-10-04T20:59:35Z</time></trkpt><trkpt lat="34.077154" lon="-117.999811"><ele>95.653</ele><time>2020-10-04T20:59:36Z</time></trkpt><trkpt lat="34.077163" lon="-117.999757"><ele>95.604</ele><time>2020-10-04T20:59:37Z</time></trkpt><trkpt lat="34.077192" lon="-117.999651"><ele>95.814</ele><time>2020-10-04T20:59:39Z</time></trkpt><trkpt lat="34.077207" lon="-117.999595"><ele>95.908</ele><time>2020-10-04T20:59:40Z</time></trkpt><trkpt lat="34.077227" lon="-117.999503"><ele>96.240</ele><time>2020-10-04T20:59:42Z</time></trkpt><trkpt lat="34.077253" lon="-117.999402"><ele>96.332</ele><time>2020-10-04T20:59:44Z</time></trkpt><trkpt lat="34.077257" lon="-117.999305"><ele>96.324</ele><time>2020-10-04T20:59:46Z</time></trkpt><trkpt lat="34.077267" lon="-117.999203"><ele>96.214</ele><time>2020-10-04T20:59:48Z</time></trkpt><trkpt lat="34.077287" lon="-117.999124"><ele>96.251</ele><time>2020-10-04T20:59:50Z</time></trkpt><trkpt lat="34.077307" lon="-117.999042"><ele>96.153</ele><time>2020-10-04T20:59:52Z</time></trkpt><trkpt lat="34.077322" lon="-117.998970"><ele>96.095</ele><time>2020-10-04T20:59:54Z</time></trkpt><trkpt lat="34.077332" lon="-117.998897"><ele>96.031</ele><time>2020-10-04T20:59:57Z</time></trkpt><trkpt lat="34.077329" lon="-117.998839"><ele>96.016</ele><time>2020-10-04T20:59:59Z</time></trkpt><trkpt lat="34.077329" lon="-117.998754"><ele>96.076</ele><time>2020-10-04T21:00:01Z</time></trkpt><trkpt lat="34.077369" lon="-117.998666"><ele>96.113</ele><time>2020-10-04T21:00:03Z</time></trkpt><trkpt lat="34.077386" lon="-117.998610"><ele>96.208</ele><time>2020-10-04T21:00:04Z</time></trkpt><trkpt lat="34.077394" lon="-117.998548"><ele>96.476</ele><time>2020-10-04T21:00:05Z</time></trkpt><trkpt lat="34.077414" lon="-117.998485"><ele>96.518</ele><time>2020-10-04T21:00:06Z</time></trkpt><trkpt lat="34.077421" lon="-117.998425"><ele>96.650</ele><time>2020-10-04T21:00:07Z</time></trkpt><trkpt lat="34.077431" lon="-117.998362"><ele>96.750</ele><time>2020-10-04T21:00:08Z</time></trkpt><trkpt lat="34.077446" lon="-117.998303"><ele>96.977</ele><time>2020-10-04T21:00:09Z</time></trkpt><trkpt lat="34.077455" lon="-117.998242"><ele>97.019</ele><time>2020-10-04T21:00:10Z</time></trkpt><trkpt lat="34.077479" lon="-117.998179"><ele>97.111</ele><time>2020-10-04T21:00:11Z</time></trkpt><trkpt lat="34.077494" lon="-117.998114"><ele>97.257</ele><time>2020-10-04T21:00:12Z</time></trkpt><trkpt lat="34.077505" lon="-117.998055"><ele>97.294</ele><time>2020-10-04T21:00:13Z</time></trkpt><trkpt lat="34.077520" lon="-117.997986"><ele>97.257</ele><time>2020-10-04T21:00:14Z</time></trkpt><trkpt lat="34.077531" lon="-117.997918"><ele>97.222</ele><time>2020-10-04T21:00:15Z</time></trkpt><trkpt lat="34.077548" lon="-117.997851"><ele>97.208</ele><time>2020-10-04T21:00:16Z</time></trkpt><trkpt lat="34.077564" lon="-117.997780"><ele>97.254</ele><time>2020-10-04T21:00:17Z</time></trkpt><trkpt lat="34.077579" lon="-117.997712"><ele>97.286</ele><time>2020-10-04T21:00:18Z</time></trkpt><trkpt lat="34.077596" lon="-117.997638"><ele>97.238</ele><time>2020-10-04T21:00:19Z</time></trkpt><trkpt lat="34.077611" lon="-117.997567"><ele>97.198</ele><time>2020-10-04T21:00:20Z</time></trkpt><trkpt lat="34.077630" lon="-117.997499"><ele>97.195</ele><time>2020-10-04T21:00:21Z</time></trkpt><trkpt lat="34.077640" lon="-117.997422"><ele>97.157</ele><time>2020-10-04T21:00:22Z</time></trkpt><trkpt lat="34.077659" lon="-117.997348"><ele>97.019</ele><time>2020-10-04T21:00:23Z</time></trkpt><trkpt lat="34.077680" lon="-117.997278"><ele>96.945</ele><time>2020-10-04T21:00:24Z</time></trkpt><trkpt lat="34.077699" lon="-117.997203"><ele>96.826</ele><time>2020-10-04T21:00:25Z</time></trkpt><trkpt lat="34.077714" lon="-117.997124"><ele>96.747</ele><time>2020-10-04T21:00:26Z</time></trkpt><trkpt lat="34.077733" lon="-117.997044"><ele>96.611</ele><time>2020-10-04T21:00:27Z</time></trkpt><trkpt lat="34.077748" lon="-117.996966"><ele>96.608</ele><time>2020-10-04T21:00:28Z</time></trkpt><trkpt lat="34.077773" lon="-117.996881"><ele>96.587</ele><time>2020-10-04T21:00:29Z</time></trkpt><trkpt lat="34.077793" lon="-117.996797"><ele>96.569</ele><time>2020-10-04T21:00:30Z</time></trkpt><trkpt lat="34.077816" lon="-117.996712"><ele>96.541</ele><time>2020-10-04T21:00:31Z</time></trkpt><trkpt lat="34.077823" lon="-117.996634"><ele>96.521</ele><time>2020-10-04T21:00:32Z</time></trkpt><trkpt lat="34.077851" lon="-117.996550"><ele>96.498</ele><time>2020-10-04T21:00:33Z</time></trkpt><trkpt lat="34.077878" lon="-117.996459"><ele>96.330</ele><time>2020-10-04T21:00:34Z</time></trkpt><trkpt lat="34.077897" lon="-117.996367"><ele>96.132</ele><time>2020-10-04T21:00:35Z</time></trkpt><trkpt lat="34.077928" lon="-117.996274"><ele>96.048</ele><time>2020-10-04T21:00:36Z</time></trkpt><trkpt lat="34.077947" lon="-117.996185"><ele>95.836</ele><time>2020-10-04T21:00:37Z</time></trkpt><trkpt lat="34.077968" lon="-117.996094"><ele>95.617</ele><time>2020-10-04T21:00:38Z</time></trkpt><trkpt lat="34.077990" lon="-117.996017"><ele>95.518</ele><time>2020-10-04T21:00:39Z</time></trkpt><trkpt lat="34.078015" lon="-117.995927"><ele>95.508</ele><time>2020-10-04T21:00:40Z</time></trkpt><trkpt lat="34.078043" lon="-117.995842"><ele>95.518</ele><time>2020-10-04T21:00:41Z</time></trkpt><trkpt lat="34.078064" lon="-117.995750"><ele>95.540</ele><time>2020-10-04T21:00:42Z</time></trkpt><trkpt lat="34.078090" lon="-117.995666"><ele>95.522</ele><time>2020-10-04T21:00:43Z</time></trkpt><trkpt lat="34.078108" lon="-117.995577"><ele>95.592</ele><time>2020-10-04T21:00:44Z</time></trkpt><trkpt lat="34.078132" lon="-117.995489"><ele>95.429</ele><time>2020-10-04T21:00:45Z</time></trkpt><trkpt lat="34.078153" lon="-117.995406"><ele>95.341</ele><time>2020-10-04T21:00:46Z</time></trkpt><trkpt lat="34.078172" lon="-117.995320"><ele>95.353</ele><time>2020-10-04T21:00:47Z</time></trkpt><trkpt lat="34.078194" lon="-117.995225"><ele>95.379</ele><time>2020-10-04T21:00:48Z</time></trkpt><trkpt lat="34.078217" lon="-117.995135"><ele>95.351</ele><time>2020-10-04T21:00:49Z</time></trkpt><trkpt lat="34.078233" lon="-117.995044"><ele>95.301</ele><time>2020-10-04T21:00:50Z</time></trkpt><trkpt lat="34.078256" lon="-117.994956"><ele>95.411</ele><time>2020-10-04T21:00:51Z</time></trkpt><trkpt lat="34.078283" lon="-117.994859"><ele>95.408</ele><time>2020-10-04T21:00:52Z</time></trkpt><trkpt lat="34.078306" lon="-117.994775"><ele>95.590</ele><time>2020-10-04T21:00:53Z</time></trkpt><trkpt lat="34.078327" lon="-117.994692"><ele>95.682</ele><time>2020-10-04T21:00:54Z</time></trkpt><trkpt lat="34.078347" lon="-117.994608"><ele>95.714</ele><time>2020-10-04T21:00:55Z</time></trkpt><trkpt lat="34.078363" lon="-117.994523"><ele>95.814</ele><time>2020-10-04T21:00:56Z</time></trkpt><trkpt lat="34.078379" lon="-117.994437"><ele>95.821</ele><time>2020-10-04T21:00:57Z</time></trkpt><trkpt lat="34.078396" lon="-117.994355"><ele>95.863</ele><time>2020-10-04T21:00:58Z</time></trkpt><trkpt lat="34.078422" lon="-117.994268"><ele>95.725</ele><time>2020-10-04T21:00:59Z</time></trkpt><trkpt lat="34.078436" lon="-117.994178"><ele>95.681</ele><time>2020-10-04T21:01:00Z</time></trkpt><trkpt lat="34.078455" lon="-117.994083"><ele>95.518</ele><time>2020-10-04T21:01:01Z</time></trkpt><trkpt lat="34.078475" lon="-117.994000"><ele>95.598</ele><time>2020-10-04T21:01:02Z</time></trkpt><trkpt lat="34.078498" lon="-117.993910"><ele>95.617</ele><time>2020-10-04T21:01:03Z</time></trkpt><trkpt lat="34.078518" lon="-117.993814"><ele>95.608</ele><time>2020-10-04T21:01:04Z</time></trkpt><trkpt lat="34.078534" lon="-117.993725"><ele>95.536</ele><time>2020-10-04T21:01:05Z</time></trkpt><trkpt lat="34.078562" lon="-117.993636"><ele>95.458</ele><time>2020-10-04T21:01:06Z</time></trkpt><trkpt lat="34.078575" lon="-117.993552"><ele>95.420</ele><time>2020-10-04T21:01:07Z</time></trkpt><trkpt lat="34.078595" lon="-117.993467"><ele>95.280</ele><time>2020-10-04T21:01:08Z</time></trkpt><trkpt lat="34.078617" lon="-117.993381"><ele>95.297</ele><time>2020-10-04T21:01:09Z</time></trkpt><trkpt lat="34.078624" lon="-117.993303"><ele>95.359</ele><time>2020-10-04T21:01:10Z</time></trkpt><trkpt lat="34.078647" lon="-117.993218"><ele>95.341</ele><time>2020-10-04T21:01:11Z</time></trkpt><trkpt lat="34.078663" lon="-117.993139"><ele>95.327</ele><time>2020-10-04T21:01:12Z</time></trkpt><trkpt lat="34.078684" lon="-117.993061"><ele>95.411</ele><time>2020-10-04T21:01:13Z</time></trkpt><trkpt lat="34.078701" lon="-117.992980"><ele>95.421</ele><time>2020-10-04T21:01:14Z</time></trkpt><trkpt lat="34.078728" lon="-117.992890"><ele>95.503</ele><time>2020-10-04T21:01:15Z</time></trkpt><trkpt lat="34.078751" lon="-117.992810"><ele>95.608</ele><time>2020-10-04T21:01:16Z</time></trkpt><trkpt lat="34.078768" lon="-117.992729"><ele>95.716</ele><time>2020-10-04T21:01:17Z</time></trkpt><trkpt lat="34.078786" lon="-117.992647"><ele>95.818</ele><time>2020-10-04T21:01:18Z</time></trkpt><trkpt lat="34.078805" lon="-117.992559"><ele>95.940</ele><time>2020-10-04T21:01:19Z</time></trkpt><trkpt lat="34.078826" lon="-117.992465"><ele>96.090</ele><time>2020-10-04T21:01:20Z</time></trkpt><trkpt lat="34.078850" lon="-117.992385"><ele>96.157</ele><time>2020-10-04T21:01:21Z</time></trkpt><trkpt lat="34.078872" lon="-117.992303"><ele>96.369</ele><time>2020-10-04T21:01:22Z</time></trkpt><trkpt lat="34.078900" lon="-117.992217"><ele>96.721</ele><time>2020-10-04T21:01:23Z</time></trkpt><trkpt lat="34.078914" lon="-117.992141"><ele>96.987</ele><time>2020-10-04T21:01:24Z</time></trkpt><trkpt lat="34.078937" lon="-117.992062"><ele>97.071</ele><time>2020-10-04T21:01:25Z</time></trkpt><trkpt lat="34.078956" lon="-117.991984"><ele>97.141</ele><time>2020-10-04T21:01:26Z</time></trkpt><trkpt lat="34.078970" lon="-117.991904"><ele>97.215</ele><time>2020-10-04T21:01:27Z</time></trkpt><trkpt lat="34.078983" lon="-117.991817"><ele>97.308</ele><time>2020-10-04T21:01:28Z</time></trkpt><trkpt lat="34.078989" lon="-117.991739"><ele>97.332</ele><time>2020-10-04T21:01:29Z</time></trkpt><trkpt lat="34.079017" lon="-117.991656"><ele>97.494</ele><time>2020-10-04T21:01:30Z</time></trkpt><trkpt lat="34.079036" lon="-117.991567"><ele>97.566</ele><time>2020-10-04T21:01:31Z</time></trkpt><trkpt lat="34.079047" lon="-117.991487"><ele>97.666</ele><time>2020-10-04T21:01:32Z</time></trkpt><trkpt lat="34.079062" lon="-117.991408"><ele>97.773</ele><time>2020-10-04T21:01:33Z</time></trkpt><trkpt lat="34.079080" lon="-117.991328"><ele>97.875</ele><time>2020-10-04T21:01:34Z</time></trkpt><trkpt lat="34.079097" lon="-117.991249"><ele>97.937</ele><time>2020-10-04T21:01:35Z</time></trkpt><trkpt lat="34.079116" lon="-117.991160"><ele>97.933</ele><time>2020-10-04T21:01:36Z</time></trkpt><trkpt lat="34.079133" lon="-117.991076"><ele>98.066</ele><time>2020-10-04T21:01:37Z</time></trkpt><trkpt lat="34.079149" lon="-117.990995"><ele>98.129</ele><time>2020-10-04T21:01:38Z</time></trkpt><trkpt lat="34.079161" lon="-117.990927"><ele>98.221</ele><time>2020-10-04T21:01:39Z</time></trkpt><trkpt lat="34.079184" lon="-117.990837"><ele>98.308</ele><time>2020-10-04T21:01:40Z</time></trkpt><trkpt lat="34.079201" lon="-117.990751"><ele>98.411</ele><time>2020-10-04T21:01:41Z</time></trkpt><trkpt lat="34.079226" lon="-117.990662"><ele>98.463</ele><time>2020-10-04T21:01:42Z</time></trkpt><trkpt lat="34.079248" lon="-117.990577"><ele>98.475</ele><time>2020-10-04T21:01:43Z</time></trkpt><trkpt lat="34.079264" lon="-117.990491"><ele>98.355</ele><time>2020-10-04T21:01:44Z</time></trkpt><trkpt lat="34.079286" lon="-117.990404"><ele>98.392</ele><time>2020-10-04T21:01:45Z</time></trkpt><trkpt lat="34.079305" lon="-117.990320"><ele>98.244</ele><time>2020-10-04T21:01:46Z</time></trkpt><trkpt lat="34.079318" lon="-117.990234"><ele>98.266</ele><time>2020-10-04T21:01:47Z</time></trkpt><trkpt lat="34.079342" lon="-117.990147"><ele>98.132</ele><time>2020-10-04T21:01:48Z</time></trkpt><trkpt lat="34.079354" lon="-117.990063"><ele>98.044</ele><time>2020-10-04T21:01:49Z</time></trkpt><trkpt lat="34.079367" lon="-117.989979"><ele>98.005</ele><time>2020-10-04T21:01:50Z</time></trkpt><trkpt lat="34.079392" lon="-117.989897"><ele>97.915</ele><time>2020-10-04T21:01:51Z</time></trkpt><trkpt lat="34.079408" lon="-117.989814"><ele>97.908</ele><time>2020-10-04T21:01:52Z</time></trkpt><trkpt lat="34.079430" lon="-117.989730"><ele>97.979</ele><time>2020-10-04T21:01:53Z</time></trkpt><trkpt lat="34.079454" lon="-117.989642"><ele>97.831</ele><time>2020-10-04T21:01:54Z</time></trkpt><trkpt lat="34.079469" lon="-117.989563"><ele>97.743</ele><time>2020-10-04T21:01:55Z</time></trkpt><trkpt lat="34.079480" lon="-117.989473"><ele>97.753</ele><time>2020-10-04T21:01:56Z</time></trkpt><trkpt lat="34.079501" lon="-117.989397"><ele>97.750</ele><time>2020-10-04T21:01:57Z</time></trkpt><trkpt lat="34.079520" lon="-117.989316"><ele>97.882</ele><time>2020-10-04T21:01:58Z</time></trkpt><trkpt lat="34.079537" lon="-117.989232"><ele>97.844</ele><time>2020-10-04T21:01:59Z</time></trkpt><trkpt lat="34.079560" lon="-117.989140"><ele>97.970</ele><time>2020-10-04T21:02:00Z</time></trkpt><trkpt lat="34.079588" lon="-117.989046"><ele>97.946</ele><time>2020-10-04T21:02:01Z</time></trkpt><trkpt lat="34.079610" lon="-117.988956"><ele>97.888</ele><time>2020-10-04T21:02:02Z</time></trkpt><trkpt lat="34.079628" lon="-117.988870"><ele>97.716</ele><time>2020-10-04T21:02:03Z</time></trkpt><trkpt lat="34.079645" lon="-117.988783"><ele>97.708</ele><time>2020-10-04T21:02:04Z</time></trkpt><trkpt lat="34.079664" lon="-117.988700"><ele>97.769</ele><time>2020-10-04T21:02:05Z</time></trkpt><trkpt lat="34.079680" lon="-117.988618"><ele>97.761</ele><time>2020-10-04T21:02:06Z</time></trkpt><trkpt lat="34.079699" lon="-117.988532"><ele>97.783</ele><time>2020-10-04T21:02:07Z</time></trkpt><trkpt lat="34.079721" lon="-117.988452"><ele>97.743</ele><time>2020-10-04T21:02:08Z</time></trkpt><trkpt lat="34.079738" lon="-117.988366"><ele>97.790</ele><time>2020-10-04T21:02:09Z</time></trkpt><trkpt lat="34.079755" lon="-117.988287"><ele>97.732</ele><time>2020-10-04T21:02:10Z</time></trkpt><trkpt lat="34.079769" lon="-117.988208"><ele>97.754</ele><time>2020-10-04T21:02:11Z</time></trkpt><trkpt lat="34.079788" lon="-117.988133"><ele>97.730</ele><time>2020-10-04T21:02:12Z</time></trkpt><trkpt lat="34.079809" lon="-117.988041"><ele>97.737</ele><time>2020-10-04T21:02:13Z</time></trkpt><trkpt lat="34.079832" lon="-117.987954"><ele>97.749</ele><time>2020-10-04T21:02:14Z</time></trkpt><trkpt lat="34.079851" lon="-117.987872"><ele>97.713</ele><time>2020-10-04T21:02:15Z</time></trkpt><trkpt lat="34.079886" lon="-117.987774"><ele>97.708</ele><time>2020-10-04T21:02:16Z</time></trkpt><trkpt lat="34.079905" lon="-117.987703"><ele>97.778</ele><time>2020-10-04T21:02:17Z</time></trkpt><trkpt lat="34.079925" lon="-117.987613"><ele>97.790</ele><time>2020-10-04T21:02:18Z</time></trkpt><trkpt lat="34.079944" lon="-117.987531"><ele>97.842</ele><time>2020-10-04T21:02:19Z</time></trkpt><trkpt lat="34.079960" lon="-117.987447"><ele>97.852</ele><time>2020-10-04T21:02:20Z</time></trkpt><trkpt lat="34.079969" lon="-117.987375"><ele>97.889</ele><time>2020-10-04T21:02:21Z</time></trkpt><trkpt lat="34.079977" lon="-117.987290"><ele>97.931</ele><time>2020-10-04T21:02:22Z</time></trkpt><trkpt lat="34.079997" lon="-117.987211"><ele>97.953</ele><time>2020-10-04T21:02:23Z</time></trkpt><trkpt lat="34.080019" lon="-117.987132"><ele>98.059</ele><time>2020-10-04T21:02:24Z</time></trkpt><trkpt lat="34.080044" lon="-117.987037"><ele>98.062</ele><time>2020-10-04T21:02:25Z</time></trkpt><trkpt lat="34.080059" lon="-117.986967"><ele>98.083</ele><time>2020-10-04T21:02:26Z</time></trkpt><trkpt lat="34.080085" lon="-117.986887"><ele>98.011</ele><time>2020-10-04T21:02:27Z</time></trkpt><trkpt lat="34.080109" lon="-117.986801"><ele>98.008</ele><time>2020-10-04T21:02:28Z</time></trkpt><trkpt lat="34.080125" lon="-117.986717"><ele>97.961</ele><time>2020-10-04T21:02:29Z</time></trkpt><trkpt lat="34.080143" lon="-117.986640"><ele>97.943</ele><time>2020-10-04T21:02:30Z</time></trkpt><trkpt lat="34.080149" lon="-117.986558"><ele>97.995</ele><time>2020-10-04T21:02:31Z</time></trkpt><trkpt lat="34.080171" lon="-117.986472"><ele>97.955</ele><time>2020-10-04T21:02:32Z</time></trkpt><trkpt lat="34.080190" lon="-117.986386"><ele>97.852</ele><time>2020-10-04T21:02:33Z</time></trkpt><trkpt lat="34.080208" lon="-117.986302"><ele>97.854</ele><time>2020-10-04T21:02:34Z</time></trkpt><trkpt lat="34.080231" lon="-117.986224"><ele>97.826</ele><time>2020-10-04T21:02:35Z</time></trkpt><trkpt lat="34.080249" lon="-117.986144"><ele>97.782</ele><time>2020-10-04T21:02:36Z</time></trkpt><trkpt lat="34.080269" lon="-117.986066"><ele>97.786</ele><time>2020-10-04T21:02:37Z</time></trkpt><trkpt lat="34.080284" lon="-117.985985"><ele>97.760</ele><time>2020-10-04T21:02:38Z</time></trkpt><trkpt lat="34.080309" lon="-117.985902"><ele>97.726</ele><time>2020-10-04T21:02:39Z</time></trkpt><trkpt lat="34.080329" lon="-117.985822"><ele>97.708</ele><time>2020-10-04T21:02:40Z</time></trkpt><trkpt lat="34.080352" lon="-117.985736"><ele>97.713</ele><time>2020-10-04T21:02:41Z</time></trkpt><trkpt lat="34.080370" lon="-117.985652"><ele>97.855</ele><time>2020-10-04T21:02:42Z</time></trkpt><trkpt lat="34.080382" lon="-117.985567"><ele>97.957</ele><time>2020-10-04T21:02:43Z</time></trkpt><trkpt lat="34.080400" lon="-117.985485"><ele>97.987</ele><time>2020-10-04T21:02:44Z</time></trkpt><trkpt lat="34.080424" lon="-117.985405"><ele>98.064</ele><time>2020-10-04T21:02:45Z</time></trkpt><trkpt lat="34.080448" lon="-117.985324"><ele>98.176</ele><time>2020-10-04T21:02:46Z</time></trkpt><trkpt lat="34.080465" lon="-117.985248"><ele>98.258</ele><time>2020-10-04T21:02:47Z</time></trkpt><trkpt lat="34.080479" lon="-117.985166"><ele>98.324</ele><time>2020-10-04T21:02:48Z</time></trkpt><trkpt lat="34.080499" lon="-117.985089"><ele>98.486</ele><time>2020-10-04T21:02:49Z</time></trkpt><trkpt lat="34.080516" lon="-117.985015"><ele>98.560</ele><time>2020-10-04T21:02:50Z</time></trkpt><trkpt lat="34.080537" lon="-117.984939"><ele>98.526</ele><time>2020-10-04T21:02:51Z</time></trkpt><trkpt lat="34.080560" lon="-117.984863"><ele>98.508</ele><time>2020-10-04T21:02:52Z</time></trkpt><trkpt lat="34.080579" lon="-117.984785"><ele>98.553</ele><time>2020-10-04T21:02:53Z</time></trkpt><trkpt lat="34.080592" lon="-117.984705"><ele>98.575</ele><time>2020-10-04T21:02:54Z</time></trkpt><trkpt lat="34.080610" lon="-117.984625"><ele>98.467</ele><time>2020-10-04T21:02:55Z</time></trkpt><trkpt lat="34.080631" lon="-117.984545"><ele>98.487</ele><time>2020-10-04T21:02:56Z</time></trkpt><trkpt lat="34.080646" lon="-117.984465"><ele>98.434</ele><time>2020-10-04T21:02:57Z</time></trkpt><trkpt lat="34.080667" lon="-117.984384"><ele>98.416</ele><time>2020-10-04T21:02:58Z</time></trkpt><trkpt lat="34.080678" lon="-117.984309"><ele>98.458</ele><time>2020-10-04T21:02:59Z</time></trkpt><trkpt lat="34.080691" lon="-117.984236"><ele>98.434</ele><time>2020-10-04T21:03:00Z</time></trkpt><trkpt lat="34.080706" lon="-117.984163"><ele>98.437</ele><time>2020-10-04T21:03:01Z</time></trkpt><trkpt lat="34.080727" lon="-117.984084"><ele>98.449</ele><time>2020-10-04T21:03:02Z</time></trkpt><trkpt lat="34.080742" lon="-117.984005"><ele>98.413</ele><time>2020-10-04T21:03:03Z</time></trkpt><trkpt lat="34.080758" lon="-117.983922"><ele>98.408</ele><time>2020-10-04T21:03:04Z</time></trkpt><trkpt lat="34.080773" lon="-117.983839"><ele>98.468</ele><time>2020-10-04T21:03:05Z</time></trkpt><trkpt lat="34.080796" lon="-117.983761"><ele>98.520</ele><time>2020-10-04T21:03:06Z</time></trkpt><trkpt lat="34.080813" lon="-117.983686"><ele>98.642</ele><time>2020-10-04T21:03:07Z</time></trkpt><trkpt lat="34.080832" lon="-117.983596"><ele>98.742</ele><time>2020-10-04T21:03:08Z</time></trkpt><trkpt lat="34.080847" lon="-117.983518"><ele>98.829</ele><time>2020-10-04T21:03:09Z</time></trkpt><trkpt lat="34.080868" lon="-117.983440"><ele>98.951</ele><time>2020-10-04T21:03:10Z</time></trkpt><trkpt lat="34.080887" lon="-117.983367"><ele>99.083</ele><time>2020-10-04T21:03:11Z</time></trkpt><trkpt lat="34.080895" lon="-117.983297"><ele>99.229</ele><time>2020-10-04T21:03:12Z</time></trkpt><trkpt lat="34.080912" lon="-117.983223"><ele>99.392</ele><time>2020-10-04T21:03:13Z</time></trkpt><trkpt lat="34.080926" lon="-117.983144"><ele>99.473</ele><time>2020-10-04T21:03:14Z</time></trkpt><trkpt lat="34.080953" lon="-117.983067"><ele>99.520</ele><time>2020-10-04T21:03:15Z</time></trkpt><trkpt lat="34.080979" lon="-117.982992"><ele>99.608</ele><time>2020-10-04T21:03:16Z</time></trkpt><trkpt lat="34.081000" lon="-117.982919"><ele>99.734</ele><time>2020-10-04T21:03:17Z</time></trkpt><trkpt lat="34.081020" lon="-117.982842"><ele>99.816</ele><time>2020-10-04T21:03:18Z</time></trkpt><trkpt lat="34.081039" lon="-117.982769"><ele>99.958</ele><time>2020-10-04T21:03:19Z</time></trkpt><trkpt lat="34.081066" lon="-117.982694"><ele>100.048</ele><time>2020-10-04T21:03:20Z</time></trkpt><trkpt lat="34.081090" lon="-117.982622"><ele>100.145</ele><time>2020-10-04T21:03:21Z</time></trkpt><trkpt lat="34.081118" lon="-117.982540"><ele>100.157</ele><time>2020-10-04T21:03:22Z</time></trkpt><trkpt lat="34.081148" lon="-117.982458"><ele>100.129</ele><time>2020-10-04T21:03:23Z</time></trkpt><trkpt lat="34.081169" lon="-117.982390"><ele>100.265</ele><time>2020-10-04T21:03:24Z</time></trkpt><trkpt lat="34.081193" lon="-117.982306"><ele>100.242</ele><time>2020-10-04T21:03:25Z</time></trkpt><trkpt lat="34.081216" lon="-117.982230"><ele>100.322</ele><time>2020-10-04T21:03:26Z</time></trkpt><trkpt lat="34.081236" lon="-117.982155"><ele>100.314</ele><time>2020-10-04T21:03:27Z</time></trkpt><trkpt lat="34.081249" lon="-117.982075"><ele>100.408</ele><time>2020-10-04T21:03:28Z</time></trkpt><trkpt lat="34.081271" lon="-117.981993"><ele>100.449</ele><time>2020-10-04T21:03:29Z</time></trkpt><trkpt lat="34.081289" lon="-117.981919"><ele>100.511</ele><time>2020-10-04T21:03:30Z</time></trkpt><trkpt lat="34.081305" lon="-117.981839"><ele>100.513</ele><time>2020-10-04T21:03:31Z</time></trkpt><trkpt lat="34.081322" lon="-117.981754"><ele>100.523</ele><time>2020-10-04T21:03:32Z</time></trkpt><trkpt lat="34.081345" lon="-117.981682"><ele>100.620</ele><time>2020-10-04T21:03:33Z</time></trkpt><trkpt lat="34.081360" lon="-117.981599"><ele>100.732</ele><time>2020-10-04T21:03:34Z</time></trkpt><trkpt lat="34.081377" lon="-117.981525"><ele>100.724</ele><time>2020-10-04T21:03:35Z</time></trkpt><trkpt lat="34.081392" lon="-117.981447"><ele>100.710</ele><time>2020-10-04T21:03:36Z</time></trkpt><trkpt lat="34.081420" lon="-117.981366"><ele>100.821</ele><time>2020-10-04T21:03:37Z</time></trkpt><trkpt lat="34.081438" lon="-117.981292"><ele>100.841</ele><time>2020-10-04T21:03:38Z</time></trkpt><trkpt lat="34.081451" lon="-117.981210"><ele>100.805</ele><time>2020-10-04T21:03:39Z</time></trkpt><trkpt lat="34.081466" lon="-117.981131"><ele>100.908</ele><time>2020-10-04T21:03:40Z</time></trkpt><trkpt lat="34.081485" lon="-117.981056"><ele>100.917</ele><time>2020-10-04T21:03:41Z</time></trkpt><trkpt lat="34.081506" lon="-117.980980"><ele>101.019</ele><time>2020-10-04T21:03:42Z</time></trkpt><trkpt lat="34.081522" lon="-117.980894"><ele>101.151</ele><time>2020-10-04T21:03:43Z</time></trkpt><trkpt lat="34.081539" lon="-117.980813"><ele>101.311</ele><time>2020-10-04T21:03:44Z</time></trkpt><trkpt lat="34.081556" lon="-117.980734"><ele>101.568</ele><time>2020-10-04T21:03:45Z</time></trkpt><trkpt lat="34.081574" lon="-117.980657"><ele>101.520</ele><time>2020-10-04T21:03:46Z</time></trkpt><trkpt lat="34.081589" lon="-117.980580"><ele>101.572</ele><time>2020-10-04T21:03:47Z</time></trkpt><trkpt lat="34.081609" lon="-117.980497"><ele>101.538</ele><time>2020-10-04T21:03:48Z</time></trkpt><trkpt lat="34.081625" lon="-117.980420"><ele>101.443</ele><time>2020-10-04T21:03:49Z</time></trkpt><trkpt lat="34.081647" lon="-117.980343"><ele>101.264</ele><time>2020-10-04T21:03:50Z</time></trkpt><trkpt lat="34.081666" lon="-117.980272"><ele>101.110</ele><time>2020-10-04T21:03:51Z</time></trkpt><trkpt lat="34.081687" lon="-117.980193"><ele>101.108</ele><time>2020-10-04T21:03:52Z</time></trkpt><trkpt lat="34.081702" lon="-117.980121"><ele>101.159</ele><time>2020-10-04T21:03:53Z</time></trkpt><trkpt lat="34.081726" lon="-117.980048"><ele>101.261</ele><time>2020-10-04T21:03:54Z</time></trkpt><trkpt lat="34.081735" lon="-117.979977"><ele>101.253</ele><time>2020-10-04T21:03:55Z</time></trkpt><trkpt lat="34.081743" lon="-117.979900"><ele>101.373</ele><time>2020-10-04T21:03:56Z</time></trkpt><trkpt lat="34.081758" lon="-117.979813"><ele>101.490</ele><time>2020-10-04T21:03:57Z</time></trkpt><trkpt lat="34.081778" lon="-117.979742"><ele>101.522</ele><time>2020-10-04T21:03:58Z</time></trkpt><trkpt lat="34.081791" lon="-117.979671"><ele>101.674</ele><time>2020-10-04T21:03:59Z</time></trkpt><trkpt lat="34.081808" lon="-117.979593"><ele>101.640</ele><time>2020-10-04T21:04:00Z</time></trkpt><trkpt lat="34.081828" lon="-117.979512"><ele>101.676</ele><time>2020-10-04T21:04:01Z</time></trkpt><trkpt lat="34.081852" lon="-117.979426"><ele>101.690</ele><time>2020-10-04T21:04:02Z</time></trkpt><trkpt lat="34.081873" lon="-117.979351"><ele>101.619</ele><time>2020-10-04T21:04:03Z</time></trkpt><trkpt lat="34.081884" lon="-117.979266"><ele>101.608</ele><time>2020-10-04T21:04:04Z</time></trkpt><trkpt lat="34.081902" lon="-117.979190"><ele>101.632</ele><time>2020-10-04T21:04:05Z</time></trkpt><trkpt lat="34.081914" lon="-117.979120"><ele>101.734</ele><time>2020-10-04T21:04:06Z</time></trkpt><trkpt lat="34.081941" lon="-117.979037"><ele>101.726</ele><time>2020-10-04T21:04:07Z</time></trkpt><trkpt lat="34.081957" lon="-117.978959"><ele>101.756</ele><time>2020-10-04T21:04:08Z</time></trkpt><trkpt lat="34.081971" lon="-117.978878"><ele>101.753</ele><time>2020-10-04T21:04:09Z</time></trkpt><trkpt lat="34.081988" lon="-117.978798"><ele>101.775</ele><time>2020-10-04T21:04:10Z</time></trkpt><trkpt lat="34.082009" lon="-117.978714"><ele>101.817</ele><time>2020-10-04T21:04:11Z</time></trkpt><trkpt lat="34.082024" lon="-117.978629"><ele>101.963</ele><time>2020-10-04T21:04:12Z</time></trkpt><trkpt lat="34.082045" lon="-117.978545"><ele>102.032</ele><time>2020-10-04T21:04:13Z</time></trkpt><trkpt lat="34.082063" lon="-117.978459"><ele>102.192</ele><time>2020-10-04T21:04:14Z</time></trkpt><trkpt lat="34.082073" lon="-117.978375"><ele>102.211</ele><time>2020-10-04T21:04:15Z</time></trkpt><trkpt lat="34.082095" lon="-117.978290"><ele>102.208</ele><time>2020-10-04T21:04:16Z</time></trkpt><trkpt lat="34.082114" lon="-117.978216"><ele>102.248</ele><time>2020-10-04T21:04:17Z</time></trkpt><trkpt lat="34.082140" lon="-117.978136"><ele>102.290</ele><time>2020-10-04T21:04:18Z</time></trkpt><trkpt lat="34.082160" lon="-117.978060"><ele>102.282</ele><time>2020-10-04T21:04:19Z</time></trkpt><trkpt lat="34.082184" lon="-117.977983"><ele>102.272</ele><time>2020-10-04T21:04:20Z</time></trkpt><trkpt lat="34.082193" lon="-117.977905"><ele>102.359</ele><time>2020-10-04T21:04:21Z</time></trkpt><trkpt lat="34.082213" lon="-117.977830"><ele>102.411</ele><time>2020-10-04T21:04:22Z</time></trkpt><trkpt lat="34.082229" lon="-117.977757"><ele>102.593</ele><time>2020-10-04T21:04:23Z</time></trkpt><trkpt lat="34.082243" lon="-117.977683"><ele>102.529</ele><time>2020-10-04T21:04:24Z</time></trkpt><trkpt lat="34.082261" lon="-117.977611"><ele>102.676</ele><time>2020-10-04T21:04:25Z</time></trkpt><trkpt lat="34.082276" lon="-117.977537"><ele>102.690</ele><time>2020-10-04T21:04:26Z</time></trkpt><trkpt lat="34.082293" lon="-117.977456"><ele>102.619</ele><time>2020-10-04T21:04:27Z</time></trkpt><trkpt lat="34.082312" lon="-117.977374"><ele>102.608</ele><time>2020-10-04T21:04:28Z</time></trkpt><trkpt lat="34.082324" lon="-117.977301"><ele>102.692</ele><time>2020-10-04T21:04:29Z</time></trkpt><trkpt lat="34.082343" lon="-117.977232"><ele>102.694</ele><time>2020-10-04T21:04:30Z</time></trkpt><trkpt lat="34.082355" lon="-117.977174"><ele>102.616</ele><time>2020-10-04T21:04:31Z</time></trkpt><trkpt lat="34.082372" lon="-117.977119"><ele>102.626</ele><time>2020-10-04T21:04:32Z</time></trkpt><trkpt lat="34.082391" lon="-117.977034"><ele>102.543</ele><time>2020-10-04T21:04:34Z</time></trkpt><trkpt lat="34.082404" lon="-117.976952"><ele>102.495</ele><time>2020-10-04T21:04:36Z</time></trkpt><trkpt lat="34.082410" lon="-117.976896"><ele>102.427</ele><time>2020-10-04T21:04:45Z</time></trkpt><trkpt lat="34.082414" lon="-117.976817"><ele>102.483</ele><time>2020-10-04T21:04:48Z</time></trkpt><trkpt lat="34.082433" lon="-117.976734"><ele>102.419</ele><time>2020-10-04T21:04:50Z</time></trkpt><trkpt lat="34.082460" lon="-117.976638"><ele>102.509</ele><time>2020-10-04T21:04:52Z</time></trkpt><trkpt lat="34.082474" lon="-117.976586"><ele>102.619</ele><time>2020-10-04T21:04:53Z</time></trkpt><trkpt lat="34.082501" lon="-117.976479"><ele>102.808</ele><time>2020-10-04T21:04:55Z</time></trkpt><trkpt lat="34.082520" lon="-117.976418"><ele>102.956</ele><time>2020-10-04T21:04:56Z</time></trkpt><trkpt lat="34.082531" lon="-117.976358"><ele>103.058</ele><time>2020-10-04T21:04:57Z</time></trkpt><trkpt lat="34.082549" lon="-117.976296"><ele>103.150</ele><time>2020-10-04T21:04:58Z</time></trkpt><trkpt lat="34.082563" lon="-117.976234"><ele>103.110</ele><time>2020-10-04T21:04:59Z</time></trkpt><trkpt lat="34.082583" lon="-117.976171"><ele>103.167</ele><time>2020-10-04T21:05:00Z</time></trkpt><trkpt lat="34.082598" lon="-117.976105"><ele>103.189</ele><time>2020-10-04T21:05:01Z</time></trkpt><trkpt lat="34.082614" lon="-117.976036"><ele>103.171</ele><time>2020-10-04T21:05:02Z</time></trkpt><trkpt lat="34.082628" lon="-117.975968"><ele>103.157</ele><time>2020-10-04T21:05:03Z</time></trkpt><trkpt lat="34.082644" lon="-117.975898"><ele>103.196</ele><time>2020-10-04T21:05:04Z</time></trkpt><trkpt lat="34.082654" lon="-117.975830"><ele>103.231</ele><time>2020-10-04T21:05:05Z</time></trkpt><trkpt lat="34.082664" lon="-117.975763"><ele>103.324</ele><time>2020-10-04T21:05:06Z</time></trkpt><trkpt lat="34.082680" lon="-117.975687"><ele>103.308</ele><time>2020-10-04T21:05:07Z</time></trkpt><trkpt lat="34.082699" lon="-117.975610"><ele>103.364</ele><time>2020-10-04T21:05:08Z</time></trkpt><trkpt lat="34.082711" lon="-117.975538"><ele>103.346</ele><time>2020-10-04T21:05:09Z</time></trkpt><trkpt lat="34.082734" lon="-117.975459"><ele>103.368</ele><time>2020-10-04T21:05:10Z</time></trkpt><trkpt lat="34.082753" lon="-117.975384"><ele>103.398</ele><time>2020-10-04T21:05:11Z</time></trkpt><trkpt lat="34.082767" lon="-117.975306"><ele>103.365</ele><time>2020-10-04T21:05:12Z</time></trkpt><trkpt lat="34.082786" lon="-117.975233"><ele>103.587</ele><time>2020-10-04T21:05:13Z</time></trkpt><trkpt lat="34.082803" lon="-117.975158"><ele>103.659</ele><time>2020-10-04T21:05:14Z</time></trkpt><trkpt lat="34.082827" lon="-117.975083"><ele>103.665</ele><time>2020-10-04T21:05:15Z</time></trkpt><trkpt lat="34.082844" lon="-117.975004"><ele>103.712</ele><time>2020-10-04T21:05:16Z</time></trkpt><trkpt lat="34.082859" lon="-117.974926"><ele>103.732</ele><time>2020-10-04T21:05:17Z</time></trkpt><trkpt lat="34.082873" lon="-117.974838"><ele>103.805</ele><time>2020-10-04T21:05:18Z</time></trkpt><trkpt lat="34.082895" lon="-117.974751"><ele>103.808</ele><time>2020-10-04T21:05:19Z</time></trkpt><trkpt lat="34.082917" lon="-117.974667"><ele>103.956</ele><time>2020-10-04T21:05:20Z</time></trkpt><trkpt lat="34.082927" lon="-117.974588"><ele>104.068</ele><time>2020-10-04T21:05:21Z</time></trkpt><trkpt lat="34.082946" lon="-117.974503"><ele>104.140</ele><time>2020-10-04T21:05:22Z</time></trkpt><trkpt lat="34.082966" lon="-117.974423"><ele>104.130</ele><time>2020-10-04T21:05:23Z</time></trkpt><trkpt lat="34.082987" lon="-117.974341"><ele>104.357</ele><time>2020-10-04T21:05:24Z</time></trkpt><trkpt lat="34.083003" lon="-117.974262"><ele>104.339</ele><time>2020-10-04T21:05:25Z</time></trkpt><trkpt lat="34.083026" lon="-117.974187"><ele>104.331</ele><time>2020-10-04T21:05:26Z</time></trkpt><trkpt lat="34.083045" lon="-117.974112"><ele>104.397</ele><time>2020-10-04T21:05:27Z</time></trkpt><trkpt lat="34.083063" lon="-117.974035"><ele>104.364</ele><time>2020-10-04T21:05:28Z</time></trkpt><trkpt lat="34.083084" lon="-117.973952"><ele>104.306</ele><time>2020-10-04T21:05:29Z</time></trkpt><trkpt lat="34.083109" lon="-117.973887"><ele>104.316</ele><time>2020-10-04T21:05:30Z</time></trkpt><trkpt lat="34.083128" lon="-117.973813"><ele>104.308</ele><time>2020-10-04T21:05:31Z</time></trkpt><trkpt lat="34.083141" lon="-117.973734"><ele>104.351</ele><time>2020-10-04T21:05:32Z</time></trkpt><trkpt lat="34.083155" lon="-117.973662"><ele>104.393</ele><time>2020-10-04T21:05:33Z</time></trkpt><trkpt lat="34.083171" lon="-117.973579"><ele>104.425</ele><time>2020-10-04T21:05:34Z</time></trkpt><trkpt lat="34.083183" lon="-117.973504"><ele>104.545</ele><time>2020-10-04T21:05:35Z</time></trkpt><trkpt lat="34.083196" lon="-117.973417"><ele>104.532</ele><time>2020-10-04T21:05:36Z</time></trkpt><trkpt lat="34.083205" lon="-117.973338"><ele>104.584</ele><time>2020-10-04T21:05:37Z</time></trkpt><trkpt lat="34.083217" lon="-117.973258"><ele>104.576</ele><time>2020-10-04T21:05:38Z</time></trkpt><trkpt lat="34.083226" lon="-117.973182"><ele>104.512</ele><time>2020-10-04T21:05:39Z</time></trkpt><trkpt lat="34.083243" lon="-117.973101"><ele>104.516</ele><time>2020-10-04T21:05:40Z</time></trkpt><trkpt lat="34.083258" lon="-117.973020"><ele>104.576</ele><time>2020-10-04T21:05:41Z</time></trkpt><trkpt lat="34.083276" lon="-117.972944"><ele>104.513</ele><time>2020-10-04T21:05:42Z</time></trkpt><trkpt lat="34.083293" lon="-117.972870"><ele>104.508</ele><time>2020-10-04T21:05:43Z</time></trkpt><trkpt lat="34.083310" lon="-117.972793"><ele>104.666</ele><time>2020-10-04T21:05:44Z</time></trkpt><trkpt lat="34.083325" lon="-117.972717"><ele>104.768</ele><time>2020-10-04T21:05:45Z</time></trkpt><trkpt lat="34.083342" lon="-117.972634"><ele>104.830</ele><time>2020-10-04T21:05:46Z</time></trkpt><trkpt lat="34.083369" lon="-117.972556"><ele>104.860</ele><time>2020-10-04T21:05:47Z</time></trkpt><trkpt lat="34.083390" lon="-117.972482"><ele>104.927</ele><time>2020-10-04T21:05:48Z</time></trkpt><trkpt lat="34.083409" lon="-117.972402"><ele>104.959</ele><time>2020-10-04T21:05:49Z</time></trkpt><trkpt lat="34.083425" lon="-117.972330"><ele>104.981</ele><time>2020-10-04T21:05:50Z</time></trkpt><trkpt lat="34.083440" lon="-117.972248"><ele>105.137</ele><time>2020-10-04T21:05:51Z</time></trkpt><trkpt lat="34.083468" lon="-117.972168"><ele>105.117</ele><time>2020-10-04T21:05:52Z</time></trkpt><trkpt lat="34.083484" lon="-117.972095"><ele>105.287</ele><time>2020-10-04T21:05:53Z</time></trkpt><trkpt lat="34.083504" lon="-117.972017"><ele>105.415</ele><time>2020-10-04T21:05:54Z</time></trkpt><trkpt lat="34.083525" lon="-117.971936"><ele>105.508</ele><time>2020-10-04T21:05:55Z</time></trkpt><trkpt lat="34.083544" lon="-117.971857"><ele>105.556</ele><time>2020-10-04T21:05:56Z</time></trkpt><trkpt lat="34.083553" lon="-117.971772"><ele>105.458</ele><time>2020-10-04T21:05:57Z</time></trkpt><trkpt lat="34.083563" lon="-117.971692"><ele>105.450</ele><time>2020-10-04T21:05:58Z</time></trkpt><trkpt lat="34.083580" lon="-117.971614"><ele>105.180</ele><time>2020-10-04T21:05:59Z</time></trkpt><trkpt lat="34.083600" lon="-117.971545"><ele>105.167</ele><time>2020-10-04T21:06:00Z</time></trkpt><trkpt lat="34.083611" lon="-117.971465"><ele>105.129</ele><time>2020-10-04T21:06:01Z</time></trkpt><trkpt lat="34.083627" lon="-117.971391"><ele>105.181</ele><time>2020-10-04T21:06:02Z</time></trkpt><trkpt lat="34.083648" lon="-117.971314"><ele>105.277</ele><time>2020-10-04T21:06:03Z</time></trkpt><trkpt lat="34.083666" lon="-117.971238"><ele>105.226</ele><time>2020-10-04T21:06:04Z</time></trkpt><trkpt lat="34.083680" lon="-117.971163"><ele>105.247</ele><time>2020-10-04T21:06:05Z</time></trkpt><trkpt lat="34.083705" lon="-117.971076"><ele>105.211</ele><time>2020-10-04T21:06:06Z</time></trkpt><trkpt lat="34.083717" lon="-117.970990"><ele>105.208</ele><time>2020-10-04T21:06:07Z</time></trkpt><trkpt lat="34.083738" lon="-117.970904"><ele>105.377</ele><time>2020-10-04T21:06:08Z</time></trkpt><trkpt lat="34.083757" lon="-117.970817"><ele>105.559</ele><time>2020-10-04T21:06:09Z</time></trkpt><trkpt lat="34.083782" lon="-117.970731"><ele>105.661</ele><time>2020-10-04T21:06:10Z</time></trkpt><trkpt lat="34.083804" lon="-117.970653"><ele>105.761</ele><time>2020-10-04T21:06:11Z</time></trkpt><trkpt lat="34.083823" lon="-117.970574"><ele>105.828</ele><time>2020-10-04T21:06:12Z</time></trkpt><trkpt lat="34.083842" lon="-117.970495"><ele>105.960</ele><time>2020-10-04T21:06:13Z</time></trkpt><trkpt lat="34.083866" lon="-117.970410"><ele>105.952</ele><time>2020-10-04T21:06:14Z</time></trkpt><trkpt lat="34.083875" lon="-117.970343"><ele>105.978</ele><time>2020-10-04T21:06:15Z</time></trkpt><trkpt lat="34.083892" lon="-117.970255"><ele>106.085</ele><time>2020-10-04T21:06:16Z</time></trkpt><trkpt lat="34.083913" lon="-117.970174"><ele>106.189</ele><time>2020-10-04T21:06:17Z</time></trkpt><trkpt lat="34.083931" lon="-117.970096"><ele>106.117</ele><time>2020-10-04T21:06:18Z</time></trkpt><trkpt lat="34.083942" lon="-117.970015"><ele>106.108</ele><time>2020-10-04T21:06:19Z</time></trkpt><trkpt lat="34.083957" lon="-117.969943"><ele>106.283</ele><time>2020-10-04T21:06:20Z</time></trkpt><trkpt lat="34.083980" lon="-117.969870"><ele>106.265</ele><time>2020-10-04T21:06:21Z</time></trkpt><trkpt lat="34.084003" lon="-117.969792"><ele>106.327</ele><time>2020-10-04T21:06:22Z</time></trkpt><trkpt lat="34.084023" lon="-117.969712"><ele>106.497</ele><time>2020-10-04T21:06:23Z</time></trkpt><trkpt lat="34.084046" lon="-117.969634"><ele>106.514</ele><time>2020-10-04T21:06:24Z</time></trkpt><trkpt lat="34.084067" lon="-117.969553"><ele>106.516</ele><time>2020-10-04T21:06:25Z</time></trkpt><trkpt lat="34.084078" lon="-117.969479"><ele>106.528</ele><time>2020-10-04T21:06:26Z</time></trkpt><trkpt lat="34.084096" lon="-117.969413"><ele>106.694</ele><time>2020-10-04T21:06:27Z</time></trkpt><trkpt lat="34.084115" lon="-117.969342"><ele>106.668</ele><time>2020-10-04T21:06:28Z</time></trkpt><trkpt lat="34.084107" lon="-117.969270"><ele>106.642</ele><time>2020-10-04T21:06:29Z</time></trkpt><trkpt lat="34.084123" lon="-117.969201"><ele>106.726</ele><time>2020-10-04T21:06:30Z</time></trkpt><trkpt lat="34.084138" lon="-117.969131"><ele>106.708</ele><time>2020-10-04T21:06:31Z</time></trkpt><trkpt lat="34.084147" lon="-117.969069"><ele>106.781</ele><time>2020-10-04T21:06:32Z</time></trkpt><trkpt lat="34.084155" lon="-117.969003"><ele>106.753</ele><time>2020-10-04T21:06:33Z</time></trkpt><trkpt lat="34.084177" lon="-117.968951"><ele>106.745</ele><time>2020-10-04T21:06:34Z</time></trkpt><trkpt lat="34.084194" lon="-117.968890"><ele>106.725</ele><time>2020-10-04T21:06:35Z</time></trkpt><trkpt lat="34.084218" lon="-117.968778"><ele>106.642</ele><time>2020-10-04T21:06:37Z</time></trkpt><trkpt lat="34.084235" lon="-117.968721"><ele>106.684</ele><time>2020-10-04T21:06:38Z</time></trkpt><trkpt lat="34.084250" lon="-117.968666"><ele>106.656</ele><time>2020-10-04T21:06:39Z</time></trkpt><trkpt lat="34.084266" lon="-117.968611"><ele>106.632</ele><time>2020-10-04T21:06:40Z</time></trkpt><trkpt lat="34.084276" lon="-117.968530"><ele>106.652</ele><time>2020-10-04T21:06:42Z</time></trkpt><trkpt lat="34.084267" lon="-117.968465"><ele>106.553</ele><time>2020-10-04T21:06:51Z</time></trkpt><trkpt lat="34.084276" lon="-117.968397"><ele>106.508</ele><time>2020-10-04T21:06:53Z</time></trkpt><trkpt lat="34.084312" lon="-117.968298"><ele>106.708</ele><time>2020-10-04T21:06:55Z</time></trkpt><trkpt lat="34.084322" lon="-117.968244"><ele>106.860</ele><time>2020-10-04T21:06:56Z</time></trkpt><trkpt lat="34.084334" lon="-117.968187"><ele>106.922</ele><time>2020-10-04T21:06:57Z</time></trkpt><trkpt lat="34.084341" lon="-117.968124"><ele>107.074</ele><time>2020-10-04T21:06:58Z</time></trkpt><trkpt lat="34.084361" lon="-117.968061"><ele>107.034</ele><time>2020-10-04T21:06:59Z</time></trkpt><trkpt lat="34.084376" lon="-117.968004"><ele>107.081</ele><time>2020-10-04T21:07:00Z</time></trkpt><trkpt lat="34.084392" lon="-117.967941"><ele>107.013</ele><time>2020-10-04T21:07:01Z</time></trkpt><trkpt lat="34.084408" lon="-117.967877"><ele>107.075</ele><time>2020-10-04T21:07:02Z</time></trkpt><trkpt lat="34.084428" lon="-117.967811"><ele>107.071</ele><time>2020-10-04T21:07:03Z</time></trkpt><trkpt lat="34.084439" lon="-117.967748"><ele>107.072</ele><time>2020-10-04T21:07:04Z</time></trkpt><trkpt lat="34.084458" lon="-117.967685"><ele>107.013</ele><time>2020-10-04T21:07:05Z</time></trkpt><trkpt lat="34.084463" lon="-117.967622"><ele>107.014</ele><time>2020-10-04T21:07:06Z</time></trkpt><trkpt lat="34.084486" lon="-117.967557"><ele>107.008</ele><time>2020-10-04T21:07:07Z</time></trkpt><trkpt lat="34.084506" lon="-117.967490"><ele>107.022</ele><time>2020-10-04T21:07:08Z</time></trkpt><trkpt lat="34.084524" lon="-117.967420"><ele>107.094</ele><time>2020-10-04T21:07:09Z</time></trkpt><trkpt lat="34.084547" lon="-117.967355"><ele>107.076</ele><time>2020-10-04T21:07:10Z</time></trkpt><trkpt lat="34.084565" lon="-117.967288"><ele>107.126</ele><time>2020-10-04T21:07:11Z</time></trkpt><trkpt lat="34.084587" lon="-117.967218"><ele>107.123</ele><time>2020-10-04T21:07:12Z</time></trkpt><trkpt lat="34.084594" lon="-117.967155"><ele>107.295</ele><time>2020-10-04T21:07:13Z</time></trkpt><trkpt lat="34.084615" lon="-117.967086"><ele>107.267</ele><time>2020-10-04T21:07:14Z</time></trkpt><trkpt lat="34.084644" lon="-117.967012"><ele>107.253</ele><time>2020-10-04T21:07:15Z</time></trkpt><trkpt lat="34.084673" lon="-117.966947"><ele>107.359</ele><time>2020-10-04T21:07:16Z</time></trkpt><trkpt lat="34.084703" lon="-117.966875"><ele>107.303</ele><time>2020-10-04T21:07:17Z</time></trkpt><trkpt lat="34.084730" lon="-117.966805"><ele>107.323</ele><time>2020-10-04T21:07:18Z</time></trkpt><trkpt lat="34.084762" lon="-117.966738"><ele>107.408</ele><time>2020-10-04T21:07:19Z</time></trkpt><trkpt lat="34.084794" lon="-117.966671"><ele>107.560</ele><time>2020-10-04T21:07:20Z</time></trkpt><trkpt lat="34.084819" lon="-117.966601"><ele>107.662</ele><time>2020-10-04T21:07:21Z</time></trkpt><trkpt lat="34.084848" lon="-117.966529"><ele>107.644</ele><time>2020-10-04T21:07:22Z</time></trkpt><trkpt lat="34.084882" lon="-117.966455"><ele>107.784</ele><time>2020-10-04T21:07:23Z</time></trkpt><trkpt lat="34.084916" lon="-117.966387"><ele>107.831</ele><time>2020-10-04T21:07:24Z</time></trkpt><trkpt lat="34.084952" lon="-117.966312"><ele>107.913</ele><time>2020-10-04T21:07:25Z</time></trkpt><trkpt lat="34.084978" lon="-117.966239"><ele>107.955</ele><time>2020-10-04T21:07:26Z</time></trkpt><trkpt lat="34.085009" lon="-117.966166"><ele>107.911</ele><time>2020-10-04T21:07:27Z</time></trkpt><trkpt lat="34.085052" lon="-117.966098"><ele>107.921</ele><time>2020-10-04T21:07:28Z</time></trkpt><trkpt lat="34.085091" lon="-117.966027"><ele>107.941</ele><time>2020-10-04T21:07:29Z</time></trkpt><trkpt lat="34.085119" lon="-117.965951"><ele>108.005</ele><time>2020-10-04T21:07:30Z</time></trkpt><trkpt lat="34.085151" lon="-117.965877"><ele>108.108</ele><time>2020-10-04T21:07:31Z</time></trkpt><trkpt lat="34.085179" lon="-117.965794"><ele>108.277</ele><time>2020-10-04T21:07:32Z</time></trkpt><trkpt lat="34.085197" lon="-117.965720"><ele>108.319</ele><time>2020-10-04T21:07:33Z</time></trkpt><trkpt lat="34.085217" lon="-117.965634"><ele>108.461</ele><time>2020-10-04T21:07:34Z</time></trkpt><trkpt lat="34.085238" lon="-117.965562"><ele>108.521</ele><time>2020-10-04T21:07:35Z</time></trkpt><trkpt lat="34.085251" lon="-117.965486"><ele>108.698</ele><time>2020-10-04T21:07:36Z</time></trkpt><trkpt lat="34.085274" lon="-117.965408"><ele>108.870</ele><time>2020-10-04T21:07:37Z</time></trkpt><trkpt lat="34.085297" lon="-117.965326"><ele>109.212</ele><time>2020-10-04T21:07:38Z</time></trkpt><trkpt lat="34.085314" lon="-117.965253"><ele>109.328</ele><time>2020-10-04T21:07:39Z</time></trkpt><trkpt lat="34.085335" lon="-117.965178"><ele>109.439</ele><time>2020-10-04T21:07:40Z</time></trkpt><trkpt lat="34.085351" lon="-117.965095"><ele>109.401</ele><time>2020-10-04T21:07:41Z</time></trkpt><trkpt lat="34.085372" lon="-117.965010"><ele>109.421</ele><time>2020-10-04T21:07:42Z</time></trkpt><trkpt lat="34.085392" lon="-117.964919"><ele>109.508</ele><time>2020-10-04T21:07:43Z</time></trkpt><trkpt lat="34.085414" lon="-117.964825"><ele>109.518</ele><time>2020-10-04T21:07:44Z</time></trkpt><trkpt lat="34.085432" lon="-117.964733"><ele>109.630</ele><time>2020-10-04T21:07:45Z</time></trkpt><trkpt lat="34.085443" lon="-117.964642"><ele>109.892</ele><time>2020-10-04T21:07:46Z</time></trkpt><trkpt lat="34.085460" lon="-117.964547"><ele>109.952</ele><time>2020-10-04T21:07:47Z</time></trkpt><trkpt lat="34.085480" lon="-117.964452"><ele>109.919</ele><time>2020-10-04T21:07:48Z</time></trkpt><trkpt lat="34.085495" lon="-117.964353"><ele>110.081</ele><time>2020-10-04T21:07:49Z</time></trkpt><trkpt lat="34.085516" lon="-117.964263"><ele>110.163</ele><time>2020-10-04T21:07:50Z</time></trkpt><trkpt lat="34.085532" lon="-117.964165"><ele>110.189</ele><time>2020-10-04T21:07:51Z</time></trkpt><trkpt lat="34.085556" lon="-117.964077"><ele>110.349</ele><time>2020-10-04T21:07:52Z</time></trkpt><trkpt lat="34.085572" lon="-117.963988"><ele>110.502</ele><time>2020-10-04T21:07:53Z</time></trkpt><trkpt lat="34.085586" lon="-117.963904"><ele>110.622</ele><time>2020-10-04T21:07:54Z</time></trkpt><trkpt lat="34.085606" lon="-117.963821"><ele>110.808</ele><time>2020-10-04T21:07:55Z</time></trkpt><trkpt lat="34.085627" lon="-117.963731"><ele>110.939</ele><time>2020-10-04T21:07:56Z</time></trkpt><trkpt lat="34.085650" lon="-117.963644"><ele>110.911</ele><time>2020-10-04T21:07:57Z</time></trkpt><trkpt lat="34.085670" lon="-117.963559"><ele>110.933</ele><time>2020-10-04T21:07:58Z</time></trkpt><trkpt lat="34.085676" lon="-117.963474"><ele>110.953</ele><time>2020-10-04T21:07:59Z</time></trkpt><trkpt lat="34.085690" lon="-117.963394"><ele>110.950</ele><time>2020-10-04T21:08:00Z</time></trkpt><trkpt lat="34.085714" lon="-117.963312"><ele>110.992</ele><time>2020-10-04T21:08:01Z</time></trkpt><trkpt lat="34.085736" lon="-117.963231"><ele>110.964</ele><time>2020-10-04T21:08:02Z</time></trkpt><trkpt lat="34.085755" lon="-117.963144"><ele>110.980</ele><time>2020-10-04T21:08:03Z</time></trkpt><trkpt lat="34.085773" lon="-117.963066"><ele>110.928</ele><time>2020-10-04T21:08:04Z</time></trkpt><trkpt lat="34.085788" lon="-117.962988"><ele>110.989</ele><time>2020-10-04T21:08:05Z</time></trkpt><trkpt lat="34.085804" lon="-117.962912"><ele>111.017</ele><time>2020-10-04T21:08:06Z</time></trkpt><trkpt lat="34.085830" lon="-117.962835"><ele>111.208</ele><time>2020-10-04T21:08:07Z</time></trkpt><trkpt lat="34.085856" lon="-117.962756"><ele>111.347</ele><time>2020-10-04T21:08:08Z</time></trkpt><trkpt lat="34.085870" lon="-117.962678"><ele>111.469</ele><time>2020-10-04T21:08:09Z</time></trkpt><trkpt lat="34.085894" lon="-117.962594"><ele>111.631</ele><time>2020-10-04T21:08:10Z</time></trkpt><trkpt lat="34.085918" lon="-117.962512"><ele>111.711</ele><time>2020-10-04T21:08:11Z</time></trkpt><trkpt lat="34.085936" lon="-117.962430"><ele>111.718</ele><time>2020-10-04T21:08:12Z</time></trkpt><trkpt lat="34.085953" lon="-117.962344"><ele>111.720</ele><time>2020-10-04T21:08:13Z</time></trkpt><trkpt lat="34.085971" lon="-117.962262"><ele>111.782</ele><time>2020-10-04T21:08:14Z</time></trkpt><trkpt lat="34.085985" lon="-117.962181"><ele>111.768</ele><time>2020-10-04T21:08:15Z</time></trkpt><trkpt lat="34.086005" lon="-117.962099"><ele>111.719</ele><time>2020-10-04T21:08:16Z</time></trkpt><trkpt lat="34.086029" lon="-117.962016"><ele>111.709</ele><time>2020-10-04T21:08:17Z</time></trkpt><trkpt lat="34.086048" lon="-117.961938"><ele>111.719</ele><time>2020-10-04T21:08:18Z</time></trkpt><trkpt lat="34.086070" lon="-117.961858"><ele>111.708</ele><time>2020-10-04T21:08:19Z</time></trkpt><trkpt lat="34.086086" lon="-117.961777"><ele>111.836</ele><time>2020-10-04T21:08:20Z</time></trkpt><trkpt lat="34.086093" lon="-117.961705"><ele>111.918</ele><time>2020-10-04T21:08:21Z</time></trkpt><trkpt lat="34.086117" lon="-117.961631"><ele>112.080</ele><time>2020-10-04T21:08:22Z</time></trkpt><trkpt lat="34.086131" lon="-117.961566"><ele>112.040</ele><time>2020-10-04T21:08:23Z</time></trkpt><trkpt lat="34.086145" lon="-117.961484"><ele>112.267</ele><time>2020-10-04T21:08:24Z</time></trkpt><trkpt lat="34.086163" lon="-117.961408"><ele>112.339</ele><time>2020-10-04T21:08:25Z</time></trkpt><trkpt lat="34.086182" lon="-117.961323"><ele>112.431</ele><time>2020-10-04T21:08:26Z</time></trkpt><trkpt lat="34.086198" lon="-117.961249"><ele>112.467</ele><time>2020-10-04T21:08:27Z</time></trkpt><trkpt lat="34.086214" lon="-117.961177"><ele>112.488</ele><time>2020-10-04T21:08:28Z</time></trkpt><trkpt lat="34.086232" lon="-117.961103"><ele>112.424</ele><time>2020-10-04T21:08:29Z</time></trkpt><trkpt lat="34.086254" lon="-117.961027"><ele>112.426</ele><time>2020-10-04T21:08:30Z</time></trkpt><trkpt lat="34.086273" lon="-117.960962"><ele>112.408</ele><time>2020-10-04T21:08:31Z</time></trkpt><trkpt lat="34.086282" lon="-117.960895"><ele>112.463</ele><time>2020-10-04T21:08:32Z</time></trkpt><trkpt lat="34.086298" lon="-117.960827"><ele>112.485</ele><time>2020-10-04T21:08:33Z</time></trkpt><trkpt lat="34.086314" lon="-117.960759"><ele>112.597</ele><time>2020-10-04T21:08:34Z</time></trkpt><trkpt lat="34.086328" lon="-117.960703"><ele>112.567</ele><time>2020-10-04T21:08:35Z</time></trkpt><trkpt lat="34.086339" lon="-117.960645"><ele>112.484</ele><time>2020-10-04T21:08:36Z</time></trkpt><trkpt lat="34.086322" lon="-117.960545"><ele>112.346</ele><time>2020-10-04T21:08:38Z</time></trkpt><trkpt lat="34.086258" lon="-117.960504"><ele>112.148</ele><time>2020-10-04T21:08:40Z</time></trkpt><trkpt lat="34.086169" lon="-117.960495"><ele>112.124</ele><time>2020-10-04T21:08:42Z</time></trkpt><trkpt lat="34.086115" lon="-117.960482"><ele>112.177</ele><time>2020-10-04T21:08:43Z</time></trkpt><trkpt lat="34.086057" lon="-117.960477"><ele>112.161</ele><time>2020-10-04T21:08:44Z</time></trkpt><trkpt lat="34.086007" lon="-117.960464"><ele>112.127</ele><time>2020-10-04T21:08:45Z</time></trkpt><trkpt lat="34.085955" lon="-117.960459"><ele>112.108</ele><time>2020-10-04T21:08:46Z</time></trkpt><trkpt lat="34.085900" lon="-117.960462"><ele>112.132</ele><time>2020-10-04T21:08:47Z</time></trkpt><trkpt lat="34.085845" lon="-117.960458"><ele>112.174</ele><time>2020-10-04T21:08:48Z</time></trkpt><trkpt lat="34.085782" lon="-117.960470"><ele>112.176</ele><time>2020-10-04T21:08:49Z</time></trkpt><trkpt lat="34.085722" lon="-117.960466"><ele>112.116</ele><time>2020-10-04T21:08:50Z</time></trkpt><trkpt lat="34.085651" lon="-117.960460"><ele>112.113</ele><time>2020-10-04T21:08:51Z</time></trkpt><trkpt lat="34.085592" lon="-117.960456"><ele>112.235</ele><time>2020-10-04T21:08:52Z</time></trkpt><trkpt lat="34.085528" lon="-117.960455"><ele>112.357</ele><time>2020-10-04T21:08:53Z</time></trkpt><trkpt lat="34.085471" lon="-117.960455"><ele>112.373</ele><time>2020-10-04T21:08:54Z</time></trkpt><trkpt lat="34.085400" lon="-117.960448"><ele>112.333</ele><time>2020-10-04T21:08:55Z</time></trkpt><trkpt lat="34.085331" lon="-117.960434"><ele>112.323</ele><time>2020-10-04T21:08:56Z</time></trkpt><trkpt lat="34.085266" lon="-117.960423"><ele>112.315</ele><time>2020-10-04T21:08:57Z</time></trkpt><trkpt lat="34.085204" lon="-117.960402"><ele>112.408</ele><time>2020-10-04T21:08:58Z</time></trkpt><trkpt lat="34.085143" lon="-117.960366"><ele>112.478</ele><time>2020-10-04T21:08:59Z</time></trkpt><trkpt lat="34.085085" lon="-117.960331"><ele>112.430</ele><time>2020-10-04T21:09:00Z</time></trkpt><trkpt lat="34.085040" lon="-117.960287"><ele>112.382</ele><time>2020-10-04T21:09:01Z</time></trkpt><trkpt lat="34.084990" lon="-117.960241"><ele>112.172</ele><time>2020-10-04T21:09:02Z</time></trkpt><trkpt lat="34.084938" lon="-117.960187"><ele>112.029</ele><time>2020-10-04T21:09:03Z</time></trkpt><trkpt lat="34.084888" lon="-117.960134"><ele>111.921</ele><time>2020-10-04T21:09:04Z</time></trkpt><trkpt lat="34.084840" lon="-117.960080"><ele>111.873</ele><time>2020-10-04T21:09:05Z</time></trkpt><trkpt lat="34.084800" lon="-117.960025"><ele>111.859</ele><time>2020-10-04T21:09:06Z</time></trkpt><trkpt lat="34.084751" lon="-117.959963"><ele>111.896</ele><time>2020-10-04T21:09:07Z</time></trkpt><trkpt lat="34.084712" lon="-117.959908"><ele>111.831</ele><time>2020-10-04T21:09:08Z</time></trkpt><trkpt lat="34.084682" lon="-117.959866"><ele>111.824</ele><time>2020-10-04T21:09:09Z</time></trkpt><trkpt lat="34.084647" lon="-117.959814"><ele>111.808</ele><time>2020-10-04T21:09:10Z</time></trkpt><trkpt lat="34.084611" lon="-117.959764"><ele>111.814</ele><time>2020-10-04T21:09:11Z</time></trkpt><trkpt lat="34.084568" lon="-117.959719"><ele>111.736</ele><time>2020-10-04T21:09:12Z</time></trkpt><trkpt lat="34.084527" lon="-117.959665"><ele>111.758</ele><time>2020-10-04T21:09:13Z</time></trkpt><trkpt lat="34.084491" lon="-117.959616"><ele>111.898</ele><time>2020-10-04T21:09:14Z</time></trkpt><trkpt lat="34.084430" lon="-117.959523"><ele>111.845</ele><time>2020-10-04T21:09:16Z</time></trkpt><trkpt lat="34.084393" lon="-117.959473"><ele>111.957</ele><time>2020-10-04T21:09:17Z</time></trkpt><trkpt lat="34.084349" lon="-117.959418"><ele>111.959</ele><time>2020-10-04T21:09:18Z</time></trkpt><trkpt lat="34.084304" lon="-117.959356"><ele>111.925</ele><time>2020-10-04T21:09:19Z</time></trkpt><trkpt lat="34.084268" lon="-117.959300"><ele>111.942</ele><time>2020-10-04T21:09:20Z</time></trkpt><trkpt lat="34.084233" lon="-117.959247"><ele>111.922</ele><time>2020-10-04T21:09:21Z</time></trkpt><trkpt lat="34.084191" lon="-117.959179"><ele>111.814</ele><time>2020-10-04T21:09:22Z</time></trkpt><trkpt lat="34.084152" lon="-117.959117"><ele>111.808</ele><time>2020-10-04T21:09:23Z</time></trkpt><trkpt lat="34.084106" lon="-117.959052"><ele>111.889</ele><time>2020-10-04T21:09:24Z</time></trkpt><trkpt lat="34.084057" lon="-117.958993"><ele>111.761</ele><time>2020-10-04T21:09:25Z</time></trkpt><trkpt lat="34.084009" lon="-117.958926"><ele>111.733</ele><time>2020-10-04T21:09:26Z</time></trkpt><trkpt lat="34.083959" lon="-117.958860"><ele>111.693</ele><time>2020-10-04T21:09:27Z</time></trkpt><trkpt lat="34.083910" lon="-117.958798"><ele>111.630</ele><time>2020-10-04T21:09:28Z</time></trkpt><trkpt lat="34.083868" lon="-117.958734"><ele>111.642</ele><time>2020-10-04T21:09:29Z</time></trkpt><trkpt lat="34.083825" lon="-117.958672"><ele>111.664</ele><time>2020-10-04T21:09:30Z</time></trkpt><trkpt lat="34.083781" lon="-117.958607"><ele>111.640</ele><time>2020-10-04T21:09:31Z</time></trkpt><trkpt lat="34.083736" lon="-117.958546"><ele>111.647</ele><time>2020-10-04T21:09:32Z</time></trkpt><trkpt lat="34.083696" lon="-117.958491"><ele>111.529</ele><time>2020-10-04T21:09:33Z</time></trkpt><trkpt lat="34.083651" lon="-117.958425"><ele>111.521</ele><time>2020-10-04T21:09:34Z</time></trkpt><trkpt lat="34.083604" lon="-117.958363"><ele>111.508</ele><time>2020-10-04T21:09:35Z</time></trkpt><trkpt lat="34.083567" lon="-117.958306"><ele>111.519</ele><time>2020-10-04T21:09:36Z</time></trkpt><trkpt lat="34.083525" lon="-117.958254"><ele>111.531</ele><time>2020-10-04T21:09:37Z</time></trkpt><trkpt lat="34.083477" lon="-117.958194"><ele>111.633</ele><time>2020-10-04T21:09:38Z</time></trkpt><trkpt lat="34.083437" lon="-117.958139"><ele>111.773</ele><time>2020-10-04T21:09:39Z</time></trkpt><trkpt lat="34.083392" lon="-117.958082"><ele>111.750</ele><time>2020-10-04T21:09:40Z</time></trkpt><trkpt lat="34.083362" lon="-117.958025"><ele>111.722</ele><time>2020-10-04T21:09:41Z</time></trkpt><trkpt lat="34.083322" lon="-117.957968"><ele>111.794</ele><time>2020-10-04T21:09:42Z</time></trkpt><trkpt lat="34.083289" lon="-117.957913"><ele>111.640</ele><time>2020-10-04T21:09:43Z</time></trkpt><trkpt lat="34.083247" lon="-117.957858"><ele>111.616</ele><time>2020-10-04T21:09:44Z</time></trkpt><trkpt lat="34.083215" lon="-117.957808"><ele>111.676</ele><time>2020-10-04T21:09:45Z</time></trkpt><trkpt lat="34.083185" lon="-117.957763"><ele>111.613</ele><time>2020-10-04T21:09:46Z</time></trkpt><trkpt lat="34.083144" lon="-117.957713"><ele>111.508</ele><time>2020-10-04T21:09:47Z</time></trkpt><trkpt lat="34.083108" lon="-117.957672"><ele>111.526</ele><time>2020-10-04T21:09:48Z</time></trkpt><trkpt lat="34.083042" lon="-117.957584"><ele>111.318</ele><time>2020-10-04T21:09:50Z</time></trkpt><trkpt lat="34.083002" lon="-117.957526"><ele>111.280</ele><time>2020-10-04T21:09:51Z</time></trkpt><trkpt lat="34.082965" lon="-117.957475"><ele>111.360</ele><time>2020-10-04T21:09:52Z</time></trkpt><trkpt lat="34.082925" lon="-117.957419"><ele>111.317</ele><time>2020-10-04T21:09:53Z</time></trkpt><trkpt lat="34.082890" lon="-117.957368"><ele>111.359</ele><time>2020-10-04T21:09:54Z</time></trkpt><trkpt lat="34.082856" lon="-117.957321"><ele>111.431</ele><time>2020-10-04T21:09:55Z</time></trkpt><trkpt lat="34.082818" lon="-117.957268"><ele>111.477</ele><time>2020-10-04T21:09:56Z</time></trkpt><trkpt lat="34.082774" lon="-117.957207"><ele>111.494</ele><time>2020-10-04T21:09:57Z</time></trkpt><trkpt lat="34.082733" lon="-117.957150"><ele>111.457</ele><time>2020-10-04T21:09:58Z</time></trkpt><trkpt lat="34.082696" lon="-117.957102"><ele>111.422</ele><time>2020-10-04T21:09:59Z</time></trkpt><trkpt lat="34.082655" lon="-117.957048"><ele>111.408</ele><time>2020-10-04T21:10:00Z</time></trkpt><trkpt lat="34.082613" lon="-117.956994"><ele>111.464</ele><time>2020-10-04T21:10:01Z</time></trkpt><trkpt lat="34.082574" lon="-117.956939"><ele>111.526</ele><time>2020-10-04T21:10:02Z</time></trkpt><trkpt lat="34.082532" lon="-117.956884"><ele>111.518</ele><time>2020-10-04T21:10:03Z</time></trkpt><trkpt lat="34.082489" lon="-117.956830"><ele>111.528</ele><time>2020-10-04T21:10:04Z</time></trkpt><trkpt lat="34.082445" lon="-117.956771"><ele>111.515</ele><time>2020-10-04T21:10:05Z</time></trkpt><trkpt lat="34.082404" lon="-117.956717"><ele>111.577</ele><time>2020-10-04T21:10:06Z</time></trkpt><trkpt lat="34.082358" lon="-117.956663"><ele>111.549</ele><time>2020-10-04T21:10:07Z</time></trkpt><trkpt lat="34.082316" lon="-117.956604"><ele>111.545</ele><time>2020-10-04T21:10:08Z</time></trkpt><trkpt lat="34.082276" lon="-117.956545"><ele>111.692</ele><time>2020-10-04T21:10:09Z</time></trkpt><trkpt lat="34.082236" lon="-117.956490"><ele>111.673</ele><time>2020-10-04T21:10:10Z</time></trkpt><trkpt lat="34.082200" lon="-117.956443"><ele>111.620</ele><time>2020-10-04T21:10:11Z</time></trkpt><trkpt lat="34.082161" lon="-117.956385"><ele>111.708</ele><time>2020-10-04T21:10:12Z</time></trkpt><trkpt lat="34.082120" lon="-117.956329"><ele>111.754</ele><time>2020-10-04T21:10:13Z</time></trkpt><trkpt lat="34.082088" lon="-117.956281"><ele>111.716</ele><time>2020-10-04T21:10:14Z</time></trkpt><trkpt lat="34.082041" lon="-117.956221"><ele>111.818</ele><time>2020-10-04T21:10:15Z</time></trkpt><trkpt lat="34.081998" lon="-117.956164"><ele>112.068</ele><time>2020-10-04T21:10:16Z</time></trkpt><trkpt lat="34.081957" lon="-117.956114"><ele>112.175</ele><time>2020-10-04T21:10:17Z</time></trkpt><trkpt lat="34.081908" lon="-117.956054"><ele>112.297</ele><time>2020-10-04T21:10:18Z</time></trkpt><trkpt lat="34.081867" lon="-117.955998"><ele>112.349</ele><time>2020-10-04T21:10:19Z</time></trkpt><trkpt lat="34.081823" lon="-117.955949"><ele>112.415</ele><time>2020-10-04T21:10:20Z</time></trkpt><trkpt lat="34.081780" lon="-117.955886"><ele>112.544</ele><time>2020-10-04T21:10:21Z</time></trkpt><trkpt lat="34.081740" lon="-117.955828"><ele>112.605</ele><time>2020-10-04T21:10:22Z</time></trkpt><trkpt lat="34.081699" lon="-117.955773"><ele>112.715</ele><time>2020-10-04T21:10:23Z</time></trkpt><trkpt lat="34.081655" lon="-117.955706"><ele>112.808</ele><time>2020-10-04T21:10:24Z</time></trkpt><trkpt lat="34.081609" lon="-117.955640"><ele>112.929</ele><time>2020-10-04T21:10:25Z</time></trkpt><trkpt lat="34.081563" lon="-117.955580"><ele>113.071</ele><time>2020-10-04T21:10:26Z</time></trkpt><trkpt lat="34.081519" lon="-117.955513"><ele>113.083</ele><time>2020-10-04T21:10:27Z</time></trkpt><trkpt lat="34.081479" lon="-117.955463"><ele>113.073</ele><time>2020-10-04T21:10:28Z</time></trkpt><trkpt lat="34.081432" lon="-117.955398"><ele>112.990</ele><time>2020-10-04T21:10:29Z</time></trkpt><trkpt lat="34.081383" lon="-117.955334"><ele>112.852</ele><time>2020-10-04T21:10:30Z</time></trkpt><trkpt lat="34.081328" lon="-117.955262"><ele>112.634</ele><time>2020-10-04T21:10:31Z</time></trkpt><trkpt lat="34.081283" lon="-117.955203"><ele>112.690</ele><time>2020-10-04T21:10:32Z</time></trkpt><trkpt lat="34.081230" lon="-117.955143"><ele>112.558</ele><time>2020-10-04T21:10:33Z</time></trkpt><trkpt lat="34.081179" lon="-117.955081"><ele>112.452</ele><time>2020-10-04T21:10:34Z</time></trkpt><trkpt lat="34.081131" lon="-117.955013"><ele>112.317</ele><time>2020-10-04T21:10:35Z</time></trkpt><trkpt lat="34.081080" lon="-117.954945"><ele>112.208</ele><time>2020-10-04T21:10:36Z</time></trkpt><trkpt lat="34.081029" lon="-117.954875"><ele>112.180</ele><time>2020-10-04T21:10:37Z</time></trkpt><trkpt lat="34.080981" lon="-117.954815"><ele>112.052</ele><time>2020-10-04T21:10:38Z</time></trkpt><trkpt lat="34.080933" lon="-117.954747"><ele>112.024</ele><time>2020-10-04T21:10:39Z</time></trkpt><trkpt lat="34.080886" lon="-117.954686"><ele>112.014</ele><time>2020-10-04T21:10:40Z</time></trkpt><trkpt lat="34.080839" lon="-117.954620"><ele>112.161</ele><time>2020-10-04T21:10:41Z</time></trkpt><trkpt lat="34.080794" lon="-117.954553"><ele>112.133</ele><time>2020-10-04T21:10:42Z</time></trkpt><trkpt lat="34.080742" lon="-117.954486"><ele>112.175</ele><time>2020-10-04T21:10:43Z</time></trkpt><trkpt lat="34.080700" lon="-117.954436"><ele>112.151</ele><time>2020-10-04T21:10:44Z</time></trkpt><trkpt lat="34.080647" lon="-117.954368"><ele>112.198</ele><time>2020-10-04T21:10:45Z</time></trkpt><trkpt lat="34.080605" lon="-117.954294"><ele>112.115</ele><time>2020-10-04T21:10:46Z</time></trkpt><trkpt lat="34.080559" lon="-117.954237"><ele>112.126</ele><time>2020-10-04T21:10:47Z</time></trkpt><trkpt lat="34.080512" lon="-117.954170"><ele>112.108</ele><time>2020-10-04T21:10:48Z</time></trkpt><trkpt lat="34.080466" lon="-117.954105"><ele>112.154</ele><time>2020-10-04T21:10:49Z</time></trkpt><trkpt lat="34.080415" lon="-117.954040"><ele>112.136</ele><time>2020-10-04T21:10:50Z</time></trkpt><trkpt lat="34.080368" lon="-117.953975"><ele>112.188</ele><time>2020-10-04T21:10:51Z</time></trkpt><trkpt lat="34.080321" lon="-117.953904"><ele>112.148</ele><time>2020-10-04T21:10:52Z</time></trkpt><trkpt lat="34.080274" lon="-117.953841"><ele>112.285</ele><time>2020-10-04T21:10:53Z</time></trkpt><trkpt lat="34.080229" lon="-117.953777"><ele>112.347</ele><time>2020-10-04T21:10:54Z</time></trkpt><trkpt lat="34.080187" lon="-117.953714"><ele>112.379</ele><time>2020-10-04T21:10:55Z</time></trkpt><trkpt lat="34.080135" lon="-117.953646"><ele>112.365</ele><time>2020-10-04T21:10:56Z</time></trkpt><trkpt lat="34.080090" lon="-117.953586"><ele>112.314</ele><time>2020-10-04T21:10:57Z</time></trkpt><trkpt lat="34.080051" lon="-117.953523"><ele>112.354</ele><time>2020-10-04T21:10:58Z</time></trkpt><trkpt lat="34.080004" lon="-117.953460"><ele>112.309</ele><time>2020-10-04T21:10:59Z</time></trkpt><trkpt lat="34.079958" lon="-117.953394"><ele>112.308</ele><time>2020-10-04T21:11:00Z</time></trkpt><trkpt lat="34.079911" lon="-117.953334"><ele>112.346</ele><time>2020-10-04T21:11:01Z</time></trkpt><trkpt lat="34.079864" lon="-117.953267"><ele>112.358</ele><time>2020-10-04T21:11:02Z</time></trkpt><trkpt lat="34.079828" lon="-117.953197"><ele>112.320</ele><time>2020-10-04T21:11:03Z</time></trkpt><trkpt lat="34.079784" lon="-117.953141"><ele>112.350</ele><time>2020-10-04T21:11:04Z</time></trkpt><trkpt lat="34.079732" lon="-117.953077"><ele>112.357</ele><time>2020-10-04T21:11:05Z</time></trkpt><trkpt lat="34.079680" lon="-117.953012"><ele>112.369</ele><time>2020-10-04T21:11:06Z</time></trkpt><trkpt lat="34.079626" lon="-117.952951"><ele>112.371</ele><time>2020-10-04T21:11:07Z</time></trkpt><trkpt lat="34.079583" lon="-117.952887"><ele>112.417</ele><time>2020-10-04T21:11:08Z</time></trkpt><trkpt lat="34.079541" lon="-117.952828"><ele>112.522</ele><time>2020-10-04T21:11:09Z</time></trkpt><trkpt lat="34.079491" lon="-117.952757"><ele>112.662</ele><time>2020-10-04T21:11:10Z</time></trkpt><trkpt lat="34.079447" lon="-117.952696"><ele>112.708</ele><time>2020-10-04T21:11:11Z</time></trkpt><trkpt lat="34.079406" lon="-117.952640"><ele>112.808</ele><time>2020-10-04T21:11:12Z</time></trkpt><trkpt lat="34.079356" lon="-117.952576"><ele>112.887</ele><time>2020-10-04T21:11:13Z</time></trkpt><trkpt lat="34.079307" lon="-117.952513"><ele>112.819</ele><time>2020-10-04T21:11:14Z</time></trkpt><trkpt lat="34.079256" lon="-117.952469"><ele>112.871</ele><time>2020-10-04T21:11:15Z</time></trkpt><trkpt lat="34.079210" lon="-117.952404"><ele>112.761</ele><time>2020-10-04T21:11:16Z</time></trkpt><trkpt lat="34.079160" lon="-117.952344"><ele>112.638</ele><time>2020-10-04T21:11:17Z</time></trkpt><trkpt lat="34.079113" lon="-117.952273"><ele>112.670</ele><time>2020-10-04T21:11:18Z</time></trkpt><trkpt lat="34.079061" lon="-117.952212"><ele>112.642</ele><time>2020-10-04T21:11:19Z</time></trkpt><trkpt lat="34.079015" lon="-117.952151"><ele>112.618</ele><time>2020-10-04T21:11:20Z</time></trkpt><trkpt lat="34.078962" lon="-117.952089"><ele>112.696</ele><time>2020-10-04T21:11:21Z</time></trkpt><trkpt lat="34.078917" lon="-117.952022"><ele>112.531</ele><time>2020-10-04T21:11:22Z</time></trkpt><trkpt lat="34.078878" lon="-117.951959"><ele>112.524</ele><time>2020-10-04T21:11:23Z</time></trkpt><trkpt lat="34.078832" lon="-117.951913"><ele>112.508</ele><time>2020-10-04T21:11:24Z</time></trkpt><trkpt lat="34.078795" lon="-117.951860"><ele>112.494</ele><time>2020-10-04T21:11:25Z</time></trkpt><trkpt lat="34.078759" lon="-117.951810"><ele>112.496</ele><time>2020-10-04T21:11:26Z</time></trkpt><trkpt lat="34.078718" lon="-117.951747"><ele>112.248</ele><time>2020-10-04T21:11:27Z</time></trkpt><trkpt lat="34.078668" lon="-117.951681"><ele>112.098</ele><time>2020-10-04T21:11:28Z</time></trkpt><trkpt lat="34.078632" lon="-117.951625"><ele>112.055</ele><time>2020-10-04T21:11:29Z</time></trkpt><trkpt lat="34.078587" lon="-117.951573"><ele>112.047</ele><time>2020-10-04T21:11:30Z</time></trkpt><trkpt lat="34.078546" lon="-117.951510"><ele>111.979</ele><time>2020-10-04T21:11:31Z</time></trkpt><trkpt lat="34.078502" lon="-117.951443"><ele>111.925</ele><time>2020-10-04T21:11:32Z</time></trkpt><trkpt lat="34.078459" lon="-117.951378"><ele>111.974</ele><time>2020-10-04T21:11:33Z</time></trkpt><trkpt lat="34.078413" lon="-117.951319"><ele>111.956</ele><time>2020-10-04T21:11:34Z</time></trkpt><trkpt lat="34.078371" lon="-117.951252"><ele>111.921</ele><time>2020-10-04T21:11:35Z</time></trkpt><trkpt lat="34.078322" lon="-117.951187"><ele>111.908</ele><time>2020-10-04T21:11:36Z</time></trkpt><trkpt lat="34.078282" lon="-117.951122"><ele>111.952</ele><time>2020-10-04T21:11:37Z</time></trkpt><trkpt lat="34.078236" lon="-117.951058"><ele>112.074</ele><time>2020-10-04T21:11:38Z</time></trkpt><trkpt lat="34.078191" lon="-117.951004"><ele>112.026</ele><time>2020-10-04T21:11:39Z</time></trkpt><trkpt lat="34.078147" lon="-117.950940"><ele>112.126</ele><time>2020-10-04T21:11:40Z</time></trkpt><trkpt lat="34.078101" lon="-117.950884"><ele>112.293</ele><time>2020-10-04T21:11:41Z</time></trkpt><trkpt lat="34.078060" lon="-117.950821"><ele>112.275</ele><time>2020-10-04T21:11:42Z</time></trkpt><trkpt lat="34.078005" lon="-117.950753"><ele>112.277</ele><time>2020-10-04T21:11:43Z</time></trkpt><trkpt lat="34.077953" lon="-117.950685"><ele>112.293</ele><time>2020-10-04T21:11:44Z</time></trkpt><trkpt lat="34.077910" lon="-117.950614"><ele>112.136</ele><time>2020-10-04T21:11:45Z</time></trkpt><trkpt lat="34.077864" lon="-117.950539"><ele>112.117</ele><time>2020-10-04T21:11:46Z</time></trkpt><trkpt lat="34.077820" lon="-117.950473"><ele>112.118</ele><time>2020-10-04T21:11:47Z</time></trkpt><trkpt lat="34.077775" lon="-117.950422"><ele>112.108</ele><time>2020-10-04T21:11:48Z</time></trkpt><trkpt lat="34.077724" lon="-117.950355"><ele>112.188</ele><time>2020-10-04T21:11:49Z</time></trkpt><trkpt lat="34.077667" lon="-117.950287"><ele>112.160</ele><time>2020-10-04T21:11:50Z</time></trkpt><trkpt lat="34.077623" lon="-117.950218"><ele>112.122</ele><time>2020-10-04T21:11:51Z</time></trkpt><trkpt lat="34.077571" lon="-117.950152"><ele>112.192</ele><time>2020-10-04T21:11:52Z</time></trkpt><trkpt lat="34.077513" lon="-117.950088"><ele>112.199</ele><time>2020-10-04T21:11:53Z</time></trkpt><trkpt lat="34.077464" lon="-117.950019"><ele>112.141</ele><time>2020-10-04T21:11:54Z</time></trkpt><trkpt lat="34.077410" lon="-117.949947"><ele>112.193</ele><time>2020-10-04T21:11:55Z</time></trkpt><trkpt lat="34.077365" lon="-117.949877"><ele>112.129</ele><time>2020-10-04T21:11:56Z</time></trkpt><trkpt lat="34.077316" lon="-117.949807"><ele>112.012</ele><time>2020-10-04T21:11:57Z</time></trkpt><trkpt lat="34.077260" lon="-117.949745"><ele>111.932</ele><time>2020-10-04T21:11:58Z</time></trkpt><trkpt lat="34.077211" lon="-117.949682"><ele>111.805</ele><time>2020-10-04T21:11:59Z</time></trkpt><trkpt lat="34.077166" lon="-117.949612"><ele>111.808</ele><time>2020-10-04T21:12:00Z</time></trkpt><trkpt lat="34.077120" lon="-117.949545"><ele>111.886</ele><time>2020-10-04T21:12:01Z</time></trkpt><trkpt lat="34.077065" lon="-117.949489"><ele>111.828</ele><time>2020-10-04T21:12:02Z</time></trkpt><trkpt lat="34.077020" lon="-117.949424"><ele>111.840</ele><time>2020-10-04T21:12:03Z</time></trkpt><trkpt lat="34.076973" lon="-117.949358"><ele>111.930</ele><time>2020-10-04T21:12:04Z</time></trkpt><trkpt lat="34.076928" lon="-117.949295"><ele>112.097</ele><time>2020-10-04T21:12:05Z</time></trkpt><trkpt lat="34.076876" lon="-117.949239"><ele>112.059</ele><time>2020-10-04T21:12:06Z</time></trkpt><trkpt lat="34.076833" lon="-117.949172"><ele>112.041</ele><time>2020-10-04T21:12:07Z</time></trkpt><trkpt lat="34.076777" lon="-117.949098"><ele>112.177</ele><time>2020-10-04T21:12:08Z</time></trkpt><trkpt lat="34.076734" lon="-117.949044"><ele>112.148</ele><time>2020-10-04T21:12:09Z</time></trkpt><trkpt lat="34.076692" lon="-117.948980"><ele>112.161</ele><time>2020-10-04T21:12:10Z</time></trkpt><trkpt lat="34.076646" lon="-117.948915"><ele>112.117</ele><time>2020-10-04T21:12:11Z</time></trkpt><trkpt lat="34.076597" lon="-117.948861"><ele>112.008</ele><time>2020-10-04T21:12:12Z</time></trkpt><trkpt lat="34.076545" lon="-117.948796"><ele>112.059</ele><time>2020-10-04T21:12:13Z</time></trkpt><trkpt lat="34.076498" lon="-117.948735"><ele>111.951</ele><time>2020-10-04T21:12:14Z</time></trkpt><trkpt lat="34.076451" lon="-117.948674"><ele>111.813</ele><time>2020-10-04T21:12:15Z</time></trkpt><trkpt lat="34.076408" lon="-117.948617"><ele>111.873</ele><time>2020-10-04T21:12:16Z</time></trkpt><trkpt lat="34.076361" lon="-117.948553"><ele>111.870</ele><time>2020-10-04T21:12:17Z</time></trkpt><trkpt lat="34.076314" lon="-117.948492"><ele>111.822</ele><time>2020-10-04T21:12:18Z</time></trkpt><trkpt lat="34.076272" lon="-117.948429"><ele>111.884</ele><time>2020-10-04T21:12:19Z</time></trkpt><trkpt lat="34.076224" lon="-117.948364"><ele>111.910</ele><time>2020-10-04T21:12:20Z</time></trkpt><trkpt lat="34.076178" lon="-117.948307"><ele>111.993</ele><time>2020-10-04T21:12:21Z</time></trkpt><trkpt lat="34.076127" lon="-117.948246"><ele>111.965</ele><time>2020-10-04T21:12:22Z</time></trkpt><trkpt lat="34.076087" lon="-117.948179"><ele>111.921</ele><time>2020-10-04T21:12:23Z</time></trkpt><trkpt lat="34.076041" lon="-117.948122"><ele>111.908</ele><time>2020-10-04T21:12:24Z</time></trkpt><trkpt lat="34.075993" lon="-117.948059"><ele>111.884</ele><time>2020-10-04T21:12:25Z</time></trkpt><trkpt lat="34.075952" lon="-117.948002"><ele>111.866</ele><time>2020-10-04T21:12:26Z</time></trkpt><trkpt lat="34.075905" lon="-117.947944"><ele>111.848</ele><time>2020-10-04T21:12:27Z</time></trkpt><trkpt lat="34.075859" lon="-117.947889"><ele>111.968</ele><time>2020-10-04T21:12:28Z</time></trkpt><trkpt lat="34.075818" lon="-117.947829"><ele>112.195</ele><time>2020-10-04T21:12:29Z</time></trkpt><trkpt lat="34.075773" lon="-117.947772"><ele>112.277</ele><time>2020-10-04T21:12:30Z</time></trkpt><trkpt lat="34.075732" lon="-117.947715"><ele>112.399</ele><time>2020-10-04T21:12:31Z</time></trkpt><trkpt lat="34.075690" lon="-117.947655"><ele>112.415</ele><time>2020-10-04T21:12:32Z</time></trkpt><trkpt lat="34.075659" lon="-117.947592"><ele>112.599</ele><time>2020-10-04T21:12:33Z</time></trkpt><trkpt lat="34.075622" lon="-117.947537"><ele>112.607</ele><time>2020-10-04T21:12:34Z</time></trkpt><trkpt lat="34.075585" lon="-117.947476"><ele>112.727</ele><time>2020-10-04T21:12:35Z</time></trkpt><trkpt lat="34.075547" lon="-117.947420"><ele>112.708</ele><time>2020-10-04T21:12:36Z</time></trkpt><trkpt lat="34.075504" lon="-117.947362"><ele>112.734</ele><time>2020-10-04T21:12:37Z</time></trkpt><trkpt lat="34.075459" lon="-117.947303"><ele>112.736</ele><time>2020-10-04T21:12:38Z</time></trkpt><trkpt lat="34.075418" lon="-117.947252"><ele>112.778</ele><time>2020-10-04T21:12:39Z</time></trkpt><trkpt lat="34.075378" lon="-117.947193"><ele>112.778</ele><time>2020-10-04T21:12:40Z</time></trkpt><trkpt lat="34.075340" lon="-117.947140"><ele>112.775</ele><time>2020-10-04T21:12:41Z</time></trkpt><trkpt lat="34.075300" lon="-117.947090"><ele>112.747</ele><time>2020-10-04T21:12:42Z</time></trkpt><trkpt lat="34.075260" lon="-117.947031"><ele>112.769</ele><time>2020-10-04T21:12:43Z</time></trkpt><trkpt lat="34.075223" lon="-117.946975"><ele>112.715</ele><time>2020-10-04T21:12:44Z</time></trkpt><trkpt lat="34.075185" lon="-117.946920"><ele>112.781</ele><time>2020-10-04T21:12:45Z</time></trkpt><trkpt lat="34.075145" lon="-117.946857"><ele>112.761</ele><time>2020-10-04T21:12:46Z</time></trkpt><trkpt lat="34.075106" lon="-117.946796"><ele>112.717</ele><time>2020-10-04T21:12:47Z</time></trkpt><trkpt lat="34.075065" lon="-117.946743"><ele>112.708</ele><time>2020-10-04T21:12:48Z</time></trkpt><trkpt lat="34.075026" lon="-117.946686"><ele>112.763</ele><time>2020-10-04T21:12:49Z</time></trkpt><trkpt lat="34.074975" lon="-117.946631"><ele>112.715</ele><time>2020-10-04T21:12:50Z</time></trkpt><trkpt lat="34.074926" lon="-117.946587"><ele>112.847</ele><time>2020-10-04T21:12:51Z</time></trkpt><trkpt lat="34.074870" lon="-117.946564"><ele>112.857</ele><time>2020-10-04T21:12:52Z</time></trkpt><trkpt lat="34.074810" lon="-117.946547"><ele>112.884</ele><time>2020-10-04T21:12:53Z</time></trkpt><trkpt lat="34.074742" lon="-117.946529"><ele>112.896</ele><time>2020-10-04T21:12:54Z</time></trkpt><trkpt lat="34.074682" lon="-117.946538"><ele>112.948</ele><time>2020-10-04T21:12:55Z</time></trkpt><trkpt lat="34.074618" lon="-117.946550"><ele>113.084</ele><time>2020-10-04T21:12:56Z</time></trkpt><trkpt lat="34.074553" lon="-117.946559"><ele>113.083</ele><time>2020-10-04T21:12:57Z</time></trkpt><trkpt lat="34.074491" lon="-117.946563"><ele>113.125</ele><time>2020-10-04T21:12:58Z</time></trkpt><trkpt lat="34.074427" lon="-117.946573"><ele>113.217</ele><time>2020-10-04T21:12:59Z</time></trkpt><trkpt lat="34.074355" lon="-117.946574"><ele>113.208</ele><time>2020-10-04T21:13:00Z</time></trkpt><trkpt lat="34.074283" lon="-117.946584"><ele>113.223</ele><time>2020-10-04T21:13:01Z</time></trkpt><trkpt lat="34.074214" lon="-117.946601"><ele>113.335</ele><time>2020-10-04T21:13:02Z</time></trkpt><trkpt lat="34.074153" lon="-117.946607"><ele>113.427</ele><time>2020-10-04T21:13:03Z</time></trkpt><trkpt lat="34.074098" lon="-117.946613"><ele>113.537</ele><time>2020-10-04T21:13:04Z</time></trkpt><trkpt lat="34.074034" lon="-117.946619"><ele>113.564</ele><time>2020-10-04T21:13:05Z</time></trkpt><trkpt lat="34.073958" lon="-117.946635"><ele>113.516</ele><time>2020-10-04T21:13:06Z</time></trkpt><trkpt lat="34.073889" lon="-117.946637"><ele>113.468</ele><time>2020-10-04T21:13:07Z</time></trkpt><trkpt lat="34.073822" lon="-117.946649"><ele>113.344</ele><time>2020-10-04T21:13:08Z</time></trkpt><trkpt lat="34.073748" lon="-117.946656"><ele>113.386</ele><time>2020-10-04T21:13:09Z</time></trkpt><trkpt lat="34.073668" lon="-117.946660"><ele>113.360</ele><time>2020-10-04T21:13:10Z</time></trkpt><trkpt lat="34.073591" lon="-117.946662"><ele>113.426</ele><time>2020-10-04T21:13:11Z</time></trkpt><trkpt lat="34.073519" lon="-117.946666"><ele>113.408</ele><time>2020-10-04T21:13:12Z</time></trkpt><trkpt lat="34.073452" lon="-117.946659"><ele>113.413</ele><time>2020-10-04T21:13:13Z</time></trkpt><trkpt lat="34.073376" lon="-117.946656"><ele>113.375</ele><time>2020-10-04T21:13:14Z</time></trkpt><trkpt lat="34.073305" lon="-117.946657"><ele>113.277</ele><time>2020-10-04T21:13:15Z</time></trkpt><trkpt lat="34.073229" lon="-117.946655"><ele>113.017</ele><time>2020-10-04T21:13:16Z</time></trkpt><trkpt lat="34.073150" lon="-117.946642"><ele>112.884</ele><time>2020-10-04T21:13:17Z</time></trkpt><trkpt lat="34.073064" lon="-117.946639"><ele>112.666</ele><time>2020-10-04T21:13:18Z</time></trkpt><trkpt lat="34.072982" lon="-117.946614"><ele>112.468</ele><time>2020-10-04T21:13:19Z</time></trkpt><trkpt lat="34.072895" lon="-117.946592"><ele>112.194</ele><time>2020-10-04T21:13:20Z</time></trkpt><trkpt lat="34.072807" lon="-117.946568"><ele>111.765</ele><time>2020-10-04T21:13:21Z</time></trkpt><trkpt lat="34.072731" lon="-117.946544"><ele>111.368</ele><time>2020-10-04T21:13:22Z</time></trkpt><trkpt lat="34.072647" lon="-117.946508"><ele>110.914</ele><time>2020-10-04T21:13:23Z</time></trkpt><trkpt lat="34.072564" lon="-117.946467"><ele>110.508</ele><time>2020-10-04T21:13:24Z</time></trkpt><trkpt lat="34.072477" lon="-117.946439"><ele>110.121</ele><time>2020-10-04T21:13:25Z</time></trkpt><trkpt lat="34.072393" lon="-117.946398"><ele>109.823</ele><time>2020-10-04T21:13:26Z</time></trkpt><trkpt lat="34.072304" lon="-117.946354"><ele>109.485</ele><time>2020-10-04T21:13:27Z</time></trkpt><trkpt lat="34.072218" lon="-117.946304"><ele>109.025</ele><time>2020-10-04T21:13:28Z</time></trkpt><trkpt lat="34.072134" lon="-117.946252"><ele>108.512</ele><time>2020-10-04T21:13:29Z</time></trkpt><trkpt lat="34.072050" lon="-117.946209"><ele>108.164</ele><time>2020-10-04T21:13:30Z</time></trkpt><trkpt lat="34.071973" lon="-117.946164"><ele>107.946</ele><time>2020-10-04T21:13:31Z</time></trkpt><trkpt lat="34.071901" lon="-117.946118"><ele>107.752</ele><time>2020-10-04T21:13:32Z</time></trkpt><trkpt lat="34.071817" lon="-117.946074"><ele>107.554</ele><time>2020-10-04T21:13:33Z</time></trkpt><trkpt lat="34.071743" lon="-117.946033"><ele>107.556</ele><time>2020-10-04T21:13:34Z</time></trkpt><trkpt lat="34.071655" lon="-117.945987"><ele>107.511</ele><time>2020-10-04T21:13:35Z</time></trkpt><trkpt lat="34.071610" lon="-117.945963"><ele>107.408</ele><time>2020-10-04T21:13:36Z</time></trkpt><trkpt lat="34.071519" lon="-117.945915"><ele>107.480</ele><time>2020-10-04T21:13:37Z</time></trkpt><trkpt lat="34.071464" lon="-117.945881"><ele>107.792</ele><time>2020-10-04T21:13:38Z</time></trkpt><trkpt lat="34.071402" lon="-117.945846"><ele>107.924</ele><time>2020-10-04T21:13:39Z</time></trkpt><trkpt lat="34.071342" lon="-117.945807"><ele>108.224</ele><time>2020-10-04T21:13:40Z</time></trkpt><trkpt lat="34.071283" lon="-117.945754"><ele>108.791</ele><time>2020-10-04T21:13:41Z</time></trkpt><trkpt lat="34.071226" lon="-117.945708"><ele>108.983</ele><time>2020-10-04T21:13:42Z</time></trkpt><trkpt lat="34.071168" lon="-117.945655"><ele>109.135</ele><time>2020-10-04T21:13:43Z</time></trkpt><trkpt lat="34.071118" lon="-117.945607"><ele>109.451</ele><time>2020-10-04T21:13:44Z</time></trkpt><trkpt lat="34.071062" lon="-117.945556"><ele>109.673</ele><time>2020-10-04T21:13:45Z</time></trkpt><trkpt lat="34.071011" lon="-117.945511"><ele>109.885</ele><time>2020-10-04T21:13:46Z</time></trkpt><trkpt lat="34.070959" lon="-117.945470"><ele>110.013</ele><time>2020-10-04T21:13:47Z</time></trkpt><trkpt lat="34.070914" lon="-117.945421"><ele>110.208</ele><time>2020-10-04T21:13:48Z</time></trkpt><trkpt lat="34.070876" lon="-117.945368"><ele>110.582</ele><time>2020-10-04T21:13:49Z</time></trkpt><trkpt lat="34.070830" lon="-117.945319"><ele>110.814</ele><time>2020-10-04T21:13:50Z</time></trkpt><trkpt lat="34.070796" lon="-117.945280"><ele>111.096</ele><time>2020-10-04T21:13:51Z</time></trkpt><trkpt lat="34.070766" lon="-117.945230"><ele>111.236</ele><time>2020-10-04T21:13:52Z</time></trkpt><trkpt lat="34.070733" lon="-117.945186"><ele>111.383</ele><time>2020-10-04T21:13:53Z</time></trkpt><trkpt lat="34.070696" lon="-117.945144"><ele>111.415</ele><time>2020-10-04T21:13:54Z</time></trkpt><trkpt lat="34.070665" lon="-117.945100"><ele>111.537</ele><time>2020-10-04T21:13:55Z</time></trkpt><trkpt lat="34.070632" lon="-117.945060"><ele>111.533</ele><time>2020-10-04T21:13:56Z</time></trkpt><trkpt lat="34.070576" lon="-117.944995"><ele>111.519</ele><time>2020-10-04T21:13:58Z</time></trkpt><trkpt lat="34.070525" lon="-117.944960"><ele>111.309</ele><time>2020-10-04T21:14:00Z</time></trkpt><trkpt lat="34.070486" lon="-117.944924"><ele>110.819</ele><time>2020-10-04T21:14:15Z</time></trkpt><trkpt lat="34.070443" lon="-117.944887"><ele>110.808</ele><time>2020-10-04T21:14:17Z</time></trkpt><trkpt lat="34.070388" lon="-117.944821"><ele>110.816</ele><time>2020-10-04T21:14:19Z</time></trkpt><trkpt lat="34.070335" lon="-117.944724"><ele>110.978</ele><time>2020-10-04T21:14:21Z</time></trkpt><trkpt lat="34.070303" lon="-117.944683"><ele>111.060</ele><time>2020-10-04T21:14:22Z</time></trkpt><trkpt lat="34.070232" lon="-117.944608"><ele>111.270</ele><time>2020-10-04T21:14:24Z</time></trkpt><trkpt lat="34.070196" lon="-117.944551"><ele>111.287</ele><time>2020-10-04T21:14:25Z</time></trkpt><trkpt lat="34.070156" lon="-117.944496"><ele>111.469</ele><time>2020-10-04T21:14:26Z</time></trkpt><trkpt lat="34.070109" lon="-117.944440"><ele>111.581</ele><time>2020-10-04T21:14:27Z</time></trkpt><trkpt lat="34.070071" lon="-117.944386"><ele>111.677</ele><time>2020-10-04T21:14:28Z</time></trkpt><trkpt lat="34.070030" lon="-117.944326"><ele>111.795</ele><time>2020-10-04T21:14:29Z</time></trkpt><trkpt lat="34.069986" lon="-117.944278"><ele>111.749</ele><time>2020-10-04T21:14:30Z</time></trkpt><trkpt lat="34.069933" lon="-117.944225"><ele>111.723</ele><time>2020-10-04T21:14:31Z</time></trkpt><trkpt lat="34.069894" lon="-117.944171"><ele>111.708</ele><time>2020-10-04T21:14:32Z</time></trkpt><trkpt lat="34.069851" lon="-117.944118"><ele>111.714</ele><time>2020-10-04T21:14:33Z</time></trkpt><trkpt lat="34.069799" lon="-117.944071"><ele>111.726</ele><time>2020-10-04T21:14:34Z</time></trkpt><trkpt lat="34.069761" lon="-117.944020"><ele>111.728</ele><time>2020-10-04T21:14:35Z</time></trkpt><trkpt lat="34.069719" lon="-117.943958"><ele>111.718</ele><time>2020-10-04T21:14:36Z</time></trkpt><trkpt lat="34.069684" lon="-117.943903"><ele>111.725</ele><time>2020-10-04T21:14:37Z</time></trkpt><trkpt lat="34.069643" lon="-117.943839"><ele>111.747</ele><time>2020-10-04T21:14:38Z</time></trkpt><trkpt lat="34.069601" lon="-117.943772"><ele>111.769</ele><time>2020-10-04T21:14:39Z</time></trkpt><trkpt lat="34.069559" lon="-117.943719"><ele>111.715</ele><time>2020-10-04T21:14:40Z</time></trkpt><trkpt lat="34.069515" lon="-117.943654"><ele>111.795</ele><time>2020-10-04T21:14:41Z</time></trkpt><trkpt lat="34.069469" lon="-117.943594"><ele>111.849</ele><time>2020-10-04T21:14:42Z</time></trkpt><trkpt lat="34.069422" lon="-117.943536"><ele>111.923</ele><time>2020-10-04T21:14:43Z</time></trkpt><trkpt lat="34.069377" lon="-117.943474"><ele>111.908</ele><time>2020-10-04T21:14:44Z</time></trkpt><trkpt lat="34.069334" lon="-117.943408"><ele>111.934</ele><time>2020-10-04T21:14:45Z</time></trkpt><trkpt lat="34.069287" lon="-117.943342"><ele>111.946</ele><time>2020-10-04T21:14:46Z</time></trkpt><trkpt lat="34.069241" lon="-117.943277"><ele>111.938</ele><time>2020-10-04T21:14:47Z</time></trkpt><trkpt lat="34.069199" lon="-117.943215"><ele>111.958</ele><time>2020-10-04T21:14:48Z</time></trkpt><trkpt lat="34.069158" lon="-117.943142"><ele>111.925</ele><time>2020-10-04T21:14:49Z</time></trkpt><trkpt lat="34.069115" lon="-117.943085"><ele>112.047</ele><time>2020-10-04T21:14:50Z</time></trkpt><trkpt lat="34.069072" lon="-117.943027"><ele>112.189</ele><time>2020-10-04T21:14:51Z</time></trkpt><trkpt lat="34.069032" lon="-117.942963"><ele>112.225</ele><time>2020-10-04T21:14:52Z</time></trkpt><trkpt lat="34.068987" lon="-117.942905"><ele>112.223</ele><time>2020-10-04T21:14:53Z</time></trkpt><trkpt lat="34.068945" lon="-117.942843"><ele>112.283</ele><time>2020-10-04T21:14:54Z</time></trkpt><trkpt lat="34.068899" lon="-117.942783"><ele>112.211</ele><time>2020-10-04T21:14:55Z</time></trkpt><trkpt lat="34.068853" lon="-117.942732"><ele>112.208</ele><time>2020-10-04T21:14:56Z</time></trkpt><trkpt lat="34.068809" lon="-117.942672"><ele>112.257</ele><time>2020-10-04T21:14:57Z</time></trkpt><trkpt lat="34.068767" lon="-117.942615"><ele>112.219</ele><time>2020-10-04T21:14:58Z</time></trkpt><trkpt lat="34.068723" lon="-117.942549"><ele>112.261</ele><time>2020-10-04T21:14:59Z</time></trkpt><trkpt lat="34.068682" lon="-117.942481"><ele>112.291</ele><time>2020-10-04T21:15:00Z</time></trkpt><trkpt lat="34.068647" lon="-117.942414"><ele>112.228</ele><time>2020-10-04T21:15:01Z</time></trkpt><trkpt lat="34.068605" lon="-117.942351"><ele>112.350</ele><time>2020-10-04T21:15:02Z</time></trkpt><trkpt lat="34.068562" lon="-117.942289"><ele>112.332</ele><time>2020-10-04T21:15:03Z</time></trkpt><trkpt lat="34.068520" lon="-117.942229"><ele>112.368</ele><time>2020-10-04T21:15:04Z</time></trkpt><trkpt lat="34.068473" lon="-117.942172"><ele>112.462</ele><time>2020-10-04T21:15:05Z</time></trkpt><trkpt lat="34.068431" lon="-117.942112"><ele>112.483</ele><time>2020-10-04T21:15:06Z</time></trkpt><trkpt lat="34.068383" lon="-117.942052"><ele>112.511</ele><time>2020-10-04T21:15:07Z</time></trkpt><trkpt lat="34.068343" lon="-117.941998"><ele>112.608</ele><time>2020-10-04T21:15:08Z</time></trkpt><trkpt lat="34.068312" lon="-117.941939"><ele>112.741</ele><time>2020-10-04T21:15:09Z</time></trkpt><trkpt lat="34.068270" lon="-117.941892"><ele>112.833</ele><time>2020-10-04T21:15:10Z</time></trkpt><trkpt lat="34.068227" lon="-117.941836"><ele>112.915</ele><time>2020-10-04T21:15:11Z</time></trkpt><trkpt lat="34.068185" lon="-117.941776"><ele>113.035</ele><time>2020-10-04T21:15:12Z</time></trkpt><trkpt lat="34.068141" lon="-117.941722"><ele>113.172</ele><time>2020-10-04T21:15:13Z</time></trkpt><trkpt lat="34.068101" lon="-117.941670"><ele>113.214</ele><time>2020-10-04T21:15:14Z</time></trkpt><trkpt lat="34.068046" lon="-117.941618"><ele>113.366</ele><time>2020-10-04T21:15:15Z</time></trkpt><trkpt lat="34.068007" lon="-117.941562"><ele>113.372</ele><time>2020-10-04T21:15:16Z</time></trkpt><trkpt lat="34.067966" lon="-117.941511"><ele>113.364</ele><time>2020-10-04T21:15:17Z</time></trkpt><trkpt lat="34.067922" lon="-117.941464"><ele>113.306</ele><time>2020-10-04T21:15:18Z</time></trkpt><trkpt lat="34.067881" lon="-117.941405"><ele>113.416</ele><time>2020-10-04T21:15:19Z</time></trkpt><trkpt lat="34.067837" lon="-117.941357"><ele>113.508</ele><time>2020-10-04T21:15:20Z</time></trkpt><trkpt lat="34.067798" lon="-117.941307"><ele>113.611</ele><time>2020-10-04T21:15:21Z</time></trkpt><trkpt lat="34.067755" lon="-117.941261"><ele>113.753</ele><time>2020-10-04T21:15:22Z</time></trkpt><trkpt lat="34.067721" lon="-117.941225"><ele>113.845</ele><time>2020-10-04T21:15:23Z</time></trkpt><trkpt lat="34.067675" lon="-117.941188"><ele>113.845</ele><time>2020-10-04T21:15:24Z</time></trkpt><trkpt lat="34.067629" lon="-117.941150"><ele>113.862</ele><time>2020-10-04T21:15:25Z</time></trkpt><trkpt lat="34.067582" lon="-117.941110"><ele>113.944</ele><time>2020-10-04T21:15:26Z</time></trkpt><trkpt lat="34.067545" lon="-117.941079"><ele>113.956</ele><time>2020-10-04T21:15:27Z</time></trkpt><trkpt lat="34.067503" lon="-117.941041"><ele>113.912</ele><time>2020-10-04T21:15:28Z</time></trkpt><trkpt lat="34.067460" lon="-117.941007"><ele>113.951</ele><time>2020-10-04T21:15:29Z</time></trkpt><trkpt lat="34.067422" lon="-117.940972"><ele>113.901</ele><time>2020-10-04T21:15:30Z</time></trkpt><trkpt lat="34.067350" lon="-117.940906"><ele>113.811</ele><time>2020-10-04T21:15:32Z</time></trkpt><trkpt lat="34.067308" lon="-117.940874"><ele>113.808</ele><time>2020-10-04T21:15:33Z</time></trkpt><trkpt lat="34.067232" lon="-117.940807"><ele>113.780</ele><time>2020-10-04T21:15:35Z</time></trkpt><trkpt lat="34.067193" lon="-117.940775"><ele>113.792</ele><time>2020-10-04T21:15:36Z</time></trkpt><trkpt lat="34.067154" lon="-117.940737"><ele>113.674</ele><time>2020-10-04T21:15:37Z</time></trkpt><trkpt lat="34.067120" lon="-117.940701"><ele>113.584</ele><time>2020-10-04T21:15:38Z</time></trkpt><trkpt lat="34.067089" lon="-117.940661"><ele>113.471</ele><time>2020-10-04T21:15:39Z</time></trkpt><trkpt lat="34.067023" lon="-117.940587"><ele>113.233</ele><time>2020-10-04T21:15:41Z</time></trkpt><trkpt lat="34.066989" lon="-117.940549"><ele>113.195</ele><time>2020-10-04T21:15:42Z</time></trkpt><trkpt lat="34.066929" lon="-117.940469"><ele>113.091</ele><time>2020-10-04T21:15:44Z</time></trkpt><trkpt lat="34.066866" lon="-117.940383"><ele>113.097</ele><time>2020-10-04T21:15:46Z</time></trkpt><trkpt lat="34.066818" lon="-117.940343"><ele>113.123</ele><time>2020-10-04T21:15:47Z</time></trkpt><trkpt lat="34.066783" lon="-117.940300"><ele>113.125</ele><time>2020-10-04T21:15:48Z</time></trkpt><trkpt lat="34.066736" lon="-117.940243"><ele>113.108</ele><time>2020-10-04T21:15:49Z</time></trkpt><trkpt lat="34.066701" lon="-117.940182"><ele>113.294</ele><time>2020-10-04T21:15:50Z</time></trkpt><trkpt lat="34.066664" lon="-117.940126"><ele>113.326</ele><time>2020-10-04T21:15:51Z</time></trkpt><trkpt lat="34.066626" lon="-117.940079"><ele>113.498</ele><time>2020-10-04T21:15:52Z</time></trkpt><trkpt lat="34.066590" lon="-117.940023"><ele>113.488</ele><time>2020-10-04T21:15:53Z</time></trkpt><trkpt lat="34.066546" lon="-117.939959"><ele>113.415</ele><time>2020-10-04T21:15:54Z</time></trkpt><trkpt lat="34.066501" lon="-117.939896"><ele>113.327</ele><time>2020-10-04T21:15:55Z</time></trkpt><trkpt lat="34.066459" lon="-117.939837"><ele>113.349</ele><time>2020-10-04T21:15:56Z</time></trkpt><trkpt lat="34.066420" lon="-117.939778"><ele>113.335</ele><time>2020-10-04T21:15:57Z</time></trkpt><trkpt lat="34.066385" lon="-117.939722"><ele>113.497</ele><time>2020-10-04T21:15:58Z</time></trkpt><trkpt lat="34.066342" lon="-117.939658"><ele>113.623</ele><time>2020-10-04T21:15:59Z</time></trkpt><trkpt lat="34.066301" lon="-117.939603"><ele>113.725</ele><time>2020-10-04T21:16:00Z</time></trkpt><trkpt lat="34.066260" lon="-117.939548"><ele>113.808</ele><time>2020-10-04T21:16:01Z</time></trkpt><trkpt lat="34.066219" lon="-117.939490"><ele>113.954</ele><time>2020-10-04T21:16:02Z</time></trkpt><trkpt lat="34.066183" lon="-117.939433"><ele>113.956</ele><time>2020-10-04T21:16:03Z</time></trkpt><trkpt lat="34.066138" lon="-117.939374"><ele>113.998</ele><time>2020-10-04T21:16:04Z</time></trkpt><trkpt lat="34.066094" lon="-117.939312"><ele>113.948</ele><time>2020-10-04T21:16:05Z</time></trkpt><trkpt lat="34.066057" lon="-117.939256"><ele>113.995</ele><time>2020-10-04T21:16:06Z</time></trkpt><trkpt lat="34.066014" lon="-117.939199"><ele>113.997</ele><time>2020-10-04T21:16:07Z</time></trkpt><trkpt lat="34.065964" lon="-117.939134"><ele>113.979</ele><time>2020-10-04T21:16:08Z</time></trkpt><trkpt lat="34.065920" lon="-117.939072"><ele>113.955</ele><time>2020-10-04T21:16:09Z</time></trkpt><trkpt lat="34.065880" lon="-117.939016"><ele>113.936</ele><time>2020-10-04T21:16:10Z</time></trkpt><trkpt lat="34.065835" lon="-117.938958"><ele>113.917</ele><time>2020-10-04T21:16:11Z</time></trkpt><trkpt lat="34.065791" lon="-117.938896"><ele>113.918</ele><time>2020-10-04T21:16:12Z</time></trkpt><trkpt lat="34.065750" lon="-117.938846"><ele>114.008</ele><time>2020-10-04T21:16:13Z</time></trkpt><trkpt lat="34.065707" lon="-117.938780"><ele>114.118</ele><time>2020-10-04T21:16:14Z</time></trkpt><trkpt lat="34.065654" lon="-117.938718"><ele>114.190</ele><time>2020-10-04T21:16:15Z</time></trkpt><trkpt lat="34.065612" lon="-117.938661"><ele>114.172</ele><time>2020-10-04T21:16:16Z</time></trkpt><trkpt lat="34.065566" lon="-117.938600"><ele>114.122</ele><time>2020-10-04T21:16:17Z</time></trkpt><trkpt lat="34.065522" lon="-117.938536"><ele>114.119</ele><time>2020-10-04T21:16:18Z</time></trkpt><trkpt lat="34.065470" lon="-117.938476"><ele>114.191</ele><time>2020-10-04T21:16:19Z</time></trkpt><trkpt lat="34.065429" lon="-117.938418"><ele>114.183</ele><time>2020-10-04T21:16:20Z</time></trkpt><trkpt lat="34.065385" lon="-117.938359"><ele>114.029</ele><time>2020-10-04T21:16:21Z</time></trkpt><trkpt lat="34.065341" lon="-117.938293"><ele>114.047</ele><time>2020-10-04T21:16:22Z</time></trkpt><trkpt lat="34.065296" lon="-117.938230"><ele>114.029</ele><time>2020-10-04T21:16:23Z</time></trkpt><trkpt lat="34.065253" lon="-117.938173"><ele>114.021</ele><time>2020-10-04T21:16:24Z</time></trkpt><trkpt lat="34.065207" lon="-117.938112"><ele>114.108</ele><time>2020-10-04T21:16:25Z</time></trkpt><trkpt lat="34.065168" lon="-117.938059"><ele>114.249</ele><time>2020-10-04T21:16:26Z</time></trkpt><trkpt lat="34.065126" lon="-117.938003"><ele>114.241</ele><time>2020-10-04T21:16:27Z</time></trkpt><trkpt lat="34.065084" lon="-117.937942"><ele>114.283</ele><time>2020-10-04T21:16:28Z</time></trkpt><trkpt lat="34.065042" lon="-117.937882"><ele>114.213</ele><time>2020-10-04T21:16:29Z</time></trkpt><trkpt lat="34.064996" lon="-117.937815"><ele>114.290</ele><time>2020-10-04T21:16:30Z</time></trkpt><trkpt lat="34.064954" lon="-117.937766"><ele>114.272</ele><time>2020-10-04T21:16:31Z</time></trkpt><trkpt lat="34.064914" lon="-117.937708"><ele>114.264</ele><time>2020-10-04T21:16:32Z</time></trkpt><trkpt lat="34.064870" lon="-117.937647"><ele>114.230</ele><time>2020-10-04T21:16:33Z</time></trkpt><trkpt lat="34.064824" lon="-117.937587"><ele>114.152</ele><time>2020-10-04T21:16:34Z</time></trkpt><trkpt lat="34.064779" lon="-117.937520"><ele>114.153</ele><time>2020-10-04T21:16:35Z</time></trkpt><trkpt lat="34.064742" lon="-117.937451"><ele>114.108</ele><time>2020-10-04T21:16:36Z</time></trkpt><trkpt lat="34.064701" lon="-117.937376"><ele>114.108</ele><time>2020-10-04T21:16:37Z</time></trkpt><trkpt lat="34.064664" lon="-117.937302"><ele>114.170</ele><time>2020-10-04T21:16:38Z</time></trkpt><trkpt lat="34.064632" lon="-117.937232"><ele>114.162</ele><time>2020-10-04T21:16:39Z</time></trkpt><trkpt lat="34.064610" lon="-117.937152"><ele>114.254</ele><time>2020-10-04T21:16:40Z</time></trkpt><trkpt lat="34.064585" lon="-117.937073"><ele>114.314</ele><time>2020-10-04T21:16:41Z</time></trkpt><trkpt lat="34.064563" lon="-117.936990"><ele>114.431</ele><time>2020-10-04T21:16:42Z</time></trkpt><trkpt lat="34.064537" lon="-117.936910"><ele>114.553</ele><time>2020-10-04T21:16:43Z</time></trkpt><trkpt lat="34.064507" lon="-117.936835"><ele>114.635</ele><time>2020-10-04T21:16:44Z</time></trkpt><trkpt lat="34.064485" lon="-117.936767"><ele>114.751</ele><time>2020-10-04T21:16:45Z</time></trkpt><trkpt lat="34.064466" lon="-117.936688"><ele>114.761</ele><time>2020-10-04T21:16:46Z</time></trkpt><trkpt lat="34.064444" lon="-117.936610"><ele>114.821</ele><time>2020-10-04T21:16:47Z</time></trkpt><trkpt lat="34.064422" lon="-117.936536"><ele>114.813</ele><time>2020-10-04T21:16:48Z</time></trkpt><trkpt lat="34.064397" lon="-117.936452"><ele>114.908</ele><time>2020-10-04T21:16:49Z</time></trkpt><trkpt lat="34.064373" lon="-117.936384"><ele>114.921</ele><time>2020-10-04T21:16:50Z</time></trkpt><trkpt lat="34.064355" lon="-117.936309"><ele>114.983</ele><time>2020-10-04T21:16:51Z</time></trkpt><trkpt lat="34.064333" lon="-117.936235"><ele>115.025</ele><time>2020-10-04T21:16:52Z</time></trkpt><trkpt lat="34.064318" lon="-117.936159"><ele>115.135</ele><time>2020-10-04T21:16:53Z</time></trkpt><trkpt lat="34.064294" lon="-117.936084"><ele>115.232</ele><time>2020-10-04T21:16:54Z</time></trkpt><trkpt lat="34.064270" lon="-117.936015"><ele>115.244</ele><time>2020-10-04T21:16:55Z</time></trkpt><trkpt lat="34.064251" lon="-117.935946"><ele>115.256</ele><time>2020-10-04T21:16:56Z</time></trkpt><trkpt lat="34.064235" lon="-117.935880"><ele>115.292</ele><time>2020-10-04T21:16:57Z</time></trkpt><trkpt lat="34.064208" lon="-117.935820"><ele>115.263</ele><time>2020-10-04T21:16:58Z</time></trkpt><trkpt lat="34.064183" lon="-117.935747"><ele>115.244</ele><time>2020-10-04T21:16:59Z</time></trkpt><trkpt lat="34.064158" lon="-117.935680"><ele>115.218</ele><time>2020-10-04T21:17:00Z</time></trkpt><trkpt lat="34.064138" lon="-117.935610"><ele>115.208</ele><time>2020-10-04T21:17:01Z</time></trkpt><trkpt lat="34.064118" lon="-117.935539"><ele>115.221</ele><time>2020-10-04T21:17:02Z</time></trkpt><trkpt lat="34.064091" lon="-117.935475"><ele>115.213</ele><time>2020-10-04T21:17:03Z</time></trkpt><trkpt lat="34.064050" lon="-117.935412"><ele>115.215</ele><time>2020-10-04T21:17:04Z</time></trkpt><trkpt lat="34.064017" lon="-117.935338"><ele>115.215</ele><time>2020-10-04T21:17:05Z</time></trkpt><trkpt lat="34.063986" lon="-117.935279"><ele>115.212</ele><time>2020-10-04T21:17:06Z</time></trkpt><trkpt lat="34.063954" lon="-117.935218"><ele>115.234</ele><time>2020-10-04T21:17:07Z</time></trkpt><trkpt lat="34.063928" lon="-117.935159"><ele>115.196</ele><time>2020-10-04T21:17:08Z</time></trkpt><trkpt lat="34.063897" lon="-117.935102"><ele>115.062</ele><time>2020-10-04T21:17:09Z</time></trkpt><trkpt lat="34.063864" lon="-117.935045"><ele>114.972</ele><time>2020-10-04T21:17:10Z</time></trkpt><trkpt lat="34.063822" lon="-117.934995"><ele>114.913</ele><time>2020-10-04T21:17:11Z</time></trkpt><trkpt lat="34.063791" lon="-117.934938"><ele>114.914</ele><time>2020-10-04T21:17:12Z</time></trkpt><trkpt lat="34.063754" lon="-117.934881"><ele>114.908</ele><time>2020-10-04T21:17:13Z</time></trkpt><trkpt lat="34.063718" lon="-117.934822"><ele>115.072</ele><time>2020-10-04T21:17:14Z</time></trkpt><trkpt lat="34.063673" lon="-117.934761"><ele>115.154</ele><time>2020-10-04T21:17:15Z</time></trkpt><trkpt lat="34.063633" lon="-117.934701"><ele>115.256</ele><time>2020-10-04T21:17:16Z</time></trkpt><trkpt lat="34.063584" lon="-117.934642"><ele>115.376</ele><time>2020-10-04T21:17:17Z</time></trkpt><trkpt lat="34.063547" lon="-117.934577"><ele>115.463</ele><time>2020-10-04T21:17:18Z</time></trkpt><trkpt lat="34.063506" lon="-117.934512"><ele>115.525</ele><time>2020-10-04T21:17:19Z</time></trkpt><trkpt lat="34.063465" lon="-117.934456"><ele>115.617</ele><time>2020-10-04T21:17:20Z</time></trkpt><trkpt lat="34.063422" lon="-117.934404"><ele>115.623</ele><time>2020-10-04T21:17:21Z</time></trkpt><trkpt lat="34.063385" lon="-117.934355"><ele>115.634</ele><time>2020-10-04T21:17:22Z</time></trkpt><trkpt lat="34.063345" lon="-117.934302"><ele>115.755</ele><time>2020-10-04T21:17:23Z</time></trkpt><trkpt lat="34.063302" lon="-117.934235"><ele>115.710</ele><time>2020-10-04T21:17:24Z</time></trkpt><trkpt lat="34.063259" lon="-117.934176"><ele>115.708</ele><time>2020-10-04T21:17:25Z</time></trkpt><trkpt lat="34.063215" lon="-117.934116"><ele>115.738</ele><time>2020-10-04T21:17:26Z</time></trkpt><trkpt lat="34.063173" lon="-117.934053"><ele>115.780</ele><time>2020-10-04T21:17:27Z</time></trkpt><trkpt lat="34.063124" lon="-117.933995"><ele>115.612</ele><time>2020-10-04T21:17:28Z</time></trkpt><trkpt lat="34.063081" lon="-117.933936"><ele>115.632</ele><time>2020-10-04T21:17:29Z</time></trkpt><trkpt lat="34.063036" lon="-117.933882"><ele>115.659</ele><time>2020-10-04T21:17:30Z</time></trkpt><trkpt lat="34.062984" lon="-117.933825"><ele>115.671</ele><time>2020-10-04T21:17:31Z</time></trkpt><trkpt lat="34.062946" lon="-117.933768"><ele>115.633</ele><time>2020-10-04T21:17:32Z</time></trkpt><trkpt lat="34.062903" lon="-117.933701"><ele>115.679</ele><time>2020-10-04T21:17:33Z</time></trkpt><trkpt lat="34.062867" lon="-117.933642"><ele>115.654</ele><time>2020-10-04T21:17:34Z</time></trkpt><trkpt lat="34.062829" lon="-117.933585"><ele>115.756</ele><time>2020-10-04T21:17:35Z</time></trkpt><trkpt lat="34.062789" lon="-117.933524"><ele>115.811</ele><time>2020-10-04T21:17:36Z</time></trkpt><trkpt lat="34.062752" lon="-117.933461"><ele>115.908</ele><time>2020-10-04T21:17:37Z</time></trkpt><trkpt lat="34.062711" lon="-117.933398"><ele>116.060</ele><time>2020-10-04T21:17:38Z</time></trkpt><trkpt lat="34.062668" lon="-117.933349"><ele>116.122</ele><time>2020-10-04T21:17:39Z</time></trkpt><trkpt lat="34.062630" lon="-117.933282"><ele>116.214</ele><time>2020-10-04T21:17:40Z</time></trkpt><trkpt lat="34.062585" lon="-117.933212"><ele>116.274</ele><time>2020-10-04T21:17:41Z</time></trkpt><trkpt lat="34.062542" lon="-117.933146"><ele>116.291</ele><time>2020-10-04T21:17:42Z</time></trkpt><trkpt lat="34.062494" lon="-117.933081"><ele>116.243</ele><time>2020-10-04T21:17:43Z</time></trkpt><trkpt lat="34.062444" lon="-117.933018"><ele>116.215</ele><time>2020-10-04T21:17:44Z</time></trkpt><trkpt lat="34.062400" lon="-117.932955"><ele>116.221</ele><time>2020-10-04T21:17:45Z</time></trkpt><trkpt lat="34.062360" lon="-117.932883"><ele>116.217</ele><time>2020-10-04T21:17:46Z</time></trkpt><trkpt lat="34.062318" lon="-117.932824"><ele>116.387</ele><time>2020-10-04T21:17:47Z</time></trkpt><trkpt lat="34.062279" lon="-117.932763"><ele>116.415</ele><time>2020-10-04T21:17:48Z</time></trkpt><trkpt lat="34.062243" lon="-117.932697"><ele>116.508</ele><time>2020-10-04T21:17:49Z</time></trkpt><trkpt lat="34.062204" lon="-117.932636"><ele>116.696</ele><time>2020-10-04T21:17:50Z</time></trkpt><trkpt lat="34.062166" lon="-117.932578"><ele>116.718</ele><time>2020-10-04T21:17:51Z</time></trkpt><trkpt lat="34.062126" lon="-117.932525"><ele>116.750</ele><time>2020-10-04T21:17:52Z</time></trkpt><trkpt lat="34.062086" lon="-117.932471"><ele>116.740</ele><time>2020-10-04T21:17:53Z</time></trkpt><trkpt lat="34.062047" lon="-117.932416"><ele>116.797</ele><time>2020-10-04T21:17:54Z</time></trkpt><trkpt lat="34.062012" lon="-117.932374"><ele>116.739</ele><time>2020-10-04T21:17:55Z</time></trkpt><trkpt lat="34.061971" lon="-117.932324"><ele>116.691</ele><time>2020-10-04T21:17:56Z</time></trkpt><trkpt lat="34.061938" lon="-117.932285"><ele>116.577</ele><time>2020-10-04T21:17:57Z</time></trkpt><trkpt lat="34.061899" lon="-117.932243"><ele>116.485</ele><time>2020-10-04T21:17:58Z</time></trkpt><trkpt lat="34.061867" lon="-117.932200"><ele>116.389</ele><time>2020-10-04T21:17:59Z</time></trkpt><trkpt lat="34.061829" lon="-117.932126"><ele>116.217</ele><time>2020-10-04T21:18:01Z</time></trkpt><trkpt lat="34.061795" lon="-117.932077"><ele>116.208</ele><time>2020-10-04T21:18:03Z</time></trkpt><trkpt lat="34.061750" lon="-117.932066"><ele>116.213</ele><time>2020-10-04T21:18:22Z</time></trkpt><trkpt lat="34.061693" lon="-117.931978"><ele>116.275</ele><time>2020-10-04T21:18:24Z</time></trkpt><trkpt lat="34.061656" lon="-117.931933"><ele>116.257</ele><time>2020-10-04T21:18:25Z</time></trkpt><trkpt lat="34.061631" lon="-117.931875"><ele>116.227</ele><time>2020-10-04T21:18:26Z</time></trkpt><trkpt lat="34.061615" lon="-117.931806"><ele>116.354</ele><time>2020-10-04T21:18:27Z</time></trkpt><trkpt lat="34.061612" lon="-117.931734"><ele>116.366</ele><time>2020-10-04T21:18:28Z</time></trkpt><trkpt lat="34.061620" lon="-117.931667"><ele>116.468</ele><time>2020-10-04T21:18:29Z</time></trkpt><trkpt lat="34.061635" lon="-117.931603"><ele>116.514</ele><time>2020-10-04T21:18:30Z</time></trkpt><trkpt lat="34.061662" lon="-117.931547"><ele>116.512</ele><time>2020-10-04T21:18:31Z</time></trkpt><trkpt lat="34.061696" lon="-117.931487"><ele>116.632</ele><time>2020-10-04T21:18:32Z</time></trkpt><trkpt lat="34.061737" lon="-117.931434"><ele>116.705</ele><time>2020-10-04T21:18:33Z</time></trkpt><trkpt lat="34.061781" lon="-117.931385"><ele>116.808</ele><time>2020-10-04T21:18:34Z</time></trkpt><trkpt lat="34.061819" lon="-117.931338"><ele>116.826</ele><time>2020-10-04T21:18:35Z</time></trkpt><trkpt lat="34.061872" lon="-117.931284"><ele>116.878</ele><time>2020-10-04T21:18:36Z</time></trkpt><trkpt lat="34.061923" lon="-117.931236"><ele>116.890</ele><time>2020-10-04T21:18:37Z</time></trkpt><trkpt lat="34.061968" lon="-117.931187"><ele>116.890</ele><time>2020-10-04T21:18:38Z</time></trkpt><trkpt lat="34.062022" lon="-117.931140"><ele>116.897</ele><time>2020-10-04T21:18:39Z</time></trkpt><trkpt lat="34.062069" lon="-117.931082"><ele>116.829</ele><time>2020-10-04T21:18:40Z</time></trkpt><trkpt lat="34.062117" lon="-117.931025"><ele>116.971</ele><time>2020-10-04T21:18:41Z</time></trkpt><trkpt lat="34.062170" lon="-117.930965"><ele>117.037</ele><time>2020-10-04T21:18:42Z</time></trkpt><trkpt lat="34.062220" lon="-117.930915"><ele>117.169</ele><time>2020-10-04T21:18:43Z</time></trkpt><trkpt lat="34.062271" lon="-117.930864"><ele>117.104</ele><time>2020-10-04T21:18:44Z</time></trkpt><trkpt lat="34.062323" lon="-117.930811"><ele>117.124</ele><time>2020-10-04T21:18:45Z</time></trkpt><trkpt lat="34.062377" lon="-117.930756"><ele>117.108</ele><time>2020-10-04T21:18:46Z</time></trkpt><trkpt lat="34.062428" lon="-117.930700"><ele>117.241</ele><time>2020-10-04T21:18:47Z</time></trkpt><trkpt lat="34.062472" lon="-117.930649"><ele>117.273</ele><time>2020-10-04T21:18:48Z</time></trkpt><trkpt lat="34.062515" lon="-117.930593"><ele>117.385</ele><time>2020-10-04T21:18:49Z</time></trkpt><trkpt lat="34.062562" lon="-117.930540"><ele>117.365</ele><time>2020-10-04T21:18:50Z</time></trkpt><trkpt lat="34.062611" lon="-117.930481"><ele>117.332</ele><time>2020-10-04T21:18:51Z</time></trkpt><trkpt lat="34.062660" lon="-117.930425"><ele>117.374</ele><time>2020-10-04T21:18:52Z</time></trkpt><trkpt lat="34.062710" lon="-117.930369"><ele>117.386</ele><time>2020-10-04T21:18:53Z</time></trkpt><trkpt lat="34.062762" lon="-117.930312"><ele>117.362</ele><time>2020-10-04T21:18:54Z</time></trkpt><trkpt lat="34.062817" lon="-117.930260"><ele>117.385</ele><time>2020-10-04T21:18:55Z</time></trkpt><trkpt lat="34.062860" lon="-117.930209"><ele>117.389</ele><time>2020-10-04T21:18:56Z</time></trkpt><trkpt lat="34.062919" lon="-117.930150"><ele>117.317</ele><time>2020-10-04T21:18:57Z</time></trkpt><trkpt lat="34.062966" lon="-117.930093"><ele>117.308</ele><time>2020-10-04T21:18:58Z</time></trkpt><trkpt lat="34.063011" lon="-117.930035"><ele>117.443</ele><time>2020-10-04T21:18:59Z</time></trkpt><trkpt lat="34.063061" lon="-117.929977"><ele>117.495</ele><time>2020-10-04T21:19:00Z</time></trkpt><trkpt lat="34.063113" lon="-117.929919"><ele>117.457</ele><time>2020-10-04T21:19:01Z</time></trkpt><trkpt lat="34.063156" lon="-117.929873"><ele>117.557</ele><time>2020-10-04T21:19:02Z</time></trkpt><trkpt lat="34.063201" lon="-117.929821"><ele>117.664</ele><time>2020-10-04T21:19:03Z</time></trkpt><trkpt lat="34.063248" lon="-117.929772"><ele>117.656</ele><time>2020-10-04T21:19:04Z</time></trkpt><trkpt lat="34.063302" lon="-117.929718"><ele>117.628</ele><time>2020-10-04T21:19:05Z</time></trkpt><trkpt lat="34.063358" lon="-117.929661"><ele>117.654</ele><time>2020-10-04T21:19:06Z</time></trkpt><trkpt lat="34.063407" lon="-117.929610"><ele>117.684</ele><time>2020-10-04T21:19:07Z</time></trkpt><trkpt lat="34.063456" lon="-117.929561"><ele>117.707</ele><time>2020-10-04T21:19:08Z</time></trkpt><trkpt lat="34.063505" lon="-117.929515"><ele>117.717</ele><time>2020-10-04T21:19:09Z</time></trkpt><trkpt lat="34.063552" lon="-117.929461"><ele>117.808</ele><time>2020-10-04T21:19:10Z</time></trkpt><trkpt lat="34.063606" lon="-117.929407"><ele>117.923</ele><time>2020-10-04T21:19:11Z</time></trkpt><trkpt lat="34.063648" lon="-117.929345"><ele>117.985</ele><time>2020-10-04T21:19:12Z</time></trkpt><trkpt lat="34.063704" lon="-117.929279"><ele>117.997</ele><time>2020-10-04T21:19:13Z</time></trkpt><trkpt lat="34.063767" lon="-117.929218"><ele>117.987</ele><time>2020-10-04T21:19:14Z</time></trkpt><trkpt lat="34.063814" lon="-117.929172"><ele>117.934</ele><time>2020-10-04T21:19:15Z</time></trkpt><trkpt lat="34.063866" lon="-117.929113"><ele>117.916</ele><time>2020-10-04T21:19:16Z</time></trkpt><trkpt lat="34.063921" lon="-117.929060"><ele>118.018</ele><time>2020-10-04T21:19:17Z</time></trkpt><trkpt lat="34.063969" lon="-117.929006"><ele>118.064</ele><time>2020-10-04T21:19:18Z</time></trkpt><trkpt lat="34.064012" lon="-117.928949"><ele>118.117</ele><time>2020-10-04T21:19:19Z</time></trkpt><trkpt lat="34.064068" lon="-117.928890"><ele>118.287</ele><time>2020-10-04T21:19:20Z</time></trkpt><trkpt lat="34.064123" lon="-117.928823"><ele>118.315</ele><time>2020-10-04T21:19:21Z</time></trkpt><trkpt lat="34.064172" lon="-117.928766"><ele>118.408</ele><time>2020-10-04T21:19:22Z</time></trkpt><trkpt lat="34.064219" lon="-117.928711"><ele>118.546</ele><time>2020-10-04T21:19:23Z</time></trkpt><trkpt lat="34.064272" lon="-117.928654"><ele>118.668</ele><time>2020-10-04T21:19:24Z</time></trkpt><trkpt lat="34.064320" lon="-117.928600"><ele>118.620</ele><time>2020-10-04T21:19:25Z</time></trkpt><trkpt lat="34.064367" lon="-117.928551"><ele>118.520</ele><time>2020-10-04T21:19:26Z</time></trkpt><trkpt lat="34.064415" lon="-117.928490"><ele>118.547</ele><time>2020-10-04T21:19:27Z</time></trkpt><trkpt lat="34.064464" lon="-117.928431"><ele>118.529</ele><time>2020-10-04T21:19:28Z</time></trkpt><trkpt lat="34.064512" lon="-117.928379"><ele>118.681</ele><time>2020-10-04T21:19:29Z</time></trkpt><trkpt lat="34.064556" lon="-117.928326"><ele>118.727</ele><time>2020-10-04T21:19:30Z</time></trkpt><trkpt lat="34.064604" lon="-117.928269"><ele>118.794</ele><time>2020-10-04T21:19:31Z</time></trkpt><trkpt lat="34.064652" lon="-117.928218"><ele>118.857</ele><time>2020-10-04T21:19:32Z</time></trkpt><trkpt lat="34.064698" lon="-117.928171"><ele>118.822</ele><time>2020-10-04T21:19:33Z</time></trkpt><trkpt lat="34.064736" lon="-117.928126"><ele>118.808</ele><time>2020-10-04T21:19:34Z</time></trkpt><trkpt lat="34.064770" lon="-117.928076"><ele>118.894</ele><time>2020-10-04T21:19:35Z</time></trkpt><trkpt lat="34.064817" lon="-117.928015"><ele>118.866</ele><time>2020-10-04T21:19:36Z</time></trkpt><trkpt lat="34.064851" lon="-117.927957"><ele>118.868</ele><time>2020-10-04T21:19:37Z</time></trkpt><trkpt lat="34.064879" lon="-117.927884"><ele>118.878</ele><time>2020-10-04T21:19:38Z</time></trkpt><trkpt lat="34.064890" lon="-117.927814"><ele>118.865</ele><time>2020-10-04T21:19:39Z</time></trkpt><trkpt lat="34.064885" lon="-117.927742"><ele>118.827</ele><time>2020-10-04T21:19:40Z</time></trkpt><trkpt lat="34.064877" lon="-117.927670"><ele>118.989</ele><time>2020-10-04T21:19:41Z</time></trkpt><trkpt lat="34.064872" lon="-117.927596"><ele>119.085</ele><time>2020-10-04T21:19:42Z</time></trkpt><trkpt lat="34.064874" lon="-117.927521"><ele>119.182</ele><time>2020-10-04T21:19:43Z</time></trkpt><trkpt lat="34.064879" lon="-117.927447"><ele>119.343</ele><time>2020-10-04T21:19:44Z</time></trkpt><trkpt lat="34.064881" lon="-117.927378"><ele>119.317</ele><time>2020-10-04T21:19:45Z</time></trkpt><trkpt lat="34.064881" lon="-117.927305"><ele>119.308</ele><time>2020-10-04T21:19:46Z</time></trkpt><trkpt lat="34.064879" lon="-117.927230"><ele>119.483</ele><time>2020-10-04T21:19:47Z</time></trkpt><trkpt lat="34.064872" lon="-117.927157"><ele>119.675</ele><time>2020-10-04T21:19:48Z</time></trkpt><trkpt lat="34.064872" lon="-117.927078"><ele>119.667</ele><time>2020-10-04T21:19:49Z</time></trkpt><trkpt lat="34.064869" lon="-117.927002"><ele>119.797</ele><time>2020-10-04T21:19:50Z</time></trkpt><trkpt lat="34.064872" lon="-117.926922"><ele>119.734</ele><time>2020-10-04T21:19:51Z</time></trkpt><trkpt lat="34.064873" lon="-117.926847"><ele>119.796</ele><time>2020-10-04T21:19:52Z</time></trkpt><trkpt lat="34.064869" lon="-117.926768"><ele>119.778</ele><time>2020-10-04T21:19:53Z</time></trkpt><trkpt lat="34.064870" lon="-117.926686"><ele>119.774</ele><time>2020-10-04T21:19:54Z</time></trkpt><trkpt lat="34.064869" lon="-117.926604"><ele>119.763</ele><time>2020-10-04T21:19:55Z</time></trkpt><trkpt lat="34.064871" lon="-117.926526"><ele>119.744</ele><time>2020-10-04T21:19:56Z</time></trkpt><trkpt lat="34.064876" lon="-117.926443"><ele>119.718</ele><time>2020-10-04T21:19:57Z</time></trkpt><trkpt lat="34.064871" lon="-117.926366"><ele>119.708</ele><time>2020-10-04T21:19:58Z</time></trkpt><trkpt lat="34.064866" lon="-117.926291"><ele>119.791</ele><time>2020-10-04T21:19:59Z</time></trkpt><trkpt lat="34.064865" lon="-117.926210"><ele>119.713</ele><time>2020-10-04T21:20:00Z</time></trkpt><trkpt lat="34.064859" lon="-117.926132"><ele>119.745</ele><time>2020-10-04T21:20:01Z</time></trkpt><trkpt lat="34.064854" lon="-117.926049"><ele>119.785</ele><time>2020-10-04T21:20:02Z</time></trkpt><trkpt lat="34.064857" lon="-117.925968"><ele>119.792</ele><time>2020-10-04T21:20:03Z</time></trkpt><trkpt lat="34.064851" lon="-117.925893"><ele>119.764</ele><time>2020-10-04T21:20:04Z</time></trkpt><trkpt lat="34.064846" lon="-117.925832"><ele>119.746</ele><time>2020-10-04T21:20:05Z</time></trkpt><trkpt lat="34.064849" lon="-117.925777"><ele>119.782</ele><time>2020-10-04T21:20:06Z</time></trkpt><trkpt lat="34.064842" lon="-117.925673"><ele>119.628</ele><time>2020-10-04T21:20:08Z</time></trkpt><trkpt lat="34.064844" lon="-117.925594"><ele>119.689</ele><time>2020-10-04T21:20:10Z</time></trkpt><trkpt lat="34.064828" lon="-117.925537"><ele>119.517</ele><time>2020-10-04T21:20:44Z</time></trkpt><trkpt lat="34.064812" lon="-117.925467"><ele>119.508</ele><time>2020-10-04T21:20:47Z</time></trkpt><trkpt lat="34.064802" lon="-117.925386"><ele>119.587</ele><time>2020-10-04T21:20:49Z</time></trkpt><trkpt lat="34.064811" lon="-117.925284"><ele>119.549</ele><time>2020-10-04T21:20:51Z</time></trkpt><trkpt lat="34.064819" lon="-117.925173"><ele>119.651</ele><time>2020-10-04T21:20:53Z</time></trkpt><trkpt lat="34.064823" lon="-117.925112"><ele>119.841</ele><time>2020-10-04T21:20:54Z</time></trkpt><trkpt lat="34.064823" lon="-117.925053"><ele>119.958</ele><time>2020-10-04T21:20:55Z</time></trkpt><trkpt lat="34.064825" lon="-117.924986"><ele>120.010</ele><time>2020-10-04T21:20:56Z</time></trkpt><trkpt lat="34.064821" lon="-117.924928"><ele>120.172</ele><time>2020-10-04T21:20:57Z</time></trkpt><trkpt lat="34.064824" lon="-117.924862"><ele>120.168</ele><time>2020-10-04T21:20:58Z</time></trkpt><trkpt lat="34.064824" lon="-117.924790"><ele>120.279</ele><time>2020-10-04T21:20:59Z</time></trkpt><trkpt lat="34.064819" lon="-117.924725"><ele>120.305</ele><time>2020-10-04T21:21:00Z</time></trkpt><trkpt lat="34.064817" lon="-117.924657"><ele>120.325</ele><time>2020-10-04T21:21:01Z</time></trkpt><trkpt lat="34.064820" lon="-117.924583"><ele>120.408</ele><time>2020-10-04T21:21:02Z</time></trkpt><trkpt lat="34.064823" lon="-117.924519"><ele>120.462</ele><time>2020-10-04T21:21:03Z</time></trkpt><trkpt lat="34.064823" lon="-117.924457"><ele>120.494</ele><time>2020-10-04T21:21:04Z</time></trkpt><trkpt lat="34.064827" lon="-117.924387"><ele>120.456</ele><time>2020-10-04T21:21:05Z</time></trkpt><trkpt lat="34.064824" lon="-117.924316"><ele>120.446</ele><time>2020-10-04T21:21:06Z</time></trkpt><trkpt lat="34.064827" lon="-117.924252"><ele>120.463</ele><time>2020-10-04T21:21:07Z</time></trkpt><trkpt lat="34.064834" lon="-117.924177"><ele>120.415</ele><time>2020-10-04T21:21:08Z</time></trkpt><trkpt lat="34.064839" lon="-117.924105"><ele>120.587</ele><time>2020-10-04T21:21:09Z</time></trkpt><trkpt lat="34.064839" lon="-117.924040"><ele>120.663</ele><time>2020-10-04T21:21:10Z</time></trkpt><trkpt lat="34.064835" lon="-117.923968"><ele>120.742</ele><time>2020-10-04T21:21:11Z</time></trkpt><trkpt lat="34.064826" lon="-117.923895"><ele>120.722</ele><time>2020-10-04T21:21:12Z</time></trkpt><trkpt lat="34.064824" lon="-117.923820"><ele>120.814</ele><time>2020-10-04T21:21:13Z</time></trkpt><trkpt lat="34.064824" lon="-117.923748"><ele>120.908</ele><time>2020-10-04T21:21:14Z</time></trkpt><trkpt lat="34.064821" lon="-117.923679"><ele>120.919</ele><time>2020-10-04T21:21:15Z</time></trkpt><trkpt lat="34.064819" lon="-117.923606"><ele>120.971</ele><time>2020-10-04T21:21:16Z</time></trkpt><trkpt lat="34.064820" lon="-117.923538"><ele>120.943</ele><time>2020-10-04T21:21:17Z</time></trkpt><trkpt lat="34.064823" lon="-117.923462"><ele>120.993</ele><time>2020-10-04T21:21:18Z</time></trkpt><trkpt lat="34.064823" lon="-117.923390"><ele>120.920</ele><time>2020-10-04T21:21:19Z</time></trkpt><trkpt lat="34.064822" lon="-117.923318"><ele>120.912</ele><time>2020-10-04T21:21:20Z</time></trkpt><trkpt lat="34.064818" lon="-117.923248"><ele>120.944</ele><time>2020-10-04T21:21:21Z</time></trkpt><trkpt lat="34.064820" lon="-117.923176"><ele>120.960</ele><time>2020-10-04T21:21:22Z</time></trkpt><trkpt lat="34.064818" lon="-117.923098"><ele>120.943</ele><time>2020-10-04T21:21:23Z</time></trkpt><trkpt lat="34.064815" lon="-117.923024"><ele>120.964</ele><time>2020-10-04T21:21:24Z</time></trkpt><trkpt lat="34.064813" lon="-117.922945"><ele>120.910</ele><time>2020-10-04T21:21:25Z</time></trkpt><trkpt lat="34.064811" lon="-117.922870"><ele>120.908</ele><time>2020-10-04T21:21:26Z</time></trkpt><trkpt lat="34.064808" lon="-117.922796"><ele>120.939</ele><time>2020-10-04T21:21:27Z</time></trkpt><trkpt lat="34.064807" lon="-117.922717"><ele>120.921</ele><time>2020-10-04T21:21:28Z</time></trkpt><trkpt lat="34.064811" lon="-117.922652"><ele>121.083</ele><time>2020-10-04T21:21:29Z</time></trkpt><trkpt lat="34.064813" lon="-117.922577"><ele>121.073</ele><time>2020-10-04T21:21:30Z</time></trkpt><trkpt lat="34.064810" lon="-117.922504"><ele>121.040</ele><time>2020-10-04T21:21:31Z</time></trkpt><trkpt lat="34.064806" lon="-117.922437"><ele>121.042</ele><time>2020-10-04T21:21:32Z</time></trkpt><trkpt lat="34.064805" lon="-117.922362"><ele>121.134</ele><time>2020-10-04T21:21:33Z</time></trkpt><trkpt lat="34.064802" lon="-117.922295"><ele>121.160</ele><time>2020-10-04T21:21:34Z</time></trkpt><trkpt lat="34.064795" lon="-117.922234"><ele>121.235</ele><time>2020-10-04T21:21:35Z</time></trkpt><trkpt lat="34.064797" lon="-117.922159"><ele>121.386</ele><time>2020-10-04T21:21:36Z</time></trkpt><trkpt lat="34.064794" lon="-117.922081"><ele>121.314</ele><time>2020-10-04T21:21:37Z</time></trkpt><trkpt lat="34.064796" lon="-117.922008"><ele>121.308</ele><time>2020-10-04T21:21:38Z</time></trkpt><trkpt lat="34.064799" lon="-117.921943"><ele>121.348</ele><time>2020-10-04T21:21:39Z</time></trkpt><trkpt lat="34.064798" lon="-117.921873"><ele>121.330</ele><time>2020-10-04T21:21:40Z</time></trkpt><trkpt lat="34.064799" lon="-117.921804"><ele>121.362</ele><time>2020-10-04T21:21:41Z</time></trkpt><trkpt lat="34.064798" lon="-117.921734"><ele>121.312</ele><time>2020-10-04T21:21:42Z</time></trkpt><trkpt lat="34.064805" lon="-117.921677"><ele>121.389</ele><time>2020-10-04T21:21:43Z</time></trkpt><trkpt lat="34.064822" lon="-117.921610"><ele>121.311</ele><time>2020-10-04T21:21:44Z</time></trkpt><trkpt lat="34.064846" lon="-117.921558"><ele>121.433</ele><time>2020-10-04T21:21:45Z</time></trkpt><trkpt lat="34.064885" lon="-117.921519"><ele>121.429</ele><time>2020-10-04T21:21:46Z</time></trkpt><trkpt lat="34.064928" lon="-117.921499"><ele>121.451</ele><time>2020-10-04T21:21:47Z</time></trkpt><trkpt lat="34.064972" lon="-117.921488"><ele>121.501</ele><time>2020-10-04T21:21:48Z</time></trkpt><trkpt lat="34.065042" lon="-117.921519"><ele>121.511</ele><time>2020-10-04T21:21:50Z</time></trkpt><trkpt lat="34.065085" lon="-117.921574"><ele>121.508</ele><time>2020-10-04T21:21:52Z</time></trkpt><trkpt lat="34.065102" lon="-117.921626"><ele>121.240</ele><time>2020-10-04T21:21:56Z</time></trkpt><trkpt lat="34.065103" lon="-117.921685"><ele>121.242</ele><time>2020-10-04T21:22:04Z</time></trkpt><trkpt lat="34.065100" lon="-117.921741"><ele>121.184</ele><time>2020-10-04T21:22:17Z</time></trkpt><trkpt lat="34.076469" lon="-118.013991"><ele>103.714</ele><time>2020-10-04T23:26:14Z</time></trkpt><trkpt lat="34.076470" lon="-118.014054"><ele>103.891</ele><time>2020-10-04T23:26:17Z</time></trkpt><trkpt lat="34.076492" lon="-118.014109"><ele>104.143</ele><time>2020-10-04T23:26:19Z</time></trkpt><trkpt lat="34.076522" lon="-118.014186"><ele>104.365</ele><time>2020-10-04T23:26:21Z</time></trkpt><trkpt lat="34.076548" lon="-118.014276"><ele>104.571</ele><time>2020-10-04T23:26:23Z</time></trkpt><trkpt lat="34.076573" lon="-118.014383"><ele>104.638</ele><time>2020-10-04T23:26:25Z</time></trkpt><trkpt lat="34.076588" lon="-118.014437"><ele>104.770</ele><time>2020-10-04T23:26:26Z</time></trkpt><trkpt lat="34.076618" lon="-118.014535"><ele>104.617</ele><time>2020-10-04T23:26:28Z</time></trkpt><trkpt lat="34.076656" lon="-118.014643"><ele>104.608</ele><time>2020-10-04T23:26:30Z</time></trkpt><trkpt lat="34.076677" lon="-118.014701"><ele>104.738</ele><time>2020-10-04T23:26:31Z</time></trkpt><trkpt lat="34.076695" lon="-118.014763"><ele>104.760</ele><time>2020-10-04T23:26:32Z</time></trkpt><trkpt lat="34.076712" lon="-118.014829"><ele>104.792</ele><time>2020-10-04T23:26:33Z</time></trkpt><trkpt lat="34.076728" lon="-118.014897"><ele>104.772</ele><time>2020-10-04T23:26:34Z</time></trkpt><trkpt lat="34.076747" lon="-118.014957"><ele>104.719</ele><time>2020-10-04T23:26:35Z</time></trkpt><trkpt lat="34.076774" lon="-118.015009"><ele>104.771</ele><time>2020-10-04T23:26:36Z</time></trkpt><trkpt lat="34.076796" lon="-118.015076"><ele>104.963</ele><time>2020-10-04T23:26:37Z</time></trkpt><trkpt lat="34.076819" lon="-118.015136"><ele>104.969</ele><time>2020-10-04T23:26:38Z</time></trkpt><trkpt lat="34.076843" lon="-118.015205"><ele>104.934</ele><time>2020-10-04T23:26:39Z</time></trkpt><trkpt lat="34.076862" lon="-118.015270"><ele>104.855</ele><time>2020-10-04T23:26:40Z</time></trkpt><trkpt lat="34.076883" lon="-118.015332"><ele>104.810</ele><time>2020-10-04T23:26:41Z</time></trkpt><trkpt lat="34.076904" lon="-118.015385"><ele>104.808</ele><time>2020-10-04T23:26:42Z</time></trkpt><trkpt lat="34.076921" lon="-118.015439"><ele>104.938</ele><time>2020-10-04T23:26:43Z</time></trkpt><trkpt lat="34.076940" lon="-118.015500"><ele>104.920</ele><time>2020-10-04T23:26:44Z</time></trkpt><trkpt lat="34.076959" lon="-118.015553"><ele>104.912</ele><time>2020-10-04T23:26:45Z</time></trkpt><trkpt lat="34.076976" lon="-118.015609"><ele>104.912</ele><time>2020-10-04T23:26:46Z</time></trkpt><trkpt lat="34.076993" lon="-118.015671"><ele>104.949</ele><time>2020-10-04T23:26:47Z</time></trkpt><trkpt lat="34.077011" lon="-118.015730"><ele>104.951</ele><time>2020-10-04T23:26:48Z</time></trkpt><trkpt lat="34.077031" lon="-118.015791"><ele>104.953</ele><time>2020-10-04T23:26:49Z</time></trkpt><trkpt lat="34.077054" lon="-118.015848"><ele>104.899</ele><time>2020-10-04T23:26:50Z</time></trkpt><trkpt lat="34.077078" lon="-118.015911"><ele>104.869</ele><time>2020-10-04T23:26:51Z</time></trkpt><trkpt lat="34.077099" lon="-118.015971"><ele>104.904</ele><time>2020-10-04T23:26:52Z</time></trkpt><trkpt lat="34.077118" lon="-118.016036"><ele>105.024</ele><time>2020-10-04T23:26:53Z</time></trkpt><trkpt lat="34.077133" lon="-118.016101"><ele>105.008</ele><time>2020-10-04T23:26:54Z</time></trkpt><trkpt lat="34.077152" lon="-118.016163"><ele>105.121</ele><time>2020-10-04T23:26:55Z</time></trkpt><trkpt lat="34.077177" lon="-118.016231"><ele>105.223</ele><time>2020-10-04T23:26:56Z</time></trkpt><trkpt lat="34.077203" lon="-118.016304"><ele>105.275</ele><time>2020-10-04T23:26:57Z</time></trkpt><trkpt lat="34.077230" lon="-118.016376"><ele>105.225</ele><time>2020-10-04T23:26:58Z</time></trkpt><trkpt lat="34.077253" lon="-118.016443"><ele>105.272</ele><time>2020-10-04T23:26:59Z</time></trkpt><trkpt lat="34.077272" lon="-118.016509"><ele>105.254</ele><time>2020-10-04T23:27:00Z</time></trkpt><trkpt lat="34.077295" lon="-118.016580"><ele>105.236</ele><time>2020-10-04T23:27:01Z</time></trkpt><trkpt lat="34.077320" lon="-118.016655"><ele>105.222</ele><time>2020-10-04T23:27:02Z</time></trkpt><trkpt lat="34.077344" lon="-118.016728"><ele>105.139</ele><time>2020-10-04T23:27:03Z</time></trkpt><trkpt lat="34.077367" lon="-118.016802"><ele>105.101</ele><time>2020-10-04T23:27:04Z</time></trkpt><trkpt lat="34.077393" lon="-118.016876"><ele>105.121</ele><time>2020-10-04T23:27:05Z</time></trkpt><trkpt lat="34.077417" lon="-118.016946"><ele>105.108</ele><time>2020-10-04T23:27:06Z</time></trkpt><trkpt lat="34.077441" lon="-118.017018"><ele>105.178</ele><time>2020-10-04T23:27:07Z</time></trkpt><trkpt lat="34.077467" lon="-118.017088"><ele>105.150</ele><time>2020-10-04T23:27:08Z</time></trkpt><trkpt lat="34.077490" lon="-118.017158"><ele>105.172</ele><time>2020-10-04T23:27:09Z</time></trkpt><trkpt lat="34.077514" lon="-118.017227"><ele>105.112</ele><time>2020-10-04T23:27:10Z</time></trkpt><trkpt lat="34.077536" lon="-118.017291"><ele>105.149</ele><time>2020-10-04T23:27:11Z</time></trkpt><trkpt lat="34.077557" lon="-118.017359"><ele>105.161</ele><time>2020-10-04T23:27:12Z</time></trkpt><trkpt lat="34.077579" lon="-118.017416"><ele>105.193</ele><time>2020-10-04T23:27:13Z</time></trkpt><trkpt lat="34.077601" lon="-118.017476"><ele>105.189</ele><time>2020-10-04T23:27:14Z</time></trkpt><trkpt lat="34.077623" lon="-118.017543"><ele>105.162</ele><time>2020-10-04T23:27:15Z</time></trkpt><trkpt lat="34.077644" lon="-118.017600"><ele>105.183</ele><time>2020-10-04T23:27:16Z</time></trkpt><trkpt lat="34.077659" lon="-118.017675"><ele>105.111</ele><time>2020-10-04T23:27:17Z</time></trkpt><trkpt lat="34.077677" lon="-118.017749"><ele>105.108</ele><time>2020-10-04T23:27:18Z</time></trkpt><trkpt lat="34.077710" lon="-118.017827"><ele>105.151</ele><time>2020-10-04T23:27:19Z</time></trkpt><trkpt lat="34.077733" lon="-118.017899"><ele>105.163</ele><time>2020-10-04T23:27:20Z</time></trkpt><trkpt lat="34.077757" lon="-118.017959"><ele>105.125</ele><time>2020-10-04T23:27:21Z</time></trkpt><trkpt lat="34.077782" lon="-118.018025"><ele>105.175</ele><time>2020-10-04T23:27:22Z</time></trkpt><trkpt lat="34.077805" lon="-118.018092"><ele>105.172</ele><time>2020-10-04T23:27:23Z</time></trkpt><trkpt lat="34.077830" lon="-118.018171"><ele>105.154</ele><time>2020-10-04T23:27:24Z</time></trkpt><trkpt lat="34.077854" lon="-118.018251"><ele>105.216</ele><time>2020-10-04T23:27:25Z</time></trkpt><trkpt lat="34.077879" lon="-118.018323"><ele>105.272</ele><time>2020-10-04T23:27:26Z</time></trkpt><trkpt lat="34.077899" lon="-118.018391"><ele>105.234</ele><time>2020-10-04T23:27:27Z</time></trkpt><trkpt lat="34.077922" lon="-118.018464"><ele>105.255</ele><time>2020-10-04T23:27:28Z</time></trkpt><trkpt lat="34.077945" lon="-118.018537"><ele>105.210</ele><time>2020-10-04T23:27:29Z</time></trkpt><trkpt lat="34.077963" lon="-118.018611"><ele>105.108</ele><time>2020-10-04T23:27:30Z</time></trkpt><trkpt lat="34.077981" lon="-118.018683"><ele>105.058</ele><time>2020-10-04T23:27:31Z</time></trkpt><trkpt lat="34.077997" lon="-118.018750"><ele>104.950</ele><time>2020-10-04T23:27:32Z</time></trkpt><trkpt lat="34.078019" lon="-118.018821"><ele>104.892</ele><time>2020-10-04T23:27:33Z</time></trkpt><trkpt lat="34.078042" lon="-118.018890"><ele>104.852</ele><time>2020-10-04T23:27:34Z</time></trkpt><trkpt lat="34.078062" lon="-118.018962"><ele>104.899</ele><time>2020-10-04T23:27:35Z</time></trkpt><trkpt lat="34.078092" lon="-118.019034"><ele>104.871</ele><time>2020-10-04T23:27:36Z</time></trkpt><trkpt lat="34.078122" lon="-118.019103"><ele>104.853</ele><time>2020-10-04T23:27:37Z</time></trkpt><trkpt lat="34.078140" lon="-118.019168"><ele>104.849</ele><time>2020-10-04T23:27:38Z</time></trkpt><trkpt lat="34.078169" lon="-118.019229"><ele>104.812</ele><time>2020-10-04T23:27:39Z</time></trkpt><trkpt lat="34.078193" lon="-118.019297"><ele>104.732</ele><time>2020-10-04T23:27:40Z</time></trkpt><trkpt lat="34.078223" lon="-118.019371"><ele>104.605</ele><time>2020-10-04T23:27:41Z</time></trkpt><trkpt lat="34.078251" lon="-118.019432"><ele>104.508</ele><time>2020-10-04T23:27:42Z</time></trkpt><trkpt lat="34.078274" lon="-118.019494"><ele>104.416</ele><time>2020-10-04T23:27:43Z</time></trkpt><trkpt lat="34.078291" lon="-118.019556"><ele>104.318</ele><time>2020-10-04T23:27:44Z</time></trkpt><trkpt lat="34.078308" lon="-118.019623"><ele>104.380</ele><time>2020-10-04T23:27:45Z</time></trkpt><trkpt lat="34.078322" lon="-118.019679"><ele>104.320</ele><time>2020-10-04T23:27:46Z</time></trkpt><trkpt lat="34.078334" lon="-118.019735"><ele>104.347</ele><time>2020-10-04T23:27:47Z</time></trkpt><trkpt lat="34.078357" lon="-118.019791"><ele>104.319</ele><time>2020-10-04T23:27:48Z</time></trkpt><trkpt lat="34.078401" lon="-118.019883"><ele>104.331</ele><time>2020-10-04T23:27:50Z</time></trkpt><trkpt lat="34.078418" lon="-118.019934"><ele>104.327</ele><time>2020-10-04T23:27:51Z</time></trkpt><trkpt lat="34.078434" lon="-118.020033"><ele>104.345</ele><time>2020-10-04T23:27:53Z</time></trkpt><trkpt lat="34.078478" lon="-118.020122"><ele>104.247</ele><time>2020-10-04T23:27:55Z</time></trkpt><trkpt lat="34.078523" lon="-118.020211"><ele>104.111</ele><time>2020-10-04T23:27:57Z</time></trkpt><trkpt lat="34.078544" lon="-118.020264"><ele>103.908</ele><time>2020-10-04T23:27:58Z</time></trkpt><trkpt lat="34.078563" lon="-118.020332"><ele>103.749</ele><time>2020-10-04T23:28:00Z</time></trkpt><trkpt lat="34.078595" lon="-118.020381"><ele>103.531</ele><time>2020-10-04T23:28:55Z</time></trkpt><trkpt lat="34.078630" lon="-118.020415"><ele>103.623</ele><time>2020-10-04T23:28:57Z</time></trkpt><trkpt lat="34.078680" lon="-118.020455"><ele>103.773</ele><time>2020-10-04T23:28:59Z</time></trkpt><trkpt lat="34.078724" lon="-118.020535"><ele>103.990</ele><time>2020-10-04T23:29:01Z</time></trkpt><trkpt lat="34.078724" lon="-118.020600"><ele>104.042</ele><time>2020-10-04T23:29:02Z</time></trkpt><trkpt lat="34.078758" lon="-118.020704"><ele>104.244</ele><time>2020-10-04T23:29:04Z</time></trkpt><trkpt lat="34.078782" lon="-118.020771"><ele>104.330</ele><time>2020-10-04T23:29:05Z</time></trkpt><trkpt lat="34.078796" lon="-118.020831"><ele>104.438</ele><time>2020-10-04T23:29:06Z</time></trkpt><trkpt lat="34.078805" lon="-118.020893"><ele>104.470</ele><time>2020-10-04T23:29:07Z</time></trkpt><trkpt lat="34.078818" lon="-118.020962"><ele>104.417</ele><time>2020-10-04T23:29:08Z</time></trkpt><trkpt lat="34.078827" lon="-118.021034"><ele>104.408</ele><time>2020-10-04T23:29:09Z</time></trkpt><trkpt lat="34.078837" lon="-118.021097"><ele>104.468</ele><time>2020-10-04T23:29:10Z</time></trkpt><trkpt lat="34.078854" lon="-118.021161"><ele>104.430</ele><time>2020-10-04T23:29:11Z</time></trkpt><trkpt lat="34.078867" lon="-118.021232"><ele>104.422</ele><time>2020-10-04T23:29:12Z</time></trkpt><trkpt lat="34.078882" lon="-118.021296"><ele>104.462</ele><time>2020-10-04T23:29:13Z</time></trkpt><trkpt lat="34.078898" lon="-118.021365"><ele>104.499</ele><time>2020-10-04T23:29:14Z</time></trkpt><trkpt lat="34.078908" lon="-118.021436"><ele>104.451</ele><time>2020-10-04T23:29:15Z</time></trkpt><trkpt lat="34.078917" lon="-118.021514"><ele>104.483</ele><time>2020-10-04T23:29:16Z</time></trkpt><trkpt lat="34.078930" lon="-118.021596"><ele>104.449</ele><time>2020-10-04T23:29:17Z</time></trkpt><trkpt lat="34.078944" lon="-118.021666"><ele>104.415</ele><time>2020-10-04T23:29:18Z</time></trkpt><trkpt lat="34.078963" lon="-118.021731"><ele>104.465</ele><time>2020-10-04T23:29:19Z</time></trkpt><trkpt lat="34.078980" lon="-118.021803"><ele>104.411</ele><time>2020-10-04T23:29:20Z</time></trkpt><trkpt lat="34.078991" lon="-118.021877"><ele>104.508</ele><time>2020-10-04T23:29:21Z</time></trkpt><trkpt lat="34.079008" lon="-118.021949"><ele>104.576</ele><time>2020-10-04T23:29:22Z</time></trkpt><trkpt lat="34.079025" lon="-118.022015"><ele>104.538</ele><time>2020-10-04T23:29:23Z</time></trkpt><trkpt lat="34.079040" lon="-118.022092"><ele>104.570</ele><time>2020-10-04T23:29:24Z</time></trkpt><trkpt lat="34.079051" lon="-118.022169"><ele>104.580</ele><time>2020-10-04T23:29:25Z</time></trkpt><trkpt lat="34.079067" lon="-118.022245"><ele>104.457</ele><time>2020-10-04T23:29:26Z</time></trkpt><trkpt lat="34.079078" lon="-118.022327"><ele>104.489</ele><time>2020-10-04T23:29:27Z</time></trkpt><trkpt lat="34.079093" lon="-118.022399"><ele>104.461</ele><time>2020-10-04T23:29:28Z</time></trkpt><trkpt lat="34.079104" lon="-118.022482"><ele>104.467</ele><time>2020-10-04T23:29:29Z</time></trkpt><trkpt lat="34.079122" lon="-118.022558"><ele>104.482</ele><time>2020-10-04T23:29:30Z</time></trkpt><trkpt lat="34.079137" lon="-118.022640"><ele>104.443</ele><time>2020-10-04T23:29:31Z</time></trkpt><trkpt lat="34.079158" lon="-118.022724"><ele>104.417</ele><time>2020-10-04T23:29:32Z</time></trkpt><trkpt lat="34.079171" lon="-118.022806"><ele>104.408</ele><time>2020-10-04T23:29:33Z</time></trkpt><trkpt lat="34.079185" lon="-118.022887"><ele>104.483</ele><time>2020-10-04T23:29:34Z</time></trkpt><trkpt lat="34.079199" lon="-118.022969"><ele>104.585</ele><time>2020-10-04T23:29:35Z</time></trkpt><trkpt lat="34.079210" lon="-118.023051"><ele>104.587</ele><time>2020-10-04T23:29:36Z</time></trkpt><trkpt lat="34.079223" lon="-118.023132"><ele>104.457</ele><time>2020-10-04T23:29:37Z</time></trkpt><trkpt lat="34.079237" lon="-118.023207"><ele>104.484</ele><time>2020-10-04T23:29:38Z</time></trkpt><trkpt lat="34.079254" lon="-118.023295"><ele>104.416</ele><time>2020-10-04T23:29:39Z</time></trkpt><trkpt lat="34.079273" lon="-118.023367"><ele>104.488</ele><time>2020-10-04T23:29:40Z</time></trkpt><trkpt lat="34.079287" lon="-118.023444"><ele>104.494</ele><time>2020-10-04T23:29:41Z</time></trkpt><trkpt lat="34.079302" lon="-118.023529"><ele>104.469</ele><time>2020-10-04T23:29:42Z</time></trkpt><trkpt lat="34.079321" lon="-118.023614"><ele>104.404</ele><time>2020-10-04T23:29:43Z</time></trkpt><trkpt lat="34.079335" lon="-118.023702"><ele>104.424</ele><time>2020-10-04T23:29:44Z</time></trkpt><trkpt lat="34.079348" lon="-118.023788"><ele>104.408</ele><time>2020-10-04T23:29:45Z</time></trkpt><trkpt lat="34.079362" lon="-118.023871"><ele>104.371</ele><time>2020-10-04T23:29:46Z</time></trkpt><trkpt lat="34.079378" lon="-118.023951"><ele>104.333</ele><time>2020-10-04T23:29:47Z</time></trkpt><trkpt lat="34.079396" lon="-118.024025"><ele>104.335</ele><time>2020-10-04T23:29:48Z</time></trkpt><trkpt lat="34.079416" lon="-118.024107"><ele>104.335</ele><time>2020-10-04T23:29:49Z</time></trkpt><trkpt lat="34.079433" lon="-118.024197"><ele>104.332</ele><time>2020-10-04T23:29:50Z</time></trkpt><trkpt lat="34.079448" lon="-118.024283"><ele>104.394</ele><time>2020-10-04T23:29:51Z</time></trkpt><trkpt lat="34.079470" lon="-118.024370"><ele>104.356</ele><time>2020-10-04T23:29:52Z</time></trkpt><trkpt lat="34.079491" lon="-118.024442"><ele>104.232</ele><time>2020-10-04T23:29:53Z</time></trkpt><trkpt lat="34.079507" lon="-118.024530"><ele>104.251</ele><time>2020-10-04T23:29:54Z</time></trkpt><trkpt lat="34.079525" lon="-118.024614"><ele>104.201</ele><time>2020-10-04T23:29:55Z</time></trkpt><trkpt lat="34.079543" lon="-118.024705"><ele>104.211</ele><time>2020-10-04T23:29:56Z</time></trkpt><trkpt lat="34.079561" lon="-118.024796"><ele>104.208</ele><time>2020-10-04T23:29:57Z</time></trkpt><trkpt lat="34.079580" lon="-118.024887"><ele>104.390</ele><time>2020-10-04T23:29:58Z</time></trkpt><trkpt lat="34.079599" lon="-118.024974"><ele>104.352</ele><time>2020-10-04T23:29:59Z</time></trkpt><trkpt lat="34.079618" lon="-118.025060"><ele>104.394</ele><time>2020-10-04T23:30:00Z</time></trkpt><trkpt lat="34.079633" lon="-118.025137"><ele>104.384</ele><time>2020-10-04T23:30:01Z</time></trkpt><trkpt lat="34.079651" lon="-118.025225"><ele>104.361</ele><time>2020-10-04T23:30:02Z</time></trkpt><trkpt lat="34.079669" lon="-118.025303"><ele>104.343</ele><time>2020-10-04T23:30:03Z</time></trkpt><trkpt lat="34.079686" lon="-118.025395"><ele>104.275</ele><time>2020-10-04T23:30:04Z</time></trkpt><trkpt lat="34.079701" lon="-118.025479"><ele>104.261</ele><time>2020-10-04T23:30:05Z</time></trkpt><trkpt lat="34.079721" lon="-118.025564"><ele>104.281</ele><time>2020-10-04T23:30:06Z</time></trkpt><trkpt lat="34.079733" lon="-118.025646"><ele>104.261</ele><time>2020-10-04T23:30:07Z</time></trkpt><trkpt lat="34.079749" lon="-118.025722"><ele>104.217</ele><time>2020-10-04T23:30:08Z</time></trkpt><trkpt lat="34.079761" lon="-118.025806"><ele>104.208</ele><time>2020-10-04T23:30:09Z</time></trkpt><trkpt lat="34.079780" lon="-118.025896"><ele>104.283</ele><time>2020-10-04T23:30:10Z</time></trkpt><trkpt lat="34.079797" lon="-118.025987"><ele>104.285</ele><time>2020-10-04T23:30:11Z</time></trkpt><trkpt lat="34.079818" lon="-118.026070"><ele>104.297</ele><time>2020-10-04T23:30:12Z</time></trkpt><trkpt lat="34.079835" lon="-118.026156"><ele>104.127</ele><time>2020-10-04T23:30:13Z</time></trkpt><trkpt lat="34.079845" lon="-118.026247"><ele>104.144</ele><time>2020-10-04T23:30:14Z</time></trkpt><trkpt lat="34.079864" lon="-118.026333"><ele>104.116</ele><time>2020-10-04T23:30:15Z</time></trkpt><trkpt lat="34.079879" lon="-118.026418"><ele>104.188</ele><time>2020-10-04T23:30:16Z</time></trkpt><trkpt lat="34.079897" lon="-118.026495"><ele>104.294</ele><time>2020-10-04T23:30:17Z</time></trkpt><trkpt lat="34.079918" lon="-118.026572"><ele>104.289</ele><time>2020-10-04T23:30:18Z</time></trkpt><trkpt lat="34.079938" lon="-118.026650"><ele>104.206</ele><time>2020-10-04T23:30:19Z</time></trkpt><trkpt lat="34.079957" lon="-118.026732"><ele>104.126</ele><time>2020-10-04T23:30:20Z</time></trkpt><trkpt lat="34.079971" lon="-118.026813"><ele>104.008</ele><time>2020-10-04T23:30:21Z</time></trkpt><trkpt lat="34.079989" lon="-118.026900"><ele>103.913</ele><time>2020-10-04T23:30:22Z</time></trkpt><trkpt lat="34.080007" lon="-118.026982"><ele>103.855</ele><time>2020-10-04T23:30:23Z</time></trkpt><trkpt lat="34.080026" lon="-118.027066"><ele>103.757</ele><time>2020-10-04T23:30:24Z</time></trkpt><trkpt lat="34.080036" lon="-118.027146"><ele>103.717</ele><time>2020-10-04T23:30:25Z</time></trkpt><trkpt lat="34.080058" lon="-118.027222"><ele>103.784</ele><time>2020-10-04T23:30:26Z</time></trkpt><trkpt lat="34.080074" lon="-118.027300"><ele>103.666</ele><time>2020-10-04T23:30:27Z</time></trkpt><trkpt lat="34.080092" lon="-118.027383"><ele>103.618</ele><time>2020-10-04T23:30:28Z</time></trkpt><trkpt lat="34.080109" lon="-118.027456"><ele>103.684</ele><time>2020-10-04T23:30:29Z</time></trkpt><trkpt lat="34.080128" lon="-118.027534"><ele>103.643</ele><time>2020-10-04T23:30:30Z</time></trkpt><trkpt lat="34.080143" lon="-118.027617"><ele>103.664</ele><time>2020-10-04T23:30:31Z</time></trkpt><trkpt lat="34.080150" lon="-118.027706"><ele>103.610</ele><time>2020-10-04T23:30:32Z</time></trkpt><trkpt lat="34.080156" lon="-118.027790"><ele>103.608</ele><time>2020-10-04T23:30:33Z</time></trkpt><trkpt lat="34.080172" lon="-118.027871"><ele>103.629</ele><time>2020-10-04T23:30:34Z</time></trkpt><trkpt lat="34.080186" lon="-118.027952"><ele>103.621</ele><time>2020-10-04T23:30:35Z</time></trkpt><trkpt lat="34.080202" lon="-118.028036"><ele>103.653</ele><time>2020-10-04T23:30:36Z</time></trkpt><trkpt lat="34.080222" lon="-118.028109"><ele>103.643</ele><time>2020-10-04T23:30:37Z</time></trkpt><trkpt lat="34.080238" lon="-118.028199"><ele>103.560</ele><time>2020-10-04T23:30:38Z</time></trkpt><trkpt lat="34.080248" lon="-118.028287"><ele>103.572</ele><time>2020-10-04T23:30:39Z</time></trkpt><trkpt lat="34.080264" lon="-118.028370"><ele>103.644</ele><time>2020-10-04T23:30:40Z</time></trkpt><trkpt lat="34.080277" lon="-118.028451"><ele>103.650</ele><time>2020-10-04T23:30:41Z</time></trkpt><trkpt lat="34.080300" lon="-118.028528"><ele>103.627</ele><time>2020-10-04T23:30:42Z</time></trkpt><trkpt lat="34.080324" lon="-118.028607"><ele>103.668</ele><time>2020-10-04T23:30:43Z</time></trkpt><trkpt lat="34.080342" lon="-118.028688"><ele>103.514</ele><time>2020-10-04T23:30:44Z</time></trkpt><trkpt lat="34.080367" lon="-118.028762"><ele>103.408</ele><time>2020-10-04T23:30:45Z</time></trkpt><trkpt lat="34.080380" lon="-118.028839"><ele>103.337</ele><time>2020-10-04T23:30:46Z</time></trkpt><trkpt lat="34.080402" lon="-118.028921"><ele>103.279</ele><time>2020-10-04T23:30:47Z</time></trkpt><trkpt lat="34.080422" lon="-118.029005"><ele>103.181</ele><time>2020-10-04T23:30:48Z</time></trkpt><trkpt lat="34.080437" lon="-118.029082"><ele>103.031</ele><time>2020-10-04T23:30:49Z</time></trkpt><trkpt lat="34.080453" lon="-118.029166"><ele>102.968</ele><time>2020-10-04T23:30:50Z</time></trkpt><trkpt lat="34.080472" lon="-118.029255"><ele>102.850</ele><time>2020-10-04T23:30:51Z</time></trkpt><trkpt lat="34.080494" lon="-118.029333"><ele>102.882</ele><time>2020-10-04T23:30:52Z</time></trkpt><trkpt lat="34.080512" lon="-118.029412"><ele>102.778</ele><time>2020-10-04T23:30:53Z</time></trkpt><trkpt lat="34.080534" lon="-118.029493"><ele>102.653</ele><time>2020-10-04T23:30:54Z</time></trkpt><trkpt lat="34.080550" lon="-118.029583"><ele>102.504</ele><time>2020-10-04T23:30:55Z</time></trkpt><trkpt lat="34.080569" lon="-118.029665"><ele>102.514</ele><time>2020-10-04T23:30:56Z</time></trkpt><trkpt lat="34.080587" lon="-118.029743"><ele>102.408</ele><time>2020-10-04T23:30:57Z</time></trkpt><trkpt lat="34.080600" lon="-118.029828"><ele>102.340</ele><time>2020-10-04T23:30:58Z</time></trkpt><trkpt lat="34.080618" lon="-118.029912"><ele>102.342</ele><time>2020-10-04T23:30:59Z</time></trkpt><trkpt lat="34.080636" lon="-118.029997"><ele>102.324</ele><time>2020-10-04T23:31:00Z</time></trkpt><trkpt lat="34.080652" lon="-118.030078"><ele>102.354</ele><time>2020-10-04T23:31:01Z</time></trkpt><trkpt lat="34.080666" lon="-118.030169"><ele>102.361</ele><time>2020-10-04T23:31:02Z</time></trkpt><trkpt lat="34.080679" lon="-118.030249"><ele>102.373</ele><time>2020-10-04T23:31:03Z</time></trkpt><trkpt lat="34.080693" lon="-118.030322"><ele>102.385</ele><time>2020-10-04T23:31:04Z</time></trkpt><trkpt lat="34.080705" lon="-118.030397"><ele>102.321</ele><time>2020-10-04T23:31:05Z</time></trkpt><trkpt lat="34.080726" lon="-118.030473"><ele>102.357</ele><time>2020-10-04T23:31:06Z</time></trkpt><trkpt lat="34.080737" lon="-118.030557"><ele>102.300</ele><time>2020-10-04T23:31:07Z</time></trkpt><trkpt lat="34.080748" lon="-118.030635"><ele>102.320</ele><time>2020-10-04T23:31:08Z</time></trkpt><trkpt lat="34.080760" lon="-118.030715"><ele>102.208</ele><time>2020-10-04T23:31:09Z</time></trkpt><trkpt lat="34.080780" lon="-118.030797"><ele>102.250</ele><time>2020-10-04T23:31:10Z</time></trkpt><trkpt lat="34.080795" lon="-118.030879"><ele>102.192</ele><time>2020-10-04T23:31:11Z</time></trkpt><trkpt lat="34.080810" lon="-118.030960"><ele>102.014</ele><time>2020-10-04T23:31:12Z</time></trkpt><trkpt lat="34.080830" lon="-118.031039"><ele>102.094</ele><time>2020-10-04T23:31:13Z</time></trkpt><trkpt lat="34.080851" lon="-118.031116"><ele>101.921</ele><time>2020-10-04T23:31:14Z</time></trkpt><trkpt lat="34.080870" lon="-118.031201"><ele>101.993</ele><time>2020-10-04T23:31:15Z</time></trkpt><trkpt lat="34.080892" lon="-118.031288"><ele>101.915</ele><time>2020-10-04T23:31:16Z</time></trkpt><trkpt lat="34.080912" lon="-118.031365"><ele>101.931</ele><time>2020-10-04T23:31:17Z</time></trkpt><trkpt lat="34.080928" lon="-118.031450"><ele>101.957</ele><time>2020-10-04T23:31:18Z</time></trkpt><trkpt lat="34.080935" lon="-118.031532"><ele>102.000</ele><time>2020-10-04T23:31:19Z</time></trkpt><trkpt lat="34.080952" lon="-118.031617"><ele>102.020</ele><time>2020-10-04T23:31:20Z</time></trkpt><trkpt lat="34.080966" lon="-118.031695"><ele>102.008</ele><time>2020-10-04T23:31:21Z</time></trkpt><trkpt lat="34.080984" lon="-118.031764"><ele>102.050</ele><time>2020-10-04T23:31:22Z</time></trkpt><trkpt lat="34.081001" lon="-118.031841"><ele>102.072</ele><time>2020-10-04T23:31:23Z</time></trkpt><trkpt lat="34.081018" lon="-118.031916"><ele>101.974</ele><time>2020-10-04T23:31:24Z</time></trkpt><trkpt lat="34.081037" lon="-118.031992"><ele>101.864</ele><time>2020-10-04T23:31:25Z</time></trkpt><trkpt lat="34.081056" lon="-118.032063"><ele>101.791</ele><time>2020-10-04T23:31:26Z</time></trkpt><trkpt lat="34.081077" lon="-118.032138"><ele>101.643</ele><time>2020-10-04T23:31:27Z</time></trkpt><trkpt lat="34.081100" lon="-118.032214"><ele>101.685</ele><time>2020-10-04T23:31:28Z</time></trkpt><trkpt lat="34.081120" lon="-118.032290"><ele>101.691</ele><time>2020-10-04T23:31:29Z</time></trkpt><trkpt lat="34.081150" lon="-118.032374"><ele>101.736</ele><time>2020-10-04T23:31:30Z</time></trkpt><trkpt lat="34.081180" lon="-118.032453"><ele>101.717</ele><time>2020-10-04T23:31:31Z</time></trkpt><trkpt lat="34.081205" lon="-118.032535"><ele>101.718</ele><time>2020-10-04T23:31:32Z</time></trkpt><trkpt lat="34.081234" lon="-118.032619"><ele>101.708</ele><time>2020-10-04T23:31:33Z</time></trkpt><trkpt lat="34.081260" lon="-118.032708"><ele>101.658</ele><time>2020-10-04T23:31:34Z</time></trkpt><trkpt lat="34.081286" lon="-118.032783"><ele>101.540</ele><time>2020-10-04T23:31:35Z</time></trkpt><trkpt lat="34.081311" lon="-118.032861"><ele>101.452</ele><time>2020-10-04T23:31:36Z</time></trkpt><trkpt lat="34.081339" lon="-118.032946"><ele>101.472</ele><time>2020-10-04T23:31:37Z</time></trkpt><trkpt lat="34.081364" lon="-118.033028"><ele>101.399</ele><time>2020-10-04T23:31:38Z</time></trkpt><trkpt lat="34.081386" lon="-118.033109"><ele>101.381</ele><time>2020-10-04T23:31:39Z</time></trkpt><trkpt lat="34.081407" lon="-118.033189"><ele>101.353</ele><time>2020-10-04T23:31:40Z</time></trkpt><trkpt lat="34.081436" lon="-118.033265"><ele>101.429</ele><time>2020-10-04T23:31:41Z</time></trkpt><trkpt lat="34.081468" lon="-118.033339"><ele>101.431</ele><time>2020-10-04T23:31:42Z</time></trkpt><trkpt lat="34.081502" lon="-118.033420"><ele>101.461</ele><time>2020-10-04T23:31:43Z</time></trkpt><trkpt lat="34.081532" lon="-118.033490"><ele>101.507</ele><time>2020-10-04T23:31:44Z</time></trkpt><trkpt lat="34.081562" lon="-118.033562"><ele>101.508</ele><time>2020-10-04T23:31:45Z</time></trkpt><trkpt lat="34.081585" lon="-118.033645"><ele>101.598</ele><time>2020-10-04T23:31:46Z</time></trkpt><trkpt lat="34.081614" lon="-118.033721"><ele>101.520</ele><time>2020-10-04T23:31:47Z</time></trkpt><trkpt lat="34.081646" lon="-118.033805"><ele>101.582</ele><time>2020-10-04T23:31:48Z</time></trkpt><trkpt lat="34.081669" lon="-118.033876"><ele>101.552</ele><time>2020-10-04T23:31:49Z</time></trkpt><trkpt lat="34.081699" lon="-118.033948"><ele>101.439</ele><time>2020-10-04T23:31:50Z</time></trkpt><trkpt lat="34.081723" lon="-118.034024"><ele>101.351</ele><time>2020-10-04T23:31:51Z</time></trkpt><trkpt lat="34.081746" lon="-118.034093"><ele>101.363</ele><time>2020-10-04T23:31:52Z</time></trkpt><trkpt lat="34.081768" lon="-118.034161"><ele>101.249</ele><time>2020-10-04T23:31:53Z</time></trkpt><trkpt lat="34.081781" lon="-118.034224"><ele>101.218</ele><time>2020-10-04T23:31:54Z</time></trkpt><trkpt lat="34.081800" lon="-118.034290"><ele>101.298</ele><time>2020-10-04T23:31:55Z</time></trkpt><trkpt lat="34.081814" lon="-118.034362"><ele>101.217</ele><time>2020-10-04T23:31:56Z</time></trkpt><trkpt lat="34.081836" lon="-118.034421"><ele>101.308</ele><time>2020-10-04T23:31:57Z</time></trkpt><trkpt lat="34.081853" lon="-118.034475"><ele>101.386</ele><time>2020-10-04T23:31:58Z</time></trkpt><trkpt lat="34.081867" lon="-118.034530"><ele>101.248</ele><time>2020-10-04T23:31:59Z</time></trkpt><trkpt lat="34.081891" lon="-118.034581"><ele>100.910</ele><time>2020-10-04T23:32:01Z</time></trkpt><trkpt lat="34.081922" lon="-118.034636"><ele>100.180</ele><time>2020-10-04T23:33:28Z</time></trkpt><trkpt lat="34.081952" lon="-118.034701"><ele>100.257</ele><time>2020-10-04T23:33:30Z</time></trkpt><trkpt lat="34.081960" lon="-118.034832"><ele>100.319</ele><time>2020-10-04T23:33:32Z</time></trkpt><trkpt lat="34.081947" lon="-118.034902"><ele>100.431</ele><time>2020-10-04T23:33:33Z</time></trkpt><trkpt lat="34.081924" lon="-118.034965"><ele>100.417</ele><time>2020-10-04T23:33:34Z</time></trkpt><trkpt lat="34.081890" lon="-118.035019"><ele>100.436</ele><time>2020-10-04T23:33:35Z</time></trkpt><trkpt lat="34.081854" lon="-118.035072"><ele>100.417</ele><time>2020-10-04T23:33:36Z</time></trkpt><trkpt lat="34.081816" lon="-118.035127"><ele>100.518</ele><time>2020-10-04T23:33:37Z</time></trkpt><trkpt lat="34.081778" lon="-118.035179"><ele>100.508</ele><time>2020-10-04T23:33:38Z</time></trkpt><trkpt lat="34.081735" lon="-118.035237"><ele>100.578</ele><time>2020-10-04T23:33:39Z</time></trkpt><trkpt lat="34.081687" lon="-118.035287"><ele>100.540</ele><time>2020-10-04T23:33:40Z</time></trkpt><trkpt lat="34.081645" lon="-118.035344"><ele>100.562</ele><time>2020-10-04T23:33:41Z</time></trkpt><trkpt lat="34.081601" lon="-118.035398"><ele>100.592</ele><time>2020-10-04T23:33:42Z</time></trkpt><trkpt lat="34.081561" lon="-118.035453"><ele>100.499</ele><time>2020-10-04T23:33:43Z</time></trkpt><trkpt lat="34.081514" lon="-118.035512"><ele>100.341</ele><time>2020-10-04T23:33:44Z</time></trkpt><trkpt lat="34.081461" lon="-118.035568"><ele>100.353</ele><time>2020-10-04T23:33:45Z</time></trkpt><trkpt lat="34.081414" lon="-118.035621"><ele>100.299</ele><time>2020-10-04T23:33:46Z</time></trkpt><trkpt lat="34.081372" lon="-118.035679"><ele>100.048</ele><time>2020-10-04T23:33:47Z</time></trkpt><trkpt lat="34.081325" lon="-118.035740"><ele>99.961</ele><time>2020-10-04T23:33:48Z</time></trkpt><trkpt lat="34.081285" lon="-118.035798"><ele>99.717</ele><time>2020-10-04T23:33:49Z</time></trkpt><trkpt lat="34.081241" lon="-118.035860"><ele>99.508</ele><time>2020-10-04T23:33:50Z</time></trkpt><trkpt lat="34.081193" lon="-118.035932"><ele>99.439</ele><time>2020-10-04T23:33:51Z</time></trkpt><trkpt lat="34.081153" lon="-118.035997"><ele>99.381</ele><time>2020-10-04T23:33:52Z</time></trkpt><trkpt lat="34.081101" lon="-118.036059"><ele>99.153</ele><time>2020-10-04T23:33:53Z</time></trkpt><trkpt lat="34.081058" lon="-118.036123"><ele>99.173</ele><time>2020-10-04T23:33:54Z</time></trkpt><trkpt lat="34.081011" lon="-118.036194"><ele>99.080</ele><time>2020-10-04T23:33:55Z</time></trkpt><trkpt lat="34.080965" lon="-118.036265"><ele>98.922</ele><time>2020-10-04T23:33:56Z</time></trkpt><trkpt lat="34.080928" lon="-118.036328"><ele>98.884</ele><time>2020-10-04T23:33:57Z</time></trkpt><trkpt lat="34.080890" lon="-118.036394"><ele>98.710</ele><time>2020-10-04T23:33:58Z</time></trkpt><trkpt lat="34.080848" lon="-118.036465"><ele>98.568</ele><time>2020-10-04T23:33:59Z</time></trkpt><trkpt lat="34.080805" lon="-118.036537"><ele>98.342</ele><time>2020-10-04T23:34:00Z</time></trkpt><trkpt lat="34.080771" lon="-118.036611"><ele>98.226</ele><time>2020-10-04T23:34:01Z</time></trkpt><trkpt lat="34.080731" lon="-118.036685"><ele>98.108</ele><time>2020-10-04T23:34:02Z</time></trkpt><trkpt lat="34.080696" lon="-118.036758"><ele>97.951</ele><time>2020-10-04T23:34:03Z</time></trkpt><trkpt lat="34.080665" lon="-118.036834"><ele>97.863</ele><time>2020-10-04T23:34:04Z</time></trkpt><trkpt lat="34.080629" lon="-118.036919"><ele>97.615</ele><time>2020-10-04T23:34:05Z</time></trkpt><trkpt lat="34.080600" lon="-118.036987"><ele>97.555</ele><time>2020-10-04T23:34:06Z</time></trkpt><trkpt lat="34.080563" lon="-118.037071"><ele>97.422</ele><time>2020-10-04T23:34:07Z</time></trkpt><trkpt lat="34.080521" lon="-118.037151"><ele>97.474</ele><time>2020-10-04T23:34:08Z</time></trkpt><trkpt lat="34.080485" lon="-118.037230"><ele>97.226</ele><time>2020-10-04T23:34:09Z</time></trkpt><trkpt lat="34.080455" lon="-118.037315"><ele>97.112</ele><time>2020-10-04T23:34:10Z</time></trkpt><trkpt lat="34.080421" lon="-118.037403"><ele>97.046</ele><time>2020-10-04T23:34:11Z</time></trkpt><trkpt lat="34.080385" lon="-118.037485"><ele>97.088</ele><time>2020-10-04T23:34:12Z</time></trkpt><trkpt lat="34.080352" lon="-118.037568"><ele>96.816</ele><time>2020-10-04T23:34:13Z</time></trkpt><trkpt lat="34.080321" lon="-118.037654"><ele>96.808</ele><time>2020-10-04T23:34:14Z</time></trkpt><trkpt lat="34.080289" lon="-118.037731"><ele>96.869</ele><time>2020-10-04T23:34:15Z</time></trkpt><trkpt lat="34.080252" lon="-118.037815"><ele>96.771</ele><time>2020-10-04T23:34:16Z</time></trkpt><trkpt lat="34.080213" lon="-118.037910"><ele>96.453</ele><time>2020-10-04T23:34:17Z</time></trkpt><trkpt lat="34.080171" lon="-118.037991"><ele>96.283</ele><time>2020-10-04T23:34:18Z</time></trkpt><trkpt lat="34.080125" lon="-118.038073"><ele>96.120</ele><time>2020-10-04T23:34:19Z</time></trkpt><trkpt lat="34.080084" lon="-118.038154"><ele>95.992</ele><time>2020-10-04T23:34:20Z</time></trkpt><trkpt lat="34.080035" lon="-118.038233"><ele>95.784</ele><time>2020-10-04T23:34:21Z</time></trkpt><trkpt lat="34.079987" lon="-118.038304"><ele>95.660</ele><time>2020-10-04T23:34:22Z</time></trkpt><trkpt lat="34.079935" lon="-118.038381"><ele>95.448</ele><time>2020-10-04T23:34:23Z</time></trkpt><trkpt lat="34.079886" lon="-118.038455"><ele>95.261</ele><time>2020-10-04T23:34:24Z</time></trkpt><trkpt lat="34.079832" lon="-118.038530"><ele>95.017</ele><time>2020-10-04T23:34:25Z</time></trkpt><trkpt lat="34.079778" lon="-118.038601"><ele>94.808</ele><time>2020-10-04T23:34:26Z</time></trkpt><trkpt lat="34.079723" lon="-118.038677"><ele>94.679</ele><time>2020-10-04T23:34:27Z</time></trkpt><trkpt lat="34.079659" lon="-118.038742"><ele>94.411</ele><time>2020-10-04T23:34:28Z</time></trkpt><trkpt lat="34.079599" lon="-118.038810"><ele>94.223</ele><time>2020-10-04T23:34:29Z</time></trkpt><trkpt lat="34.079536" lon="-118.038879"><ele>94.163</ele><time>2020-10-04T23:34:30Z</time></trkpt><trkpt lat="34.079465" lon="-118.038943"><ele>93.950</ele><time>2020-10-04T23:34:31Z</time></trkpt><trkpt lat="34.079391" lon="-118.039004"><ele>93.882</ele><time>2020-10-04T23:34:32Z</time></trkpt><trkpt lat="34.079312" lon="-118.039064"><ele>93.724</ele><time>2020-10-04T23:34:33Z</time></trkpt><trkpt lat="34.079246" lon="-118.039123"><ele>93.660</ele><time>2020-10-04T23:34:34Z</time></trkpt><trkpt lat="34.079181" lon="-118.039176"><ele>93.532</ele><time>2020-10-04T23:34:35Z</time></trkpt><trkpt lat="34.079107" lon="-118.039230"><ele>93.492</ele><time>2020-10-04T23:34:36Z</time></trkpt><trkpt lat="34.079029" lon="-118.039278"><ele>93.311</ele><time>2020-10-04T23:34:37Z</time></trkpt><trkpt lat="34.078958" lon="-118.039328"><ele>93.208</ele><time>2020-10-04T23:34:38Z</time></trkpt><trkpt lat="34.078886" lon="-118.039382"><ele>93.278</ele><time>2020-10-04T23:34:39Z</time></trkpt><trkpt lat="34.078823" lon="-118.039421"><ele>93.230</ele><time>2020-10-04T23:34:40Z</time></trkpt><trkpt lat="34.078750" lon="-118.039475"><ele>93.262</ele><time>2020-10-04T23:34:41Z</time></trkpt><trkpt lat="34.078690" lon="-118.039520"><ele>93.382</ele><time>2020-10-04T23:34:42Z</time></trkpt><trkpt lat="34.078632" lon="-118.039567"><ele>93.319</ele><time>2020-10-04T23:34:43Z</time></trkpt><trkpt lat="34.078568" lon="-118.039613"><ele>93.311</ele><time>2020-10-04T23:34:44Z</time></trkpt><trkpt lat="34.078505" lon="-118.039655"><ele>93.313</ele><time>2020-10-04T23:34:45Z</time></trkpt><trkpt lat="34.078449" lon="-118.039707"><ele>93.389</ele><time>2020-10-04T23:34:46Z</time></trkpt><trkpt lat="34.078391" lon="-118.039751"><ele>93.357</ele><time>2020-10-04T23:34:47Z</time></trkpt><trkpt lat="34.078332" lon="-118.039796"><ele>93.400</ele><time>2020-10-04T23:34:48Z</time></trkpt><trkpt lat="34.078274" lon="-118.039850"><ele>93.420</ele><time>2020-10-04T23:34:49Z</time></trkpt><trkpt lat="34.078220" lon="-118.039891"><ele>93.508</ele><time>2020-10-04T23:34:50Z</time></trkpt><trkpt lat="34.078172" lon="-118.039942"><ele>93.830</ele><time>2020-10-04T23:34:51Z</time></trkpt><trkpt lat="34.078124" lon="-118.039984"><ele>93.942</ele><time>2020-10-04T23:34:52Z</time></trkpt><trkpt lat="34.078077" lon="-118.040035"><ele>94.134</ele><time>2020-10-04T23:34:53Z</time></trkpt><trkpt lat="34.078027" lon="-118.040081"><ele>94.254</ele><time>2020-10-04T23:34:54Z</time></trkpt><trkpt lat="34.077984" lon="-118.040122"><ele>94.411</ele><time>2020-10-04T23:34:55Z</time></trkpt><trkpt lat="34.077942" lon="-118.040167"><ele>94.493</ele><time>2020-10-04T23:34:56Z</time></trkpt><trkpt lat="34.077895" lon="-118.040215"><ele>94.715</ele><time>2020-10-04T23:34:57Z</time></trkpt><trkpt lat="34.077860" lon="-118.040272"><ele>95.151</ele><time>2020-10-04T23:34:58Z</time></trkpt><trkpt lat="34.077780" lon="-118.040322"><ele>95.462</ele><time>2020-10-04T23:34:59Z</time></trkpt><trkpt lat="34.077731" lon="-118.040371"><ele>95.583</ele><time>2020-10-04T23:35:00Z</time></trkpt><trkpt lat="34.077685" lon="-118.040406"><ele>95.711</ele><time>2020-10-04T23:35:01Z</time></trkpt><trkpt lat="34.077630" lon="-118.040440"><ele>95.908</ele><time>2020-10-04T23:35:02Z</time></trkpt><trkpt lat="34.077574" lon="-118.040481"><ele>95.991</ele><time>2020-10-04T23:35:03Z</time></trkpt><trkpt lat="34.077518" lon="-118.040523"><ele>96.163</ele><time>2020-10-04T23:35:04Z</time></trkpt><trkpt lat="34.077467" lon="-118.040561"><ele>96.595</ele><time>2020-10-04T23:35:05Z</time></trkpt><trkpt lat="34.077413" lon="-118.040608"><ele>96.685</ele><time>2020-10-04T23:35:06Z</time></trkpt><trkpt lat="34.077370" lon="-118.040635"><ele>96.882</ele><time>2020-10-04T23:35:07Z</time></trkpt><trkpt lat="34.077328" lon="-118.040673"><ele>97.024</ele><time>2020-10-04T23:35:08Z</time></trkpt><trkpt lat="34.077290" lon="-118.040708"><ele>97.156</ele><time>2020-10-04T23:35:09Z</time></trkpt><trkpt lat="34.077253" lon="-118.040746"><ele>97.272</ele><time>2020-10-04T23:35:10Z</time></trkpt><trkpt lat="34.077213" lon="-118.040807"><ele>97.338</ele><time>2020-10-04T23:35:12Z</time></trkpt><trkpt lat="34.077217" lon="-118.040873"><ele>97.470</ele><time>2020-10-04T23:35:14Z</time></trkpt><trkpt lat="34.077189" lon="-118.040932"><ele>97.517</ele><time>2020-10-04T23:35:16Z</time></trkpt><trkpt lat="34.077153" lon="-118.040971"><ele>97.608</ele><time>2020-10-04T23:35:17Z</time></trkpt><trkpt lat="34.077092" lon="-118.041035"><ele>97.618</ele><time>2020-10-04T23:35:19Z</time></trkpt><trkpt lat="34.077022" lon="-118.041098"><ele>97.770</ele><time>2020-10-04T23:35:21Z</time></trkpt><trkpt lat="34.076983" lon="-118.041133"><ele>97.752</ele><time>2020-10-04T23:35:22Z</time></trkpt><trkpt lat="34.076945" lon="-118.041172"><ele>97.812</ele><time>2020-10-04T23:35:23Z</time></trkpt><trkpt lat="34.076906" lon="-118.041208"><ele>97.999</ele><time>2020-10-04T23:35:24Z</time></trkpt><trkpt lat="34.076868" lon="-118.041244"><ele>98.031</ele><time>2020-10-04T23:35:25Z</time></trkpt><trkpt lat="34.076800" lon="-118.041305"><ele>98.013</ele><time>2020-10-04T23:35:27Z</time></trkpt><trkpt lat="34.076725" lon="-118.041331"><ele>97.989</ele><time>2020-10-04T23:35:29Z</time></trkpt><trkpt lat="34.076678" lon="-118.041407"><ele>97.866</ele><time>2020-10-04T23:35:31Z</time></trkpt><trkpt lat="34.076646" lon="-118.041470"><ele>97.929</ele><time>2020-10-04T23:35:33Z</time></trkpt><trkpt lat="34.076598" lon="-118.041523"><ele>97.921</ele><time>2020-10-04T23:35:35Z</time></trkpt><trkpt lat="34.076557" lon="-118.041595"><ele>97.808</ele><time>2020-10-04T23:35:37Z</time></trkpt><trkpt lat="34.076509" lon="-118.041648"><ele>97.831</ele><time>2020-10-04T23:35:39Z</time></trkpt><trkpt lat="34.076469" lon="-118.041685"><ele>97.713</ele><time>2020-10-04T23:35:41Z</time></trkpt><trkpt lat="34.076449" lon="-118.041734"><ele>97.635</ele><time>2020-10-04T23:35:55Z</time></trkpt><trkpt lat="34.076438" lon="-118.041794"><ele>97.765</ele><time>2020-10-04T23:36:00Z</time></trkpt><trkpt lat="34.076425" lon="-118.041877"><ele>97.822</ele><time>2020-10-04T23:36:03Z</time></trkpt><trkpt lat="34.076434" lon="-118.041803"><ele>97.844</ele><time>2020-10-04T23:36:15Z</time></trkpt><trkpt lat="34.076450" lon="-118.041731"><ele>97.846</ele><time>2020-10-04T23:36:17Z</time></trkpt><trkpt lat="34.076488" lon="-118.041653"><ele>97.822</ele><time>2020-10-04T23:36:19Z</time></trkpt><trkpt lat="34.076546" lon="-118.041584"><ele>97.999</ele><time>2020-10-04T23:36:21Z</time></trkpt><trkpt lat="34.076592" lon="-118.041533"><ele>97.907</ele><time>2020-10-04T23:36:23Z</time></trkpt><trkpt lat="34.076644" lon="-118.041480"><ele>97.627</ele><time>2020-10-04T23:36:26Z</time></trkpt><trkpt lat="34.076688" lon="-118.041431"><ele>97.508</ele><time>2020-10-04T23:36:28Z</time></trkpt><trkpt lat="34.076734" lon="-118.041359"><ele>97.674</ele><time>2020-10-04T23:36:30Z</time></trkpt><trkpt lat="34.076784" lon="-118.041298"><ele>97.716</ele><time>2020-10-04T23:36:32Z</time></trkpt><trkpt lat="34.076852" lon="-118.041263"><ele>97.728</ele><time>2020-10-04T23:36:34Z</time></trkpt><trkpt lat="34.076916" lon="-118.041218"><ele>97.978</ele><time>2020-10-04T23:36:36Z</time></trkpt><trkpt lat="34.076975" lon="-118.041153"><ele>97.955</ele><time>2020-10-04T23:36:38Z</time></trkpt><trkpt lat="34.077041" lon="-118.041082"><ele>97.787</ele><time>2020-10-04T23:36:40Z</time></trkpt><trkpt lat="34.077095" lon="-118.041015"><ele>97.759</ele><time>2020-10-04T23:36:42Z</time></trkpt><trkpt lat="34.077129" lon="-118.040979"><ele>97.725</ele><time>2020-10-04T23:36:43Z</time></trkpt><trkpt lat="34.077204" lon="-118.040913"><ele>97.757</ele><time>2020-10-04T23:36:45Z</time></trkpt><trkpt lat="34.077241" lon="-118.040875"><ele>97.700</ele><time>2020-10-04T23:36:46Z</time></trkpt><trkpt lat="34.077279" lon="-118.040838"><ele>97.720</ele><time>2020-10-04T23:36:47Z</time></trkpt><trkpt lat="34.077322" lon="-118.040789"><ele>97.708</ele><time>2020-10-04T23:36:48Z</time></trkpt><trkpt lat="34.077355" lon="-118.040743"><ele>97.670</ele><time>2020-10-04T23:36:49Z</time></trkpt><trkpt lat="34.077393" lon="-118.040697"><ele>97.522</ele><time>2020-10-04T23:36:50Z</time></trkpt><trkpt lat="34.077428" lon="-118.040659"><ele>97.344</ele><time>2020-10-04T23:36:51Z</time></trkpt><trkpt lat="34.077488" lon="-118.040607"><ele>96.874</ele><time>2020-10-04T23:36:53Z</time></trkpt><trkpt lat="34.077534" lon="-118.040617"><ele>96.361</ele><time>2020-10-04T23:36:55Z</time></trkpt><trkpt lat="34.077510" lon="-118.040677"><ele>95.963</ele><time>2020-10-04T23:36:58Z</time></trkpt><trkpt lat="34.077461" lon="-118.040726"><ele>95.925</ele><time>2020-10-04T23:37:00Z</time></trkpt><trkpt lat="34.077405" lon="-118.040786"><ele>96.181</ele><time>2020-10-04T23:37:02Z</time></trkpt><trkpt lat="34.077342" lon="-118.040868"><ele>96.287</ele><time>2020-10-04T23:37:04Z</time></trkpt><trkpt lat="34.077301" lon="-118.040916"><ele>96.042</ele><time>2020-10-04T23:37:05Z</time></trkpt><trkpt lat="34.077263" lon="-118.040960"><ele>95.926</ele><time>2020-10-04T23:37:06Z</time></trkpt><trkpt lat="34.077222" lon="-118.041010"><ele>95.908</ele><time>2020-10-04T23:37:07Z</time></trkpt><trkpt lat="34.077183" lon="-118.041053"><ele>95.913</ele><time>2020-10-04T23:37:08Z</time></trkpt><trkpt lat="34.077143" lon="-118.041099"><ele>95.815</ele><time>2020-10-04T23:37:09Z</time></trkpt><trkpt lat="34.077095" lon="-118.041144"><ele>95.797</ele><time>2020-10-04T23:37:10Z</time></trkpt><trkpt lat="34.077056" lon="-118.041198"><ele>95.647</ele><time>2020-10-04T23:37:11Z</time></trkpt><trkpt lat="34.077009" lon="-118.041249"><ele>95.434</ele><time>2020-10-04T23:37:12Z</time></trkpt><trkpt lat="34.076965" lon="-118.041298"><ele>95.286</ele><time>2020-10-04T23:37:13Z</time></trkpt><trkpt lat="34.076924" lon="-118.041359"><ele>95.198</ele><time>2020-10-04T23:37:14Z</time></trkpt><trkpt lat="34.076866" lon="-118.041406"><ele>95.014</ele><time>2020-10-04T23:37:15Z</time></trkpt><trkpt lat="34.076813" lon="-118.041460"><ele>95.059</ele><time>2020-10-04T23:37:16Z</time></trkpt><trkpt lat="34.076768" lon="-118.041516"><ele>95.003</ele><time>2020-10-04T23:37:17Z</time></trkpt><trkpt lat="34.076728" lon="-118.041570"><ele>95.023</ele><time>2020-10-04T23:37:18Z</time></trkpt><trkpt lat="34.076663" lon="-118.041621"><ele>95.008</ele><time>2020-10-04T23:37:19Z</time></trkpt><trkpt lat="34.076614" lon="-118.041671"><ele>94.960</ele><time>2020-10-04T23:37:20Z</time></trkpt><trkpt lat="34.076572" lon="-118.041718"><ele>94.862</ele><time>2020-10-04T23:37:21Z</time></trkpt><trkpt lat="34.076527" lon="-118.041767"><ele>94.764</ele><time>2020-10-04T23:37:22Z</time></trkpt><trkpt lat="34.076475" lon="-118.041826"><ele>94.554</ele><time>2020-10-04T23:37:23Z</time></trkpt><trkpt lat="34.076425" lon="-118.041880"><ele>94.471</ele><time>2020-10-04T23:37:24Z</time></trkpt><trkpt lat="34.076368" lon="-118.041940"><ele>94.393</ele><time>2020-10-04T23:37:25Z</time></trkpt><trkpt lat="34.076317" lon="-118.041993"><ele>94.255</ele><time>2020-10-04T23:37:26Z</time></trkpt><trkpt lat="34.076397" lon="-118.041994"><ele>94.181</ele><time>2020-10-04T23:37:27Z</time></trkpt><trkpt lat="34.076374" lon="-118.042042"><ele>94.157</ele><time>2020-10-04T23:37:28Z</time></trkpt><trkpt lat="34.076354" lon="-118.042099"><ele>94.000</ele><time>2020-10-04T23:37:29Z</time></trkpt><trkpt lat="34.076279" lon="-118.042140"><ele>93.920</ele><time>2020-10-04T23:37:30Z</time></trkpt><trkpt lat="34.076208" lon="-118.042195"><ele>93.908</ele><time>2020-10-04T23:37:31Z</time></trkpt><trkpt lat="34.076111" lon="-118.042246"><ele>94.020</ele><time>2020-10-04T23:37:32Z</time></trkpt><trkpt lat="34.076038" lon="-118.042299"><ele>94.122</ele><time>2020-10-04T23:37:33Z</time></trkpt><trkpt lat="34.075974" lon="-118.042346"><ele>94.374</ele><time>2020-10-04T23:37:34Z</time></trkpt><trkpt lat="34.075911" lon="-118.042388"><ele>94.534</ele><time>2020-10-04T23:37:35Z</time></trkpt><trkpt lat="34.075855" lon="-118.042445"><ele>94.861</ele><time>2020-10-04T23:37:36Z</time></trkpt><trkpt lat="34.075808" lon="-118.042497"><ele>95.123</ele><time>2020-10-04T23:37:37Z</time></trkpt><trkpt lat="34.075753" lon="-118.042547"><ele>95.315</ele><time>2020-10-04T23:37:38Z</time></trkpt><trkpt lat="34.075700" lon="-118.042596"><ele>95.511</ele><time>2020-10-04T23:37:39Z</time></trkpt><trkpt lat="34.075654" lon="-118.042654"><ele>95.746</ele><time>2020-10-04T23:37:40Z</time></trkpt><trkpt lat="34.075608" lon="-118.042704"><ele>95.788</ele><time>2020-10-04T23:37:41Z</time></trkpt><trkpt lat="34.075562" lon="-118.042756"><ele>95.716</ele><time>2020-10-04T23:37:42Z</time></trkpt><trkpt lat="34.075512" lon="-118.042811"><ele>95.708</ele><time>2020-10-04T23:37:43Z</time></trkpt><trkpt lat="34.075466" lon="-118.042862"><ele>95.729</ele><time>2020-10-04T23:37:44Z</time></trkpt><trkpt lat="34.075429" lon="-118.042897"><ele>95.791</ele><time>2020-10-04T23:37:45Z</time></trkpt><trkpt lat="34.075386" lon="-118.042946"><ele>95.833</ele><time>2020-10-04T23:37:46Z</time></trkpt><trkpt lat="34.075340" lon="-118.042989"><ele>95.853</ele><time>2020-10-04T23:37:47Z</time></trkpt><trkpt lat="34.075296" lon="-118.043036"><ele>95.780</ele><time>2020-10-04T23:37:48Z</time></trkpt><trkpt lat="34.075252" lon="-118.043083"><ele>95.722</ele><time>2020-10-04T23:37:49Z</time></trkpt><trkpt lat="34.075218" lon="-118.043122"><ele>95.634</ele><time>2020-10-04T23:37:50Z</time></trkpt><trkpt lat="34.075176" lon="-118.043168"><ele>95.450</ele><time>2020-10-04T23:37:51Z</time></trkpt><trkpt lat="34.075139" lon="-118.043206"><ele>95.376</ele><time>2020-10-04T23:37:52Z</time></trkpt><trkpt lat="34.075088" lon="-118.043251"><ele>95.390</ele><time>2020-10-04T23:37:53Z</time></trkpt><trkpt lat="34.075045" lon="-118.043304"><ele>95.319</ele><time>2020-10-04T23:37:54Z</time></trkpt><trkpt lat="34.074997" lon="-118.043342"><ele>95.308</ele><time>2020-10-04T23:37:55Z</time></trkpt><trkpt lat="34.074949" lon="-118.043394"><ele>95.382</ele><time>2020-10-04T23:37:56Z</time></trkpt><trkpt lat="34.074894" lon="-118.043447"><ele>95.364</ele><time>2020-10-04T23:37:57Z</time></trkpt><trkpt lat="34.074843" lon="-118.043503"><ele>95.286</ele><time>2020-10-04T23:37:58Z</time></trkpt><trkpt lat="34.074801" lon="-118.043562"><ele>95.156</ele><time>2020-10-04T23:37:59Z</time></trkpt><trkpt lat="34.074753" lon="-118.043616"><ele>95.153</ele><time>2020-10-04T23:38:00Z</time></trkpt><trkpt lat="34.074700" lon="-118.043668"><ele>95.135</ele><time>2020-10-04T23:38:01Z</time></trkpt><trkpt lat="34.074642" lon="-118.043727"><ele>95.187</ele><time>2020-10-04T23:38:02Z</time></trkpt><trkpt lat="34.074584" lon="-118.043789"><ele>95.123</ele><time>2020-10-04T23:38:03Z</time></trkpt><trkpt lat="34.074531" lon="-118.043849"><ele>95.148</ele><time>2020-10-04T23:38:04Z</time></trkpt><trkpt lat="34.074477" lon="-118.043910"><ele>95.161</ele><time>2020-10-04T23:38:05Z</time></trkpt><trkpt lat="34.074423" lon="-118.043966"><ele>95.117</ele><time>2020-10-04T23:38:06Z</time></trkpt><trkpt lat="34.074371" lon="-118.044029"><ele>95.108</ele><time>2020-10-04T23:38:07Z</time></trkpt><trkpt lat="34.074315" lon="-118.044085"><ele>95.119</ele><time>2020-10-04T23:38:08Z</time></trkpt><trkpt lat="34.074258" lon="-118.044145"><ele>95.121</ele><time>2020-10-04T23:38:09Z</time></trkpt><trkpt lat="34.074193" lon="-118.044205"><ele>95.153</ele><time>2020-10-04T23:38:10Z</time></trkpt><trkpt lat="34.074144" lon="-118.044256"><ele>95.133</ele><time>2020-10-04T23:38:11Z</time></trkpt><trkpt lat="34.074089" lon="-118.044316"><ele>95.180</ele><time>2020-10-04T23:38:12Z</time></trkpt><trkpt lat="34.074036" lon="-118.044370"><ele>95.162</ele><time>2020-10-04T23:38:13Z</time></trkpt><trkpt lat="34.073986" lon="-118.044427"><ele>95.144</ele><time>2020-10-04T23:38:14Z</time></trkpt><trkpt lat="34.073931" lon="-118.044484"><ele>95.190</ele><time>2020-10-04T23:38:15Z</time></trkpt><trkpt lat="34.073876" lon="-118.044540"><ele>95.227</ele><time>2020-10-04T23:38:16Z</time></trkpt><trkpt lat="34.073814" lon="-118.044588"><ele>95.268</ele><time>2020-10-04T23:38:17Z</time></trkpt><trkpt lat="34.073764" lon="-118.044643"><ele>95.314</ele><time>2020-10-04T23:38:18Z</time></trkpt><trkpt lat="34.073717" lon="-118.044693"><ele>95.308</ele><time>2020-10-04T23:38:19Z</time></trkpt><trkpt lat="34.073662" lon="-118.044751"><ele>95.357</ele><time>2020-10-04T23:38:20Z</time></trkpt><trkpt lat="34.073605" lon="-118.044801"><ele>95.359</ele><time>2020-10-04T23:38:21Z</time></trkpt><trkpt lat="34.073556" lon="-118.044852"><ele>95.321</ele><time>2020-10-04T23:38:22Z</time></trkpt><trkpt lat="34.073513" lon="-118.044909"><ele>95.221</ele><time>2020-10-04T23:38:23Z</time></trkpt><trkpt lat="34.073475" lon="-118.044959"><ele>95.288</ele><time>2020-10-04T23:38:24Z</time></trkpt><trkpt lat="34.073435" lon="-118.044987"><ele>95.280</ele><time>2020-10-04T23:38:25Z</time></trkpt><trkpt lat="34.073391" lon="-118.045034"><ele>95.292</ele><time>2020-10-04T23:38:26Z</time></trkpt><trkpt lat="34.073352" lon="-118.045080"><ele>95.278</ele><time>2020-10-04T23:38:27Z</time></trkpt><trkpt lat="34.073311" lon="-118.045135"><ele>95.276</ele><time>2020-10-04T23:38:28Z</time></trkpt><trkpt lat="34.073260" lon="-118.045181"><ele>95.290</ele><time>2020-10-04T23:38:29Z</time></trkpt><trkpt lat="34.073212" lon="-118.045231"><ele>95.219</ele><time>2020-10-04T23:38:30Z</time></trkpt><trkpt lat="34.073172" lon="-118.045275"><ele>95.308</ele><time>2020-10-04T23:38:31Z</time></trkpt><trkpt lat="34.073124" lon="-118.045328"><ele>95.372</ele><time>2020-10-04T23:38:32Z</time></trkpt><trkpt lat="34.073084" lon="-118.045379"><ele>95.384</ele><time>2020-10-04T23:38:33Z</time></trkpt><trkpt lat="34.073044" lon="-118.045442"><ele>95.376</ele><time>2020-10-04T23:38:34Z</time></trkpt><trkpt lat="34.073002" lon="-118.045501"><ele>95.336</ele><time>2020-10-04T23:38:35Z</time></trkpt><trkpt lat="34.072971" lon="-118.045569"><ele>95.323</ele><time>2020-10-04T23:38:36Z</time></trkpt><trkpt lat="34.072937" lon="-118.045625"><ele>95.325</ele><time>2020-10-04T23:38:37Z</time></trkpt><trkpt lat="34.072890" lon="-118.045687"><ele>95.357</ele><time>2020-10-04T23:38:38Z</time></trkpt><trkpt lat="34.072852" lon="-118.045751"><ele>95.143</ele><time>2020-10-04T23:38:39Z</time></trkpt><trkpt lat="34.072798" lon="-118.045829"><ele>94.996</ele><time>2020-10-04T23:38:40Z</time></trkpt><trkpt lat="34.072752" lon="-118.045908"><ele>94.631</ele><time>2020-10-04T23:38:41Z</time></trkpt><trkpt lat="34.072705" lon="-118.045980"><ele>94.224</ele><time>2020-10-04T23:38:42Z</time></trkpt><trkpt lat="34.072660" lon="-118.046061"><ele>93.808</ele><time>2020-10-04T23:38:43Z</time></trkpt><trkpt lat="34.072616" lon="-118.046140"><ele>93.464</ele><time>2020-10-04T23:38:44Z</time></trkpt><trkpt lat="34.072557" lon="-118.046208"><ele>93.136</ele><time>2020-10-04T23:38:45Z</time></trkpt><trkpt lat="34.072490" lon="-118.046286"><ele>92.988</ele><time>2020-10-04T23:38:46Z</time></trkpt><trkpt lat="34.072423" lon="-118.046339"><ele>92.858</ele><time>2020-10-04T23:38:47Z</time></trkpt><trkpt lat="34.072377" lon="-118.046401"><ele>92.825</ele><time>2020-10-04T23:38:48Z</time></trkpt><trkpt lat="34.072325" lon="-118.046448"><ele>92.877</ele><time>2020-10-04T23:38:49Z</time></trkpt><trkpt lat="34.072281" lon="-118.046505"><ele>93.059</ele><time>2020-10-04T23:38:50Z</time></trkpt><trkpt lat="34.072234" lon="-118.046567"><ele>93.225</ele><time>2020-10-04T23:38:51Z</time></trkpt><trkpt lat="34.072203" lon="-118.046629"><ele>93.566</ele><time>2020-10-04T23:38:52Z</time></trkpt><trkpt lat="34.072175" lon="-118.046695"><ele>93.829</ele><time>2020-10-04T23:38:53Z</time></trkpt><trkpt lat="34.072131" lon="-118.046760"><ele>94.221</ele><time>2020-10-04T23:38:54Z</time></trkpt><trkpt lat="34.072095" lon="-118.046815"><ele>94.508</ele><time>2020-10-04T23:38:55Z</time></trkpt><trkpt lat="34.072064" lon="-118.046870"><ele>94.721</ele><time>2020-10-04T23:38:56Z</time></trkpt><trkpt lat="34.072022" lon="-118.046932"><ele>94.883</ele><time>2020-10-04T23:38:57Z</time></trkpt><trkpt lat="34.071986" lon="-118.047002"><ele>94.825</ele><time>2020-10-04T23:38:58Z</time></trkpt><trkpt lat="34.071954" lon="-118.047065"><ele>94.825</ele><time>2020-10-04T23:38:59Z</time></trkpt><trkpt lat="34.071921" lon="-118.047132"><ele>94.722</ele><time>2020-10-04T23:39:00Z</time></trkpt><trkpt lat="34.071883" lon="-118.047203"><ele>94.754</ele><time>2020-10-04T23:39:01Z</time></trkpt><trkpt lat="34.071846" lon="-118.047269"><ele>94.736</ele><time>2020-10-04T23:39:02Z</time></trkpt><trkpt lat="34.071813" lon="-118.047326"><ele>94.762</ele><time>2020-10-04T23:39:03Z</time></trkpt><trkpt lat="34.071778" lon="-118.047395"><ele>94.677</ele><time>2020-10-04T23:39:04Z</time></trkpt><trkpt lat="34.071745" lon="-118.047463"><ele>94.561</ele><time>2020-10-04T23:39:05Z</time></trkpt><trkpt lat="34.071715" lon="-118.047536"><ele>94.427</ele><time>2020-10-04T23:39:06Z</time></trkpt><trkpt lat="34.071681" lon="-118.047610"><ele>94.308</ele><time>2020-10-04T23:39:07Z</time></trkpt><trkpt lat="34.071654" lon="-118.047673"><ele>94.312</ele><time>2020-10-04T23:39:08Z</time></trkpt><trkpt lat="34.071631" lon="-118.047743"><ele>94.374</ele><time>2020-10-04T23:39:09Z</time></trkpt><trkpt lat="34.071602" lon="-118.047811"><ele>94.356</ele><time>2020-10-04T23:39:10Z</time></trkpt><trkpt lat="34.071571" lon="-118.047878"><ele>94.336</ele><time>2020-10-04T23:39:11Z</time></trkpt><trkpt lat="34.071538" lon="-118.047943"><ele>94.393</ele><time>2020-10-04T23:39:12Z</time></trkpt><trkpt lat="34.071505" lon="-118.048011"><ele>94.395</ele><time>2020-10-04T23:39:13Z</time></trkpt><trkpt lat="34.071477" lon="-118.048086"><ele>94.327</ele><time>2020-10-04T23:39:14Z</time></trkpt><trkpt lat="34.071447" lon="-118.048159"><ele>94.353</ele><time>2020-10-04T23:39:15Z</time></trkpt><trkpt lat="34.071419" lon="-118.048230"><ele>94.323</ele><time>2020-10-04T23:39:16Z</time></trkpt><trkpt lat="34.071389" lon="-118.048297"><ele>94.383</ele><time>2020-10-04T23:39:17Z</time></trkpt><trkpt lat="34.071359" lon="-118.048373"><ele>94.311</ele><time>2020-10-04T23:39:18Z</time></trkpt><trkpt lat="34.071329" lon="-118.048447"><ele>94.308</ele><time>2020-10-04T23:39:19Z</time></trkpt><trkpt lat="34.071295" lon="-118.048520"><ele>94.347</ele><time>2020-10-04T23:39:20Z</time></trkpt><trkpt lat="34.071259" lon="-118.048591"><ele>94.369</ele><time>2020-10-04T23:39:21Z</time></trkpt><trkpt lat="34.071208" lon="-118.048657"><ele>94.341</ele><time>2020-10-04T23:39:22Z</time></trkpt><trkpt lat="34.071162" lon="-118.048734"><ele>93.931</ele><time>2020-10-04T23:39:23Z</time></trkpt><trkpt lat="34.071133" lon="-118.048816"><ele>93.578</ele><time>2020-10-04T23:39:24Z</time></trkpt><trkpt lat="34.071104" lon="-118.048909"><ele>93.110</ele><time>2020-10-04T23:39:25Z</time></trkpt><trkpt lat="34.071078" lon="-118.049003"><ele>92.772</ele><time>2020-10-04T23:39:26Z</time></trkpt><trkpt lat="34.071071" lon="-118.049076"><ele>92.438</ele><time>2020-10-04T23:39:27Z</time></trkpt><trkpt lat="34.071060" lon="-118.049153"><ele>92.277</ele><time>2020-10-04T23:39:28Z</time></trkpt><trkpt lat="34.071041" lon="-118.049225"><ele>92.261</ele><time>2020-10-04T23:39:29Z</time></trkpt><trkpt lat="34.071034" lon="-118.049313"><ele>92.227</ele><time>2020-10-04T23:39:30Z</time></trkpt><trkpt lat="34.070995" lon="-118.049372"><ele>92.208</ele><time>2020-10-04T23:39:31Z</time></trkpt><trkpt lat="34.070937" lon="-118.049455"><ele>92.262</ele><time>2020-10-04T23:39:32Z</time></trkpt><trkpt lat="34.070889" lon="-118.049518"><ele>92.214</ele><time>2020-10-04T23:39:33Z</time></trkpt><trkpt lat="34.070841" lon="-118.049598"><ele>92.216</ele><time>2020-10-04T23:39:34Z</time></trkpt><trkpt lat="34.070797" lon="-118.049668"><ele>92.156</ele><time>2020-10-04T23:39:35Z</time></trkpt><trkpt lat="34.070770" lon="-118.049743"><ele>92.073</ele><time>2020-10-04T23:39:36Z</time></trkpt><trkpt lat="34.070748" lon="-118.049820"><ele>92.045</ele><time>2020-10-04T23:39:37Z</time></trkpt><trkpt lat="34.070747" lon="-118.049898"><ele>92.087</ele><time>2020-10-04T23:39:38Z</time></trkpt><trkpt lat="34.070737" lon="-118.049971"><ele>92.283</ele><time>2020-10-04T23:39:39Z</time></trkpt><trkpt lat="34.070715" lon="-118.050049"><ele>92.567</ele><time>2020-10-04T23:39:40Z</time></trkpt><trkpt lat="34.070700" lon="-118.050120"><ele>92.981</ele><time>2020-10-04T23:39:41Z</time></trkpt><trkpt lat="34.070678" lon="-118.050196"><ele>93.319</ele><time>2020-10-04T23:39:42Z</time></trkpt><trkpt lat="34.070651" lon="-118.050270"><ele>93.608</ele><time>2020-10-04T23:39:43Z</time></trkpt><trkpt lat="34.070626" lon="-118.050345"><ele>93.871</ele><time>2020-10-04T23:39:44Z</time></trkpt><trkpt lat="34.070603" lon="-118.050418"><ele>93.953</ele><time>2020-10-04T23:39:45Z</time></trkpt><trkpt lat="34.070578" lon="-118.050492"><ele>93.935</ele><time>2020-10-04T23:39:46Z</time></trkpt><trkpt lat="34.070552" lon="-118.050569"><ele>93.935</ele><time>2020-10-04T23:39:47Z</time></trkpt><trkpt lat="34.070527" lon="-118.050647"><ele>93.992</ele><time>2020-10-04T23:39:48Z</time></trkpt><trkpt lat="34.070499" lon="-118.050722"><ele>93.964</ele><time>2020-10-04T23:39:49Z</time></trkpt><trkpt lat="34.070470" lon="-118.050802"><ele>93.916</ele><time>2020-10-04T23:39:50Z</time></trkpt><trkpt lat="34.070445" lon="-118.050882"><ele>93.912</ele><time>2020-10-04T23:39:51Z</time></trkpt><trkpt lat="34.070418" lon="-118.050961"><ele>93.914</ele><time>2020-10-04T23:39:52Z</time></trkpt><trkpt lat="34.070389" lon="-118.051041"><ele>93.954</ele><time>2020-10-04T23:39:53Z</time></trkpt><trkpt lat="34.070366" lon="-118.051119"><ele>93.909</ele><time>2020-10-04T23:39:54Z</time></trkpt><trkpt lat="34.070341" lon="-118.051202"><ele>93.808</ele><time>2020-10-04T23:39:55Z</time></trkpt><trkpt lat="34.070316" lon="-118.051285"><ele>93.716</ele><time>2020-10-04T23:39:56Z</time></trkpt><trkpt lat="34.070284" lon="-118.051370"><ele>93.628</ele><time>2020-10-04T23:39:57Z</time></trkpt><trkpt lat="34.070259" lon="-118.051445"><ele>93.540</ele><time>2020-10-04T23:39:58Z</time></trkpt><trkpt lat="34.070233" lon="-118.051521"><ele>93.510</ele><time>2020-10-04T23:39:59Z</time></trkpt><trkpt lat="34.070204" lon="-118.051601"><ele>93.577</ele><time>2020-10-04T23:40:00Z</time></trkpt><trkpt lat="34.070183" lon="-118.051682"><ele>93.539</ele><time>2020-10-04T23:40:01Z</time></trkpt><trkpt lat="34.070163" lon="-118.051755"><ele>93.491</ele><time>2020-10-04T23:40:02Z</time></trkpt><trkpt lat="34.070151" lon="-118.051839"><ele>93.337</ele><time>2020-10-04T23:40:03Z</time></trkpt><trkpt lat="34.070126" lon="-118.051922"><ele>93.219</ele><time>2020-10-04T23:40:04Z</time></trkpt><trkpt lat="34.070089" lon="-118.052005"><ele>93.109</ele><time>2020-10-04T23:40:05Z</time></trkpt><trkpt lat="34.070057" lon="-118.052093"><ele>93.019</ele><time>2020-10-04T23:40:06Z</time></trkpt><trkpt lat="34.070034" lon="-118.052177"><ele>92.908</ele><time>2020-10-04T23:40:07Z</time></trkpt><trkpt lat="34.070001" lon="-118.052258"><ele>92.756</ele><time>2020-10-04T23:40:08Z</time></trkpt><trkpt lat="34.069981" lon="-118.052337"><ele>92.678</ele><time>2020-10-04T23:40:09Z</time></trkpt><trkpt lat="34.069962" lon="-118.052419"><ele>92.680</ele><time>2020-10-04T23:40:10Z</time></trkpt><trkpt lat="34.069931" lon="-118.052502"><ele>92.610</ele><time>2020-10-04T23:40:11Z</time></trkpt><trkpt lat="34.069912" lon="-118.052582"><ele>92.617</ele><time>2020-10-04T23:40:12Z</time></trkpt><trkpt lat="34.069892" lon="-118.052663"><ele>92.619</ele><time>2020-10-04T23:40:13Z</time></trkpt><trkpt lat="34.069871" lon="-118.052739"><ele>92.651</ele><time>2020-10-04T23:40:14Z</time></trkpt><trkpt lat="34.069844" lon="-118.052810"><ele>92.767</ele><time>2020-10-04T23:40:15Z</time></trkpt><trkpt lat="34.069823" lon="-118.052892"><ele>92.712</ele><time>2020-10-04T23:40:16Z</time></trkpt><trkpt lat="34.069803" lon="-118.052970"><ele>92.732</ele><time>2020-10-04T23:40:17Z</time></trkpt><trkpt lat="34.069783" lon="-118.053051"><ele>92.705</ele><time>2020-10-04T23:40:18Z</time></trkpt><trkpt lat="34.069765" lon="-118.053134"><ele>92.608</ele><time>2020-10-04T23:40:19Z</time></trkpt><trkpt lat="34.069737" lon="-118.053211"><ele>92.616</ele><time>2020-10-04T23:40:20Z</time></trkpt><trkpt lat="34.069713" lon="-118.053287"><ele>92.638</ele><time>2020-10-04T23:40:21Z</time></trkpt><trkpt lat="34.069690" lon="-118.053364"><ele>92.630</ele><time>2020-10-04T23:40:22Z</time></trkpt><trkpt lat="34.069667" lon="-118.053437"><ele>92.660</ele><time>2020-10-04T23:40:23Z</time></trkpt><trkpt lat="34.069644" lon="-118.053518"><ele>92.667</ele><time>2020-10-04T23:40:24Z</time></trkpt><trkpt lat="34.069627" lon="-118.053599"><ele>92.669</ele><time>2020-10-04T23:40:25Z</time></trkpt><trkpt lat="34.069613" lon="-118.053677"><ele>92.581</ele><time>2020-10-04T23:40:26Z</time></trkpt><trkpt lat="34.069587" lon="-118.053761"><ele>92.557</ele><time>2020-10-04T23:40:27Z</time></trkpt><trkpt lat="34.069568" lon="-118.053839"><ele>92.561</ele><time>2020-10-04T23:40:28Z</time></trkpt><trkpt lat="34.069553" lon="-118.053913"><ele>92.521</ele><time>2020-10-04T23:40:29Z</time></trkpt><trkpt lat="34.069537" lon="-118.054001"><ele>92.513</ele><time>2020-10-04T23:40:30Z</time></trkpt><trkpt lat="34.069507" lon="-118.054084"><ele>92.408</ele><time>2020-10-04T23:40:31Z</time></trkpt><trkpt lat="34.069488" lon="-118.054163"><ele>92.281</ele><time>2020-10-04T23:40:32Z</time></trkpt><trkpt lat="34.069468" lon="-118.054243"><ele>92.013</ele><time>2020-10-04T23:40:33Z</time></trkpt><trkpt lat="34.069443" lon="-118.054322"><ele>91.865</ele><time>2020-10-04T23:40:34Z</time></trkpt><trkpt lat="34.069424" lon="-118.054407"><ele>91.795</ele><time>2020-10-04T23:40:35Z</time></trkpt><trkpt lat="34.069408" lon="-118.054490"><ele>91.722</ele><time>2020-10-04T23:40:36Z</time></trkpt><trkpt lat="34.069384" lon="-118.054570"><ele>91.724</ele><time>2020-10-04T23:40:37Z</time></trkpt><trkpt lat="34.069359" lon="-118.054650"><ele>91.746</ele><time>2020-10-04T23:40:38Z</time></trkpt><trkpt lat="34.069344" lon="-118.054717"><ele>91.822</ele><time>2020-10-04T23:40:39Z</time></trkpt><trkpt lat="34.069325" lon="-118.054796"><ele>91.828</ele><time>2020-10-04T23:40:40Z</time></trkpt><trkpt lat="34.069305" lon="-118.054873"><ele>91.889</ele><time>2020-10-04T23:40:41Z</time></trkpt><trkpt lat="34.069279" lon="-118.054954"><ele>91.617</ele><time>2020-10-04T23:40:42Z</time></trkpt><trkpt lat="34.069256" lon="-118.055035"><ele>91.508</ele><time>2020-10-04T23:40:43Z</time></trkpt><trkpt lat="34.069228" lon="-118.055114"><ele>91.467</ele><time>2020-10-04T23:40:44Z</time></trkpt><trkpt lat="34.069197" lon="-118.055196"><ele>91.449</ele><time>2020-10-04T23:40:45Z</time></trkpt><trkpt lat="34.069177" lon="-118.055279"><ele>91.481</ele><time>2020-10-04T23:40:46Z</time></trkpt><trkpt lat="34.069161" lon="-118.055360"><ele>91.441</ele><time>2020-10-04T23:40:47Z</time></trkpt><trkpt lat="34.069144" lon="-118.055441"><ele>91.438</ele><time>2020-10-04T23:40:48Z</time></trkpt><trkpt lat="34.069121" lon="-118.055528"><ele>91.370</ele><time>2020-10-04T23:40:49Z</time></trkpt><trkpt lat="34.069094" lon="-118.055609"><ele>91.382</ele><time>2020-10-04T23:40:50Z</time></trkpt><trkpt lat="34.069076" lon="-118.055688"><ele>91.338</ele><time>2020-10-04T23:40:51Z</time></trkpt><trkpt lat="34.069058" lon="-118.055768"><ele>91.368</ele><time>2020-10-04T23:40:52Z</time></trkpt><trkpt lat="34.069037" lon="-118.055854"><ele>91.342</ele><time>2020-10-04T23:40:53Z</time></trkpt><trkpt lat="34.069014" lon="-118.055941"><ele>91.326</ele><time>2020-10-04T23:40:54Z</time></trkpt><trkpt lat="34.068996" lon="-118.056021"><ele>91.408</ele><time>2020-10-04T23:40:55Z</time></trkpt><trkpt lat="34.068977" lon="-118.056097"><ele>91.521</ele><time>2020-10-04T23:40:56Z</time></trkpt><trkpt lat="34.068957" lon="-118.056176"><ele>91.633</ele><time>2020-10-04T23:40:57Z</time></trkpt><trkpt lat="34.068939" lon="-118.056259"><ele>91.645</ele><time>2020-10-04T23:40:58Z</time></trkpt><trkpt lat="34.068922" lon="-118.056338"><ele>91.685</ele><time>2020-10-04T23:40:59Z</time></trkpt><trkpt lat="34.068903" lon="-118.056419"><ele>91.682</ele><time>2020-10-04T23:41:00Z</time></trkpt><trkpt lat="34.068879" lon="-118.056493"><ele>91.534</ele><time>2020-10-04T23:41:01Z</time></trkpt><trkpt lat="34.068862" lon="-118.056572"><ele>91.526</ele><time>2020-10-04T23:41:02Z</time></trkpt><trkpt lat="34.068844" lon="-118.056641"><ele>91.482</ele><time>2020-10-04T23:41:03Z</time></trkpt><trkpt lat="34.068824" lon="-118.056719"><ele>91.471</ele><time>2020-10-04T23:41:04Z</time></trkpt><trkpt lat="34.068808" lon="-118.056797"><ele>91.341</ele><time>2020-10-04T23:41:05Z</time></trkpt><trkpt lat="34.068789" lon="-118.056863"><ele>91.315</ele><time>2020-10-04T23:41:06Z</time></trkpt><trkpt lat="34.068768" lon="-118.056933"><ele>91.308</ele><time>2020-10-04T23:41:07Z</time></trkpt><trkpt lat="34.068744" lon="-118.057006"><ele>91.312</ele><time>2020-10-04T23:41:08Z</time></trkpt><trkpt lat="34.068719" lon="-118.057080"><ele>91.414</ele><time>2020-10-04T23:41:09Z</time></trkpt><trkpt lat="34.068695" lon="-118.057156"><ele>91.696</ele><time>2020-10-04T23:41:10Z</time></trkpt><trkpt lat="34.068671" lon="-118.057229"><ele>91.766</ele><time>2020-10-04T23:41:11Z</time></trkpt><trkpt lat="34.068651" lon="-118.057301"><ele>91.823</ele><time>2020-10-04T23:41:12Z</time></trkpt><trkpt lat="34.068634" lon="-118.057377"><ele>91.915</ele><time>2020-10-04T23:41:13Z</time></trkpt><trkpt lat="34.068617" lon="-118.057449"><ele>91.987</ele><time>2020-10-04T23:41:14Z</time></trkpt><trkpt lat="34.068598" lon="-118.057525"><ele>91.953</ele><time>2020-10-04T23:41:15Z</time></trkpt><trkpt lat="34.068578" lon="-118.057605"><ele>91.935</ele><time>2020-10-04T23:41:16Z</time></trkpt><trkpt lat="34.068561" lon="-118.057680"><ele>91.986</ele><time>2020-10-04T23:41:17Z</time></trkpt><trkpt lat="34.068543" lon="-118.057765"><ele>91.914</ele><time>2020-10-04T23:41:18Z</time></trkpt><trkpt lat="34.068524" lon="-118.057848"><ele>91.808</ele><time>2020-10-04T23:41:19Z</time></trkpt><trkpt lat="34.068500" lon="-118.057930"><ele>91.758</ele><time>2020-10-04T23:41:20Z</time></trkpt><trkpt lat="34.068470" lon="-118.058012"><ele>91.610</ele><time>2020-10-04T23:41:21Z</time></trkpt><trkpt lat="34.068456" lon="-118.058091"><ele>91.512</ele><time>2020-10-04T23:41:22Z</time></trkpt><trkpt lat="34.068441" lon="-118.058172"><ele>91.462</ele><time>2020-10-04T23:41:23Z</time></trkpt><trkpt lat="34.068422" lon="-118.058245"><ele>91.479</ele><time>2020-10-04T23:41:24Z</time></trkpt><trkpt lat="34.068399" lon="-118.058319"><ele>91.411</ele><time>2020-10-04T23:41:25Z</time></trkpt><trkpt lat="34.068373" lon="-118.058392"><ele>91.453</ele><time>2020-10-04T23:41:26Z</time></trkpt><trkpt lat="34.068354" lon="-118.058467"><ele>91.439</ele><time>2020-10-04T23:41:27Z</time></trkpt><trkpt lat="34.068331" lon="-118.058539"><ele>91.495</ele><time>2020-10-04T23:41:28Z</time></trkpt><trkpt lat="34.068308" lon="-118.058613"><ele>91.349</ele><time>2020-10-04T23:41:29Z</time></trkpt><trkpt lat="34.068288" lon="-118.058679"><ele>91.223</ele><time>2020-10-04T23:41:30Z</time></trkpt><trkpt lat="34.068263" lon="-118.058759"><ele>91.208</ele><time>2020-10-04T23:41:31Z</time></trkpt><trkpt lat="34.068241" lon="-118.058827"><ele>91.134</ele><time>2020-10-04T23:41:32Z</time></trkpt><trkpt lat="34.068219" lon="-118.058893"><ele>91.086</ele><time>2020-10-04T23:41:33Z</time></trkpt><trkpt lat="34.068196" lon="-118.058967"><ele>91.018</ele><time>2020-10-04T23:41:34Z</time></trkpt><trkpt lat="34.068177" lon="-118.059044"><ele>91.078</ele><time>2020-10-04T23:41:35Z</time></trkpt><trkpt lat="34.068155" lon="-118.059112"><ele>91.025</ele><time>2020-10-04T23:41:36Z</time></trkpt><trkpt lat="34.068131" lon="-118.059174"><ele>91.137</ele><time>2020-10-04T23:41:37Z</time></trkpt><trkpt lat="34.068109" lon="-118.059240"><ele>91.139</ele><time>2020-10-04T23:41:38Z</time></trkpt><trkpt lat="34.068084" lon="-118.059313"><ele>91.075</ele><time>2020-10-04T23:41:39Z</time></trkpt><trkpt lat="34.068061" lon="-118.059382"><ele>91.023</ele><time>2020-10-04T23:41:40Z</time></trkpt><trkpt lat="34.068034" lon="-118.059452"><ele>90.983</ele><time>2020-10-04T23:41:41Z</time></trkpt><trkpt lat="34.068007" lon="-118.059521"><ele>90.811</ele><time>2020-10-04T23:41:42Z</time></trkpt><trkpt lat="34.067978" lon="-118.059597"><ele>90.808</ele><time>2020-10-04T23:41:43Z</time></trkpt><trkpt lat="34.067952" lon="-118.059668"><ele>90.897</ele><time>2020-10-04T23:41:44Z</time></trkpt><trkpt lat="34.067923" lon="-118.059740"><ele>90.819</ele><time>2020-10-04T23:41:45Z</time></trkpt><trkpt lat="34.067896" lon="-118.059808"><ele>90.831</ele><time>2020-10-04T23:41:46Z</time></trkpt><trkpt lat="34.067867" lon="-118.059872"><ele>90.831</ele><time>2020-10-04T23:41:47Z</time></trkpt><trkpt lat="34.067843" lon="-118.059942"><ele>90.838</ele><time>2020-10-04T23:41:48Z</time></trkpt><trkpt lat="34.067819" lon="-118.060012"><ele>90.810</ele><time>2020-10-04T23:41:49Z</time></trkpt><trkpt lat="34.067790" lon="-118.060076"><ele>90.952</ele><time>2020-10-04T23:41:50Z</time></trkpt><trkpt lat="34.067766" lon="-118.060140"><ele>91.048</ele><time>2020-10-04T23:41:51Z</time></trkpt><trkpt lat="34.067736" lon="-118.060213"><ele>91.155</ele><time>2020-10-04T23:41:52Z</time></trkpt><trkpt lat="34.067705" lon="-118.060282"><ele>91.207</ele><time>2020-10-04T23:41:53Z</time></trkpt><trkpt lat="34.067678" lon="-118.060355"><ele>91.217</ele><time>2020-10-04T23:41:54Z</time></trkpt><trkpt lat="34.067649" lon="-118.060426"><ele>91.208</ele><time>2020-10-04T23:41:55Z</time></trkpt><trkpt lat="34.067616" lon="-118.060493"><ele>91.180</ele><time>2020-10-04T23:41:56Z</time></trkpt><trkpt lat="34.067582" lon="-118.060565"><ele>91.052</ele><time>2020-10-04T23:41:57Z</time></trkpt><trkpt lat="34.067554" lon="-118.060629"><ele>90.974</ele><time>2020-10-04T23:41:58Z</time></trkpt><trkpt lat="34.067524" lon="-118.060697"><ele>90.724</ele><time>2020-10-04T23:41:59Z</time></trkpt><trkpt lat="34.067491" lon="-118.060768"><ele>90.621</ele><time>2020-10-04T23:42:00Z</time></trkpt><trkpt lat="34.067462" lon="-118.060837"><ele>90.683</ele><time>2020-10-04T23:42:01Z</time></trkpt><trkpt lat="34.067430" lon="-118.060914"><ele>90.725</ele><time>2020-10-04T23:42:02Z</time></trkpt><trkpt lat="34.067404" lon="-118.060978"><ele>90.871</ele><time>2020-10-04T23:42:03Z</time></trkpt><trkpt lat="34.067373" lon="-118.061044"><ele>90.888</ele><time>2020-10-04T23:42:04Z</time></trkpt><trkpt lat="34.067339" lon="-118.061107"><ele>90.724</ele><time>2020-10-04T23:42:05Z</time></trkpt><trkpt lat="34.067305" lon="-118.061173"><ele>90.526</ele><time>2020-10-04T23:42:06Z</time></trkpt><trkpt lat="34.067270" lon="-118.061244"><ele>90.308</ele><time>2020-10-04T23:42:07Z</time></trkpt><trkpt lat="34.067243" lon="-118.061305"><ele>90.163</ele><time>2020-10-04T23:42:08Z</time></trkpt><trkpt lat="34.067209" lon="-118.061374"><ele>89.965</ele><time>2020-10-04T23:42:09Z</time></trkpt><trkpt lat="34.067175" lon="-118.061442"><ele>89.997</ele><time>2020-10-04T23:42:10Z</time></trkpt><trkpt lat="34.067142" lon="-118.061508"><ele>89.997</ele><time>2020-10-04T23:42:11Z</time></trkpt><trkpt lat="34.067103" lon="-118.061572"><ele>89.914</ele><time>2020-10-04T23:42:12Z</time></trkpt><trkpt lat="34.067068" lon="-118.061633"><ele>89.956</ele><time>2020-10-04T23:42:13Z</time></trkpt><trkpt lat="34.067036" lon="-118.061692"><ele>89.958</ele><time>2020-10-04T23:42:14Z</time></trkpt><trkpt lat="34.066999" lon="-118.061760"><ele>89.924</ele><time>2020-10-04T23:42:15Z</time></trkpt><trkpt lat="34.066962" lon="-118.061830"><ele>89.967</ele><time>2020-10-04T23:42:16Z</time></trkpt><trkpt lat="34.066922" lon="-118.061904"><ele>89.981</ele><time>2020-10-04T23:42:17Z</time></trkpt><trkpt lat="34.066889" lon="-118.061972"><ele>89.919</ele><time>2020-10-04T23:42:18Z</time></trkpt><trkpt lat="34.066851" lon="-118.062039"><ele>89.908</ele><time>2020-10-04T23:42:19Z</time></trkpt><trkpt lat="34.066818" lon="-118.062096"><ele>89.941</ele><time>2020-10-04T23:42:20Z</time></trkpt><trkpt lat="34.066787" lon="-118.062165"><ele>89.993</ele><time>2020-10-04T23:42:21Z</time></trkpt><trkpt lat="34.066757" lon="-118.062226"><ele>89.975</ele><time>2020-10-04T23:42:22Z</time></trkpt><trkpt lat="34.066724" lon="-118.062287"><ele>89.965</ele><time>2020-10-04T23:42:23Z</time></trkpt><trkpt lat="34.066686" lon="-118.062355"><ele>89.992</ele><time>2020-10-04T23:42:24Z</time></trkpt><trkpt lat="34.066643" lon="-118.062424"><ele>89.924</ele><time>2020-10-04T23:42:25Z</time></trkpt><trkpt lat="34.066604" lon="-118.062491"><ele>89.976</ele><time>2020-10-04T23:42:26Z</time></trkpt><trkpt lat="34.066563" lon="-118.062554"><ele>89.912</ele><time>2020-10-04T23:42:27Z</time></trkpt><trkpt lat="34.066526" lon="-118.062615"><ele>89.986</ele><time>2020-10-04T23:42:28Z</time></trkpt><trkpt lat="34.066489" lon="-118.062676"><ele>89.960</ele><time>2020-10-04T23:42:29Z</time></trkpt><trkpt lat="34.066452" lon="-118.062738"><ele>89.926</ele><time>2020-10-04T23:42:30Z</time></trkpt><trkpt lat="34.066416" lon="-118.062801"><ele>89.908</ele><time>2020-10-04T23:42:31Z</time></trkpt><trkpt lat="34.066376" lon="-118.062860"><ele>89.883</ele><time>2020-10-04T23:42:32Z</time></trkpt><trkpt lat="34.066340" lon="-118.062924"><ele>89.775</ele><time>2020-10-04T23:42:33Z</time></trkpt><trkpt lat="34.066302" lon="-118.062986"><ele>89.617</ele><time>2020-10-04T23:42:34Z</time></trkpt><trkpt lat="34.066265" lon="-118.063045"><ele>89.577</ele><time>2020-10-04T23:42:35Z</time></trkpt><trkpt lat="34.066221" lon="-118.063100"><ele>89.544</ele><time>2020-10-04T23:42:36Z</time></trkpt><trkpt lat="34.066186" lon="-118.063163"><ele>89.556</ele><time>2020-10-04T23:42:37Z</time></trkpt><trkpt lat="34.066152" lon="-118.063223"><ele>89.518</ele><time>2020-10-04T23:42:38Z</time></trkpt><trkpt lat="34.066112" lon="-118.063283"><ele>89.594</ele><time>2020-10-04T23:42:39Z</time></trkpt><trkpt lat="34.066070" lon="-118.063345"><ele>89.513</ele><time>2020-10-04T23:42:40Z</time></trkpt><trkpt lat="34.066026" lon="-118.063406"><ele>89.443</ele><time>2020-10-04T23:42:41Z</time></trkpt><trkpt lat="34.065979" lon="-118.063461"><ele>89.307</ele><time>2020-10-04T23:42:42Z</time></trkpt><trkpt lat="34.065936" lon="-118.063513"><ele>89.208</ele><time>2020-10-04T23:42:43Z</time></trkpt><trkpt lat="34.065893" lon="-118.063570"><ele>89.136</ele><time>2020-10-04T23:42:44Z</time></trkpt><trkpt lat="34.065855" lon="-118.063623"><ele>89.178</ele><time>2020-10-04T23:42:45Z</time></trkpt><trkpt lat="34.065813" lon="-118.063681"><ele>89.040</ele><time>2020-10-04T23:42:46Z</time></trkpt><trkpt lat="34.065770" lon="-118.063737"><ele>89.050</ele><time>2020-10-04T23:42:47Z</time></trkpt><trkpt lat="34.065731" lon="-118.063794"><ele>89.017</ele><time>2020-10-04T23:42:48Z</time></trkpt><trkpt lat="34.065692" lon="-118.063850"><ele>88.939</ele><time>2020-10-04T23:42:49Z</time></trkpt><trkpt lat="34.065654" lon="-118.063905"><ele>88.911</ele><time>2020-10-04T23:42:50Z</time></trkpt><trkpt lat="34.065615" lon="-118.063960"><ele>88.997</ele><time>2020-10-04T23:42:51Z</time></trkpt><trkpt lat="34.065577" lon="-118.064018"><ele>88.826</ele><time>2020-10-04T23:42:52Z</time></trkpt><trkpt lat="34.065535" lon="-118.064082"><ele>88.747</ele><time>2020-10-04T23:42:53Z</time></trkpt><trkpt lat="34.065499" lon="-118.064143"><ele>88.611</ele><time>2020-10-04T23:42:54Z</time></trkpt><trkpt lat="34.065465" lon="-118.064199"><ele>88.608</ele><time>2020-10-04T23:42:55Z</time></trkpt><trkpt lat="34.065424" lon="-118.064258"><ele>88.667</ele><time>2020-10-04T23:42:56Z</time></trkpt><trkpt lat="34.065382" lon="-118.064308"><ele>88.569</ele><time>2020-10-04T23:42:57Z</time></trkpt><trkpt lat="34.065338" lon="-118.064361"><ele>88.571</ele><time>2020-10-04T23:42:58Z</time></trkpt><trkpt lat="34.065294" lon="-118.064423"><ele>88.521</ele><time>2020-10-04T23:42:59Z</time></trkpt><trkpt lat="34.065246" lon="-118.064485"><ele>88.598</ele><time>2020-10-04T23:43:00Z</time></trkpt><trkpt lat="34.065196" lon="-118.064548"><ele>88.540</ele><time>2020-10-04T23:43:01Z</time></trkpt><trkpt lat="34.065155" lon="-118.064606"><ele>88.572</ele><time>2020-10-04T23:43:02Z</time></trkpt><trkpt lat="34.065114" lon="-118.064669"><ele>88.548</ele><time>2020-10-04T23:43:03Z</time></trkpt><trkpt lat="34.065075" lon="-118.064725"><ele>88.513</ele><time>2020-10-04T23:43:04Z</time></trkpt><trkpt lat="34.065033" lon="-118.064789"><ele>88.543</ele><time>2020-10-04T23:43:05Z</time></trkpt><trkpt lat="34.064987" lon="-118.064838"><ele>88.507</ele><time>2020-10-04T23:43:06Z</time></trkpt><trkpt lat="34.064940" lon="-118.064891"><ele>88.508</ele><time>2020-10-04T23:43:07Z</time></trkpt><trkpt lat="34.064891" lon="-118.064948"><ele>88.516</ele><time>2020-10-04T23:43:08Z</time></trkpt><trkpt lat="34.064846" lon="-118.064995"><ele>88.518</ele><time>2020-10-04T23:43:09Z</time></trkpt><trkpt lat="34.064799" lon="-118.065050"><ele>88.540</ele><time>2020-10-04T23:43:10Z</time></trkpt><trkpt lat="34.064750" lon="-118.065104"><ele>88.520</ele><time>2020-10-04T23:43:11Z</time></trkpt><trkpt lat="34.064698" lon="-118.065157"><ele>88.537</ele><time>2020-10-04T23:43:12Z</time></trkpt><trkpt lat="34.064654" lon="-118.065207"><ele>88.589</ele><time>2020-10-04T23:43:13Z</time></trkpt><trkpt lat="34.064612" lon="-118.065261"><ele>88.581</ele><time>2020-10-04T23:43:14Z</time></trkpt><trkpt lat="34.064568" lon="-118.065312"><ele>88.537</ele><time>2020-10-04T23:43:15Z</time></trkpt><trkpt lat="34.064526" lon="-118.065359"><ele>88.418</ele><time>2020-10-04T23:43:16Z</time></trkpt><trkpt lat="34.064482" lon="-118.065402"><ele>88.498</ele><time>2020-10-04T23:43:17Z</time></trkpt><trkpt lat="34.064439" lon="-118.065449"><ele>88.317</ele><time>2020-10-04T23:43:18Z</time></trkpt><trkpt lat="34.064395" lon="-118.065489"><ele>88.308</ele><time>2020-10-04T23:43:19Z</time></trkpt><trkpt lat="34.064352" lon="-118.065531"><ele>88.386</ele><time>2020-10-04T23:43:20Z</time></trkpt><trkpt lat="34.064306" lon="-118.065577"><ele>88.378</ele><time>2020-10-04T23:43:21Z</time></trkpt><trkpt lat="34.064270" lon="-118.065621"><ele>88.310</ele><time>2020-10-04T23:43:22Z</time></trkpt><trkpt lat="34.064242" lon="-118.065678"><ele>88.310</ele><time>2020-10-04T23:43:23Z</time></trkpt><trkpt lat="34.064207" lon="-118.065724"><ele>88.357</ele><time>2020-10-04T23:43:24Z</time></trkpt><trkpt lat="34.064176" lon="-118.065771"><ele>88.289</ele><time>2020-10-04T23:43:25Z</time></trkpt><trkpt lat="34.064142" lon="-118.065837"><ele>88.151</ele><time>2020-10-04T23:43:26Z</time></trkpt><trkpt lat="34.064102" lon="-118.065902"><ele>87.977</ele><time>2020-10-04T23:43:27Z</time></trkpt><trkpt lat="34.064071" lon="-118.065971"><ele>87.752</ele><time>2020-10-04T23:43:28Z</time></trkpt><trkpt lat="34.064031" lon="-118.066038"><ele>87.553</ele><time>2020-10-04T23:43:29Z</time></trkpt><trkpt lat="34.063988" lon="-118.066106"><ele>87.108</ele><time>2020-10-04T23:43:30Z</time></trkpt><trkpt lat="34.063942" lon="-118.066176"><ele>86.808</ele><time>2020-10-04T23:43:31Z</time></trkpt><trkpt lat="34.063896" lon="-118.066249"><ele>86.610</ele><time>2020-10-04T23:43:32Z</time></trkpt><trkpt lat="34.063862" lon="-118.066317"><ele>86.492</ele><time>2020-10-04T23:43:33Z</time></trkpt><trkpt lat="34.063813" lon="-118.066383"><ele>86.224</ele><time>2020-10-04T23:43:34Z</time></trkpt><trkpt lat="34.063767" lon="-118.066449"><ele>86.024</ele><time>2020-10-04T23:43:35Z</time></trkpt><trkpt lat="34.063714" lon="-118.066502"><ele>85.951</ele><time>2020-10-04T23:43:36Z</time></trkpt><trkpt lat="34.063659" lon="-118.066551"><ele>85.833</ele><time>2020-10-04T23:43:37Z</time></trkpt><trkpt lat="34.063601" lon="-118.066605"><ele>85.815</ele><time>2020-10-04T23:43:38Z</time></trkpt><trkpt lat="34.063549" lon="-118.066657"><ele>85.941</ele><time>2020-10-04T23:43:39Z</time></trkpt><trkpt lat="34.063505" lon="-118.066704"><ele>86.166</ele><time>2020-10-04T23:43:40Z</time></trkpt><trkpt lat="34.063461" lon="-118.066748"><ele>86.429</ele><time>2020-10-04T23:43:41Z</time></trkpt><trkpt lat="34.063412" lon="-118.066791"><ele>86.721</ele><time>2020-10-04T23:43:42Z</time></trkpt><trkpt lat="34.063374" lon="-118.066837"><ele>87.008</ele><time>2020-10-04T23:43:43Z</time></trkpt><trkpt lat="34.063338" lon="-118.066880"><ele>87.211</ele><time>2020-10-04T23:43:44Z</time></trkpt><trkpt lat="34.063296" lon="-118.066925"><ele>87.443</ele><time>2020-10-04T23:43:45Z</time></trkpt><trkpt lat="34.063218" lon="-118.066994"><ele>87.435</ele><time>2020-10-04T23:43:47Z</time></trkpt><trkpt lat="34.063181" lon="-118.067034"><ele>87.465</ele><time>2020-10-04T23:43:48Z</time></trkpt><trkpt lat="34.063150" lon="-118.067082"><ele>87.442</ele><time>2020-10-04T23:43:49Z</time></trkpt><trkpt lat="34.063114" lon="-118.067118"><ele>87.594</ele><time>2020-10-04T23:43:50Z</time></trkpt><trkpt lat="34.063070" lon="-118.067182"><ele>87.886</ele><time>2020-10-04T23:43:52Z</time></trkpt><trkpt lat="34.063032" lon="-118.067241"><ele>87.982</ele><time>2020-10-04T23:43:54Z</time></trkpt><trkpt lat="34.062987" lon="-118.067293"><ele>87.795</ele><time>2020-10-04T23:43:56Z</time></trkpt><trkpt lat="34.062954" lon="-118.067346"><ele>87.649</ele><time>2020-10-04T23:43:58Z</time></trkpt><trkpt lat="34.062927" lon="-118.067404"><ele>87.723</ele><time>2020-10-04T23:44:00Z</time></trkpt><trkpt lat="34.062883" lon="-118.067452"><ele>87.708</ele><time>2020-10-04T23:44:02Z</time></trkpt><trkpt lat="34.062839" lon="-118.067479"><ele>87.774</ele><time>2020-10-04T23:44:04Z</time></trkpt><trkpt lat="34.062790" lon="-118.067508"><ele>87.876</ele><time>2020-10-04T23:44:28Z</time></trkpt><trkpt lat="34.062783" lon="-118.067576"><ele>88.058</ele><time>2020-10-04T23:44:30Z</time></trkpt><trkpt lat="34.062792" lon="-118.067667"><ele>88.248</ele><time>2020-10-04T23:44:32Z</time></trkpt><trkpt lat="34.062800" lon="-118.067767"><ele>88.445</ele><time>2020-10-04T23:44:34Z</time></trkpt><trkpt lat="34.062801" lon="-118.067822"><ele>88.597</ele><time>2020-10-04T23:44:35Z</time></trkpt><trkpt lat="34.062801" lon="-118.067880"><ele>88.649</ele><time>2020-10-04T23:44:36Z</time></trkpt><trkpt lat="34.062798" lon="-118.067996"><ele>89.035</ele><time>2020-10-04T23:44:38Z</time></trkpt><trkpt lat="34.062805" lon="-118.068064"><ele>89.131</ele><time>2020-10-04T23:44:39Z</time></trkpt><trkpt lat="34.062805" lon="-118.068125"><ele>89.261</ele><time>2020-10-04T23:44:40Z</time></trkpt><trkpt lat="34.062799" lon="-118.068189"><ele>89.307</ele><time>2020-10-04T23:44:41Z</time></trkpt><trkpt lat="34.062799" lon="-118.068252"><ele>89.408</ele><time>2020-10-04T23:44:42Z</time></trkpt><trkpt lat="34.062796" lon="-118.068313"><ele>89.548</ele><time>2020-10-04T23:44:43Z</time></trkpt><trkpt lat="34.062798" lon="-118.068381"><ele>89.640</ele><time>2020-10-04T23:44:44Z</time></trkpt><trkpt lat="34.062798" lon="-118.068440"><ele>89.772</ele><time>2020-10-04T23:44:45Z</time></trkpt><trkpt lat="34.062797" lon="-118.068508"><ele>89.852</ele><time>2020-10-04T23:44:46Z</time></trkpt><trkpt lat="34.062798" lon="-118.068582"><ele>89.869</ele><time>2020-10-04T23:44:47Z</time></trkpt><trkpt lat="34.062798" lon="-118.068649"><ele>89.851</ele><time>2020-10-04T23:44:48Z</time></trkpt><trkpt lat="34.062800" lon="-118.068719"><ele>89.883</ele><time>2020-10-04T23:44:49Z</time></trkpt><trkpt lat="34.062799" lon="-118.068790"><ele>89.869</ele><time>2020-10-04T23:44:50Z</time></trkpt><trkpt lat="34.062796" lon="-118.068855"><ele>89.923</ele><time>2020-10-04T23:44:51Z</time></trkpt><trkpt lat="34.062803" lon="-118.068936"><ele>89.983</ele><time>2020-10-04T23:44:52Z</time></trkpt><trkpt lat="34.062802" lon="-118.069011"><ele>89.911</ele><time>2020-10-04T23:44:53Z</time></trkpt><trkpt lat="34.062802" lon="-118.069092"><ele>89.908</ele><time>2020-10-04T23:44:54Z</time></trkpt><trkpt lat="34.062802" lon="-118.069168"><ele>90.067</ele><time>2020-10-04T23:44:55Z</time></trkpt><trkpt lat="34.062799" lon="-118.069243"><ele>90.049</ele><time>2020-10-04T23:44:56Z</time></trkpt><trkpt lat="34.062802" lon="-118.069317"><ele>90.051</ele><time>2020-10-04T23:44:57Z</time></trkpt><trkpt lat="34.062804" lon="-118.069397"><ele>90.191</ele><time>2020-10-04T23:44:58Z</time></trkpt><trkpt lat="34.062805" lon="-118.069478"><ele>90.178</ele><time>2020-10-04T23:44:59Z</time></trkpt><trkpt lat="34.062802" lon="-118.069553"><ele>90.070</ele><time>2020-10-04T23:45:00Z</time></trkpt><trkpt lat="34.062801" lon="-118.069632"><ele>89.812</ele><time>2020-10-04T23:45:01Z</time></trkpt><trkpt lat="34.062797" lon="-118.069710"><ele>89.778</ele><time>2020-10-04T23:45:02Z</time></trkpt><trkpt lat="34.062796" lon="-118.069793"><ele>89.626</ele><time>2020-10-04T23:45:03Z</time></trkpt><trkpt lat="34.062800" lon="-118.069874"><ele>89.547</ele><time>2020-10-04T23:45:04Z</time></trkpt><trkpt lat="34.062799" lon="-118.069958"><ele>89.411</ele><time>2020-10-04T23:45:05Z</time></trkpt><trkpt lat="34.062800" lon="-118.070042"><ele>89.308</ele><time>2020-10-04T23:45:06Z</time></trkpt><trkpt lat="34.062800" lon="-118.070127"><ele>89.177</ele><time>2020-10-04T23:45:07Z</time></trkpt><trkpt lat="34.062800" lon="-118.070211"><ele>88.979</ele><time>2020-10-04T23:45:08Z</time></trkpt><trkpt lat="34.062800" lon="-118.070303"><ele>88.721</ele><time>2020-10-04T23:45:09Z</time></trkpt><trkpt lat="34.062792" lon="-118.070387"><ele>88.551</ele><time>2020-10-04T23:45:10Z</time></trkpt><trkpt lat="34.062795" lon="-118.070473"><ele>88.378</ele><time>2020-10-04T23:45:11Z</time></trkpt><trkpt lat="34.062792" lon="-118.070563"><ele>88.170</ele><time>2020-10-04T23:45:12Z</time></trkpt><trkpt lat="34.062791" lon="-118.070649"><ele>87.962</ele><time>2020-10-04T23:45:13Z</time></trkpt><trkpt lat="34.062788" lon="-118.070737"><ele>87.878</ele><time>2020-10-04T23:45:14Z</time></trkpt><trkpt lat="34.062786" lon="-118.070822"><ele>87.792</ele><time>2020-10-04T23:45:15Z</time></trkpt><trkpt lat="34.062781" lon="-118.070909"><ele>87.673</ele><time>2020-10-04T23:45:16Z</time></trkpt><trkpt lat="34.062781" lon="-118.070990"><ele>87.520</ele><time>2020-10-04T23:45:17Z</time></trkpt><trkpt lat="34.062782" lon="-118.071072"><ele>87.408</ele><time>2020-10-04T23:45:18Z</time></trkpt><trkpt lat="34.062783" lon="-118.071153"><ele>87.354</ele><time>2020-10-04T23:45:19Z</time></trkpt><trkpt lat="34.062789" lon="-118.071228"><ele>87.326</ele><time>2020-10-04T23:45:20Z</time></trkpt><trkpt lat="34.062787" lon="-118.071306"><ele>87.338</ele><time>2020-10-04T23:45:21Z</time></trkpt><trkpt lat="34.062782" lon="-118.071381"><ele>87.318</ele><time>2020-10-04T23:45:22Z</time></trkpt><trkpt lat="34.062780" lon="-118.071452"><ele>87.425</ele><time>2020-10-04T23:45:23Z</time></trkpt><trkpt lat="34.062778" lon="-118.071535"><ele>87.547</ele><time>2020-10-04T23:45:24Z</time></trkpt><trkpt lat="34.062771" lon="-118.071614"><ele>87.549</ele><time>2020-10-04T23:45:25Z</time></trkpt><trkpt lat="34.062771" lon="-118.071693"><ele>87.495</ele><time>2020-10-04T23:45:26Z</time></trkpt><trkpt lat="34.062766" lon="-118.071770"><ele>87.389</ele><time>2020-10-04T23:45:27Z</time></trkpt><trkpt lat="34.062764" lon="-118.071845"><ele>87.306</ele><time>2020-10-04T23:45:28Z</time></trkpt><trkpt lat="34.062773" lon="-118.071922"><ele>87.326</ele><time>2020-10-04T23:45:29Z</time></trkpt><trkpt lat="34.062785" lon="-118.071990"><ele>87.308</ele><time>2020-10-04T23:45:30Z</time></trkpt><trkpt lat="34.062785" lon="-118.072067"><ele>87.413</ele><time>2020-10-04T23:45:31Z</time></trkpt><trkpt lat="34.062782" lon="-118.072136"><ele>87.635</ele><time>2020-10-04T23:45:32Z</time></trkpt><trkpt lat="34.062781" lon="-118.072208"><ele>87.787</ele><time>2020-10-04T23:45:33Z</time></trkpt><trkpt lat="34.062782" lon="-118.072285"><ele>87.757</ele><time>2020-10-04T23:45:34Z</time></trkpt><trkpt lat="34.062785" lon="-118.072365"><ele>87.774</ele><time>2020-10-04T23:45:35Z</time></trkpt><trkpt lat="34.062789" lon="-118.072432"><ele>87.746</ele><time>2020-10-04T23:45:36Z</time></trkpt><trkpt lat="34.062789" lon="-118.072503"><ele>87.798</ele><time>2020-10-04T23:45:37Z</time></trkpt><trkpt lat="34.062790" lon="-118.072573"><ele>87.744</ele><time>2020-10-04T23:45:38Z</time></trkpt><trkpt lat="34.062786" lon="-118.072651"><ele>87.851</ele><time>2020-10-04T23:45:39Z</time></trkpt><trkpt lat="34.062783" lon="-118.072729"><ele>87.801</ele><time>2020-10-04T23:45:40Z</time></trkpt><trkpt lat="34.062779" lon="-118.072803"><ele>87.811</ele><time>2020-10-04T23:45:41Z</time></trkpt><trkpt lat="34.062778" lon="-118.072880"><ele>87.808</ele><time>2020-10-04T23:45:42Z</time></trkpt><trkpt lat="34.062777" lon="-118.072962"><ele>87.850</ele><time>2020-10-04T23:45:43Z</time></trkpt><trkpt lat="34.062776" lon="-118.073033"><ele>87.842</ele><time>2020-10-04T23:45:44Z</time></trkpt><trkpt lat="34.062772" lon="-118.073112"><ele>87.864</ele><time>2020-10-04T23:45:45Z</time></trkpt><trkpt lat="34.062771" lon="-118.073189"><ele>87.884</ele><time>2020-10-04T23:45:46Z</time></trkpt><trkpt lat="34.062770" lon="-118.073265"><ele>87.891</ele><time>2020-10-04T23:45:47Z</time></trkpt><trkpt lat="34.062766" lon="-118.073336"><ele>87.823</ele><time>2020-10-04T23:45:48Z</time></trkpt><trkpt lat="34.062765" lon="-118.073411"><ele>87.855</ele><time>2020-10-04T23:45:49Z</time></trkpt><trkpt lat="34.062766" lon="-118.073487"><ele>87.861</ele><time>2020-10-04T23:45:50Z</time></trkpt><trkpt lat="34.062763" lon="-118.073556"><ele>87.912</ele><time>2020-10-04T23:45:51Z</time></trkpt><trkpt lat="34.062755" lon="-118.073627"><ele>88.032</ele><time>2020-10-04T23:45:52Z</time></trkpt><trkpt lat="34.062748" lon="-118.073703"><ele>88.005</ele><time>2020-10-04T23:45:53Z</time></trkpt><trkpt lat="34.062745" lon="-118.073781"><ele>88.008</ele><time>2020-10-04T23:45:54Z</time></trkpt><trkpt lat="34.062744" lon="-118.073858"><ele>88.046</ele><time>2020-10-04T23:45:55Z</time></trkpt><trkpt lat="34.062749" lon="-118.073940"><ele>88.078</ele><time>2020-10-04T23:45:56Z</time></trkpt><trkpt lat="34.062744" lon="-118.074024"><ele>88.030</ele><time>2020-10-04T23:45:57Z</time></trkpt><trkpt lat="34.062750" lon="-118.074102"><ele>88.040</ele><time>2020-10-04T23:45:58Z</time></trkpt><trkpt lat="34.062743" lon="-118.074187"><ele>88.017</ele><time>2020-10-04T23:45:59Z</time></trkpt><trkpt lat="34.062746" lon="-118.074270"><ele>88.119</ele><time>2020-10-04T23:46:00Z</time></trkpt><trkpt lat="34.062758" lon="-118.074341"><ele>88.151</ele><time>2020-10-04T23:46:01Z</time></trkpt><trkpt lat="34.062754" lon="-118.074422"><ele>88.187</ele><time>2020-10-04T23:46:02Z</time></trkpt><trkpt lat="34.062761" lon="-118.074502"><ele>88.127</ele><time>2020-10-04T23:46:03Z</time></trkpt><trkpt lat="34.062764" lon="-118.074580"><ele>88.168</ele><time>2020-10-04T23:46:04Z</time></trkpt><trkpt lat="34.062763" lon="-118.074657"><ele>88.114</ele><time>2020-10-04T23:46:05Z</time></trkpt><trkpt lat="34.062759" lon="-118.074727"><ele>88.108</ele><time>2020-10-04T23:46:06Z</time></trkpt><trkpt lat="34.062755" lon="-118.074795"><ele>88.167</ele><time>2020-10-04T23:46:07Z</time></trkpt><trkpt lat="34.062759" lon="-118.074874"><ele>88.129</ele><time>2020-10-04T23:46:08Z</time></trkpt><trkpt lat="34.062758" lon="-118.074954"><ele>88.211</ele><time>2020-10-04T23:46:09Z</time></trkpt><trkpt lat="34.062761" lon="-118.075036"><ele>88.351</ele><time>2020-10-04T23:46:10Z</time></trkpt><trkpt lat="34.062761" lon="-118.075125"><ele>88.378</ele><time>2020-10-04T23:46:11Z</time></trkpt><trkpt lat="34.062760" lon="-118.075207"><ele>88.350</ele><time>2020-10-04T23:46:12Z</time></trkpt><trkpt lat="34.062761" lon="-118.075291"><ele>88.492</ele><time>2020-10-04T23:46:13Z</time></trkpt><trkpt lat="34.062766" lon="-118.075375"><ele>88.588</ele><time>2020-10-04T23:46:14Z</time></trkpt><trkpt lat="34.062766" lon="-118.075457"><ele>88.653</ele><time>2020-10-04T23:46:15Z</time></trkpt><trkpt lat="34.062767" lon="-118.075542"><ele>88.704</ele><time>2020-10-04T23:46:16Z</time></trkpt><trkpt lat="34.062769" lon="-118.075623"><ele>88.814</ele><time>2020-10-04T23:46:17Z</time></trkpt><trkpt lat="34.062767" lon="-118.075703"><ele>88.808</ele><time>2020-10-04T23:46:18Z</time></trkpt><trkpt lat="34.062771" lon="-118.075789"><ele>88.850</ele><time>2020-10-04T23:46:19Z</time></trkpt><trkpt lat="34.062765" lon="-118.075873"><ele>88.912</ele><time>2020-10-04T23:46:20Z</time></trkpt><trkpt lat="34.062765" lon="-118.075960"><ele>89.014</ele><time>2020-10-04T23:46:21Z</time></trkpt><trkpt lat="34.062771" lon="-118.076042"><ele>89.124</ele><time>2020-10-04T23:46:22Z</time></trkpt><trkpt lat="34.062776" lon="-118.076126"><ele>89.121</ele><time>2020-10-04T23:46:23Z</time></trkpt><trkpt lat="34.062778" lon="-118.076208"><ele>89.163</ele><time>2020-10-04T23:46:24Z</time></trkpt><trkpt lat="34.062781" lon="-118.076297"><ele>89.155</ele><time>2020-10-04T23:46:25Z</time></trkpt><trkpt lat="34.062779" lon="-118.076384"><ele>89.071</ele><time>2020-10-04T23:46:26Z</time></trkpt><trkpt lat="34.062783" lon="-118.076476"><ele>89.069</ele><time>2020-10-04T23:46:27Z</time></trkpt><trkpt lat="34.062786" lon="-118.076557"><ele>89.004</ele><time>2020-10-04T23:46:28Z</time></trkpt><trkpt lat="34.062791" lon="-118.076647"><ele>89.024</ele><time>2020-10-04T23:46:29Z</time></trkpt><trkpt lat="34.062778" lon="-118.076721"><ele>89.108</ele><time>2020-10-04T23:46:30Z</time></trkpt><trkpt lat="34.062778" lon="-118.076806"><ele>89.161</ele><time>2020-10-04T23:46:31Z</time></trkpt><trkpt lat="34.062783" lon="-118.076877"><ele>89.173</ele><time>2020-10-04T23:46:32Z</time></trkpt><trkpt lat="34.062782" lon="-118.076959"><ele>89.165</ele><time>2020-10-04T23:46:33Z</time></trkpt><trkpt lat="34.062782" lon="-118.077045"><ele>89.145</ele><time>2020-10-04T23:46:34Z</time></trkpt><trkpt lat="34.062772" lon="-118.077128"><ele>89.182</ele><time>2020-10-04T23:46:35Z</time></trkpt><trkpt lat="34.062771" lon="-118.077208"><ele>89.194</ele><time>2020-10-04T23:46:36Z</time></trkpt><trkpt lat="34.062769" lon="-118.077295"><ele>89.286</ele><time>2020-10-04T23:46:37Z</time></trkpt><trkpt lat="34.062769" lon="-118.077384"><ele>89.522</ele><time>2020-10-04T23:46:38Z</time></trkpt><trkpt lat="34.062772" lon="-118.077469"><ele>89.525</ele><time>2020-10-04T23:46:39Z</time></trkpt><trkpt lat="34.062769" lon="-118.077558"><ele>89.526</ele><time>2020-10-04T23:46:40Z</time></trkpt><trkpt lat="34.062773" lon="-118.077636"><ele>89.508</ele><time>2020-10-04T23:46:41Z</time></trkpt><trkpt lat="34.062768" lon="-118.077716"><ele>89.508</ele><time>2020-10-04T23:46:42Z</time></trkpt><trkpt lat="34.062762" lon="-118.077808"><ele>89.377</ele><time>2020-10-04T23:46:43Z</time></trkpt><trkpt lat="34.062756" lon="-118.077893"><ele>89.379</ele><time>2020-10-04T23:46:44Z</time></trkpt><trkpt lat="34.062753" lon="-118.077975"><ele>89.311</ele><time>2020-10-04T23:46:45Z</time></trkpt><trkpt lat="34.062752" lon="-118.078064"><ele>89.371</ele><time>2020-10-04T23:46:46Z</time></trkpt><trkpt lat="34.062751" lon="-118.078150"><ele>89.378</ele><time>2020-10-04T23:46:47Z</time></trkpt><trkpt lat="34.062749" lon="-118.078230"><ele>89.350</ele><time>2020-10-04T23:46:48Z</time></trkpt><trkpt lat="34.062750" lon="-118.078313"><ele>89.472</ele><time>2020-10-04T23:46:49Z</time></trkpt><trkpt lat="34.062756" lon="-118.078391"><ele>89.598</ele><time>2020-10-04T23:46:50Z</time></trkpt><trkpt lat="34.062766" lon="-118.078477"><ele>89.594</ele><time>2020-10-04T23:46:51Z</time></trkpt><trkpt lat="34.062764" lon="-118.078559"><ele>89.557</ele><time>2020-10-04T23:46:52Z</time></trkpt><trkpt lat="34.062759" lon="-118.078640"><ele>89.522</ele><time>2020-10-04T23:46:53Z</time></trkpt><trkpt lat="34.062753" lon="-118.078732"><ele>89.508</ele><time>2020-10-04T23:46:54Z</time></trkpt><trkpt lat="34.062762" lon="-118.078803"><ele>89.584</ele><time>2020-10-04T23:46:55Z</time></trkpt><trkpt lat="34.062764" lon="-118.078878"><ele>89.596</ele><time>2020-10-04T23:46:56Z</time></trkpt><trkpt lat="34.062769" lon="-118.078954"><ele>89.618</ele><time>2020-10-04T23:46:57Z</time></trkpt><trkpt lat="34.062766" lon="-118.079033"><ele>89.658</ele><time>2020-10-04T23:46:58Z</time></trkpt><trkpt lat="34.062762" lon="-118.079116"><ele>89.655</ele><time>2020-10-04T23:46:59Z</time></trkpt><trkpt lat="34.062764" lon="-118.079193"><ele>89.717</ele><time>2020-10-04T23:47:00Z</time></trkpt><trkpt lat="34.062765" lon="-118.079273"><ele>89.879</ele><time>2020-10-04T23:47:01Z</time></trkpt><trkpt lat="34.062772" lon="-118.079350"><ele>89.845</ele><time>2020-10-04T23:47:02Z</time></trkpt><trkpt lat="34.062776" lon="-118.079424"><ele>89.845</ele><time>2020-10-04T23:47:03Z</time></trkpt><trkpt lat="34.062776" lon="-118.079499"><ele>89.847</ele><time>2020-10-04T23:47:04Z</time></trkpt><trkpt lat="34.062767" lon="-118.079583"><ele>89.711</ele><time>2020-10-04T23:47:05Z</time></trkpt><trkpt lat="34.062773" lon="-118.079655"><ele>89.708</ele><time>2020-10-04T23:47:06Z</time></trkpt><trkpt lat="34.062767" lon="-118.079728"><ele>89.729</ele><time>2020-10-04T23:47:07Z</time></trkpt><trkpt lat="34.062768" lon="-118.079806"><ele>89.781</ele><time>2020-10-04T23:47:08Z</time></trkpt><trkpt lat="34.062766" lon="-118.079887"><ele>89.863</ele><time>2020-10-04T23:47:09Z</time></trkpt><trkpt lat="34.062762" lon="-118.079958"><ele>89.943</ele><time>2020-10-04T23:47:10Z</time></trkpt><trkpt lat="34.062760" lon="-118.080038"><ele>90.050</ele><time>2020-10-04T23:47:11Z</time></trkpt><trkpt lat="34.062761" lon="-118.080113"><ele>90.122</ele><time>2020-10-04T23:47:12Z</time></trkpt><trkpt lat="34.062769" lon="-118.080199"><ele>90.274</ele><time>2020-10-04T23:47:13Z</time></trkpt><trkpt lat="34.062765" lon="-118.080280"><ele>90.320</ele><time>2020-10-04T23:47:14Z</time></trkpt><trkpt lat="34.062762" lon="-118.080359"><ele>90.469</ele><time>2020-10-04T23:47:15Z</time></trkpt><trkpt lat="34.062763" lon="-118.080437"><ele>90.504</ele><time>2020-10-04T23:47:16Z</time></trkpt><trkpt lat="34.062762" lon="-118.080514"><ele>90.624</ele><time>2020-10-04T23:47:17Z</time></trkpt><trkpt lat="34.062763" lon="-118.080600"><ele>90.608</ele><time>2020-10-04T23:47:18Z</time></trkpt><trkpt lat="34.062760" lon="-118.080675"><ele>90.661</ele><time>2020-10-04T23:47:19Z</time></trkpt><trkpt lat="34.062764" lon="-118.080747"><ele>90.793</ele><time>2020-10-04T23:47:20Z</time></trkpt><trkpt lat="34.062761" lon="-118.080825"><ele>90.775</ele><time>2020-10-04T23:47:21Z</time></trkpt><trkpt lat="34.062765" lon="-118.080897"><ele>90.785</ele><time>2020-10-04T23:47:22Z</time></trkpt><trkpt lat="34.062762" lon="-118.080973"><ele>90.752</ele><time>2020-10-04T23:47:23Z</time></trkpt><trkpt lat="34.062762" lon="-118.081055"><ele>90.744</ele><time>2020-10-04T23:47:24Z</time></trkpt><trkpt lat="34.062765" lon="-118.081133"><ele>90.786</ele><time>2020-10-04T23:47:25Z</time></trkpt><trkpt lat="34.062766" lon="-118.081213"><ele>90.742</ele><time>2020-10-04T23:47:26Z</time></trkpt><trkpt lat="34.062761" lon="-118.081289"><ele>90.868</ele><time>2020-10-04T23:47:27Z</time></trkpt><trkpt lat="34.062757" lon="-118.081372"><ele>90.942</ele><time>2020-10-04T23:47:28Z</time></trkpt><trkpt lat="34.062755" lon="-118.081445"><ele>91.126</ele><time>2020-10-04T23:47:29Z</time></trkpt><trkpt lat="34.062759" lon="-118.081523"><ele>91.208</ele><time>2020-10-04T23:47:30Z</time></trkpt><trkpt lat="34.062767" lon="-118.081596"><ele>91.291</ele><time>2020-10-04T23:47:31Z</time></trkpt><trkpt lat="34.062766" lon="-118.081677"><ele>91.243</ele><time>2020-10-04T23:47:32Z</time></trkpt><trkpt lat="34.062766" lon="-118.081756"><ele>91.225</ele><time>2020-10-04T23:47:33Z</time></trkpt><trkpt lat="34.062759" lon="-118.081835"><ele>91.245</ele><time>2020-10-04T23:47:34Z</time></trkpt><trkpt lat="34.062759" lon="-118.081906"><ele>91.372</ele><time>2020-10-04T23:47:35Z</time></trkpt><trkpt lat="34.062756" lon="-118.081990"><ele>91.584</ele><time>2020-10-04T23:47:36Z</time></trkpt><trkpt lat="34.062750" lon="-118.082069"><ele>91.656</ele><time>2020-10-04T23:47:37Z</time></trkpt><trkpt lat="34.062746" lon="-118.082144"><ele>91.762</ele><time>2020-10-04T23:47:38Z</time></trkpt><trkpt lat="34.062746" lon="-118.082223"><ele>91.885</ele><time>2020-10-04T23:47:39Z</time></trkpt><trkpt lat="34.062741" lon="-118.082304"><ele>91.889</ele><time>2020-10-04T23:47:40Z</time></trkpt><trkpt lat="34.062740" lon="-118.082386"><ele>91.717</ele><time>2020-10-04T23:47:41Z</time></trkpt><trkpt lat="34.062736" lon="-118.082471"><ele>91.708</ele><time>2020-10-04T23:47:42Z</time></trkpt><trkpt lat="34.062734" lon="-118.082548"><ele>91.713</ele><time>2020-10-04T23:47:43Z</time></trkpt><trkpt lat="34.062734" lon="-118.082626"><ele>91.745</ele><time>2020-10-04T23:47:44Z</time></trkpt><trkpt lat="34.062744" lon="-118.082697"><ele>91.797</ele><time>2020-10-04T23:47:45Z</time></trkpt><trkpt lat="34.062744" lon="-118.082770"><ele>91.727</ele><time>2020-10-04T23:47:46Z</time></trkpt><trkpt lat="34.062738" lon="-118.082841"><ele>91.784</ele><time>2020-10-04T23:47:47Z</time></trkpt><trkpt lat="34.062738" lon="-118.082915"><ele>91.736</ele><time>2020-10-04T23:47:48Z</time></trkpt><trkpt lat="34.062742" lon="-118.082990"><ele>91.718</ele><time>2020-10-04T23:47:49Z</time></trkpt><trkpt lat="34.062744" lon="-118.083073"><ele>91.744</ele><time>2020-10-04T23:47:50Z</time></trkpt><trkpt lat="34.062739" lon="-118.083151"><ele>91.785</ele><time>2020-10-04T23:47:51Z</time></trkpt><trkpt lat="34.062742" lon="-118.083226"><ele>91.889</ele><time>2020-10-04T23:47:52Z</time></trkpt><trkpt lat="34.062742" lon="-118.083303"><ele>91.817</ele><time>2020-10-04T23:47:53Z</time></trkpt><trkpt lat="34.062740" lon="-118.083376"><ele>91.808</ele><time>2020-10-04T23:47:54Z</time></trkpt><trkpt lat="34.062744" lon="-118.083444"><ele>91.933</ele><time>2020-10-04T23:47:55Z</time></trkpt><trkpt lat="34.062744" lon="-118.083519"><ele>92.055</ele><time>2020-10-04T23:47:56Z</time></trkpt><trkpt lat="34.062743" lon="-118.083597"><ele>92.057</ele><time>2020-10-04T23:47:57Z</time></trkpt><trkpt lat="34.062748" lon="-118.083677"><ele>92.057</ele><time>2020-10-04T23:47:58Z</time></trkpt><trkpt lat="34.062755" lon="-118.083753"><ele>92.024</ele><time>2020-10-04T23:47:59Z</time></trkpt><trkpt lat="34.062761" lon="-118.083825"><ele>92.156</ele><time>2020-10-04T23:48:00Z</time></trkpt><trkpt lat="34.062765" lon="-118.083908"><ele>92.188</ele><time>2020-10-04T23:48:01Z</time></trkpt><trkpt lat="34.062769" lon="-118.083993"><ele>92.214</ele><time>2020-10-04T23:48:02Z</time></trkpt><trkpt lat="34.062759" lon="-118.084069"><ele>92.377</ele><time>2020-10-04T23:48:03Z</time></trkpt><trkpt lat="34.062755" lon="-118.084150"><ele>92.361</ele><time>2020-10-04T23:48:04Z</time></trkpt><trkpt lat="34.062751" lon="-118.084225"><ele>92.327</ele><time>2020-10-04T23:48:05Z</time></trkpt><trkpt lat="34.062755" lon="-118.084294"><ele>92.408</ele><time>2020-10-04T23:48:06Z</time></trkpt><trkpt lat="34.062756" lon="-118.084371"><ele>92.542</ele><time>2020-10-04T23:48:07Z</time></trkpt><trkpt lat="34.062750" lon="-118.084448"><ele>92.674</ele><time>2020-10-04T23:48:08Z</time></trkpt><trkpt lat="34.062752" lon="-118.084527"><ele>92.746</ele><time>2020-10-04T23:48:09Z</time></trkpt><trkpt lat="34.062757" lon="-118.084604"><ele>92.816</ele><time>2020-10-04T23:48:10Z</time></trkpt><trkpt lat="34.062761" lon="-118.084679"><ele>92.943</ele><time>2020-10-04T23:48:11Z</time></trkpt><trkpt lat="34.062761" lon="-118.084753"><ele>92.965</ele><time>2020-10-04T23:48:12Z</time></trkpt><trkpt lat="34.062768" lon="-118.084826"><ele>92.987</ele><time>2020-10-04T23:48:13Z</time></trkpt><trkpt lat="34.062769" lon="-118.084903"><ele>92.993</ele><time>2020-10-04T23:48:14Z</time></trkpt><trkpt lat="34.062763" lon="-118.084971"><ele>92.912</ele><time>2020-10-04T23:48:15Z</time></trkpt><trkpt lat="34.062760" lon="-118.085048"><ele>92.932</ele><time>2020-10-04T23:48:16Z</time></trkpt><trkpt lat="34.062755" lon="-118.085117"><ele>92.905</ele><time>2020-10-04T23:48:17Z</time></trkpt><trkpt lat="34.062756" lon="-118.085183"><ele>92.908</ele><time>2020-10-04T23:48:18Z</time></trkpt><trkpt lat="34.062755" lon="-118.085255"><ele>92.916</ele><time>2020-10-04T23:48:19Z</time></trkpt><trkpt lat="34.062753" lon="-118.085333"><ele>93.088</ele><time>2020-10-04T23:48:20Z</time></trkpt><trkpt lat="34.062753" lon="-118.085409"><ele>93.030</ele><time>2020-10-04T23:48:21Z</time></trkpt><trkpt lat="34.062753" lon="-118.085484"><ele>93.070</ele><time>2020-10-04T23:48:22Z</time></trkpt><trkpt lat="34.062752" lon="-118.085559"><ele>93.187</ele><time>2020-10-04T23:48:23Z</time></trkpt><trkpt lat="34.062744" lon="-118.085641"><ele>93.359</ele><time>2020-10-04T23:48:24Z</time></trkpt><trkpt lat="34.062745" lon="-118.085707"><ele>93.491</ele><time>2020-10-04T23:48:25Z</time></trkpt><trkpt lat="34.062744" lon="-118.085768"><ele>93.497</ele><time>2020-10-04T23:48:26Z</time></trkpt><trkpt lat="34.062740" lon="-118.085842"><ele>93.436</ele><time>2020-10-04T23:48:27Z</time></trkpt><trkpt lat="34.062747" lon="-118.085912"><ele>93.417</ele><time>2020-10-04T23:48:28Z</time></trkpt><trkpt lat="34.062743" lon="-118.085988"><ele>93.318</ele><time>2020-10-04T23:48:29Z</time></trkpt><trkpt lat="34.062745" lon="-118.086060"><ele>93.308</ele><time>2020-10-04T23:48:30Z</time></trkpt><trkpt lat="34.062748" lon="-118.086140"><ele>93.388</ele><time>2020-10-04T23:48:31Z</time></trkpt><trkpt lat="34.062746" lon="-118.086215"><ele>93.310</ele><time>2020-10-04T23:48:32Z</time></trkpt><trkpt lat="34.062740" lon="-118.086286"><ele>93.382</ele><time>2020-10-04T23:48:33Z</time></trkpt><trkpt lat="34.062743" lon="-118.086356"><ele>93.382</ele><time>2020-10-04T23:48:34Z</time></trkpt><trkpt lat="34.062746" lon="-118.086421"><ele>93.419</ele><time>2020-10-04T23:48:35Z</time></trkpt><trkpt lat="34.062749" lon="-118.086494"><ele>93.551</ele><time>2020-10-04T23:48:36Z</time></trkpt><trkpt lat="34.062753" lon="-118.086565"><ele>93.513</ele><time>2020-10-04T23:48:37Z</time></trkpt><trkpt lat="34.062747" lon="-118.086636"><ele>93.519</ele><time>2020-10-04T23:48:38Z</time></trkpt><trkpt lat="34.062744" lon="-118.086701"><ele>93.529</ele><time>2020-10-04T23:48:39Z</time></trkpt><trkpt lat="34.062741" lon="-118.086767"><ele>93.400</ele><time>2020-10-04T23:48:40Z</time></trkpt><trkpt lat="34.062743" lon="-118.086831"><ele>93.320</ele><time>2020-10-04T23:48:41Z</time></trkpt><trkpt lat="34.062747" lon="-118.086903"><ele>93.308</ele><time>2020-10-04T23:48:42Z</time></trkpt><trkpt lat="34.062742" lon="-118.086970"><ele>93.347</ele><time>2020-10-04T23:48:43Z</time></trkpt><trkpt lat="34.062739" lon="-118.087042"><ele>93.379</ele><time>2020-10-04T23:48:44Z</time></trkpt><trkpt lat="34.062738" lon="-118.087107"><ele>93.351</ele><time>2020-10-04T23:48:45Z</time></trkpt><trkpt lat="34.062740" lon="-118.087171"><ele>93.311</ele><time>2020-10-04T23:48:46Z</time></trkpt><trkpt lat="34.062738" lon="-118.087242"><ele>93.378</ele><time>2020-10-04T23:48:47Z</time></trkpt><trkpt lat="34.062735" lon="-118.087312"><ele>93.380</ele><time>2020-10-04T23:48:48Z</time></trkpt><trkpt lat="34.062743" lon="-118.087386"><ele>93.452</ele><time>2020-10-04T23:48:49Z</time></trkpt><trkpt lat="34.062750" lon="-118.087449"><ele>93.418</ele><time>2020-10-04T23:48:50Z</time></trkpt><trkpt lat="34.062753" lon="-118.087508"><ele>93.527</ele><time>2020-10-04T23:48:51Z</time></trkpt><trkpt lat="34.062761" lon="-118.087571"><ele>93.768</ele><time>2020-10-04T23:48:52Z</time></trkpt><trkpt lat="34.062756" lon="-118.087644"><ele>93.814</ele><time>2020-10-04T23:48:53Z</time></trkpt><trkpt lat="34.062754" lon="-118.087721"><ele>93.908</ele><time>2020-10-04T23:48:54Z</time></trkpt><trkpt lat="34.062754" lon="-118.087777"><ele>93.937</ele><time>2020-10-04T23:48:55Z</time></trkpt><trkpt lat="34.062757" lon="-118.087843"><ele>93.929</ele><time>2020-10-04T23:48:56Z</time></trkpt><trkpt lat="34.062758" lon="-118.087905"><ele>93.891</ele><time>2020-10-04T23:48:57Z</time></trkpt><trkpt lat="34.062758" lon="-118.087977"><ele>93.721</ele><time>2020-10-04T23:48:58Z</time></trkpt><trkpt lat="34.062751" lon="-118.088046"><ele>93.768</ele><time>2020-10-04T23:48:59Z</time></trkpt><trkpt lat="34.062750" lon="-118.088114"><ele>93.730</ele><time>2020-10-04T23:49:00Z</time></trkpt><trkpt lat="34.062750" lon="-118.088180"><ele>93.712</ele><time>2020-10-04T23:49:01Z</time></trkpt><trkpt lat="34.062756" lon="-118.088244"><ele>93.738</ele><time>2020-10-04T23:49:02Z</time></trkpt><trkpt lat="34.062759" lon="-118.088308"><ele>93.733</ele><time>2020-10-04T23:49:03Z</time></trkpt><trkpt lat="34.062757" lon="-118.088376"><ele>93.823</ele><time>2020-10-04T23:49:04Z</time></trkpt><trkpt lat="34.062763" lon="-118.088441"><ele>93.815</ele><time>2020-10-04T23:49:05Z</time></trkpt><trkpt lat="34.062762" lon="-118.088510"><ele>93.908</ele><time>2020-10-04T23:49:06Z</time></trkpt><trkpt lat="34.062769" lon="-118.088567"><ele>94.178</ele><time>2020-10-04T23:49:07Z</time></trkpt><trkpt lat="34.062766" lon="-118.088634"><ele>94.360</ele><time>2020-10-04T23:49:08Z</time></trkpt><trkpt lat="34.062767" lon="-118.088693"><ele>94.392</ele><time>2020-10-04T23:49:09Z</time></trkpt><trkpt lat="34.062767" lon="-118.088758"><ele>94.482</ele><time>2020-10-04T23:49:10Z</time></trkpt><trkpt lat="34.062775" lon="-118.088822"><ele>94.459</ele><time>2020-10-04T23:49:11Z</time></trkpt><trkpt lat="34.062785" lon="-118.088879"><ele>94.461</ele><time>2020-10-04T23:49:12Z</time></trkpt><trkpt lat="34.062782" lon="-118.088943"><ele>94.493</ele><time>2020-10-04T23:49:13Z</time></trkpt><trkpt lat="34.062780" lon="-118.089006"><ele>94.379</ele><time>2020-10-04T23:49:14Z</time></trkpt><trkpt lat="34.062775" lon="-118.089073"><ele>94.244</ele><time>2020-10-04T23:49:15Z</time></trkpt><trkpt lat="34.062770" lon="-118.089137"><ele>94.205</ele><time>2020-10-04T23:49:16Z</time></trkpt><trkpt lat="34.062770" lon="-118.089207"><ele>94.215</ele><time>2020-10-04T23:49:17Z</time></trkpt><trkpt lat="34.062771" lon="-118.089272"><ele>94.208</ele><time>2020-10-04T23:49:18Z</time></trkpt><trkpt lat="34.062769" lon="-118.089331"><ele>94.369</ele><time>2020-10-04T23:49:19Z</time></trkpt><trkpt lat="34.062771" lon="-118.089394"><ele>94.381</ele><time>2020-10-04T23:49:20Z</time></trkpt><trkpt lat="34.062775" lon="-118.089451"><ele>94.473</ele><time>2020-10-04T23:49:21Z</time></trkpt><trkpt lat="34.062775" lon="-118.089512"><ele>94.453</ele><time>2020-10-04T23:49:22Z</time></trkpt><trkpt lat="34.062775" lon="-118.089574"><ele>94.540</ele><time>2020-10-04T23:49:23Z</time></trkpt><trkpt lat="34.062775" lon="-118.089637"><ele>94.592</ele><time>2020-10-04T23:49:24Z</time></trkpt><trkpt lat="34.062768" lon="-118.089702"><ele>94.654</ele><time>2020-10-04T23:49:25Z</time></trkpt><trkpt lat="34.062770" lon="-118.089758"><ele>94.630</ele><time>2020-10-04T23:49:26Z</time></trkpt><trkpt lat="34.062769" lon="-118.089821"><ele>94.656</ele><time>2020-10-04T23:49:27Z</time></trkpt><trkpt lat="34.062764" lon="-118.089880"><ele>94.659</ele><time>2020-10-04T23:49:28Z</time></trkpt><trkpt lat="34.062758" lon="-118.089938"><ele>94.614</ele><time>2020-10-04T23:49:29Z</time></trkpt><trkpt lat="34.062766" lon="-118.089992"><ele>94.608</ele><time>2020-10-04T23:49:30Z</time></trkpt><trkpt lat="34.062784" lon="-118.090096"><ele>94.580</ele><time>2020-10-04T23:49:32Z</time></trkpt><trkpt lat="34.062777" lon="-118.090188"><ele>94.482</ele><time>2020-10-04T23:49:34Z</time></trkpt><trkpt lat="34.062775" lon="-118.090274"><ele>94.484</ele><time>2020-10-04T23:49:36Z</time></trkpt><trkpt lat="34.062786" lon="-118.090337"><ele>94.484</ele><time>2020-10-04T23:49:38Z</time></trkpt><trkpt lat="34.062787" lon="-118.090399"><ele>94.691</ele><time>2020-10-04T23:50:12Z</time></trkpt><trkpt lat="34.062832" lon="-118.090441"><ele>94.743</ele><time>2020-10-04T23:50:17Z</time></trkpt><trkpt lat="34.062890" lon="-118.090444"><ele>94.785</ele><time>2020-10-04T23:50:19Z</time></trkpt><trkpt lat="34.062969" lon="-118.090444"><ele>94.771</ele><time>2020-10-04T23:50:21Z</time></trkpt><trkpt lat="34.063061" lon="-118.090447"><ele>94.715</ele><time>2020-10-04T23:50:23Z</time></trkpt><trkpt lat="34.063110" lon="-118.090444"><ele>94.765</ele><time>2020-10-04T23:50:24Z</time></trkpt><trkpt lat="34.063160" lon="-118.090448"><ele>94.711</ele><time>2020-10-04T23:50:25Z</time></trkpt><trkpt lat="34.063215" lon="-118.090446"><ele>94.708</ele><time>2020-10-04T23:50:26Z</time></trkpt><trkpt lat="34.063266" lon="-118.090452"><ele>94.746</ele><time>2020-10-04T23:50:27Z</time></trkpt><trkpt lat="34.063320" lon="-118.090460"><ele>94.848</ele><time>2020-10-04T23:50:28Z</time></trkpt><trkpt lat="34.063372" lon="-118.090466"><ele>94.960</ele><time>2020-10-04T23:50:29Z</time></trkpt><trkpt lat="34.063429" lon="-118.090459"><ele>94.930</ele><time>2020-10-04T23:50:30Z</time></trkpt><trkpt lat="34.063490" lon="-118.090452"><ele>94.987</ele><time>2020-10-04T23:50:31Z</time></trkpt><trkpt lat="34.063547" lon="-118.090444"><ele>94.919</ele><time>2020-10-04T23:50:32Z</time></trkpt><trkpt lat="34.063601" lon="-118.090442"><ele>94.991</ele><time>2020-10-04T23:50:33Z</time></trkpt><trkpt lat="34.063660" lon="-118.090448"><ele>95.087</ele><time>2020-10-04T23:50:34Z</time></trkpt><trkpt lat="34.063715" lon="-118.090453"><ele>95.128</ele><time>2020-10-04T23:50:35Z</time></trkpt><trkpt lat="34.063777" lon="-118.090449"><ele>95.289</ele><time>2020-10-04T23:50:36Z</time></trkpt><trkpt lat="34.063836" lon="-118.090447"><ele>95.317</ele><time>2020-10-04T23:50:37Z</time></trkpt><trkpt lat="34.063892" lon="-118.090455"><ele>95.408</ele><time>2020-10-04T23:50:38Z</time></trkpt><trkpt lat="34.063955" lon="-118.090458"><ele>95.417</ele><time>2020-10-04T23:50:39Z</time></trkpt><trkpt lat="34.064011" lon="-118.090456"><ele>95.459</ele><time>2020-10-04T23:50:40Z</time></trkpt><trkpt lat="34.064068" lon="-118.090455"><ele>95.421</ele><time>2020-10-04T23:50:41Z</time></trkpt><trkpt lat="34.064122" lon="-118.090453"><ele>95.491</ele><time>2020-10-04T23:50:42Z</time></trkpt><trkpt lat="34.064184" lon="-118.090455"><ele>95.598</ele><time>2020-10-04T23:50:43Z</time></trkpt><trkpt lat="34.064240" lon="-118.090467"><ele>95.520</ele><time>2020-10-04T23:50:44Z</time></trkpt><trkpt lat="34.064289" lon="-118.090488"><ele>95.512</ele><time>2020-10-04T23:50:45Z</time></trkpt><trkpt lat="34.064348" lon="-118.090503"><ele>95.598</ele><time>2020-10-04T23:50:46Z</time></trkpt><trkpt lat="34.064408" lon="-118.090515"><ele>95.662</ele><time>2020-10-04T23:50:47Z</time></trkpt><trkpt lat="34.064469" lon="-118.090523"><ele>95.783</ele><time>2020-10-04T23:50:48Z</time></trkpt><trkpt lat="34.064529" lon="-118.090519"><ele>95.911</ele><time>2020-10-04T23:50:49Z</time></trkpt><trkpt lat="34.064592" lon="-118.090520"><ele>96.008</ele><time>2020-10-04T23:50:50Z</time></trkpt><trkpt lat="34.064651" lon="-118.090523"><ele>96.051</ele><time>2020-10-04T23:50:51Z</time></trkpt><trkpt lat="34.064717" lon="-118.090524"><ele>96.053</ele><time>2020-10-04T23:50:52Z</time></trkpt><trkpt lat="34.064776" lon="-118.090528"><ele>96.015</ele><time>2020-10-04T23:50:53Z</time></trkpt><trkpt lat="34.064842" lon="-118.090530"><ele>96.045</ele><time>2020-10-04T23:50:54Z</time></trkpt><trkpt lat="34.064898" lon="-118.090534"><ele>96.192</ele><time>2020-10-04T23:50:55Z</time></trkpt><trkpt lat="34.064955" lon="-118.090541"><ele>96.124</ele><time>2020-10-04T23:50:56Z</time></trkpt><trkpt lat="34.065018" lon="-118.090549"><ele>96.136</ele><time>2020-10-04T23:50:57Z</time></trkpt><trkpt lat="34.065080" lon="-118.090560"><ele>96.132</ele><time>2020-10-04T23:50:58Z</time></trkpt><trkpt lat="34.065136" lon="-118.090570"><ele>96.127</ele><time>2020-10-04T23:50:59Z</time></trkpt><trkpt lat="34.065194" lon="-118.090581"><ele>96.268</ele><time>2020-10-04T23:51:00Z</time></trkpt><trkpt lat="34.065262" lon="-118.090582"><ele>96.314</ele><time>2020-10-04T23:51:01Z</time></trkpt><trkpt lat="34.065323" lon="-118.090577"><ele>96.408</ele><time>2020-10-04T23:51:02Z</time></trkpt><trkpt lat="34.065382" lon="-118.090587"><ele>96.567</ele><time>2020-10-04T23:51:03Z</time></trkpt><trkpt lat="34.065440" lon="-118.090592"><ele>96.699</ele><time>2020-10-04T23:51:04Z</time></trkpt><trkpt lat="34.065500" lon="-118.090588"><ele>96.751</ele><time>2020-10-04T23:51:05Z</time></trkpt><trkpt lat="34.065562" lon="-118.090583"><ele>96.871</ele><time>2020-10-04T23:51:06Z</time></trkpt><trkpt lat="34.065623" lon="-118.090581"><ele>96.978</ele><time>2020-10-04T23:51:07Z</time></trkpt><trkpt lat="34.065684" lon="-118.090584"><ele>97.020</ele><time>2020-10-04T23:51:08Z</time></trkpt><trkpt lat="34.065737" lon="-118.090583"><ele>97.182</ele><time>2020-10-04T23:51:09Z</time></trkpt><trkpt lat="34.065798" lon="-118.090596"><ele>97.278</ele><time>2020-10-04T23:51:10Z</time></trkpt><trkpt lat="34.065851" lon="-118.090594"><ele>97.379</ele><time>2020-10-04T23:51:11Z</time></trkpt><trkpt lat="34.065902" lon="-118.090599"><ele>97.405</ele><time>2020-10-04T23:51:12Z</time></trkpt><trkpt lat="34.065954" lon="-118.090593"><ele>97.425</ele><time>2020-10-04T23:51:13Z</time></trkpt><trkpt lat="34.066007" lon="-118.090586"><ele>97.408</ele><time>2020-10-04T23:51:14Z</time></trkpt><trkpt lat="34.066063" lon="-118.090586"><ele>97.482</ele><time>2020-10-04T23:51:15Z</time></trkpt><trkpt lat="34.066113" lon="-118.090578"><ele>97.414</ele><time>2020-10-04T23:51:16Z</time></trkpt><trkpt lat="34.066163" lon="-118.090587"><ele>97.416</ele><time>2020-10-04T23:51:17Z</time></trkpt><trkpt lat="34.066204" lon="-118.090614"><ele>97.566</ele><time>2020-10-04T23:51:18Z</time></trkpt><trkpt lat="34.066235" lon="-118.090659"><ele>97.563</ele><time>2020-10-04T23:51:19Z</time></trkpt><trkpt lat="34.066269" lon="-118.090711"><ele>97.695</ele><time>2020-10-04T23:51:20Z</time></trkpt><trkpt lat="34.066293" lon="-118.090763"><ele>97.797</ele><time>2020-10-04T23:51:21Z</time></trkpt><trkpt lat="34.066309" lon="-118.090827"><ele>97.743</ele><time>2020-10-04T23:51:22Z</time></trkpt><trkpt lat="34.066315" lon="-118.090901"><ele>97.776</ele><time>2020-10-04T23:51:23Z</time></trkpt><trkpt lat="34.066305" lon="-118.090973"><ele>97.790</ele><time>2020-10-04T23:51:24Z</time></trkpt><trkpt lat="34.066301" lon="-118.091050"><ele>97.719</ele><time>2020-10-04T23:51:25Z</time></trkpt><trkpt lat="34.066306" lon="-118.091114"><ele>97.708</ele><time>2020-10-04T23:51:26Z</time></trkpt><trkpt lat="34.066316" lon="-118.091179"><ele>97.832</ele><time>2020-10-04T23:51:27Z</time></trkpt><trkpt lat="34.066318" lon="-118.091246"><ele>97.864</ele><time>2020-10-04T23:51:28Z</time></trkpt><trkpt lat="34.066316" lon="-118.091312"><ele>97.826</ele><time>2020-10-04T23:51:29Z</time></trkpt><trkpt lat="34.066317" lon="-118.091382"><ele>97.816</ele><time>2020-10-04T23:51:30Z</time></trkpt><trkpt lat="34.066322" lon="-118.091445"><ele>97.873</ele><time>2020-10-04T23:51:31Z</time></trkpt><trkpt lat="34.066328" lon="-118.091514"><ele>97.845</ele><time>2020-10-04T23:51:32Z</time></trkpt><trkpt lat="34.066328" lon="-118.091583"><ele>97.897</ele><time>2020-10-04T23:51:33Z</time></trkpt><trkpt lat="34.066324" lon="-118.091657"><ele>97.913</ele><time>2020-10-04T23:51:34Z</time></trkpt><trkpt lat="34.066318" lon="-118.091724"><ele>97.939</ele><time>2020-10-04T23:51:35Z</time></trkpt><trkpt lat="34.066316" lon="-118.091790"><ele>98.101</ele><time>2020-10-04T23:51:36Z</time></trkpt><trkpt lat="34.066310" lon="-118.091863"><ele>98.221</ele><time>2020-10-04T23:51:37Z</time></trkpt><trkpt lat="34.066309" lon="-118.091937"><ele>98.208</ele><time>2020-10-04T23:51:38Z</time></trkpt><trkpt lat="34.066306" lon="-118.092007"><ele>98.228</ele><time>2020-10-04T23:51:39Z</time></trkpt><trkpt lat="34.066311" lon="-118.092070"><ele>98.310</ele><time>2020-10-04T23:51:40Z</time></trkpt><trkpt lat="34.066313" lon="-118.092137"><ele>98.322</ele><time>2020-10-04T23:51:41Z</time></trkpt><trkpt lat="34.066307" lon="-118.092208"><ele>98.492</ele><time>2020-10-04T23:51:42Z</time></trkpt><trkpt lat="34.066307" lon="-118.092278"><ele>98.479</ele><time>2020-10-04T23:51:43Z</time></trkpt><trkpt lat="34.066305" lon="-118.092347"><ele>98.551</ele><time>2020-10-04T23:51:44Z</time></trkpt><trkpt lat="34.066302" lon="-118.092419"><ele>98.573</ele><time>2020-10-04T23:51:45Z</time></trkpt><trkpt lat="34.066300" lon="-118.092485"><ele>98.639</ele><time>2020-10-04T23:51:46Z</time></trkpt><trkpt lat="34.066293" lon="-118.092550"><ele>98.764</ele><time>2020-10-04T23:51:47Z</time></trkpt><trkpt lat="34.066291" lon="-118.092612"><ele>98.906</ele><time>2020-10-04T23:51:48Z</time></trkpt><trkpt lat="34.066290" lon="-118.092677"><ele>99.116</ele><time>2020-10-04T23:51:49Z</time></trkpt><trkpt lat="34.066287" lon="-118.092742"><ele>99.308</ele><time>2020-10-04T23:51:50Z</time></trkpt><trkpt lat="34.066283" lon="-118.092803"><ele>99.581</ele><time>2020-10-04T23:51:51Z</time></trkpt><trkpt lat="34.066285" lon="-118.092876"><ele>99.633</ele><time>2020-10-04T23:51:52Z</time></trkpt><trkpt lat="34.066288" lon="-118.092942"><ele>99.745</ele><time>2020-10-04T23:51:53Z</time></trkpt><trkpt lat="34.066299" lon="-118.092999"><ele>99.825</ele><time>2020-10-04T23:51:54Z</time></trkpt><trkpt lat="34.066294" lon="-118.093069"><ele>99.912</ele><time>2020-10-04T23:51:55Z</time></trkpt><trkpt lat="34.066294" lon="-118.093138"><ele>99.964</ele><time>2020-10-04T23:51:56Z</time></trkpt><trkpt lat="34.066291" lon="-118.093213"><ele>99.986</ele><time>2020-10-04T23:51:57Z</time></trkpt><trkpt lat="34.066292" lon="-118.093288"><ele>99.922</ele><time>2020-10-04T23:51:58Z</time></trkpt><trkpt lat="34.066286" lon="-118.093367"><ele>99.832</ele><time>2020-10-04T23:51:59Z</time></trkpt><trkpt lat="34.066288" lon="-118.093448"><ele>99.592</ele><time>2020-10-04T23:52:00Z</time></trkpt><trkpt lat="34.066289" lon="-118.093531"><ele>99.311</ele><time>2020-10-04T23:52:01Z</time></trkpt><trkpt lat="34.066290" lon="-118.093605"><ele>99.108</ele><time>2020-10-04T23:52:02Z</time></trkpt><trkpt lat="34.066292" lon="-118.093681"><ele>98.958</ele><time>2020-10-04T23:52:03Z</time></trkpt><trkpt lat="34.066291" lon="-118.093750"><ele>98.860</ele><time>2020-10-04T23:52:04Z</time></trkpt><trkpt lat="34.066290" lon="-118.093824"><ele>98.852</ele><time>2020-10-04T23:52:05Z</time></trkpt><trkpt lat="34.066284" lon="-118.093897"><ele>98.862</ele><time>2020-10-04T23:52:06Z</time></trkpt><trkpt lat="34.066283" lon="-118.093969"><ele>98.999</ele><time>2020-10-04T23:52:07Z</time></trkpt><trkpt lat="34.066284" lon="-118.094040"><ele>98.981</ele><time>2020-10-04T23:52:08Z</time></trkpt><trkpt lat="34.066281" lon="-118.094115"><ele>98.953</ele><time>2020-10-04T23:52:09Z</time></trkpt><trkpt lat="34.066284" lon="-118.094186"><ele>98.939</ele><time>2020-10-04T23:52:10Z</time></trkpt><trkpt lat="34.066288" lon="-118.094254"><ele>99.045</ele><time>2020-10-04T23:52:11Z</time></trkpt><trkpt lat="34.066285" lon="-118.094327"><ele>99.047</ele><time>2020-10-04T23:52:12Z</time></trkpt><trkpt lat="34.066286" lon="-118.094393"><ele>99.111</ele><time>2020-10-04T23:52:13Z</time></trkpt><trkpt lat="34.066278" lon="-118.094462"><ele>99.208</ele><time>2020-10-04T23:52:14Z</time></trkpt><trkpt lat="34.066280" lon="-118.094531"><ele>99.299</ele><time>2020-10-04T23:52:15Z</time></trkpt><trkpt lat="34.066285" lon="-118.094599"><ele>99.271</ele><time>2020-10-04T23:52:16Z</time></trkpt><trkpt lat="34.066282" lon="-118.094674"><ele>99.253</ele><time>2020-10-04T23:52:17Z</time></trkpt><trkpt lat="34.066278" lon="-118.094743"><ele>99.283</ele><time>2020-10-04T23:52:18Z</time></trkpt><trkpt lat="34.066278" lon="-118.094807"><ele>99.210</ele><time>2020-10-04T23:52:19Z</time></trkpt><trkpt lat="34.066276" lon="-118.094873"><ele>99.252</ele><time>2020-10-04T23:52:20Z</time></trkpt><trkpt lat="34.066280" lon="-118.094935"><ele>99.294</ele><time>2020-10-04T23:52:21Z</time></trkpt><trkpt lat="34.066284" lon="-118.095037"><ele>99.220</ele><time>2020-10-04T23:52:23Z</time></trkpt><trkpt lat="34.066274" lon="-118.095097"><ele>99.121</ele><time>2020-10-04T23:52:24Z</time></trkpt><trkpt lat="34.066266" lon="-118.095173"><ele>99.141</ele><time>2020-10-04T23:52:25Z</time></trkpt><trkpt lat="34.066263" lon="-118.095244"><ele>99.105</ele><time>2020-10-04T23:52:26Z</time></trkpt><trkpt lat="34.066268" lon="-118.095302"><ele>99.208</ele><time>2020-10-04T23:52:27Z</time></trkpt><trkpt lat="34.066265" lon="-118.095359"><ele>99.327</ele><time>2020-10-04T23:52:28Z</time></trkpt><trkpt lat="34.066265" lon="-118.095421"><ele>99.519</ele><time>2020-10-04T23:52:29Z</time></trkpt><trkpt lat="34.066268" lon="-118.095480"><ele>99.751</ele><time>2020-10-04T23:52:30Z</time></trkpt><trkpt lat="34.066291" lon="-118.095589"><ele>100.291</ele><time>2020-10-04T23:52:32Z</time></trkpt><trkpt lat="34.066292" lon="-118.095647"><ele>100.558</ele><time>2020-10-04T23:52:33Z</time></trkpt><trkpt lat="34.066284" lon="-118.095706"><ele>100.870</ele><time>2020-10-04T23:52:34Z</time></trkpt><trkpt lat="34.066276" lon="-118.095765"><ele>101.132</ele><time>2020-10-04T23:52:35Z</time></trkpt><trkpt lat="34.066273" lon="-118.095824"><ele>101.498</ele><time>2020-10-04T23:52:36Z</time></trkpt><trkpt lat="34.066275" lon="-118.095932"><ele>101.954</ele><time>2020-10-04T23:52:38Z</time></trkpt><trkpt lat="34.066262" lon="-118.095985"><ele>102.156</ele><time>2020-10-04T23:52:39Z</time></trkpt><trkpt lat="34.066262" lon="-118.096097"><ele>102.311</ele><time>2020-10-04T23:52:41Z</time></trkpt><trkpt lat="34.066270" lon="-118.096166"><ele>102.408</ele><time>2020-10-04T23:52:42Z</time></trkpt><trkpt lat="34.066271" lon="-118.096229"><ele>102.410</ele><time>2020-10-04T23:52:43Z</time></trkpt><trkpt lat="34.066276" lon="-118.096333"><ele>102.512</ele><time>2020-10-04T23:52:45Z</time></trkpt><trkpt lat="34.066269" lon="-118.096393"><ele>102.544</ele><time>2020-10-04T23:52:46Z</time></trkpt><trkpt lat="34.066261" lon="-118.096455"><ele>102.654</ele><time>2020-10-04T23:52:47Z</time></trkpt><trkpt lat="34.066266" lon="-118.096510"><ele>102.821</ele><time>2020-10-04T23:52:48Z</time></trkpt><trkpt lat="34.066275" lon="-118.096613"><ele>103.063</ele><time>2020-10-04T23:52:50Z</time></trkpt><trkpt lat="34.066277" lon="-118.096736"><ele>103.245</ele><time>2020-10-04T23:52:52Z</time></trkpt><trkpt lat="34.066283" lon="-118.096830"><ele>103.241</ele><time>2020-10-04T23:52:54Z</time></trkpt><trkpt lat="34.066280" lon="-118.096890"><ele>103.231</ele><time>2020-10-04T23:52:55Z</time></trkpt><trkpt lat="34.066272" lon="-118.096948"><ele>103.161</ele><time>2020-10-04T23:52:56Z</time></trkpt><trkpt lat="34.066278" lon="-118.097014"><ele>103.107</ele><time>2020-10-04T23:52:57Z</time></trkpt><trkpt lat="34.066278" lon="-118.097073"><ele>103.108</ele><time>2020-10-04T23:52:58Z</time></trkpt><trkpt lat="34.066275" lon="-118.097129"><ele>103.178</ele><time>2020-10-04T23:52:59Z</time></trkpt><trkpt lat="34.066275" lon="-118.097190"><ele>103.150</ele><time>2020-10-04T23:53:00Z</time></trkpt><trkpt lat="34.066275" lon="-118.097254"><ele>103.142</ele><time>2020-10-04T23:53:01Z</time></trkpt><trkpt lat="34.066279" lon="-118.097314"><ele>103.142</ele><time>2020-10-04T23:53:02Z</time></trkpt><trkpt lat="34.066283" lon="-118.097369"><ele>103.199</ele><time>2020-10-04T23:53:03Z</time></trkpt><trkpt lat="34.066282" lon="-118.097436"><ele>103.191</ele><time>2020-10-04T23:53:04Z</time></trkpt><trkpt lat="34.066279" lon="-118.097500"><ele>103.263</ele><time>2020-10-04T23:53:05Z</time></trkpt><trkpt lat="34.066284" lon="-118.097562"><ele>103.329</ele><time>2020-10-04T23:53:06Z</time></trkpt><trkpt lat="34.066277" lon="-118.097625"><ele>103.348</ele><time>2020-10-04T23:53:07Z</time></trkpt><trkpt lat="34.066272" lon="-118.097689"><ele>103.361</ele><time>2020-10-04T23:53:08Z</time></trkpt><trkpt lat="34.066269" lon="-118.097752"><ele>103.317</ele><time>2020-10-04T23:53:09Z</time></trkpt><trkpt lat="34.066263" lon="-118.097813"><ele>103.208</ele><time>2020-10-04T23:53:10Z</time></trkpt><trkpt lat="34.066263" lon="-118.097876"><ele>103.269</ele><time>2020-10-04T23:53:11Z</time></trkpt><trkpt lat="34.066262" lon="-118.097993"><ele>103.211</ele><time>2020-10-04T23:53:13Z</time></trkpt><trkpt lat="34.066265" lon="-118.098054"><ele>103.343</ele><time>2020-10-04T23:53:14Z</time></trkpt><trkpt lat="34.066257" lon="-118.098114"><ele>103.393</ele><time>2020-10-04T23:53:15Z</time></trkpt><trkpt lat="34.066261" lon="-118.098173"><ele>103.480</ele><time>2020-10-04T23:53:16Z</time></trkpt><trkpt lat="34.066258" lon="-118.098233"><ele>103.522</ele><time>2020-10-04T23:53:17Z</time></trkpt><trkpt lat="34.066260" lon="-118.098292"><ele>103.614</ele><time>2020-10-04T23:53:18Z</time></trkpt><trkpt lat="34.066258" lon="-118.098356"><ele>103.780</ele><time>2020-10-04T23:53:19Z</time></trkpt><trkpt lat="34.066259" lon="-118.098417"><ele>103.839</ele><time>2020-10-04T23:53:20Z</time></trkpt><trkpt lat="34.066261" lon="-118.098491"><ele>103.801</ele><time>2020-10-04T23:53:21Z</time></trkpt><trkpt lat="34.066261" lon="-118.098554"><ele>103.921</ele><time>2020-10-04T23:53:22Z</time></trkpt><trkpt lat="34.066255" lon="-118.098627"><ele>103.908</ele><time>2020-10-04T23:53:23Z</time></trkpt><trkpt lat="34.066253" lon="-118.098687"><ele>103.968</ele><time>2020-10-04T23:53:24Z</time></trkpt><trkpt lat="34.066252" lon="-118.098754"><ele>103.970</ele><time>2020-10-04T23:53:25Z</time></trkpt><trkpt lat="34.066248" lon="-118.098822"><ele>103.922</ele><time>2020-10-04T23:53:26Z</time></trkpt><trkpt lat="34.066251" lon="-118.098879"><ele>103.982</ele><time>2020-10-04T23:53:27Z</time></trkpt><trkpt lat="34.066251" lon="-118.098949"><ele>103.919</ele><time>2020-10-04T23:53:28Z</time></trkpt><trkpt lat="34.066253" lon="-118.099015"><ele>103.941</ele><time>2020-10-04T23:53:29Z</time></trkpt><trkpt lat="34.066254" lon="-118.099080"><ele>103.923</ele><time>2020-10-04T23:53:30Z</time></trkpt><trkpt lat="34.066256" lon="-118.099146"><ele>104.069</ele><time>2020-10-04T23:53:31Z</time></trkpt><trkpt lat="34.066254" lon="-118.099207"><ele>104.055</ele><time>2020-10-04T23:53:32Z</time></trkpt><trkpt lat="34.066253" lon="-118.099272"><ele>104.007</ele><time>2020-10-04T23:53:33Z</time></trkpt><trkpt lat="34.066266" lon="-118.099350"><ele>104.217</ele><time>2020-10-04T23:53:35Z</time></trkpt><trkpt lat="34.066268" lon="-118.099407"><ele>104.008</ele><time>2020-10-04T23:53:38Z</time></trkpt><trkpt lat="34.066286" lon="-118.099490"><ele>103.880</ele><time>2020-10-04T23:54:22Z</time></trkpt><trkpt lat="34.066314" lon="-118.099542"><ele>103.962</ele><time>2020-10-04T23:54:24Z</time></trkpt><trkpt lat="34.066320" lon="-118.099625"><ele>104.114</ele><time>2020-10-04T23:54:26Z</time></trkpt><trkpt lat="34.066314" lon="-118.099719"><ele>104.314</ele><time>2020-10-04T23:54:28Z</time></trkpt><trkpt lat="34.066310" lon="-118.099825"><ele>104.711</ele><time>2020-10-04T23:54:30Z</time></trkpt><trkpt lat="34.066305" lon="-118.099929"><ele>105.163</ele><time>2020-10-04T23:54:32Z</time></trkpt><trkpt lat="34.066300" lon="-118.100033"><ele>105.715</ele><time>2020-10-04T23:54:34Z</time></trkpt><trkpt lat="34.066291" lon="-118.100137"><ele>106.331</ele><time>2020-10-04T23:54:36Z</time></trkpt><trkpt lat="34.066289" lon="-118.100237"><ele>107.063</ele><time>2020-10-04T23:54:38Z</time></trkpt><trkpt lat="34.066294" lon="-118.100334"><ele>107.644</ele><time>2020-10-04T23:54:40Z</time></trkpt><trkpt lat="34.066303" lon="-118.100426"><ele>108.218</ele><time>2020-10-04T23:54:42Z</time></trkpt><trkpt lat="34.066308" lon="-118.100520"><ele>108.608</ele><time>2020-10-04T23:54:44Z</time></trkpt><trkpt lat="34.066300" lon="-118.100619"><ele>109.151</ele><time>2020-10-04T23:54:46Z</time></trkpt><trkpt lat="34.066291" lon="-118.100718"><ele>109.413</ele><time>2020-10-04T23:54:48Z</time></trkpt><trkpt lat="34.066294" lon="-118.100815"><ele>109.565</ele><time>2020-10-04T23:54:50Z</time></trkpt><trkpt lat="34.066305" lon="-118.100913"><ele>109.795</ele><time>2020-10-04T23:54:52Z</time></trkpt><trkpt lat="34.066307" lon="-118.101011"><ele>109.982</ele><time>2020-10-04T23:54:54Z</time></trkpt><trkpt lat="34.066298" lon="-118.101111"><ele>110.194</ele><time>2020-10-04T23:54:56Z</time></trkpt><trkpt lat="34.066292" lon="-118.101209"><ele>110.566</ele><time>2020-10-04T23:54:58Z</time></trkpt><trkpt lat="34.066292" lon="-118.101304"><ele>110.852</ele><time>2020-10-04T23:55:00Z</time></trkpt><trkpt lat="34.066289" lon="-118.101397"><ele>111.045</ele><time>2020-10-04T23:55:02Z</time></trkpt><trkpt lat="34.066283" lon="-118.101491"><ele>111.247</ele><time>2020-10-04T23:55:04Z</time></trkpt><trkpt lat="34.066280" lon="-118.101585"><ele>111.411</ele><time>2020-10-04T23:55:06Z</time></trkpt><trkpt lat="34.066282" lon="-118.101680"><ele>111.608</ele><time>2020-10-04T23:55:08Z</time></trkpt><trkpt lat="34.066284" lon="-118.101782"><ele>111.739</ele><time>2020-10-04T23:55:10Z</time></trkpt><trkpt lat="34.066285" lon="-118.101837"><ele>111.821</ele><time>2020-10-04T23:55:11Z</time></trkpt><trkpt lat="34.066286" lon="-118.101893"><ele>111.963</ele><time>2020-10-04T23:55:12Z</time></trkpt><trkpt lat="34.066288" lon="-118.102000"><ele>112.163</ele><time>2020-10-04T23:55:14Z</time></trkpt><trkpt lat="34.066289" lon="-118.102054"><ele>112.230</ele><time>2020-10-04T23:55:15Z</time></trkpt><trkpt lat="34.066296" lon="-118.102159"><ele>112.352</ele><time>2020-10-04T23:55:17Z</time></trkpt><trkpt lat="34.066301" lon="-118.102264"><ele>112.434</ele><time>2020-10-04T23:55:19Z</time></trkpt><trkpt lat="34.066300" lon="-118.102325"><ele>112.450</ele><time>2020-10-04T23:55:20Z</time></trkpt><trkpt lat="34.066299" lon="-118.102383"><ele>112.425</ele><time>2020-10-04T23:55:21Z</time></trkpt><trkpt lat="34.066291" lon="-118.102437"><ele>112.426</ele><time>2020-10-04T23:55:22Z</time></trkpt><trkpt lat="34.066284" lon="-118.102533"><ele>112.508</ele><time>2020-10-04T23:55:24Z</time></trkpt><trkpt lat="34.066282" lon="-118.102591"><ele>112.508</ele><time>2020-10-04T23:55:25Z</time></trkpt><trkpt lat="34.066282" lon="-118.102696"><ele>112.747</ele><time>2020-10-04T23:55:27Z</time></trkpt><trkpt lat="34.066277" lon="-118.102803"><ele>113.089</ele><time>2020-10-04T23:55:29Z</time></trkpt><trkpt lat="34.066283" lon="-118.102910"><ele>113.391</ele><time>2020-10-04T23:55:31Z</time></trkpt><trkpt lat="34.066280" lon="-118.102965"><ele>113.491</ele><time>2020-10-04T23:55:32Z</time></trkpt><trkpt lat="34.066283" lon="-118.103060"><ele>113.728</ele><time>2020-10-04T23:55:34Z</time></trkpt><trkpt lat="34.066277" lon="-118.103154"><ele>114.090</ele><time>2020-10-04T23:55:36Z</time></trkpt><trkpt lat="34.066274" lon="-118.103249"><ele>114.342</ele><time>2020-10-04T23:55:38Z</time></trkpt><trkpt lat="34.066274" lon="-118.103341"><ele>114.678</ele><time>2020-10-04T23:55:40Z</time></trkpt><trkpt lat="34.066270" lon="-118.103438"><ele>114.996</ele><time>2020-10-04T23:55:42Z</time></trkpt><trkpt lat="34.066268" lon="-118.103536"><ele>115.131</ele><time>2020-10-04T23:55:44Z</time></trkpt><trkpt lat="34.066269" lon="-118.103634"><ele>115.324</ele><time>2020-10-04T23:55:46Z</time></trkpt><trkpt lat="34.066272" lon="-118.103733"><ele>115.408</ele><time>2020-10-04T23:55:48Z</time></trkpt><trkpt lat="34.066275" lon="-118.103838"><ele>115.564</ele><time>2020-10-04T23:55:50Z</time></trkpt><trkpt lat="34.066276" lon="-118.103894"><ele>115.676</ele><time>2020-10-04T23:55:51Z</time></trkpt><trkpt lat="34.066276" lon="-118.103952"><ele>115.728</ele><time>2020-10-04T23:55:52Z</time></trkpt><trkpt lat="34.066272" lon="-118.104011"><ele>115.728</ele><time>2020-10-04T23:55:53Z</time></trkpt><trkpt lat="34.066269" lon="-118.104072"><ele>115.845</ele><time>2020-10-04T23:55:54Z</time></trkpt><trkpt lat="34.066265" lon="-118.104127"><ele>115.897</ele><time>2020-10-04T23:55:55Z</time></trkpt><trkpt lat="34.066258" lon="-118.104189"><ele>115.899</ele><time>2020-10-04T23:55:56Z</time></trkpt><trkpt lat="34.066254" lon="-118.104251"><ele>115.815</ele><time>2020-10-04T23:55:57Z</time></trkpt><trkpt lat="34.066257" lon="-118.104306"><ele>115.852</ele><time>2020-10-04T23:55:58Z</time></trkpt><trkpt lat="34.066256" lon="-118.104365"><ele>115.953</ele><time>2020-10-04T23:55:59Z</time></trkpt><trkpt lat="34.066265" lon="-118.104419"><ele>116.008</ele><time>2020-10-04T23:56:00Z</time></trkpt><trkpt lat="34.066274" lon="-118.104479"><ele>116.108</ele><time>2020-10-04T23:56:01Z</time></trkpt><trkpt lat="34.066276" lon="-118.104548"><ele>116.250</ele><time>2020-10-04T23:56:02Z</time></trkpt><trkpt lat="34.066276" lon="-118.104614"><ele>116.292</ele><time>2020-10-04T23:56:03Z</time></trkpt><trkpt lat="34.066268" lon="-118.104678"><ele>116.224</ele><time>2020-10-04T23:56:04Z</time></trkpt><trkpt lat="34.066273" lon="-118.104747"><ele>116.234</ele><time>2020-10-04T23:56:05Z</time></trkpt><trkpt lat="34.066280" lon="-118.104811"><ele>116.271</ele><time>2020-10-04T23:56:06Z</time></trkpt><trkpt lat="34.066278" lon="-118.104875"><ele>116.353</ele><time>2020-10-04T23:56:07Z</time></trkpt><trkpt lat="34.066275" lon="-118.104938"><ele>116.385</ele><time>2020-10-04T23:56:08Z</time></trkpt><trkpt lat="34.066272" lon="-118.105004"><ele>116.311</ele><time>2020-10-04T23:56:09Z</time></trkpt><trkpt lat="34.066273" lon="-118.105075"><ele>116.378</ele><time>2020-10-04T23:56:10Z</time></trkpt><trkpt lat="34.066275" lon="-118.105136"><ele>116.333</ele><time>2020-10-04T23:56:11Z</time></trkpt><trkpt lat="34.066277" lon="-118.105196"><ele>116.326</ele><time>2020-10-04T23:56:12Z</time></trkpt><trkpt lat="34.066269" lon="-118.105258"><ele>116.408</ele><time>2020-10-04T23:56:13Z</time></trkpt><trkpt lat="34.066265" lon="-118.105329"><ele>116.552</ele><time>2020-10-04T23:56:14Z</time></trkpt><trkpt lat="34.066264" lon="-118.105390"><ele>116.644</ele><time>2020-10-04T23:56:15Z</time></trkpt><trkpt lat="34.066255" lon="-118.105455"><ele>116.736</ele><time>2020-10-04T23:56:16Z</time></trkpt><trkpt lat="34.066253" lon="-118.105519"><ele>116.726</ele><time>2020-10-04T23:56:17Z</time></trkpt><trkpt lat="34.066244" lon="-118.105583"><ele>116.783</ele><time>2020-10-04T23:56:18Z</time></trkpt><trkpt lat="34.066249" lon="-118.105642"><ele>116.765</ele><time>2020-10-04T23:56:19Z</time></trkpt><trkpt lat="34.066246" lon="-118.105702"><ele>116.767</ele><time>2020-10-04T23:56:20Z</time></trkpt><trkpt lat="34.066250" lon="-118.105758"><ele>116.723</ele><time>2020-10-04T23:56:21Z</time></trkpt><trkpt lat="34.066252" lon="-118.105824"><ele>116.823</ele><time>2020-10-04T23:56:22Z</time></trkpt><trkpt lat="34.066246" lon="-118.105886"><ele>116.983</ele><time>2020-10-04T23:56:23Z</time></trkpt><trkpt lat="34.066250" lon="-118.105948"><ele>116.911</ele><time>2020-10-04T23:56:24Z</time></trkpt><trkpt lat="34.066258" lon="-118.106003"><ele>116.908</ele><time>2020-10-04T23:56:25Z</time></trkpt><trkpt lat="34.066255" lon="-118.106059"><ele>117.047</ele><time>2020-10-04T23:56:26Z</time></trkpt><trkpt lat="34.066254" lon="-118.106115"><ele>117.049</ele><time>2020-10-04T23:56:27Z</time></trkpt><trkpt lat="34.066256" lon="-118.106178"><ele>117.071</ele><time>2020-10-04T23:56:28Z</time></trkpt><trkpt lat="34.066257" lon="-118.106244"><ele>117.071</ele><time>2020-10-04T23:56:29Z</time></trkpt><trkpt lat="34.066251" lon="-118.106306"><ele>117.088</ele><time>2020-10-04T23:56:30Z</time></trkpt><trkpt lat="34.066253" lon="-118.106368"><ele>117.170</ele><time>2020-10-04T23:56:31Z</time></trkpt><trkpt lat="34.066260" lon="-118.106428"><ele>117.152</ele><time>2020-10-04T23:56:32Z</time></trkpt><trkpt lat="34.066255" lon="-118.106494"><ele>117.128</ele><time>2020-10-04T23:56:33Z</time></trkpt><trkpt lat="34.066255" lon="-118.106561"><ele>117.175</ele><time>2020-10-04T23:56:34Z</time></trkpt><trkpt lat="34.066260" lon="-118.106615"><ele>117.128</ele><time>2020-10-04T23:56:35Z</time></trkpt><trkpt lat="34.066265" lon="-118.106671"><ele>117.120</ele><time>2020-10-04T23:56:36Z</time></trkpt><trkpt lat="34.066264" lon="-118.106726"><ele>117.108</ele><time>2020-10-04T23:56:37Z</time></trkpt><trkpt lat="34.066264" lon="-118.106798"><ele>117.212</ele><time>2020-10-04T23:56:38Z</time></trkpt><trkpt lat="34.066260" lon="-118.106864"><ele>117.364</ele><time>2020-10-04T23:56:39Z</time></trkpt><trkpt lat="34.066258" lon="-118.106925"><ele>117.426</ele><time>2020-10-04T23:56:40Z</time></trkpt><trkpt lat="34.066258" lon="-118.106984"><ele>117.476</ele><time>2020-10-04T23:56:41Z</time></trkpt><trkpt lat="34.066256" lon="-118.107048"><ele>117.453</ele><time>2020-10-04T23:56:42Z</time></trkpt><trkpt lat="34.066244" lon="-118.107104"><ele>117.325</ele><time>2020-10-04T23:56:43Z</time></trkpt><trkpt lat="34.066242" lon="-118.107161"><ele>117.327</ele><time>2020-10-04T23:56:44Z</time></trkpt><trkpt lat="34.066244" lon="-118.107232"><ele>117.393</ele><time>2020-10-04T23:56:45Z</time></trkpt><trkpt lat="34.066242" lon="-118.107299"><ele>117.418</ele><time>2020-10-04T23:56:46Z</time></trkpt><trkpt lat="34.066243" lon="-118.107360"><ele>117.498</ele><time>2020-10-04T23:56:47Z</time></trkpt><trkpt lat="34.066246" lon="-118.107417"><ele>117.417</ele><time>2020-10-04T23:56:48Z</time></trkpt><trkpt lat="34.066246" lon="-118.107474"><ele>117.308</ele><time>2020-10-04T23:56:49Z</time></trkpt><trkpt lat="34.066244" lon="-118.107537"><ele>117.366</ele><time>2020-10-04T23:56:50Z</time></trkpt><trkpt lat="34.066242" lon="-118.107592"><ele>117.318</ele><time>2020-10-04T23:56:51Z</time></trkpt><trkpt lat="34.066241" lon="-118.107649"><ele>117.380</ele><time>2020-10-04T23:56:52Z</time></trkpt><trkpt lat="34.066252" lon="-118.107745"><ele>117.470</ele><time>2020-10-04T23:56:54Z</time></trkpt><trkpt lat="34.066260" lon="-118.107831"><ele>117.577</ele><time>2020-10-04T23:56:56Z</time></trkpt><trkpt lat="34.066261" lon="-118.107926"><ele>117.629</ele><time>2020-10-04T23:56:58Z</time></trkpt><trkpt lat="34.066265" lon="-118.107990"><ele>117.711</ele><time>2020-10-04T23:57:00Z</time></trkpt><trkpt lat="34.066267" lon="-118.108086"><ele>117.997</ele><time>2020-10-04T23:57:29Z</time></trkpt><trkpt lat="34.066274" lon="-118.108155"><ele>117.924</ele><time>2020-10-04T23:57:32Z</time></trkpt><trkpt lat="34.066263" lon="-118.108234"><ele>118.204</ele><time>2020-10-04T23:57:34Z</time></trkpt><trkpt lat="34.066260" lon="-118.108328"><ele>118.614</ele><time>2020-10-04T23:57:36Z</time></trkpt><trkpt lat="34.066259" lon="-118.108432"><ele>118.908</ele><time>2020-10-04T23:57:38Z</time></trkpt><trkpt lat="34.066253" lon="-118.108531"><ele>119.137</ele><time>2020-10-04T23:57:40Z</time></trkpt><trkpt lat="34.066255" lon="-118.108589"><ele>119.219</ele><time>2020-10-04T23:57:41Z</time></trkpt><trkpt lat="34.066257" lon="-118.108643"><ele>119.341</ele><time>2020-10-04T23:57:42Z</time></trkpt><trkpt lat="34.066257" lon="-118.108700"><ele>119.451</ele><time>2020-10-04T23:57:43Z</time></trkpt><trkpt lat="34.066264" lon="-118.108816"><ele>119.758</ele><time>2020-10-04T23:57:45Z</time></trkpt><trkpt lat="34.066256" lon="-118.108926"><ele>120.090</ele><time>2020-10-04T23:57:47Z</time></trkpt><trkpt lat="34.066251" lon="-118.108982"><ele>120.162</ele><time>2020-10-04T23:57:48Z</time></trkpt><trkpt lat="34.066245" lon="-118.109041"><ele>120.198</ele><time>2020-10-04T23:57:49Z</time></trkpt><trkpt lat="34.066241" lon="-118.109102"><ele>120.225</ele><time>2020-10-04T23:57:50Z</time></trkpt><trkpt lat="34.066248" lon="-118.109165"><ele>120.326</ele><time>2020-10-04T23:57:51Z</time></trkpt><trkpt lat="34.066249" lon="-118.109223"><ele>120.408</ele><time>2020-10-04T23:57:52Z</time></trkpt><trkpt lat="34.066257" lon="-118.109281"><ele>120.508</ele><time>2020-10-04T23:57:53Z</time></trkpt><trkpt lat="34.066257" lon="-118.109339"><ele>120.637</ele><time>2020-10-04T23:57:54Z</time></trkpt><trkpt lat="34.066259" lon="-118.109398"><ele>120.779</ele><time>2020-10-04T23:57:55Z</time></trkpt><trkpt lat="34.066253" lon="-118.109454"><ele>120.811</ele><time>2020-10-04T23:57:56Z</time></trkpt><trkpt lat="34.066249" lon="-118.109516"><ele>121.021</ele><time>2020-10-04T23:57:57Z</time></trkpt><trkpt lat="34.066248" lon="-118.109637"><ele>121.158</ele><time>2020-10-04T23:57:59Z</time></trkpt><trkpt lat="34.066244" lon="-118.109702"><ele>121.110</ele><time>2020-10-04T23:58:00Z</time></trkpt><trkpt lat="34.066245" lon="-118.109769"><ele>121.052</ele><time>2020-10-04T23:58:01Z</time></trkpt><trkpt lat="34.066244" lon="-118.109833"><ele>121.068</ele><time>2020-10-04T23:58:02Z</time></trkpt><trkpt lat="34.066238" lon="-118.109898"><ele>121.015</ele><time>2020-10-04T23:58:03Z</time></trkpt><trkpt lat="34.066236" lon="-118.109966"><ele>121.165</ele><time>2020-10-04T23:58:04Z</time></trkpt><trkpt lat="34.066240" lon="-118.110028"><ele>121.311</ele><time>2020-10-04T23:58:05Z</time></trkpt><trkpt lat="34.066237" lon="-118.110092"><ele>121.508</ele><time>2020-10-04T23:58:06Z</time></trkpt><trkpt lat="34.066245" lon="-118.110157"><ele>121.656</ele><time>2020-10-04T23:58:07Z</time></trkpt><trkpt lat="34.066247" lon="-118.110225"><ele>121.798</ele><time>2020-10-04T23:58:08Z</time></trkpt><trkpt lat="34.066257" lon="-118.110291"><ele>121.710</ele><time>2020-10-04T23:58:09Z</time></trkpt><trkpt lat="34.066254" lon="-118.110359"><ele>121.760</ele><time>2020-10-04T23:58:10Z</time></trkpt><trkpt lat="34.066256" lon="-118.110424"><ele>121.797</ele><time>2020-10-04T23:58:11Z</time></trkpt><trkpt lat="34.066254" lon="-118.110479"><ele>121.749</ele><time>2020-10-04T23:58:12Z</time></trkpt><trkpt lat="34.066243" lon="-118.110540"><ele>121.741</ele><time>2020-10-04T23:58:13Z</time></trkpt><trkpt lat="34.066244" lon="-118.110609"><ele>121.777</ele><time>2020-10-04T23:58:14Z</time></trkpt><trkpt lat="34.066243" lon="-118.110671"><ele>121.793</ele><time>2020-10-04T23:58:15Z</time></trkpt><trkpt lat="34.066245" lon="-118.110728"><ele>121.765</ele><time>2020-10-04T23:58:16Z</time></trkpt><trkpt lat="34.066250" lon="-118.110795"><ele>121.721</ele><time>2020-10-04T23:58:17Z</time></trkpt><trkpt lat="34.066245" lon="-118.110863"><ele>121.808</ele><time>2020-10-04T23:58:18Z</time></trkpt><trkpt lat="34.066244" lon="-118.110927"><ele>121.964</ele><time>2020-10-04T23:58:19Z</time></trkpt><trkpt lat="34.066246" lon="-118.110982"><ele>122.026</ele><time>2020-10-04T23:58:20Z</time></trkpt><trkpt lat="34.066244" lon="-118.111045"><ele>122.178</ele><time>2020-10-04T23:58:21Z</time></trkpt><trkpt lat="34.066241" lon="-118.111115"><ele>122.128</ele><time>2020-10-04T23:58:22Z</time></trkpt><trkpt lat="34.066245" lon="-118.111184"><ele>122.125</ele><time>2020-10-04T23:58:23Z</time></trkpt><trkpt lat="34.066247" lon="-118.111249"><ele>122.137</ele><time>2020-10-04T23:58:24Z</time></trkpt><trkpt lat="34.066254" lon="-118.111319"><ele>122.139</ele><time>2020-10-04T23:58:25Z</time></trkpt><trkpt lat="34.066250" lon="-118.111381"><ele>122.135</ele><time>2020-10-04T23:58:26Z</time></trkpt><trkpt lat="34.066248" lon="-118.111456"><ele>122.195</ele><time>2020-10-04T23:58:27Z</time></trkpt><trkpt lat="34.066249" lon="-118.111522"><ele>122.149</ele><time>2020-10-04T23:58:28Z</time></trkpt><trkpt lat="34.066256" lon="-118.111584"><ele>122.223</ele><time>2020-10-04T23:58:29Z</time></trkpt><trkpt lat="34.066255" lon="-118.111648"><ele>122.208</ele><time>2020-10-04T23:58:30Z</time></trkpt><trkpt lat="34.066256" lon="-118.111714"><ele>122.284</ele><time>2020-10-04T23:58:31Z</time></trkpt><trkpt lat="34.066261" lon="-118.111780"><ele>122.226</ele><time>2020-10-04T23:58:32Z</time></trkpt><trkpt lat="34.066252" lon="-118.111853"><ele>122.258</ele><time>2020-10-04T23:58:33Z</time></trkpt><trkpt lat="34.066255" lon="-118.111919"><ele>122.228</ele><time>2020-10-04T23:58:34Z</time></trkpt><trkpt lat="34.066255" lon="-118.111984"><ele>122.385</ele><time>2020-10-04T23:58:35Z</time></trkpt><trkpt lat="34.066254" lon="-118.112053"><ele>122.327</ele><time>2020-10-04T23:58:36Z</time></trkpt><trkpt lat="34.066257" lon="-118.112116"><ele>122.379</ele><time>2020-10-04T23:58:37Z</time></trkpt><trkpt lat="34.066255" lon="-118.112184"><ele>122.325</ele><time>2020-10-04T23:58:38Z</time></trkpt><trkpt lat="34.066253" lon="-118.112256"><ele>122.472</ele><time>2020-10-04T23:58:39Z</time></trkpt><trkpt lat="34.066249" lon="-118.112334"><ele>122.513</ele><time>2020-10-04T23:58:40Z</time></trkpt><trkpt lat="34.066249" lon="-118.112398"><ele>122.614</ele><time>2020-10-04T23:58:41Z</time></trkpt><trkpt lat="34.066241" lon="-118.112471"><ele>122.808</ele><time>2020-10-04T23:58:42Z</time></trkpt><trkpt lat="34.066244" lon="-118.112537"><ele>123.062</ele><time>2020-10-04T23:58:43Z</time></trkpt><trkpt lat="34.066246" lon="-118.112608"><ele>123.284</ele><time>2020-10-04T23:58:44Z</time></trkpt><trkpt lat="34.066245" lon="-118.112672"><ele>123.256</ele><time>2020-10-04T23:58:45Z</time></trkpt><trkpt lat="34.066248" lon="-118.112741"><ele>123.216</ele><time>2020-10-04T23:58:46Z</time></trkpt><trkpt lat="34.066252" lon="-118.112802"><ele>123.133</ele><time>2020-10-04T23:58:47Z</time></trkpt><trkpt lat="34.066248" lon="-118.112868"><ele>123.065</ele><time>2020-10-04T23:58:48Z</time></trkpt><trkpt lat="34.066250" lon="-118.112933"><ele>123.097</ele><time>2020-10-04T23:58:49Z</time></trkpt><trkpt lat="34.066252" lon="-118.112993"><ele>123.053</ele><time>2020-10-04T23:58:50Z</time></trkpt><trkpt lat="34.066254" lon="-118.113053"><ele>123.095</ele><time>2020-10-04T23:58:51Z</time></trkpt><trkpt lat="34.066259" lon="-118.113121"><ele>123.149</ele><time>2020-10-04T23:58:52Z</time></trkpt><trkpt lat="34.066253" lon="-118.113189"><ele>123.223</ele><time>2020-10-04T23:58:53Z</time></trkpt><trkpt lat="34.066245" lon="-118.113254"><ele>123.308</ele><time>2020-10-04T23:58:54Z</time></trkpt><trkpt lat="34.066242" lon="-118.113325"><ele>123.464</ele><time>2020-10-04T23:58:55Z</time></trkpt><trkpt lat="34.066237" lon="-118.113392"><ele>123.556</ele><time>2020-10-04T23:58:56Z</time></trkpt><trkpt lat="34.066234" lon="-118.113463"><ele>123.628</ele><time>2020-10-04T23:58:57Z</time></trkpt><trkpt lat="34.066234" lon="-118.113534"><ele>123.738</ele><time>2020-10-04T23:58:58Z</time></trkpt><trkpt lat="34.066234" lon="-118.113615"><ele>123.875</ele><time>2020-10-04T23:58:59Z</time></trkpt><trkpt lat="34.066237" lon="-118.113685"><ele>123.997</ele><time>2020-10-04T23:59:00Z</time></trkpt><trkpt lat="34.066243" lon="-118.113753"><ele>124.119</ele><time>2020-10-04T23:59:01Z</time></trkpt><trkpt lat="34.066242" lon="-118.113821"><ele>124.355</ele><time>2020-10-04T23:59:02Z</time></trkpt><trkpt lat="34.066244" lon="-118.113887"><ele>124.581</ele><time>2020-10-04T23:59:03Z</time></trkpt><trkpt lat="34.066248" lon="-118.113943"><ele>124.661</ele><time>2020-10-04T23:59:04Z</time></trkpt><trkpt lat="34.066242" lon="-118.114017"><ele>124.817</ele><time>2020-10-04T23:59:06Z</time></trkpt><trkpt lat="34.066236" lon="-118.114072"><ele>124.408</ele><time>2020-10-04T23:59:13Z</time></trkpt><trkpt lat="34.066235" lon="-118.114143"><ele>124.413</ele><time>2020-10-04T23:59:15Z</time></trkpt><trkpt lat="34.066224" lon="-118.114237"><ele>124.575</ele><time>2020-10-04T23:59:17Z</time></trkpt><trkpt lat="34.066215" lon="-118.114336"><ele>124.777</ele><time>2020-10-04T23:59:19Z</time></trkpt><trkpt lat="34.066220" lon="-118.114444"><ele>125.087</ele><time>2020-10-04T23:59:21Z</time></trkpt><trkpt lat="34.066220" lon="-118.114501"><ele>125.264</ele><time>2020-10-04T23:59:22Z</time></trkpt><trkpt lat="34.066223" lon="-118.114610"><ele>125.566</ele><time>2020-10-04T23:59:24Z</time></trkpt><trkpt lat="34.066222" lon="-118.114670"><ele>125.618</ele><time>2020-10-04T23:59:25Z</time></trkpt><trkpt lat="34.066225" lon="-118.114780"><ele>125.824</ele><time>2020-10-04T23:59:27Z</time></trkpt><trkpt lat="34.066216" lon="-118.114845"><ele>125.954</ele><time>2020-10-04T23:59:28Z</time></trkpt><trkpt lat="34.066213" lon="-118.114907"><ele>126.056</ele><time>2020-10-04T23:59:29Z</time></trkpt><trkpt lat="34.066204" lon="-118.114974"><ele>126.211</ele><time>2020-10-04T23:59:30Z</time></trkpt><trkpt lat="34.066213" lon="-118.115035"><ele>126.308</ele><time>2020-10-04T23:59:31Z</time></trkpt><trkpt lat="34.066219" lon="-118.115139"><ele>126.740</ele><time>2020-10-04T23:59:33Z</time></trkpt><trkpt lat="34.066218" lon="-118.115237"><ele>126.852</ele><time>2020-10-04T23:59:35Z</time></trkpt><trkpt lat="34.066216" lon="-118.115345"><ele>127.054</ele><time>2020-10-04T23:59:37Z</time></trkpt><trkpt lat="34.066223" lon="-118.115407"><ele>127.144</ele><time>2020-10-04T23:59:38Z</time></trkpt><trkpt lat="34.066218" lon="-118.115470"><ele>127.361</ele><time>2020-10-04T23:59:39Z</time></trkpt><trkpt lat="34.066212" lon="-118.115538"><ele>127.573</ele><time>2020-10-04T23:59:40Z</time></trkpt><trkpt lat="34.066216" lon="-118.115598"><ele>127.675</ele><time>2020-10-04T23:59:41Z</time></trkpt><trkpt lat="34.066219" lon="-118.115659"><ele>127.631</ele><time>2020-10-04T23:59:42Z</time></trkpt><trkpt lat="34.066212" lon="-118.115727"><ele>127.651</ele><time>2020-10-04T23:59:43Z</time></trkpt><trkpt lat="34.066209" lon="-118.115797"><ele>127.501</ele><time>2020-10-04T23:59:44Z</time></trkpt><trkpt lat="34.066209" lon="-118.115872"><ele>127.311</ele><time>2020-10-04T23:59:45Z</time></trkpt><trkpt lat="34.066203" lon="-118.115944"><ele>127.208</ele><time>2020-10-04T23:59:46Z</time></trkpt><trkpt lat="34.066206" lon="-118.116017"><ele>127.170</ele><time>2020-10-04T23:59:47Z</time></trkpt><trkpt lat="34.066205" lon="-118.116081"><ele>127.032</ele><time>2020-10-04T23:59:48Z</time></trkpt><trkpt lat="34.066213" lon="-118.116146"><ele>126.984</ele><time>2020-10-04T23:59:49Z</time></trkpt><trkpt lat="34.066207" lon="-118.116220"><ele>126.874</ele><time>2020-10-04T23:59:50Z</time></trkpt><trkpt lat="34.066200" lon="-118.116288"><ele>126.741</ele><time>2020-10-04T23:59:51Z</time></trkpt><trkpt lat="34.066201" lon="-118.116343"><ele>126.773</ele><time>2020-10-04T23:59:52Z</time></trkpt><trkpt lat="34.066209" lon="-118.116416"><ele>126.765</ele><time>2020-10-04T23:59:53Z</time></trkpt><trkpt lat="34.066205" lon="-118.116482"><ele>126.721</ele><time>2020-10-04T23:59:54Z</time></trkpt><trkpt lat="34.066201" lon="-118.116562"><ele>126.726</ele><time>2020-10-04T23:59:55Z</time></trkpt><trkpt lat="34.066202" lon="-118.116634"><ele>126.647</ele><time>2020-10-04T23:59:56Z</time></trkpt><trkpt lat="34.066209" lon="-118.116698"><ele>126.511</ele><time>2020-10-04T23:59:57Z</time></trkpt><trkpt lat="34.066208" lon="-118.116771"><ele>126.408</ele><time>2020-10-04T23:59:58Z</time></trkpt><trkpt lat="34.066211" lon="-118.116835"><ele>126.327</ele><time>2020-10-04T23:59:59Z</time></trkpt><trkpt lat="34.066205" lon="-118.116908"><ele>126.239</ele><time>2020-10-05T00:00:00Z</time></trkpt><trkpt lat="34.066202" lon="-118.116981"><ele>126.221</ele><time>2020-10-05T00:00:01Z</time></trkpt><trkpt lat="34.066207" lon="-118.117049"><ele>126.241</ele><time>2020-10-05T00:00:02Z</time></trkpt><trkpt lat="34.066206" lon="-118.117130"><ele>126.358</ele><time>2020-10-05T00:00:03Z</time></trkpt><trkpt lat="34.066204" lon="-118.117210"><ele>126.450</ele><time>2020-10-05T00:00:04Z</time></trkpt><trkpt lat="34.066204" lon="-118.117284"><ele>126.532</ele><time>2020-10-05T00:00:05Z</time></trkpt><trkpt lat="34.066205" lon="-118.117359"><ele>126.518</ele><time>2020-10-05T00:00:06Z</time></trkpt><trkpt lat="34.066203" lon="-118.117431"><ele>126.767</ele><time>2020-10-05T00:00:07Z</time></trkpt><trkpt lat="34.066202" lon="-118.117511"><ele>126.881</ele><time>2020-10-05T00:00:08Z</time></trkpt><trkpt lat="34.066201" lon="-118.117590"><ele>126.819</ele><time>2020-10-05T00:00:09Z</time></trkpt><trkpt lat="34.066198" lon="-118.117668"><ele>126.808</ele><time>2020-10-05T00:00:10Z</time></trkpt><trkpt lat="34.066201" lon="-118.117749"><ele>126.831</ele><time>2020-10-05T00:00:11Z</time></trkpt><trkpt lat="34.066201" lon="-118.117827"><ele>126.713</ele><time>2020-10-05T00:00:12Z</time></trkpt><trkpt lat="34.066202" lon="-118.117906"><ele>126.665</ele><time>2020-10-05T00:00:13Z</time></trkpt><trkpt lat="34.066201" lon="-118.117985"><ele>126.625</ele><time>2020-10-05T00:00:14Z</time></trkpt><trkpt lat="34.066190" lon="-118.118056"><ele>126.712</ele><time>2020-10-05T00:00:15Z</time></trkpt><trkpt lat="34.066190" lon="-118.118130"><ele>126.894</ele><time>2020-10-05T00:00:16Z</time></trkpt><trkpt lat="34.066191" lon="-118.118201"><ele>126.976</ele><time>2020-10-05T00:00:17Z</time></trkpt><trkpt lat="34.066195" lon="-118.118273"><ele>127.132</ele><time>2020-10-05T00:00:18Z</time></trkpt><trkpt lat="34.066185" lon="-118.118343"><ele>127.223</ele><time>2020-10-05T00:00:19Z</time></trkpt><trkpt lat="34.066184" lon="-118.118421"><ele>127.283</ele><time>2020-10-05T00:00:20Z</time></trkpt><trkpt lat="34.066179" lon="-118.118495"><ele>127.211</ele><time>2020-10-05T00:00:21Z</time></trkpt><trkpt lat="34.066183" lon="-118.118558"><ele>127.108</ele><time>2020-10-05T00:00:22Z</time></trkpt><trkpt lat="34.066181" lon="-118.118629"><ele>127.187</ele><time>2020-10-05T00:00:23Z</time></trkpt><trkpt lat="34.066184" lon="-118.118701"><ele>127.049</ele><time>2020-10-05T00:00:24Z</time></trkpt><trkpt lat="34.066186" lon="-118.118769"><ele>127.011</ele><time>2020-10-05T00:00:25Z</time></trkpt><trkpt lat="34.066183" lon="-118.118838"><ele>127.051</ele><time>2020-10-05T00:00:26Z</time></trkpt><trkpt lat="34.066182" lon="-118.118906"><ele>127.098</ele><time>2020-10-05T00:00:27Z</time></trkpt><trkpt lat="34.066179" lon="-118.118977"><ele>127.020</ele><time>2020-10-05T00:00:28Z</time></trkpt><trkpt lat="34.066175" lon="-118.119049"><ele>127.142</ele><time>2020-10-05T00:00:29Z</time></trkpt><trkpt lat="34.066173" lon="-118.119121"><ele>127.118</ele><time>2020-10-05T00:00:30Z</time></trkpt><trkpt lat="34.066178" lon="-118.119198"><ele>127.132</ele><time>2020-10-05T00:00:31Z</time></trkpt><trkpt lat="34.066182" lon="-118.119268"><ele>127.292</ele><time>2020-10-05T00:00:32Z</time></trkpt><trkpt lat="34.066178" lon="-118.119347"><ele>127.211</ele><time>2020-10-05T00:00:33Z</time></trkpt><trkpt lat="34.066171" lon="-118.119426"><ele>127.308</ele><time>2020-10-05T00:00:34Z</time></trkpt><trkpt lat="34.066170" lon="-118.119506"><ele>127.448</ele><time>2020-10-05T00:00:35Z</time></trkpt><trkpt lat="34.066176" lon="-118.119576"><ele>127.560</ele><time>2020-10-05T00:00:36Z</time></trkpt><trkpt lat="34.066186" lon="-118.119648"><ele>127.552</ele><time>2020-10-05T00:00:37Z</time></trkpt><trkpt lat="34.066191" lon="-118.119723"><ele>127.552</ele><time>2020-10-05T00:00:38Z</time></trkpt><trkpt lat="34.066186" lon="-118.119799"><ele>127.479</ele><time>2020-10-05T00:00:39Z</time></trkpt><trkpt lat="34.066180" lon="-118.119880"><ele>127.341</ele><time>2020-10-05T00:00:40Z</time></trkpt><trkpt lat="34.066179" lon="-118.119959"><ele>127.323</ele><time>2020-10-05T00:00:41Z</time></trkpt><trkpt lat="34.066179" lon="-118.120032"><ele>127.499</ele><time>2020-10-05T00:00:42Z</time></trkpt><trkpt lat="34.066181" lon="-118.120099"><ele>127.444</ele><time>2020-10-05T00:00:43Z</time></trkpt><trkpt lat="34.066184" lon="-118.120175"><ele>127.505</ele><time>2020-10-05T00:00:44Z</time></trkpt><trkpt lat="34.066188" lon="-118.120248"><ele>127.615</ele><time>2020-10-05T00:00:45Z</time></trkpt><trkpt lat="34.066180" lon="-118.120321"><ele>127.608</ele><time>2020-10-05T00:00:46Z</time></trkpt><trkpt lat="34.066186" lon="-118.120399"><ele>127.769</ele><time>2020-10-05T00:00:47Z</time></trkpt><trkpt lat="34.066188" lon="-118.120467"><ele>127.781</ele><time>2020-10-05T00:00:48Z</time></trkpt><trkpt lat="34.066194" lon="-118.120532"><ele>127.723</ele><time>2020-10-05T00:00:49Z</time></trkpt><trkpt lat="34.066198" lon="-118.120603"><ele>127.763</ele><time>2020-10-05T00:00:50Z</time></trkpt><trkpt lat="34.066202" lon="-118.120665"><ele>127.740</ele><time>2020-10-05T00:00:51Z</time></trkpt><trkpt lat="34.066205" lon="-118.120784"><ele>127.732</ele><time>2020-10-05T00:00:53Z</time></trkpt><trkpt lat="34.066197" lon="-118.120850"><ele>127.794</ele><time>2020-10-05T00:00:54Z</time></trkpt><trkpt lat="34.066199" lon="-118.120914"><ele>127.740</ele><time>2020-10-05T00:00:55Z</time></trkpt><trkpt lat="34.066191" lon="-118.120985"><ele>127.714</ele><time>2020-10-05T00:00:56Z</time></trkpt><trkpt lat="34.066181" lon="-118.121058"><ele>127.754</ele><time>2020-10-05T00:00:57Z</time></trkpt><trkpt lat="34.066182" lon="-118.121120"><ele>127.709</ele><time>2020-10-05T00:00:58Z</time></trkpt><trkpt lat="34.066183" lon="-118.121181"><ele>127.708</ele><time>2020-10-05T00:00:59Z</time></trkpt><trkpt lat="34.066188" lon="-118.121239"><ele>127.826</ele><time>2020-10-05T00:01:00Z</time></trkpt><trkpt lat="34.066189" lon="-118.121301"><ele>127.948</ele><time>2020-10-05T00:01:01Z</time></trkpt><trkpt lat="34.066189" lon="-118.121365"><ele>127.910</ele><time>2020-10-05T00:01:02Z</time></trkpt><trkpt lat="34.066188" lon="-118.121431"><ele>128.080</ele><time>2020-10-05T00:01:03Z</time></trkpt><trkpt lat="34.066185" lon="-118.121486"><ele>128.097</ele><time>2020-10-05T00:01:04Z</time></trkpt><trkpt lat="34.066191" lon="-118.121542"><ele>128.069</ele><time>2020-10-05T00:01:05Z</time></trkpt><trkpt lat="34.066192" lon="-118.121605"><ele>127.961</ele><time>2020-10-05T00:01:06Z</time></trkpt><trkpt lat="34.066182" lon="-118.121663"><ele>127.947</ele><time>2020-10-05T00:01:07Z</time></trkpt><trkpt lat="34.066184" lon="-118.121719"><ele>127.849</ele><time>2020-10-05T00:01:08Z</time></trkpt><trkpt lat="34.066178" lon="-118.121784"><ele>127.802</ele><time>2020-10-05T00:01:09Z</time></trkpt><trkpt lat="34.066185" lon="-118.121844"><ele>127.822</ele><time>2020-10-05T00:01:10Z</time></trkpt><trkpt lat="34.066186" lon="-118.121907"><ele>127.808</ele><time>2020-10-05T00:01:11Z</time></trkpt><trkpt lat="34.066187" lon="-118.121967"><ele>127.869</ele><time>2020-10-05T00:01:12Z</time></trkpt><trkpt lat="34.066189" lon="-118.122030"><ele>127.941</ele><time>2020-10-05T00:01:13Z</time></trkpt><trkpt lat="34.066186" lon="-118.122096"><ele>128.053</ele><time>2020-10-05T00:01:14Z</time></trkpt><trkpt lat="34.066184" lon="-118.122158"><ele>128.263</ele><time>2020-10-05T00:01:15Z</time></trkpt><trkpt lat="34.066185" lon="-118.122214"><ele>128.240</ele><time>2020-10-05T00:01:16Z</time></trkpt><trkpt lat="34.066193" lon="-118.122270"><ele>128.292</ele><time>2020-10-05T00:01:17Z</time></trkpt><trkpt lat="34.066195" lon="-118.122329"><ele>128.274</ele><time>2020-10-05T00:01:18Z</time></trkpt><trkpt lat="34.066191" lon="-118.122428"><ele>127.910</ele><time>2020-10-05T00:01:20Z</time></trkpt><trkpt lat="34.066202" lon="-118.122534"><ele>127.853</ele><time>2020-10-05T00:01:22Z</time></trkpt><trkpt lat="34.066219" lon="-118.122645"><ele>127.704</ele><time>2020-10-05T00:01:24Z</time></trkpt><trkpt lat="34.066210" lon="-118.122721"><ele>127.514</ele><time>2020-10-05T00:01:26Z</time></trkpt><trkpt lat="34.066166" lon="-118.122800"><ele>127.308</ele><time>2020-10-05T00:02:11Z</time></trkpt><trkpt lat="34.066175" lon="-118.122854"><ele>127.370</ele><time>2020-10-05T00:02:14Z</time></trkpt><trkpt lat="34.066178" lon="-118.122922"><ele>127.462</ele><time>2020-10-05T00:02:16Z</time></trkpt><trkpt lat="34.066178" lon="-118.123005"><ele>127.654</ele><time>2020-10-05T00:02:18Z</time></trkpt><trkpt lat="34.066172" lon="-118.123105"><ele>127.984</ele><time>2020-10-05T00:02:20Z</time></trkpt><trkpt lat="34.066171" lon="-118.123162"><ele>128.021</ele><time>2020-10-05T00:02:21Z</time></trkpt><trkpt lat="34.066170" lon="-118.123217"><ele>128.173</ele><time>2020-10-05T00:02:22Z</time></trkpt><trkpt lat="34.066164" lon="-118.123273"><ele>128.255</ele><time>2020-10-05T00:02:23Z</time></trkpt><trkpt lat="34.066155" lon="-118.123330"><ele>128.281</ele><time>2020-10-05T00:02:24Z</time></trkpt><trkpt lat="34.066166" lon="-118.123393"><ele>128.219</ele><time>2020-10-05T00:02:25Z</time></trkpt><trkpt lat="34.066164" lon="-118.123455"><ele>128.309</ele><time>2020-10-05T00:02:26Z</time></trkpt><trkpt lat="34.066171" lon="-118.123518"><ele>128.319</ele><time>2020-10-05T00:02:27Z</time></trkpt><trkpt lat="34.066170" lon="-118.123581"><ele>128.308</ele><time>2020-10-05T00:02:28Z</time></trkpt><trkpt lat="34.066176" lon="-118.123642"><ele>128.496</ele><time>2020-10-05T00:02:29Z</time></trkpt><trkpt lat="34.066174" lon="-118.123763"><ele>128.478</ele><time>2020-10-05T00:02:31Z</time></trkpt><trkpt lat="34.066177" lon="-118.123823"><ele>128.570</ele><time>2020-10-05T00:02:32Z</time></trkpt><trkpt lat="34.066181" lon="-118.123892"><ele>128.690</ele><time>2020-10-05T00:02:33Z</time></trkpt><trkpt lat="34.066188" lon="-118.123946"><ele>128.637</ele><time>2020-10-05T00:02:34Z</time></trkpt><trkpt lat="34.066188" lon="-118.124012"><ele>128.719</ele><time>2020-10-05T00:02:35Z</time></trkpt><trkpt lat="34.066193" lon="-118.124074"><ele>128.881</ele><time>2020-10-05T00:02:36Z</time></trkpt><trkpt lat="34.066199" lon="-118.124135"><ele>128.997</ele><time>2020-10-05T00:02:37Z</time></trkpt><trkpt lat="34.066200" lon="-118.124196"><ele>129.178</ele><time>2020-10-05T00:02:38Z</time></trkpt><trkpt lat="34.066202" lon="-118.124256"><ele>129.333</ele><time>2020-10-05T00:02:39Z</time></trkpt><trkpt lat="34.066200" lon="-118.124364"><ele>129.426</ele><time>2020-10-05T00:02:41Z</time></trkpt><trkpt lat="34.066196" lon="-118.124420"><ele>129.508</ele><time>2020-10-05T00:02:42Z</time></trkpt><trkpt lat="34.066192" lon="-118.124482"><ele>129.552</ele><time>2020-10-05T00:02:43Z</time></trkpt><trkpt lat="34.066191" lon="-118.124547"><ele>129.614</ele><time>2020-10-05T00:02:44Z</time></trkpt><trkpt lat="34.066189" lon="-118.124609"><ele>129.686</ele><time>2020-10-05T00:02:45Z</time></trkpt><trkpt lat="34.066180" lon="-118.124683"><ele>129.736</ele><time>2020-10-05T00:02:46Z</time></trkpt><trkpt lat="34.066173" lon="-118.124755"><ele>129.793</ele><time>2020-10-05T00:02:47Z</time></trkpt><trkpt lat="34.066176" lon="-118.124824"><ele>129.865</ele><time>2020-10-05T00:02:48Z</time></trkpt><trkpt lat="34.066177" lon="-118.124899"><ele>129.837</ele><time>2020-10-05T00:02:49Z</time></trkpt><trkpt lat="34.066177" lon="-118.124975"><ele>129.763</ele><time>2020-10-05T00:02:50Z</time></trkpt><trkpt lat="34.066174" lon="-118.125050"><ele>129.779</ele><time>2020-10-05T00:02:51Z</time></trkpt><trkpt lat="34.066170" lon="-118.125126"><ele>129.705</ele><time>2020-10-05T00:02:52Z</time></trkpt><trkpt lat="34.066174" lon="-118.125201"><ele>129.725</ele><time>2020-10-05T00:02:53Z</time></trkpt><trkpt lat="34.066177" lon="-118.125275"><ele>129.708</ele><time>2020-10-05T00:02:54Z</time></trkpt><trkpt lat="34.066177" lon="-118.125349"><ele>129.782</ele><time>2020-10-05T00:02:55Z</time></trkpt><trkpt lat="34.066180" lon="-118.125421"><ele>129.764</ele><time>2020-10-05T00:02:56Z</time></trkpt><trkpt lat="34.066172" lon="-118.125500"><ele>129.776</ele><time>2020-10-05T00:02:57Z</time></trkpt><trkpt lat="34.066164" lon="-118.125573"><ele>129.786</ele><time>2020-10-05T00:02:58Z</time></trkpt><trkpt lat="34.066167" lon="-118.125648"><ele>129.873</ele><time>2020-10-05T00:02:59Z</time></trkpt><trkpt lat="34.066165" lon="-118.125726"><ele>129.845</ele><time>2020-10-05T00:03:00Z</time></trkpt><trkpt lat="34.066159" lon="-118.125801"><ele>129.937</ele><time>2020-10-05T00:03:01Z</time></trkpt><trkpt lat="34.066158" lon="-118.125876"><ele>130.023</ele><time>2020-10-05T00:03:02Z</time></trkpt><trkpt lat="34.066162" lon="-118.125954"><ele>130.198</ele><time>2020-10-05T00:03:03Z</time></trkpt><trkpt lat="34.066168" lon="-118.126033"><ele>130.115</ele><time>2020-10-05T00:03:04Z</time></trkpt><trkpt lat="34.066166" lon="-118.126102"><ele>130.126</ele><time>2020-10-05T00:03:05Z</time></trkpt><trkpt lat="34.066167" lon="-118.126175"><ele>130.108</ele><time>2020-10-05T00:03:06Z</time></trkpt><trkpt lat="34.066165" lon="-118.126257"><ele>130.144</ele><time>2020-10-05T00:03:07Z</time></trkpt><trkpt lat="34.066166" lon="-118.126336"><ele>130.166</ele><time>2020-10-05T00:03:08Z</time></trkpt><trkpt lat="34.066165" lon="-118.126411"><ele>130.198</ele><time>2020-10-05T00:03:09Z</time></trkpt><trkpt lat="34.066167" lon="-118.126482"><ele>130.158</ele><time>2020-10-05T00:03:10Z</time></trkpt><trkpt lat="34.066163" lon="-118.126561"><ele>130.185</ele><time>2020-10-05T00:03:11Z</time></trkpt><trkpt lat="34.066162" lon="-118.126649"><ele>130.187</ele><time>2020-10-05T00:03:12Z</time></trkpt><trkpt lat="34.066160" lon="-118.126723"><ele>130.129</ele><time>2020-10-05T00:03:13Z</time></trkpt><trkpt lat="34.066161" lon="-118.126797"><ele>130.165</ele><time>2020-10-05T00:03:14Z</time></trkpt><trkpt lat="34.066160" lon="-118.126877"><ele>130.127</ele><time>2020-10-05T00:03:15Z</time></trkpt><trkpt lat="34.066167" lon="-118.126943"><ele>130.168</ele><time>2020-10-05T00:03:16Z</time></trkpt><trkpt lat="34.066166" lon="-118.127015"><ele>130.214</ele><time>2020-10-05T00:03:17Z</time></trkpt><trkpt lat="34.066162" lon="-118.127095"><ele>130.308</ele><time>2020-10-05T00:03:18Z</time></trkpt><trkpt lat="34.066164" lon="-118.127171"><ele>130.417</ele><time>2020-10-05T00:03:19Z</time></trkpt><trkpt lat="34.066167" lon="-118.127247"><ele>130.529</ele><time>2020-10-05T00:03:20Z</time></trkpt><trkpt lat="34.066172" lon="-118.127319"><ele>130.511</ele><time>2020-10-05T00:03:21Z</time></trkpt><trkpt lat="34.066174" lon="-118.127387"><ele>130.581</ele><time>2020-10-05T00:03:22Z</time></trkpt><trkpt lat="34.066173" lon="-118.127460"><ele>130.538</ele><time>2020-10-05T00:03:23Z</time></trkpt><trkpt lat="34.066179" lon="-118.127524"><ele>130.550</ele><time>2020-10-05T00:03:24Z</time></trkpt><trkpt lat="34.066187" lon="-118.127585"><ele>130.432</ele><time>2020-10-05T00:03:25Z</time></trkpt><trkpt lat="34.066205" lon="-118.127647"><ele>130.338</ele><time>2020-10-05T00:03:26Z</time></trkpt><trkpt lat="34.066214" lon="-118.127712"><ele>130.353</ele><time>2020-10-05T00:03:27Z</time></trkpt><trkpt lat="34.066224" lon="-118.127780"><ele>130.404</ele><time>2020-10-05T00:03:28Z</time></trkpt><trkpt lat="34.066223" lon="-118.127859"><ele>130.514</ele><time>2020-10-05T00:03:29Z</time></trkpt><trkpt lat="34.066226" lon="-118.127934"><ele>130.608</ele><time>2020-10-05T00:03:30Z</time></trkpt><trkpt lat="34.066231" lon="-118.128005"><ele>130.740</ele><time>2020-10-05T00:03:31Z</time></trkpt><trkpt lat="34.066226" lon="-118.128093"><ele>130.872</ele><time>2020-10-05T00:03:32Z</time></trkpt><trkpt lat="34.066221" lon="-118.128178"><ele>130.834</ele><time>2020-10-05T00:03:33Z</time></trkpt><trkpt lat="34.066218" lon="-118.128257"><ele>130.814</ele><time>2020-10-05T00:03:34Z</time></trkpt><trkpt lat="34.066223" lon="-118.128321"><ele>130.881</ele><time>2020-10-05T00:03:35Z</time></trkpt><trkpt lat="34.066224" lon="-118.128402"><ele>130.813</ele><time>2020-10-05T00:03:36Z</time></trkpt><trkpt lat="34.066228" lon="-118.128474"><ele>130.895</ele><time>2020-10-05T00:03:37Z</time></trkpt><trkpt lat="34.066224" lon="-118.128549"><ele>130.931</ele><time>2020-10-05T00:03:38Z</time></trkpt><trkpt lat="34.066222" lon="-118.128624"><ele>131.097</ele><time>2020-10-05T00:03:39Z</time></trkpt><trkpt lat="34.066219" lon="-118.128695"><ele>131.123</ele><time>2020-10-05T00:03:40Z</time></trkpt><trkpt lat="34.066220" lon="-118.128767"><ele>131.225</ele><time>2020-10-05T00:03:41Z</time></trkpt><trkpt lat="34.066214" lon="-118.128829"><ele>131.208</ele><time>2020-10-05T00:03:42Z</time></trkpt><trkpt lat="34.066214" lon="-118.128895"><ele>131.374</ele><time>2020-10-05T00:03:43Z</time></trkpt><trkpt lat="34.066213" lon="-118.129005"><ele>131.356</ele><time>2020-10-05T00:03:45Z</time></trkpt><trkpt lat="34.066213" lon="-118.129099"><ele>131.368</ele><time>2020-10-05T00:03:47Z</time></trkpt><trkpt lat="34.066197" lon="-118.129161"><ele>131.328</ele><time>2020-10-05T00:03:48Z</time></trkpt><trkpt lat="34.066179" lon="-118.129282"><ele>131.495</ele><time>2020-10-05T00:03:50Z</time></trkpt><trkpt lat="34.066171" lon="-118.129344"><ele>131.447</ele><time>2020-10-05T00:03:51Z</time></trkpt><trkpt lat="34.066159" lon="-118.129411"><ele>131.559</ele><time>2020-10-05T00:03:52Z</time></trkpt><trkpt lat="34.066155" lon="-118.129485"><ele>131.665</ele><time>2020-10-05T00:03:53Z</time></trkpt><trkpt lat="34.066154" lon="-118.129557"><ele>131.711</ele><time>2020-10-05T00:03:54Z</time></trkpt><trkpt lat="34.066159" lon="-118.129632"><ele>131.821</ele><time>2020-10-05T00:03:55Z</time></trkpt><trkpt lat="34.066148" lon="-118.129701"><ele>132.003</ele><time>2020-10-05T00:03:56Z</time></trkpt><trkpt lat="34.066147" lon="-118.129775"><ele>132.208</ele><time>2020-10-05T00:03:57Z</time></trkpt><trkpt lat="34.066147" lon="-118.129837"><ele>132.336</ele><time>2020-10-05T00:03:58Z</time></trkpt><trkpt lat="34.066145" lon="-118.129914"><ele>132.378</ele><time>2020-10-05T00:03:59Z</time></trkpt><trkpt lat="34.066145" lon="-118.129988"><ele>132.430</ele><time>2020-10-05T00:04:00Z</time></trkpt><trkpt lat="34.066143" lon="-118.130070"><ele>132.480</ele><time>2020-10-05T00:04:01Z</time></trkpt><trkpt lat="34.066148" lon="-118.130139"><ele>132.467</ele><time>2020-10-05T00:04:02Z</time></trkpt><trkpt lat="34.066151" lon="-118.130214"><ele>132.599</ele><time>2020-10-05T00:04:03Z</time></trkpt><trkpt lat="34.066151" lon="-118.130291"><ele>132.661</ele><time>2020-10-05T00:04:04Z</time></trkpt><trkpt lat="34.066157" lon="-118.130371"><ele>132.717</ele><time>2020-10-05T00:04:05Z</time></trkpt><trkpt lat="34.066158" lon="-118.130448"><ele>132.872</ele><time>2020-10-05T00:04:06Z</time></trkpt><trkpt lat="34.066159" lon="-118.130523"><ele>132.913</ele><time>2020-10-05T00:04:07Z</time></trkpt><trkpt lat="34.066159" lon="-118.130599"><ele>132.914</ele><time>2020-10-05T00:04:08Z</time></trkpt><trkpt lat="34.066156" lon="-118.130680"><ele>132.908</ele><time>2020-10-05T00:04:09Z</time></trkpt><trkpt lat="34.066161" lon="-118.130754"><ele>132.992</ele><time>2020-10-05T00:04:10Z</time></trkpt><trkpt lat="34.066160" lon="-118.130832"><ele>132.994</ele><time>2020-10-05T00:04:11Z</time></trkpt><trkpt lat="34.066161" lon="-118.130899"><ele>132.956</ele><time>2020-10-05T00:04:12Z</time></trkpt><trkpt lat="34.066165" lon="-118.130971"><ele>133.046</ele><time>2020-10-05T00:04:13Z</time></trkpt><trkpt lat="34.066163" lon="-118.131039"><ele>133.073</ele><time>2020-10-05T00:04:14Z</time></trkpt><trkpt lat="34.066163" lon="-118.131120"><ele>133.035</ele><time>2020-10-05T00:04:15Z</time></trkpt><trkpt lat="34.066160" lon="-118.131201"><ele>133.017</ele><time>2020-10-05T00:04:16Z</time></trkpt><trkpt lat="34.066160" lon="-118.131281"><ele>133.073</ele><time>2020-10-05T00:04:17Z</time></trkpt><trkpt lat="34.066155" lon="-118.131352"><ele>133.081</ele><time>2020-10-05T00:04:18Z</time></trkpt><trkpt lat="34.066154" lon="-118.131426"><ele>133.061</ele><time>2020-10-05T00:04:19Z</time></trkpt><trkpt lat="34.066154" lon="-118.131496"><ele>133.117</ele><time>2020-10-05T00:04:20Z</time></trkpt><trkpt lat="34.066156" lon="-118.131566"><ele>133.208</ele><time>2020-10-05T00:04:21Z</time></trkpt><trkpt lat="34.066161" lon="-118.131640"><ele>133.273</ele><time>2020-10-05T00:04:22Z</time></trkpt><trkpt lat="34.066167" lon="-118.131707"><ele>133.235</ele><time>2020-10-05T00:04:23Z</time></trkpt><trkpt lat="34.066162" lon="-118.131785"><ele>133.277</ele><time>2020-10-05T00:04:24Z</time></trkpt><trkpt lat="34.066166" lon="-118.131856"><ele>133.227</ele><time>2020-10-05T00:04:25Z</time></trkpt><trkpt lat="34.066163" lon="-118.131922"><ele>133.254</ele><time>2020-10-05T00:04:26Z</time></trkpt><trkpt lat="34.066161" lon="-118.131989"><ele>133.236</ele><time>2020-10-05T00:04:27Z</time></trkpt><trkpt lat="34.066166" lon="-118.132061"><ele>133.258</ele><time>2020-10-05T00:04:28Z</time></trkpt><trkpt lat="34.066165" lon="-118.132134"><ele>133.264</ele><time>2020-10-05T00:04:29Z</time></trkpt><trkpt lat="34.066158" lon="-118.132208"><ele>133.223</ele><time>2020-10-05T00:04:30Z</time></trkpt><trkpt lat="34.066161" lon="-118.132270"><ele>133.283</ele><time>2020-10-05T00:04:31Z</time></trkpt><trkpt lat="34.066158" lon="-118.132345"><ele>133.111</ele><time>2020-10-05T00:04:32Z</time></trkpt><trkpt lat="34.066153" lon="-118.132420"><ele>133.108</ele><time>2020-10-05T00:04:33Z</time></trkpt><trkpt lat="34.066154" lon="-118.132498"><ele>133.137</ele><time>2020-10-05T00:04:34Z</time></trkpt><trkpt lat="34.066159" lon="-118.132567"><ele>133.189</ele><time>2020-10-05T00:04:35Z</time></trkpt><trkpt lat="34.066158" lon="-118.132640"><ele>133.031</ele><time>2020-10-05T00:04:36Z</time></trkpt><trkpt lat="34.066155" lon="-118.132720"><ele>133.051</ele><time>2020-10-05T00:04:37Z</time></trkpt><trkpt lat="34.066156" lon="-118.132798"><ele>133.078</ele><time>2020-10-05T00:04:38Z</time></trkpt><trkpt lat="34.066159" lon="-118.132871"><ele>133.040</ele><time>2020-10-05T00:04:39Z</time></trkpt><trkpt lat="34.066149" lon="-118.132939"><ele>133.032</ele><time>2020-10-05T00:04:40Z</time></trkpt><trkpt lat="34.066151" lon="-118.133021"><ele>133.098</ele><time>2020-10-05T00:04:41Z</time></trkpt><trkpt lat="34.066145" lon="-118.133092"><ele>133.059</ele><time>2020-10-05T00:04:42Z</time></trkpt><trkpt lat="34.066142" lon="-118.133158"><ele>133.003</ele><time>2020-10-05T00:04:43Z</time></trkpt><trkpt lat="34.066127" lon="-118.133226"><ele>132.923</ele><time>2020-10-05T00:04:44Z</time></trkpt><trkpt lat="34.066126" lon="-118.133298"><ele>132.808</ele><time>2020-10-05T00:04:45Z</time></trkpt><trkpt lat="34.066129" lon="-118.133369"><ele>132.710</ele><time>2020-10-05T00:04:46Z</time></trkpt><trkpt lat="34.066132" lon="-118.133446"><ele>132.622</ele><time>2020-10-05T00:04:47Z</time></trkpt><trkpt lat="34.066133" lon="-118.133526"><ele>132.594</ele><time>2020-10-05T00:04:48Z</time></trkpt><trkpt lat="34.066135" lon="-118.133600"><ele>132.444</ele><time>2020-10-05T00:04:49Z</time></trkpt><trkpt lat="34.066130" lon="-118.133675"><ele>132.311</ele><time>2020-10-05T00:04:50Z</time></trkpt><trkpt lat="34.066127" lon="-118.133751"><ele>132.243</ele><time>2020-10-05T00:04:51Z</time></trkpt><trkpt lat="34.066129" lon="-118.133831"><ele>132.065</ele><time>2020-10-05T00:04:52Z</time></trkpt><trkpt lat="34.066132" lon="-118.133905"><ele>131.881</ele><time>2020-10-05T00:04:53Z</time></trkpt><trkpt lat="34.066125" lon="-118.133985"><ele>131.723</ele><time>2020-10-05T00:04:54Z</time></trkpt><trkpt lat="34.066132" lon="-118.134058"><ele>131.583</ele><time>2020-10-05T00:04:55Z</time></trkpt><trkpt lat="34.066130" lon="-118.134142"><ele>131.411</ele><time>2020-10-05T00:04:56Z</time></trkpt><trkpt lat="34.066127" lon="-118.134226"><ele>131.308</ele><time>2020-10-05T00:04:57Z</time></trkpt><trkpt lat="34.066115" lon="-118.134304"><ele>131.257</ele><time>2020-10-05T00:04:58Z</time></trkpt><trkpt lat="34.066120" lon="-118.134379"><ele>131.049</ele><time>2020-10-05T00:04:59Z</time></trkpt><trkpt lat="34.066106" lon="-118.134459"><ele>131.091</ele><time>2020-10-05T00:05:00Z</time></trkpt><trkpt lat="34.066106" lon="-118.134546"><ele>130.941</ele><time>2020-10-05T00:05:01Z</time></trkpt><trkpt lat="34.066109" lon="-118.134626"><ele>130.968</ele><time>2020-10-05T00:05:02Z</time></trkpt><trkpt lat="34.066111" lon="-118.134717"><ele>131.090</ele><time>2020-10-05T00:05:03Z</time></trkpt><trkpt lat="34.066114" lon="-118.134807"><ele>131.292</ele><time>2020-10-05T00:05:04Z</time></trkpt><trkpt lat="34.066129" lon="-118.134888"><ele>131.498</ele><time>2020-10-05T00:05:05Z</time></trkpt><trkpt lat="34.066133" lon="-118.134977"><ele>131.771</ele><time>2020-10-05T00:05:06Z</time></trkpt><trkpt lat="34.066138" lon="-118.135063"><ele>132.141</ele><time>2020-10-05T00:05:07Z</time></trkpt><trkpt lat="34.066130" lon="-118.135143"><ele>132.515</ele><time>2020-10-05T00:05:08Z</time></trkpt><trkpt lat="34.066127" lon="-118.135226"><ele>133.008</ele><time>2020-10-05T00:05:09Z</time></trkpt><trkpt lat="34.066139" lon="-118.135311"><ele>133.522</ele><time>2020-10-05T00:05:10Z</time></trkpt><trkpt lat="34.066143" lon="-118.135387"><ele>134.034</ele><time>2020-10-05T00:05:11Z</time></trkpt><trkpt lat="34.066146" lon="-118.135456"><ele>134.466</ele><time>2020-10-05T00:05:12Z</time></trkpt><trkpt lat="34.066153" lon="-118.135519"><ele>134.836</ele><time>2020-10-05T00:05:13Z</time></trkpt><trkpt lat="34.066173" lon="-118.135579"><ele>135.113</ele><time>2020-10-05T00:05:14Z</time></trkpt><trkpt lat="34.066213" lon="-118.135620"><ele>135.495</ele><time>2020-10-05T00:05:15Z</time></trkpt><trkpt lat="34.066260" lon="-118.135644"><ele>135.637</ele><time>2020-10-05T00:05:16Z</time></trkpt><trkpt lat="34.066312" lon="-118.135658"><ele>135.873</ele><time>2020-10-05T00:05:17Z</time></trkpt><trkpt lat="34.066357" lon="-118.135669"><ele>135.982</ele><time>2020-10-05T00:05:18Z</time></trkpt><trkpt lat="34.066410" lon="-118.135684"><ele>136.043</ele><time>2020-10-05T00:05:19Z</time></trkpt><trkpt lat="34.066469" lon="-118.135714"><ele>136.017</ele><time>2020-10-05T00:05:20Z</time></trkpt><trkpt lat="34.066519" lon="-118.135734"><ele>136.108</ele><time>2020-10-05T00:05:21Z</time></trkpt><trkpt lat="34.066566" lon="-118.135753"><ele>136.173</ele><time>2020-10-05T00:05:22Z</time></trkpt><trkpt lat="34.066650" lon="-118.135773"><ele>136.145</ele><time>2020-10-05T00:05:24Z</time></trkpt><trkpt lat="34.066738" lon="-118.135807"><ele>136.127</ele><time>2020-10-05T00:05:26Z</time></trkpt><trkpt lat="34.066786" lon="-118.135841"><ele>136.297</ele><time>2020-10-05T00:05:27Z</time></trkpt><trkpt lat="34.066831" lon="-118.135873"><ele>136.334</ele><time>2020-10-05T00:05:28Z</time></trkpt><trkpt lat="34.066879" lon="-118.135913"><ele>136.466</ele><time>2020-10-05T00:05:29Z</time></trkpt><trkpt lat="34.066924" lon="-118.135959"><ele>136.528</ele><time>2020-10-05T00:05:30Z</time></trkpt><trkpt lat="34.066967" lon="-118.135998"><ele>136.564</ele><time>2020-10-05T00:05:31Z</time></trkpt><trkpt lat="34.067016" lon="-118.136046"><ele>136.518</ele><time>2020-10-05T00:05:32Z</time></trkpt><trkpt lat="34.067058" lon="-118.136092"><ele>136.598</ele><time>2020-10-05T00:05:33Z</time></trkpt><trkpt lat="34.067100" lon="-118.136145"><ele>136.517</ele><time>2020-10-05T00:05:34Z</time></trkpt><trkpt lat="34.067141" lon="-118.136193"><ele>136.508</ele><time>2020-10-05T00:05:35Z</time></trkpt><trkpt lat="34.067186" lon="-118.136245"><ele>136.526</ele><time>2020-10-05T00:05:36Z</time></trkpt><trkpt lat="34.067226" lon="-118.136302"><ele>136.598</ele><time>2020-10-05T00:05:37Z</time></trkpt><trkpt lat="34.067265" lon="-118.136354"><ele>136.570</ele><time>2020-10-05T00:05:38Z</time></trkpt><trkpt lat="34.067307" lon="-118.136411"><ele>136.410</ele><time>2020-10-05T00:05:39Z</time></trkpt><trkpt lat="34.067340" lon="-118.136469"><ele>136.377</ele><time>2020-10-05T00:05:40Z</time></trkpt><trkpt lat="34.067375" lon="-118.136528"><ele>136.339</ele><time>2020-10-05T00:05:41Z</time></trkpt><trkpt lat="34.067413" lon="-118.136595"><ele>136.231</ele><time>2020-10-05T00:05:42Z</time></trkpt><trkpt lat="34.067442" lon="-118.136655"><ele>136.137</ele><time>2020-10-05T00:05:43Z</time></trkpt><trkpt lat="34.067472" lon="-118.136722"><ele>136.138</ele><time>2020-10-05T00:05:44Z</time></trkpt><trkpt lat="34.067494" lon="-118.136790"><ele>136.070</ele><time>2020-10-05T00:05:45Z</time></trkpt><trkpt lat="34.067516" lon="-118.136858"><ele>135.817</ele><time>2020-10-05T00:05:46Z</time></trkpt><trkpt lat="34.067542" lon="-118.136926"><ele>135.708</ele><time>2020-10-05T00:05:47Z</time></trkpt><trkpt lat="34.067563" lon="-118.136981"><ele>135.618</ele><time>2020-10-05T00:05:48Z</time></trkpt><trkpt lat="34.067586" lon="-118.137054"><ele>135.610</ele><time>2020-10-05T00:05:49Z</time></trkpt><trkpt lat="34.067603" lon="-118.137121"><ele>135.562</ele><time>2020-10-05T00:05:50Z</time></trkpt><trkpt lat="34.067614" lon="-118.137182"><ele>135.462</ele><time>2020-10-05T00:05:51Z</time></trkpt><trkpt lat="34.067629" lon="-118.137254"><ele>135.459</ele><time>2020-10-05T00:05:52Z</time></trkpt><trkpt lat="34.067636" lon="-118.137336"><ele>135.441</ele><time>2020-10-05T00:05:53Z</time></trkpt><trkpt lat="34.067641" lon="-118.137413"><ele>135.443</ele><time>2020-10-05T00:05:54Z</time></trkpt><trkpt lat="34.067651" lon="-118.137480"><ele>135.589</ele><time>2020-10-05T00:05:55Z</time></trkpt><trkpt lat="34.067670" lon="-118.137545"><ele>135.542</ele><time>2020-10-05T00:05:56Z</time></trkpt><trkpt lat="34.067681" lon="-118.137611"><ele>135.522</ele><time>2020-10-05T00:05:57Z</time></trkpt><trkpt lat="34.067685" lon="-118.137692"><ele>135.514</ele><time>2020-10-05T00:05:58Z</time></trkpt><trkpt lat="34.067694" lon="-118.137761"><ele>135.508</ele><time>2020-10-05T00:05:59Z</time></trkpt><trkpt lat="34.067696" lon="-118.137846"><ele>135.539</ele><time>2020-10-05T00:06:00Z</time></trkpt><trkpt lat="34.067701" lon="-118.137922"><ele>135.541</ele><time>2020-10-05T00:06:01Z</time></trkpt><trkpt lat="34.067706" lon="-118.137993"><ele>135.553</ele><time>2020-10-05T00:06:02Z</time></trkpt><trkpt lat="34.067693" lon="-118.138064"><ele>135.513</ele><time>2020-10-05T00:06:03Z</time></trkpt><trkpt lat="34.067700" lon="-118.138126"><ele>135.680</ele><time>2020-10-05T00:06:04Z</time></trkpt><trkpt lat="34.067710" lon="-118.138186"><ele>135.742</ele><time>2020-10-05T00:06:05Z</time></trkpt><trkpt lat="34.067714" lon="-118.138250"><ele>135.824</ele><time>2020-10-05T00:06:06Z</time></trkpt><trkpt lat="34.067712" lon="-118.138327"><ele>135.880</ele><time>2020-10-05T00:06:07Z</time></trkpt><trkpt lat="34.067708" lon="-118.138400"><ele>135.848</ele><time>2020-10-05T00:06:08Z</time></trkpt><trkpt lat="34.067707" lon="-118.138475"><ele>135.861</ele><time>2020-10-05T00:06:09Z</time></trkpt><trkpt lat="34.067699" lon="-118.138541"><ele>135.817</ele><time>2020-10-05T00:06:10Z</time></trkpt><trkpt lat="34.067699" lon="-118.138615"><ele>135.808</ele><time>2020-10-05T00:06:11Z</time></trkpt><trkpt lat="34.067699" lon="-118.138697"><ele>135.899</ele><time>2020-10-05T00:06:12Z</time></trkpt><trkpt lat="34.067701" lon="-118.138775"><ele>135.881</ele><time>2020-10-05T00:06:13Z</time></trkpt><trkpt lat="34.067700" lon="-118.138845"><ele>135.843</ele><time>2020-10-05T00:06:14Z</time></trkpt><trkpt lat="34.067705" lon="-118.138903"><ele>135.913</ele><time>2020-10-05T00:06:15Z</time></trkpt><trkpt lat="34.067703" lon="-118.138968"><ele>136.040</ele><time>2020-10-05T00:06:16Z</time></trkpt><trkpt lat="34.067724" lon="-118.139033"><ele>136.112</ele><time>2020-10-05T00:06:17Z</time></trkpt><trkpt lat="34.067758" lon="-118.139090"><ele>136.214</ele><time>2020-10-05T00:06:18Z</time></trkpt><trkpt lat="34.067814" lon="-118.139122"><ele>136.320</ele><time>2020-10-05T00:06:19Z</time></trkpt><trkpt lat="34.067876" lon="-118.139137"><ele>136.335</ele><time>2020-10-05T00:06:20Z</time></trkpt><trkpt lat="34.067934" lon="-118.139153"><ele>136.486</ele><time>2020-10-05T00:06:21Z</time></trkpt><trkpt lat="34.067991" lon="-118.139172"><ele>136.414</ele><time>2020-10-05T00:06:22Z</time></trkpt><trkpt lat="34.068062" lon="-118.139179"><ele>136.508</ele><time>2020-10-05T00:06:23Z</time></trkpt><trkpt lat="34.068122" lon="-118.139182"><ele>136.688</ele><time>2020-10-05T00:06:24Z</time></trkpt><trkpt lat="34.068189" lon="-118.139190"><ele>136.710</ele><time>2020-10-05T00:06:25Z</time></trkpt><trkpt lat="34.068260" lon="-118.139194"><ele>136.812</ele><time>2020-10-05T00:06:26Z</time></trkpt><trkpt lat="34.068327" lon="-118.139206"><ele>136.932</ele><time>2020-10-05T00:06:27Z</time></trkpt><trkpt lat="34.068392" lon="-118.139217"><ele>137.059</ele><time>2020-10-05T00:06:28Z</time></trkpt><trkpt lat="34.068459" lon="-118.139219"><ele>137.151</ele><time>2020-10-05T00:06:29Z</time></trkpt><trkpt lat="34.068520" lon="-118.139227"><ele>137.343</ele><time>2020-10-05T00:06:30Z</time></trkpt><trkpt lat="34.068575" lon="-118.139226"><ele>137.429</ele><time>2020-10-05T00:06:31Z</time></trkpt><trkpt lat="34.068637" lon="-118.139236"><ele>137.655</ele><time>2020-10-05T00:06:32Z</time></trkpt><trkpt lat="34.068687" lon="-118.139237"><ele>137.707</ele><time>2020-10-05T00:06:33Z</time></trkpt><trkpt lat="34.068748" lon="-118.139244"><ele>137.817</ele><time>2020-10-05T00:06:34Z</time></trkpt><trkpt lat="34.068807" lon="-118.139252"><ele>137.908</ele><time>2020-10-05T00:06:35Z</time></trkpt><trkpt lat="34.068871" lon="-118.139263"><ele>138.030</ele><time>2020-10-05T00:06:36Z</time></trkpt><trkpt lat="34.068934" lon="-118.139275"><ele>138.092</ele><time>2020-10-05T00:06:37Z</time></trkpt><trkpt lat="34.069000" lon="-118.139276"><ele>138.024</ele><time>2020-10-05T00:06:38Z</time></trkpt><trkpt lat="34.069062" lon="-118.139281"><ele>138.074</ele><time>2020-10-05T00:06:39Z</time></trkpt><trkpt lat="34.069118" lon="-118.139284"><ele>138.061</ele><time>2020-10-05T00:06:40Z</time></trkpt><trkpt lat="34.069179" lon="-118.139294"><ele>138.183</ele><time>2020-10-05T00:06:41Z</time></trkpt><trkpt lat="34.069233" lon="-118.139302"><ele>138.175</ele><time>2020-10-05T00:06:42Z</time></trkpt><trkpt lat="34.069294" lon="-118.139307"><ele>138.171</ele><time>2020-10-05T00:06:43Z</time></trkpt><trkpt lat="34.069360" lon="-118.139300"><ele>138.186</ele><time>2020-10-05T00:06:44Z</time></trkpt><trkpt lat="34.069424" lon="-118.139300"><ele>138.160</ele><time>2020-10-05T00:06:45Z</time></trkpt><trkpt lat="34.069480" lon="-118.139299"><ele>138.126</ele><time>2020-10-05T00:06:46Z</time></trkpt><trkpt lat="34.069539" lon="-118.139302"><ele>138.108</ele><time>2020-10-05T00:06:47Z</time></trkpt><trkpt lat="34.069593" lon="-118.139314"><ele>138.113</ele><time>2020-10-05T00:06:48Z</time></trkpt><trkpt lat="34.069657" lon="-118.139326"><ele>138.185</ele><time>2020-10-05T00:06:50Z</time></trkpt><trkpt lat="34.069710" lon="-118.139362"><ele>137.937</ele><time>2020-10-05T00:06:52Z</time></trkpt><trkpt lat="34.069729" lon="-118.139464"><ele>137.757</ele><time>2020-10-05T00:06:54Z</time></trkpt><trkpt lat="34.069732" lon="-118.139521"><ele>137.654</ele><time>2020-10-05T00:06:55Z</time></trkpt><trkpt lat="34.069718" lon="-118.139627"><ele>137.896</ele><time>2020-10-05T00:06:57Z</time></trkpt><trkpt lat="34.069715" lon="-118.139695"><ele>137.878</ele><time>2020-10-05T00:06:58Z</time></trkpt><trkpt lat="34.069722" lon="-118.139754"><ele>137.944</ele><time>2020-10-05T00:06:59Z</time></trkpt><trkpt lat="34.069725" lon="-118.139812"><ele>137.972</ele><time>2020-10-05T00:07:00Z</time></trkpt><trkpt lat="34.069721" lon="-118.139873"><ele>138.013</ele><time>2020-10-05T00:07:01Z</time></trkpt><trkpt lat="34.069714" lon="-118.139933"><ele>138.014</ele><time>2020-10-05T00:07:02Z</time></trkpt><trkpt lat="34.069710" lon="-118.139990"><ele>138.008</ele><time>2020-10-05T00:07:03Z</time></trkpt><trkpt lat="34.069709" lon="-118.140051"><ele>138.062</ele><time>2020-10-05T00:07:04Z</time></trkpt><trkpt lat="34.069712" lon="-118.140120"><ele>138.074</ele><time>2020-10-05T00:07:05Z</time></trkpt><trkpt lat="34.069716" lon="-118.140185"><ele>138.066</ele><time>2020-10-05T00:07:06Z</time></trkpt><trkpt lat="34.069715" lon="-118.140257"><ele>138.066</ele><time>2020-10-05T00:07:07Z</time></trkpt><trkpt lat="34.069711" lon="-118.140322"><ele>138.123</ele><time>2020-10-05T00:07:08Z</time></trkpt><trkpt lat="34.069710" lon="-118.140398"><ele>138.255</ele><time>2020-10-05T00:07:09Z</time></trkpt><trkpt lat="34.069712" lon="-118.140468"><ele>138.277</ele><time>2020-10-05T00:07:10Z</time></trkpt><trkpt lat="34.069714" lon="-118.140540"><ele>138.423</ele><time>2020-10-05T00:07:11Z</time></trkpt><trkpt lat="34.069719" lon="-118.140611"><ele>138.532</ele><time>2020-10-05T00:07:12Z</time></trkpt><trkpt lat="34.069727" lon="-118.140683"><ele>138.692</ele><time>2020-10-05T00:07:13Z</time></trkpt><trkpt lat="34.069722" lon="-118.140749"><ele>138.711</ele><time>2020-10-05T00:07:14Z</time></trkpt><trkpt lat="34.069719" lon="-118.140822"><ele>138.808</ele><time>2020-10-05T00:07:15Z</time></trkpt><trkpt lat="34.069727" lon="-118.140888"><ele>138.978</ele><time>2020-10-05T00:07:16Z</time></trkpt><trkpt lat="34.069722" lon="-118.140962"><ele>139.010</ele><time>2020-10-05T00:07:17Z</time></trkpt><trkpt lat="34.069719" lon="-118.141035"><ele>139.262</ele><time>2020-10-05T00:07:18Z</time></trkpt><trkpt lat="34.069712" lon="-118.141097"><ele>139.382</ele><time>2020-10-05T00:07:19Z</time></trkpt><trkpt lat="34.069714" lon="-118.141161"><ele>139.489</ele><time>2020-10-05T00:07:20Z</time></trkpt><trkpt lat="34.069716" lon="-118.141230"><ele>139.511</ele><time>2020-10-05T00:07:21Z</time></trkpt><trkpt lat="34.069718" lon="-118.141304"><ele>139.753</ele><time>2020-10-05T00:07:22Z</time></trkpt><trkpt lat="34.069716" lon="-118.141375"><ele>139.859</ele><time>2020-10-05T00:07:23Z</time></trkpt><trkpt lat="34.069720" lon="-118.141444"><ele>139.927</ele><time>2020-10-05T00:07:24Z</time></trkpt><trkpt lat="34.069719" lon="-118.141512"><ele>140.068</ele><time>2020-10-05T00:07:25Z</time></trkpt><trkpt lat="34.069719" lon="-118.141580"><ele>140.114</ele><time>2020-10-05T00:07:26Z</time></trkpt><trkpt lat="34.069719" lon="-118.141645"><ele>140.208</ele><time>2020-10-05T00:07:27Z</time></trkpt><trkpt lat="34.069719" lon="-118.141718"><ele>140.337</ele><time>2020-10-05T00:07:28Z</time></trkpt><trkpt lat="34.069715" lon="-118.141780"><ele>140.369</ele><time>2020-10-05T00:07:29Z</time></trkpt><trkpt lat="34.069712" lon="-118.141849"><ele>140.381</ele><time>2020-10-05T00:07:30Z</time></trkpt><trkpt lat="34.069708" lon="-118.141919"><ele>140.421</ele><time>2020-10-05T00:07:31Z</time></trkpt><trkpt lat="34.069709" lon="-118.141986"><ele>140.438</ele><time>2020-10-05T00:07:32Z</time></trkpt><trkpt lat="34.069705" lon="-118.142058"><ele>140.510</ele><time>2020-10-05T00:07:33Z</time></trkpt><trkpt lat="34.069698" lon="-118.142130"><ele>140.652</ele><time>2020-10-05T00:07:34Z</time></trkpt><trkpt lat="34.069698" lon="-118.142205"><ele>140.758</ele><time>2020-10-05T00:07:35Z</time></trkpt><trkpt lat="34.069697" lon="-118.142279"><ele>140.732</ele><time>2020-10-05T00:07:36Z</time></trkpt><trkpt lat="34.069692" lon="-118.142347"><ele>140.792</ele><time>2020-10-05T00:07:37Z</time></trkpt><trkpt lat="34.069689" lon="-118.142417"><ele>140.711</ele><time>2020-10-05T00:07:38Z</time></trkpt><trkpt lat="34.069685" lon="-118.142483"><ele>140.708</ele><time>2020-10-05T00:07:39Z</time></trkpt><trkpt lat="34.069690" lon="-118.142551"><ele>140.748</ele><time>2020-10-05T00:07:40Z</time></trkpt><trkpt lat="34.069694" lon="-118.142610"><ele>140.730</ele><time>2020-10-05T00:07:41Z</time></trkpt><trkpt lat="34.069694" lon="-118.142676"><ele>140.722</ele><time>2020-10-05T00:07:42Z</time></trkpt><trkpt lat="34.069700" lon="-118.142739"><ele>140.862</ele><time>2020-10-05T00:07:43Z</time></trkpt><trkpt lat="34.069700" lon="-118.142802"><ele>140.939</ele><time>2020-10-05T00:07:44Z</time></trkpt><trkpt lat="34.069705" lon="-118.142912"><ele>141.031</ele><time>2020-10-05T00:07:46Z</time></trkpt><trkpt lat="34.069704" lon="-118.142975"><ele>141.073</ele><time>2020-10-05T00:07:47Z</time></trkpt><trkpt lat="34.069707" lon="-118.143040"><ele>141.099</ele><time>2020-10-05T00:07:48Z</time></trkpt><trkpt lat="34.069704" lon="-118.143098"><ele>141.043</ele><time>2020-10-05T00:07:49Z</time></trkpt><trkpt lat="34.069698" lon="-118.143168"><ele>141.164</ele><time>2020-10-05T00:07:50Z</time></trkpt><trkpt lat="34.069700" lon="-118.143228"><ele>141.210</ele><time>2020-10-05T00:07:51Z</time></trkpt><trkpt lat="34.069702" lon="-118.143294"><ele>141.308</ele><time>2020-10-05T00:07:52Z</time></trkpt><trkpt lat="34.069705" lon="-118.143367"><ele>141.539</ele><time>2020-10-05T00:07:53Z</time></trkpt><trkpt lat="34.069708" lon="-118.143431"><ele>141.791</ele><time>2020-10-05T00:07:54Z</time></trkpt><trkpt lat="34.069710" lon="-118.143499"><ele>141.943</ele><time>2020-10-05T00:07:55Z</time></trkpt><trkpt lat="34.069708" lon="-118.143567"><ele>142.193</ele><time>2020-10-05T00:07:56Z</time></trkpt><trkpt lat="34.069709" lon="-118.143635"><ele>142.330</ele><time>2020-10-05T00:07:57Z</time></trkpt><trkpt lat="34.069712" lon="-118.143704"><ele>142.562</ele><time>2020-10-05T00:07:58Z</time></trkpt><trkpt lat="34.069708" lon="-118.143775"><ele>142.794</ele><time>2020-10-05T00:07:59Z</time></trkpt><trkpt lat="34.069706" lon="-118.143841"><ele>142.920</ele><time>2020-10-05T00:08:00Z</time></trkpt><trkpt lat="34.069703" lon="-118.143907"><ele>143.291</ele><time>2020-10-05T00:08:01Z</time></trkpt><trkpt lat="34.069699" lon="-118.143985"><ele>143.581</ele><time>2020-10-05T00:08:02Z</time></trkpt><trkpt lat="34.069702" lon="-118.144055"><ele>143.819</ele><time>2020-10-05T00:08:03Z</time></trkpt><trkpt lat="34.069702" lon="-118.144118"><ele>144.208</ele><time>2020-10-05T00:08:04Z</time></trkpt><trkpt lat="34.069695" lon="-118.144182"><ele>144.374</ele><time>2020-10-05T00:08:05Z</time></trkpt><trkpt lat="34.069692" lon="-118.144255"><ele>144.536</ele><time>2020-10-05T00:08:06Z</time></trkpt><trkpt lat="34.069699" lon="-118.144312"><ele>144.678</ele><time>2020-10-05T00:08:07Z</time></trkpt><trkpt lat="34.069700" lon="-118.144375"><ele>144.818</ele><time>2020-10-05T00:08:08Z</time></trkpt><trkpt lat="34.069701" lon="-118.144444"><ele>145.065</ele><time>2020-10-05T00:08:09Z</time></trkpt><trkpt lat="34.069708" lon="-118.144512"><ele>145.287</ele><time>2020-10-05T00:08:10Z</time></trkpt><trkpt lat="34.069713" lon="-118.144586"><ele>145.239</ele><time>2020-10-05T00:08:11Z</time></trkpt><trkpt lat="34.069713" lon="-118.144659"><ele>145.255</ele><time>2020-10-05T00:08:12Z</time></trkpt><trkpt lat="34.069714" lon="-118.144733"><ele>145.128</ele><time>2020-10-05T00:08:13Z</time></trkpt><trkpt lat="34.069718" lon="-118.144805"><ele>145.089</ele><time>2020-10-05T00:08:14Z</time></trkpt><trkpt lat="34.069718" lon="-118.144881"><ele>144.817</ele><time>2020-10-05T00:08:15Z</time></trkpt><trkpt lat="34.069723" lon="-118.144952"><ele>144.608</ele><time>2020-10-05T00:08:16Z</time></trkpt><trkpt lat="34.069722" lon="-118.145035"><ele>144.487</ele><time>2020-10-05T00:08:17Z</time></trkpt><trkpt lat="34.069715" lon="-118.145119"><ele>144.259</ele><time>2020-10-05T00:08:18Z</time></trkpt><trkpt lat="34.069709" lon="-118.145205"><ele>144.081</ele><time>2020-10-05T00:08:19Z</time></trkpt><trkpt lat="34.069713" lon="-118.145283"><ele>143.821</ele><time>2020-10-05T00:08:20Z</time></trkpt><trkpt lat="34.069716" lon="-118.145366"><ele>143.748</ele><time>2020-10-05T00:08:21Z</time></trkpt><trkpt lat="34.069716" lon="-118.145452"><ele>143.650</ele><time>2020-10-05T00:08:22Z</time></trkpt><trkpt lat="34.069711" lon="-118.145534"><ele>143.552</ele><time>2020-10-05T00:08:23Z</time></trkpt><trkpt lat="34.069713" lon="-118.145616"><ele>143.428</ele><time>2020-10-05T00:08:24Z</time></trkpt><trkpt lat="34.069713" lon="-118.145695"><ele>143.436</ele><time>2020-10-05T00:08:25Z</time></trkpt><trkpt lat="34.069709" lon="-118.145783"><ele>143.317</ele><time>2020-10-05T00:08:26Z</time></trkpt><trkpt lat="34.069710" lon="-118.145872"><ele>143.118</ele><time>2020-10-05T00:08:27Z</time></trkpt><trkpt lat="34.069706" lon="-118.145955"><ele>143.008</ele><time>2020-10-05T00:08:28Z</time></trkpt><trkpt lat="34.069703" lon="-118.146041"><ele>142.898</ele><time>2020-10-05T00:08:29Z</time></trkpt><trkpt lat="34.069707" lon="-118.146122"><ele>142.660</ele><time>2020-10-05T00:08:30Z</time></trkpt><trkpt lat="34.069707" lon="-118.146209"><ele>142.492</ele><time>2020-10-05T00:08:31Z</time></trkpt><trkpt lat="34.069704" lon="-118.146293"><ele>142.312</ele><time>2020-10-05T00:08:32Z</time></trkpt><trkpt lat="34.069697" lon="-118.146375"><ele>142.079</ele><time>2020-10-05T00:08:33Z</time></trkpt><trkpt lat="34.069691" lon="-118.146462"><ele>141.941</ele><time>2020-10-05T00:08:34Z</time></trkpt><trkpt lat="34.069683" lon="-118.146543"><ele>141.833</ele><time>2020-10-05T00:08:35Z</time></trkpt><trkpt lat="34.069680" lon="-118.146622"><ele>141.819</ele><time>2020-10-05T00:08:36Z</time></trkpt><trkpt lat="34.069677" lon="-118.146703"><ele>141.839</ele><time>2020-10-05T00:08:37Z</time></trkpt><trkpt lat="34.069675" lon="-118.146776"><ele>141.801</ele><time>2020-10-05T00:08:38Z</time></trkpt><trkpt lat="34.069673" lon="-118.146853"><ele>141.821</ele><time>2020-10-05T00:08:39Z</time></trkpt><trkpt lat="34.069672" lon="-118.146920"><ele>141.808</ele><time>2020-10-05T00:08:40Z</time></trkpt><trkpt lat="34.069682" lon="-118.146992"><ele>141.778</ele><time>2020-10-05T00:08:41Z</time></trkpt><trkpt lat="34.069687" lon="-118.147064"><ele>141.640</ele><time>2020-10-05T00:08:42Z</time></trkpt><trkpt lat="34.069689" lon="-118.147130"><ele>141.692</ele><time>2020-10-05T00:08:43Z</time></trkpt><trkpt lat="34.069686" lon="-118.147201"><ele>141.682</ele><time>2020-10-05T00:08:44Z</time></trkpt><trkpt lat="34.069678" lon="-118.147278"><ele>141.669</ele><time>2020-10-05T00:08:45Z</time></trkpt><trkpt lat="34.069673" lon="-118.147347"><ele>141.651</ele><time>2020-10-05T00:08:46Z</time></trkpt><trkpt lat="34.069674" lon="-118.147419"><ele>141.693</ele><time>2020-10-05T00:08:47Z</time></trkpt><trkpt lat="34.069676" lon="-118.147533"><ele>141.759</ele><time>2020-10-05T00:08:49Z</time></trkpt><trkpt lat="34.069670" lon="-118.147642"><ele>141.428</ele><time>2020-10-05T00:08:51Z</time></trkpt><trkpt lat="34.069665" lon="-118.147749"><ele>141.189</ele><time>2020-10-05T00:08:53Z</time></trkpt><trkpt lat="34.069668" lon="-118.147807"><ele>141.017</ele><time>2020-10-05T00:08:55Z</time></trkpt><trkpt lat="34.069672" lon="-118.147864"><ele>140.908</ele><time>2020-10-05T00:09:26Z</time></trkpt><trkpt lat="34.069695" lon="-118.147940"><ele>141.047</ele><time>2020-10-05T00:09:29Z</time></trkpt><trkpt lat="34.069701" lon="-118.148015"><ele>141.069</ele><time>2020-10-05T00:09:31Z</time></trkpt><trkpt lat="34.069657" lon="-118.148090"><ele>141.131</ele><time>2020-10-05T00:09:33Z</time></trkpt><trkpt lat="34.069616" lon="-118.148187"><ele>141.511</ele><time>2020-10-05T00:09:35Z</time></trkpt><trkpt lat="34.069593" lon="-118.148236"><ele>141.888</ele><time>2020-10-05T00:09:36Z</time></trkpt><trkpt lat="34.069570" lon="-118.148287"><ele>142.090</ele><time>2020-10-05T00:09:37Z</time></trkpt><trkpt lat="34.069540" lon="-118.148342"><ele>142.162</ele><time>2020-10-05T00:09:38Z</time></trkpt><trkpt lat="34.069504" lon="-118.148395"><ele>142.268</ele><time>2020-10-05T00:09:39Z</time></trkpt><trkpt lat="34.069470" lon="-118.148447"><ele>142.282</ele><time>2020-10-05T00:09:40Z</time></trkpt><trkpt lat="34.069446" lon="-118.148502"><ele>142.143</ele><time>2020-10-05T00:09:41Z</time></trkpt><trkpt lat="34.069417" lon="-118.148554"><ele>142.017</ele><time>2020-10-05T00:09:42Z</time></trkpt><trkpt lat="34.069390" lon="-118.148607"><ele>141.908</ele><time>2020-10-05T00:09:43Z</time></trkpt><trkpt lat="34.069364" lon="-118.148667"><ele>141.933</ele><time>2020-10-05T00:09:44Z</time></trkpt><trkpt lat="34.069338" lon="-118.148722"><ele>141.985</ele><time>2020-10-05T00:09:45Z</time></trkpt><trkpt lat="34.069307" lon="-118.148777"><ele>141.947</ele><time>2020-10-05T00:09:46Z</time></trkpt><trkpt lat="34.069275" lon="-118.148839"><ele>141.957</ele><time>2020-10-05T00:09:47Z</time></trkpt><trkpt lat="34.069240" lon="-118.148896"><ele>141.914</ele><time>2020-10-05T00:09:48Z</time></trkpt><trkpt lat="34.069191" lon="-118.148947"><ele>141.956</ele><time>2020-10-05T00:09:49Z</time></trkpt><trkpt lat="34.069150" lon="-118.148999"><ele>141.938</ele><time>2020-10-05T00:09:50Z</time></trkpt><trkpt lat="34.069121" lon="-118.149055"><ele>141.974</ele><time>2020-10-05T00:09:51Z</time></trkpt><trkpt lat="34.069099" lon="-118.149117"><ele>141.834</ele><time>2020-10-05T00:09:52Z</time></trkpt><trkpt lat="34.069061" lon="-118.149176"><ele>141.755</ele><time>2020-10-05T00:09:53Z</time></trkpt><trkpt lat="34.069029" lon="-118.149237"><ele>141.610</ele><time>2020-10-05T00:09:54Z</time></trkpt><trkpt lat="34.068999" lon="-118.149298"><ele>141.508</ele><time>2020-10-05T00:09:55Z</time></trkpt><trkpt lat="34.068971" lon="-118.149357"><ele>141.498</ele><time>2020-10-05T00:09:56Z</time></trkpt><trkpt lat="34.068936" lon="-118.149414"><ele>141.330</ele><time>2020-10-05T00:09:57Z</time></trkpt><trkpt lat="34.068905" lon="-118.149470"><ele>141.212</ele><time>2020-10-05T00:09:58Z</time></trkpt><trkpt lat="34.068870" lon="-118.149527"><ele>141.142</ele><time>2020-10-05T00:09:59Z</time></trkpt><trkpt lat="34.068833" lon="-118.149584"><ele>141.019</ele><time>2020-10-05T00:10:00Z</time></trkpt><trkpt lat="34.068796" lon="-118.149637"><ele>140.851</ele><time>2020-10-05T00:10:01Z</time></trkpt><trkpt lat="34.068760" lon="-118.149688"><ele>140.613</ele><time>2020-10-05T00:10:02Z</time></trkpt><trkpt lat="34.068722" lon="-118.149741"><ele>140.489</ele><time>2020-10-05T00:10:03Z</time></trkpt><trkpt lat="34.068687" lon="-118.149805"><ele>140.127</ele><time>2020-10-05T00:10:05Z</time></trkpt><trkpt lat="34.068651" lon="-118.149849"><ele>139.768</ele><time>2020-10-05T00:10:08Z</time></trkpt><trkpt lat="34.068612" lon="-118.149901"><ele>139.514</ele><time>2020-10-05T00:10:10Z</time></trkpt><trkpt lat="34.068548" lon="-118.149919"><ele>139.408</ele><time>2020-10-05T00:10:12Z</time></trkpt><trkpt lat="34.068495" lon="-118.149904"><ele>139.457</ele><time>2020-10-05T00:10:13Z</time></trkpt><trkpt lat="34.068405" lon="-118.149862"><ele>139.489</ele><time>2020-10-05T00:10:15Z</time></trkpt><trkpt lat="34.068353" lon="-118.149839"><ele>139.471</ele><time>2020-10-05T00:10:16Z</time></trkpt><trkpt lat="34.068294" lon="-118.149811"><ele>139.481</ele><time>2020-10-05T00:10:17Z</time></trkpt><trkpt lat="34.068250" lon="-118.149779"><ele>139.468</ele><time>2020-10-05T00:10:18Z</time></trkpt><trkpt lat="34.068198" lon="-118.149750"><ele>139.380</ele><time>2020-10-05T00:10:19Z</time></trkpt><trkpt lat="34.068147" lon="-118.149730"><ele>139.372</ele><time>2020-10-05T00:10:20Z</time></trkpt><trkpt lat="34.068084" lon="-118.149681"><ele>139.188</ele><time>2020-10-05T00:10:22Z</time></trkpt><trkpt lat="34.068023" lon="-118.149643"><ele>138.923</ele><time>2020-10-05T00:10:24Z</time></trkpt><trkpt lat="34.067975" lon="-118.149623"><ele>138.783</ele><time>2020-10-05T00:10:26Z</time></trkpt><trkpt lat="34.067906" lon="-118.149663"><ele>138.411</ele><time>2020-10-05T00:10:29Z</time></trkpt><trkpt lat="34.067879" lon="-118.149708"><ele>138.308</ele><time>2020-10-05T00:10:30Z</time></trkpt><trkpt lat="34.067846" lon="-118.149748"><ele>138.387</ele><time>2020-10-05T00:10:31Z</time></trkpt><trkpt lat="34.067824" lon="-118.149797"><ele>138.339</ele><time>2020-10-05T00:10:32Z</time></trkpt><trkpt lat="34.067796" lon="-118.149851"><ele>138.211</ele><time>2020-10-05T00:10:33Z</time></trkpt><trkpt lat="34.067776" lon="-118.149916"><ele>138.131</ele><time>2020-10-05T00:10:34Z</time></trkpt><trkpt lat="34.067767" lon="-118.149987"><ele>138.088</ele><time>2020-10-05T00:10:35Z</time></trkpt><trkpt lat="34.067785" lon="-118.150057"><ele>137.880</ele><time>2020-10-05T00:10:36Z</time></trkpt><trkpt lat="34.067810" lon="-118.150126"><ele>137.632</ele><time>2020-10-05T00:10:37Z</time></trkpt><trkpt lat="34.067845" lon="-118.150206"><ele>137.548</ele><time>2020-10-05T00:10:38Z</time></trkpt><trkpt lat="34.067874" lon="-118.150284"><ele>137.338</ele><time>2020-10-05T00:10:39Z</time></trkpt><trkpt lat="34.067916" lon="-118.150368"><ele>137.170</ele><time>2020-10-05T00:10:40Z</time></trkpt><trkpt lat="34.067959" lon="-118.150449"><ele>136.917</ele><time>2020-10-05T00:10:41Z</time></trkpt><trkpt lat="34.068010" lon="-118.150529"><ele>136.508</ele><time>2020-10-05T00:10:42Z</time></trkpt><trkpt lat="34.068075" lon="-118.150606"><ele>135.618</ele><time>2020-10-05T00:10:43Z</time></trkpt><trkpt lat="34.068137" lon="-118.150679"><ele>135.250</ele><time>2020-10-05T00:10:44Z</time></trkpt><trkpt lat="34.068204" lon="-118.150757"><ele>134.842</ele><time>2020-10-05T00:10:45Z</time></trkpt><trkpt lat="34.068272" lon="-118.150832"><ele>134.542</ele><time>2020-10-05T00:10:46Z</time></trkpt><trkpt lat="34.068336" lon="-118.150902"><ele>134.289</ele><time>2020-10-05T00:10:47Z</time></trkpt><trkpt lat="34.068417" lon="-118.150992"><ele>133.781</ele><time>2020-10-05T00:10:48Z</time></trkpt><trkpt lat="34.068496" lon="-118.151077"><ele>133.223</ele><time>2020-10-05T00:10:49Z</time></trkpt><trkpt lat="34.068569" lon="-118.151153"><ele>132.859</ele><time>2020-10-05T00:10:50Z</time></trkpt><trkpt lat="34.068633" lon="-118.151217"><ele>132.588</ele><time>2020-10-05T00:10:51Z</time></trkpt><trkpt lat="34.068705" lon="-118.151287"><ele>132.424</ele><time>2020-10-05T00:10:52Z</time></trkpt><trkpt lat="34.068773" lon="-118.151362"><ele>132.426</ele><time>2020-10-05T00:10:53Z</time></trkpt><trkpt lat="34.068837" lon="-118.151417"><ele>132.708</ele><time>2020-10-05T00:10:54Z</time></trkpt><trkpt lat="34.068907" lon="-118.151472"><ele>133.163</ele><time>2020-10-05T00:10:55Z</time></trkpt><trkpt lat="34.068964" lon="-118.151517"><ele>133.725</ele><time>2020-10-05T00:10:56Z</time></trkpt><trkpt lat="34.069018" lon="-118.151551"><ele>134.177</ele><time>2020-10-05T00:10:57Z</time></trkpt><trkpt lat="34.069063" lon="-118.151586"><ele>134.857</ele><time>2020-10-05T00:10:58Z</time></trkpt><trkpt lat="34.069106" lon="-118.151606"><ele>135.494</ele><time>2020-10-05T00:10:59Z</time></trkpt><trkpt lat="34.069195" lon="-118.151646"><ele>136.476</ele><time>2020-10-05T00:11:01Z</time></trkpt><trkpt lat="34.069260" lon="-118.151715"><ele>137.298</ele><time>2020-10-05T00:11:03Z</time></trkpt><trkpt lat="34.069330" lon="-118.151757"><ele>137.994</ele><time>2020-10-05T00:11:05Z</time></trkpt><trkpt lat="34.069393" lon="-118.151775"><ele>138.767</ele><time>2020-10-05T00:11:07Z</time></trkpt><trkpt lat="34.069433" lon="-118.151749"><ele>139.081</ele><time>2020-10-05T00:11:35Z</time></trkpt><trkpt lat="34.069479" lon="-118.151746"><ele>139.419</ele><time>2020-10-05T00:12:09Z</time></trkpt><trkpt lat="34.069549" lon="-118.151763"><ele>139.508</ele><time>2020-10-05T00:12:11Z</time></trkpt><trkpt lat="34.069620" lon="-118.151851"><ele>139.691</ele><time>2020-10-05T00:12:13Z</time></trkpt><trkpt lat="34.069643" lon="-118.151900"><ele>139.653</ele><time>2020-10-05T00:12:14Z</time></trkpt><trkpt lat="34.069661" lon="-118.151958"><ele>139.755</ele><time>2020-10-05T00:12:15Z</time></trkpt><trkpt lat="34.069666" lon="-118.152019"><ele>139.775</ele><time>2020-10-05T00:12:16Z</time></trkpt><trkpt lat="34.069661" lon="-118.152091"><ele>139.742</ele><time>2020-10-05T00:12:17Z</time></trkpt><trkpt lat="34.069662" lon="-118.152164"><ele>139.824</ele><time>2020-10-05T00:12:18Z</time></trkpt><trkpt lat="34.069659" lon="-118.152229"><ele>139.846</ele><time>2020-10-05T00:12:19Z</time></trkpt><trkpt lat="34.069657" lon="-118.152306"><ele>139.892</ele><time>2020-10-05T00:12:20Z</time></trkpt><trkpt lat="34.069662" lon="-118.152376"><ele>139.824</ele><time>2020-10-05T00:12:21Z</time></trkpt><trkpt lat="34.069657" lon="-118.152446"><ele>139.804</ele><time>2020-10-05T00:12:22Z</time></trkpt><trkpt lat="34.069657" lon="-118.152527"><ele>139.814</ele><time>2020-10-05T00:12:23Z</time></trkpt><trkpt lat="34.069659" lon="-118.152606"><ele>139.808</ele><time>2020-10-05T00:12:24Z</time></trkpt><trkpt lat="34.069659" lon="-118.152686"><ele>139.897</ele><time>2020-10-05T00:12:25Z</time></trkpt><trkpt lat="34.069662" lon="-118.152762"><ele>139.769</ele><time>2020-10-05T00:12:26Z</time></trkpt><trkpt lat="34.069660" lon="-118.152832"><ele>139.751</ele><time>2020-10-05T00:12:27Z</time></trkpt><trkpt lat="34.069653" lon="-118.152907"><ele>139.791</ele><time>2020-10-05T00:12:28Z</time></trkpt><trkpt lat="34.069656" lon="-118.152972"><ele>139.868</ele><time>2020-10-05T00:12:29Z</time></trkpt><trkpt lat="34.069658" lon="-118.153054"><ele>139.990</ele><time>2020-10-05T00:12:30Z</time></trkpt><trkpt lat="34.069661" lon="-118.153133"><ele>139.982</ele><time>2020-10-05T00:12:31Z</time></trkpt><trkpt lat="34.069663" lon="-118.153218"><ele>139.928</ele><time>2020-10-05T00:12:32Z</time></trkpt><trkpt lat="34.069666" lon="-118.153292"><ele>139.873</ele><time>2020-10-05T00:12:33Z</time></trkpt><trkpt lat="34.069657" lon="-118.153377"><ele>139.685</ele><time>2020-10-05T00:12:34Z</time></trkpt><trkpt lat="34.069658" lon="-118.153452"><ele>139.513</ele><time>2020-10-05T00:12:35Z</time></trkpt><trkpt lat="34.069651" lon="-118.153536"><ele>139.508</ele><time>2020-10-05T00:12:36Z</time></trkpt><trkpt lat="34.069647" lon="-118.153623"><ele>139.452</ele><time>2020-10-05T00:12:37Z</time></trkpt><trkpt lat="34.069656" lon="-118.153703"><ele>139.374</ele><time>2020-10-05T00:12:38Z</time></trkpt><trkpt lat="34.069655" lon="-118.153788"><ele>139.226</ele><time>2020-10-05T00:12:39Z</time></trkpt><trkpt lat="34.069655" lon="-118.153870"><ele>139.136</ele><time>2020-10-05T00:12:40Z</time></trkpt><trkpt lat="34.069661" lon="-118.153948"><ele>139.073</ele><time>2020-10-05T00:12:41Z</time></trkpt><trkpt lat="34.069657" lon="-118.154037"><ele>138.975</ele><time>2020-10-05T00:12:42Z</time></trkpt><trkpt lat="34.069658" lon="-118.154117"><ele>138.817</ele><time>2020-10-05T00:12:43Z</time></trkpt><trkpt lat="34.069651" lon="-118.154201"><ele>138.783</ele><time>2020-10-05T00:12:44Z</time></trkpt><trkpt lat="34.069647" lon="-118.154289"><ele>138.777</ele><time>2020-10-05T00:12:45Z</time></trkpt><trkpt lat="34.069646" lon="-118.154372"><ele>138.761</ele><time>2020-10-05T00:12:46Z</time></trkpt><trkpt lat="34.069643" lon="-118.154460"><ele>138.727</ele><time>2020-10-05T00:12:47Z</time></trkpt><trkpt lat="34.069643" lon="-118.154544"><ele>138.708</ele><time>2020-10-05T00:12:48Z</time></trkpt><trkpt lat="34.069649" lon="-118.154625"><ele>138.752</ele><time>2020-10-05T00:12:49Z</time></trkpt><trkpt lat="34.069648" lon="-118.154713"><ele>138.744</ele><time>2020-10-05T00:12:50Z</time></trkpt><trkpt lat="34.069640" lon="-118.154798"><ele>138.656</ele><time>2020-10-05T00:12:51Z</time></trkpt><trkpt lat="34.069647" lon="-118.154890"><ele>138.666</ele><time>2020-10-05T00:12:52Z</time></trkpt><trkpt lat="34.069652" lon="-118.154982"><ele>138.523</ele><time>2020-10-05T00:12:53Z</time></trkpt><trkpt lat="34.069659" lon="-118.155078"><ele>138.425</ele><time>2020-10-05T00:12:54Z</time></trkpt><trkpt lat="34.069661" lon="-118.155182"><ele>138.297</ele><time>2020-10-05T00:12:55Z</time></trkpt><trkpt lat="34.069665" lon="-118.155282"><ele>138.013</ele><time>2020-10-05T00:12:56Z</time></trkpt><trkpt lat="34.069665" lon="-118.155380"><ele>137.862</ele><time>2020-10-05T00:12:57Z</time></trkpt><trkpt lat="34.069670" lon="-118.155480"><ele>137.583</ele><time>2020-10-05T00:12:58Z</time></trkpt><trkpt lat="34.069667" lon="-118.155575"><ele>137.211</ele><time>2020-10-05T00:12:59Z</time></trkpt><trkpt lat="34.069671" lon="-118.155669"><ele>136.908</ele><time>2020-10-05T00:13:00Z</time></trkpt><trkpt lat="34.069666" lon="-118.155760"><ele>136.411</ele><time>2020-10-05T00:13:01Z</time></trkpt><trkpt lat="34.069657" lon="-118.155855"><ele>136.383</ele><time>2020-10-05T00:13:02Z</time></trkpt><trkpt lat="34.069652" lon="-118.155950"><ele>136.265</ele><time>2020-10-05T00:13:03Z</time></trkpt><trkpt lat="34.069640" lon="-118.156042"><ele>136.195</ele><time>2020-10-05T00:13:04Z</time></trkpt><trkpt lat="34.069642" lon="-118.156134"><ele>136.112</ele><time>2020-10-05T00:13:05Z</time></trkpt><trkpt lat="34.069634" lon="-118.156229"><ele>136.054</ele><time>2020-10-05T00:13:06Z</time></trkpt><trkpt lat="34.069633" lon="-118.156318"><ele>136.066</ele><time>2020-10-05T00:13:07Z</time></trkpt><trkpt lat="34.069632" lon="-118.156408"><ele>136.032</ele><time>2020-10-05T00:13:08Z</time></trkpt><trkpt lat="34.069634" lon="-118.156494"><ele>136.112</ele><time>2020-10-05T00:13:09Z</time></trkpt><trkpt lat="34.069637" lon="-118.156579"><ele>136.332</ele><time>2020-10-05T00:13:10Z</time></trkpt><trkpt lat="34.069641" lon="-118.156661"><ele>136.405</ele><time>2020-10-05T00:13:11Z</time></trkpt><trkpt lat="34.069643" lon="-118.156740"><ele>136.508</ele><time>2020-10-05T00:13:12Z</time></trkpt><trkpt lat="34.069646" lon="-118.156828"><ele>136.666</ele><time>2020-10-05T00:13:13Z</time></trkpt><trkpt lat="34.069648" lon="-118.156911"><ele>136.718</ele><time>2020-10-05T00:13:14Z</time></trkpt><trkpt lat="34.069657" lon="-118.156999"><ele>136.830</ele><time>2020-10-05T00:13:15Z</time></trkpt><trkpt lat="34.069659" lon="-118.157080"><ele>136.950</ele><time>2020-10-05T00:13:16Z</time></trkpt><trkpt lat="34.069660" lon="-118.157166"><ele>137.017</ele><time>2020-10-05T00:13:17Z</time></trkpt><trkpt lat="34.069662" lon="-118.157253"><ele>137.119</ele><time>2020-10-05T00:13:18Z</time></trkpt><trkpt lat="34.069670" lon="-118.157335"><ele>137.271</ele><time>2020-10-05T00:13:19Z</time></trkpt><trkpt lat="34.069667" lon="-118.157416"><ele>137.357</ele><time>2020-10-05T00:13:20Z</time></trkpt><trkpt lat="34.069662" lon="-118.157500"><ele>137.462</ele><time>2020-10-05T00:13:21Z</time></trkpt><trkpt lat="34.069652" lon="-118.157577"><ele>137.483</ele><time>2020-10-05T00:13:22Z</time></trkpt><trkpt lat="34.069660" lon="-118.157662"><ele>137.511</ele><time>2020-10-05T00:13:23Z</time></trkpt><trkpt lat="34.069661" lon="-118.157750"><ele>137.508</ele><time>2020-10-05T00:13:24Z</time></trkpt><trkpt lat="34.069662" lon="-118.157828"><ele>137.541</ele><time>2020-10-05T00:13:25Z</time></trkpt><trkpt lat="34.069663" lon="-118.157906"><ele>137.553</ele><time>2020-10-05T00:13:26Z</time></trkpt><trkpt lat="34.069671" lon="-118.157984"><ele>137.515</ele><time>2020-10-05T00:13:27Z</time></trkpt><trkpt lat="34.069668" lon="-118.158076"><ele>137.575</ele><time>2020-10-05T00:13:28Z</time></trkpt><trkpt lat="34.069667" lon="-118.158161"><ele>137.462</ele><time>2020-10-05T00:13:29Z</time></trkpt><trkpt lat="34.069664" lon="-118.158247"><ele>137.484</ele><time>2020-10-05T00:13:30Z</time></trkpt><trkpt lat="34.069668" lon="-118.158330"><ele>137.496</ele><time>2020-10-05T00:13:31Z</time></trkpt><trkpt lat="34.069671" lon="-118.158417"><ele>137.382</ele><time>2020-10-05T00:13:32Z</time></trkpt><trkpt lat="34.069665" lon="-118.158499"><ele>137.334</ele><time>2020-10-05T00:13:33Z</time></trkpt><trkpt lat="34.069665" lon="-118.158586"><ele>137.355</ele><time>2020-10-05T00:13:34Z</time></trkpt><trkpt lat="34.069661" lon="-118.158668"><ele>137.310</ele><time>2020-10-05T00:13:35Z</time></trkpt><trkpt lat="34.069667" lon="-118.158746"><ele>137.208</ele><time>2020-10-05T00:13:36Z</time></trkpt><trkpt lat="34.069664" lon="-118.158834"><ele>137.198</ele><time>2020-10-05T00:13:37Z</time></trkpt><trkpt lat="34.069668" lon="-118.158921"><ele>136.940</ele><time>2020-10-05T00:13:38Z</time></trkpt><trkpt lat="34.069657" lon="-118.159008"><ele>136.762</ele><time>2020-10-05T00:13:39Z</time></trkpt><trkpt lat="34.069655" lon="-118.159093"><ele>136.592</ele><time>2020-10-05T00:13:40Z</time></trkpt><trkpt lat="34.069649" lon="-118.159189"><ele>136.329</ele><time>2020-10-05T00:13:41Z</time></trkpt><trkpt lat="34.069647" lon="-118.159293"><ele>136.131</ele><time>2020-10-05T00:13:42Z</time></trkpt><trkpt lat="34.069649" lon="-118.159395"><ele>135.913</ele><time>2020-10-05T00:13:43Z</time></trkpt><trkpt lat="34.069654" lon="-118.159496"><ele>135.769</ele><time>2020-10-05T00:13:44Z</time></trkpt><trkpt lat="34.069651" lon="-118.159593"><ele>135.571</ele><time>2020-10-05T00:13:45Z</time></trkpt><trkpt lat="34.069650" lon="-118.159695"><ele>135.041</ele><time>2020-10-05T00:13:46Z</time></trkpt><trkpt lat="34.069645" lon="-118.159789"><ele>134.915</ele><time>2020-10-05T00:13:47Z</time></trkpt><trkpt lat="34.069653" lon="-118.159877"><ele>134.908</ele><time>2020-10-05T00:13:48Z</time></trkpt><trkpt lat="34.069654" lon="-118.159962"><ele>135.152</ele><time>2020-10-05T00:13:49Z</time></trkpt><trkpt lat="34.069651" lon="-118.160053"><ele>135.284</ele><time>2020-10-05T00:13:50Z</time></trkpt><trkpt lat="34.069659" lon="-118.160129"><ele>135.526</ele><time>2020-10-05T00:13:51Z</time></trkpt><trkpt lat="34.069667" lon="-118.160204"><ele>135.716</ele><time>2020-10-05T00:13:52Z</time></trkpt><trkpt lat="34.069666" lon="-118.160283"><ele>135.943</ele><time>2020-10-05T00:13:53Z</time></trkpt><trkpt lat="34.069672" lon="-118.160353"><ele>136.115</ele><time>2020-10-05T00:13:54Z</time></trkpt><trkpt lat="34.069675" lon="-118.160437"><ele>136.487</ele><time>2020-10-05T00:13:55Z</time></trkpt><trkpt lat="34.069677" lon="-118.160509"><ele>136.893</ele><time>2020-10-05T00:13:56Z</time></trkpt><trkpt lat="34.069678" lon="-118.160576"><ele>137.173</ele><time>2020-10-05T00:13:57Z</time></trkpt><trkpt lat="34.069674" lon="-118.160639"><ele>137.585</ele><time>2020-10-05T00:13:58Z</time></trkpt><trkpt lat="34.069672" lon="-118.160708"><ele>137.713</ele><time>2020-10-05T00:13:59Z</time></trkpt><trkpt lat="34.069666" lon="-118.160782"><ele>137.908</ele><time>2020-10-05T00:14:00Z</time></trkpt><trkpt lat="34.069663" lon="-118.160853"><ele>138.032</ele><time>2020-10-05T00:14:01Z</time></trkpt><trkpt lat="34.069664" lon="-118.160924"><ele>138.154</ele><time>2020-10-05T00:14:02Z</time></trkpt><trkpt lat="34.069662" lon="-118.160996"><ele>138.296</ele><time>2020-10-05T00:14:03Z</time></trkpt><trkpt lat="34.069668" lon="-118.161073"><ele>138.396</ele><time>2020-10-05T00:14:04Z</time></trkpt><trkpt lat="34.069670" lon="-118.161147"><ele>138.443</ele><time>2020-10-05T00:14:05Z</time></trkpt><trkpt lat="34.069668" lon="-118.161229"><ele>138.425</ele><time>2020-10-05T00:14:06Z</time></trkpt><trkpt lat="34.069666" lon="-118.161308"><ele>138.487</ele><time>2020-10-05T00:14:07Z</time></trkpt><trkpt lat="34.069672" lon="-118.161392"><ele>138.313</ele><time>2020-10-05T00:14:08Z</time></trkpt><trkpt lat="34.069668" lon="-118.161480"><ele>138.072</ele><time>2020-10-05T00:14:09Z</time></trkpt><trkpt lat="34.069666" lon="-118.161571"><ele>137.813</ele><time>2020-10-05T00:14:10Z</time></trkpt><trkpt lat="34.069661" lon="-118.161658"><ele>137.614</ele><time>2020-10-05T00:14:11Z</time></trkpt><trkpt lat="34.069669" lon="-118.161754"><ele>137.308</ele><time>2020-10-05T00:14:12Z</time></trkpt><trkpt lat="34.069671" lon="-118.161860"><ele>137.172</ele><time>2020-10-05T00:14:13Z</time></trkpt><trkpt lat="34.069672" lon="-118.161961"><ele>136.894</ele><time>2020-10-05T00:14:14Z</time></trkpt><trkpt lat="34.069676" lon="-118.162061"><ele>136.596</ele><time>2020-10-05T00:14:15Z</time></trkpt><trkpt lat="34.069684" lon="-118.162163"><ele>136.286</ele><time>2020-10-05T00:14:16Z</time></trkpt><trkpt lat="34.069677" lon="-118.162260"><ele>135.863</ele><time>2020-10-05T00:14:17Z</time></trkpt><trkpt lat="34.069679" lon="-118.162354"><ele>135.625</ele><time>2020-10-05T00:14:18Z</time></trkpt><trkpt lat="34.069682" lon="-118.162457"><ele>135.387</ele><time>2020-10-05T00:14:19Z</time></trkpt><trkpt lat="34.069686" lon="-118.162550"><ele>134.983</ele><time>2020-10-05T00:14:20Z</time></trkpt><trkpt lat="34.069689" lon="-118.162648"><ele>134.676</ele><time>2020-10-05T00:14:21Z</time></trkpt><trkpt lat="34.069691" lon="-118.162743"><ele>134.590</ele><time>2020-10-05T00:14:22Z</time></trkpt><trkpt lat="34.069684" lon="-118.162838"><ele>134.119</ele><time>2020-10-05T00:14:23Z</time></trkpt><trkpt lat="34.069696" lon="-118.162931"><ele>133.808</ele><time>2020-10-05T00:14:24Z</time></trkpt><trkpt lat="34.069714" lon="-118.163022"><ele>133.732</ele><time>2020-10-05T00:14:25Z</time></trkpt><trkpt lat="34.069746" lon="-118.163107"><ele>133.544</ele><time>2020-10-05T00:14:26Z</time></trkpt><trkpt lat="34.069785" lon="-118.163182"><ele>133.276</ele><time>2020-10-05T00:14:27Z</time></trkpt><trkpt lat="34.069826" lon="-118.163251"><ele>133.126</ele><time>2020-10-05T00:14:28Z</time></trkpt><trkpt lat="34.069865" lon="-118.163315"><ele>133.153</ele><time>2020-10-05T00:14:29Z</time></trkpt><trkpt lat="34.069906" lon="-118.163376"><ele>133.145</ele><time>2020-10-05T00:14:30Z</time></trkpt><trkpt lat="34.069944" lon="-118.163429"><ele>133.247</ele><time>2020-10-05T00:14:31Z</time></trkpt><trkpt lat="34.069988" lon="-118.163484"><ele>133.383</ele><time>2020-10-05T00:14:32Z</time></trkpt><trkpt lat="34.070032" lon="-118.163543"><ele>133.518</ele><time>2020-10-05T00:14:33Z</time></trkpt><trkpt lat="34.070082" lon="-118.163586"><ele>133.798</ele><time>2020-10-05T00:14:34Z</time></trkpt><trkpt lat="34.070123" lon="-118.163632"><ele>133.917</ele><time>2020-10-05T00:14:35Z</time></trkpt><trkpt lat="34.070162" lon="-118.163688"><ele>134.108</ele><time>2020-10-05T00:14:36Z</time></trkpt><trkpt lat="34.070200" lon="-118.163737"><ele>134.336</ele><time>2020-10-05T00:14:37Z</time></trkpt><trkpt lat="34.070241" lon="-118.163791"><ele>134.578</ele><time>2020-10-05T00:14:38Z</time></trkpt><trkpt lat="34.070277" lon="-118.163844"><ele>134.750</ele><time>2020-10-05T00:14:39Z</time></trkpt><trkpt lat="34.070312" lon="-118.163893"><ele>134.840</ele><time>2020-10-05T00:14:40Z</time></trkpt><trkpt lat="34.070348" lon="-118.163945"><ele>135.187</ele><time>2020-10-05T00:14:41Z</time></trkpt><trkpt lat="34.070386" lon="-118.163998"><ele>135.399</ele><time>2020-10-05T00:14:42Z</time></trkpt><trkpt lat="34.070424" lon="-118.164046"><ele>135.541</ele><time>2020-10-05T00:14:43Z</time></trkpt><trkpt lat="34.070462" lon="-118.164098"><ele>135.667</ele><time>2020-10-05T00:14:44Z</time></trkpt><trkpt lat="34.070499" lon="-118.164147"><ele>135.823</ele><time>2020-10-05T00:14:45Z</time></trkpt><trkpt lat="34.070535" lon="-118.164200"><ele>135.983</ele><time>2020-10-05T00:14:46Z</time></trkpt><trkpt lat="34.070579" lon="-118.164244"><ele>136.111</ele><time>2020-10-05T00:14:47Z</time></trkpt><trkpt lat="34.070617" lon="-118.164294"><ele>136.308</ele><time>2020-10-05T00:14:48Z</time></trkpt><trkpt lat="34.070653" lon="-118.164344"><ele>136.567</ele><time>2020-10-05T00:14:49Z</time></trkpt><trkpt lat="34.070693" lon="-118.164404"><ele>136.799</ele><time>2020-10-05T00:14:50Z</time></trkpt><trkpt lat="34.070732" lon="-118.164458"><ele>136.931</ele><time>2020-10-05T00:14:51Z</time></trkpt><trkpt lat="34.070771" lon="-118.164512"><ele>137.171</ele><time>2020-10-05T00:14:52Z</time></trkpt><trkpt lat="34.070812" lon="-118.164566"><ele>137.288</ele><time>2020-10-05T00:14:53Z</time></trkpt><trkpt lat="34.070852" lon="-118.164617"><ele>137.410</ele><time>2020-10-05T00:14:54Z</time></trkpt><trkpt lat="34.070892" lon="-118.164673"><ele>137.882</ele><time>2020-10-05T00:14:55Z</time></trkpt><trkpt lat="34.070932" lon="-118.164725"><ele>138.138</ele><time>2020-10-05T00:14:56Z</time></trkpt><trkpt lat="34.070969" lon="-118.164771"><ele>138.345</ele><time>2020-10-05T00:14:57Z</time></trkpt><trkpt lat="34.071003" lon="-118.164815"><ele>138.547</ele><time>2020-10-05T00:14:58Z</time></trkpt><trkpt lat="34.071043" lon="-118.164863"><ele>138.711</ele><time>2020-10-05T00:14:59Z</time></trkpt><trkpt lat="34.071077" lon="-118.164911"><ele>138.908</ele><time>2020-10-05T00:15:00Z</time></trkpt><trkpt lat="34.071115" lon="-118.164961"><ele>139.039</ele><time>2020-10-05T00:15:01Z</time></trkpt><trkpt lat="34.071154" lon="-118.165009"><ele>139.241</ele><time>2020-10-05T00:15:02Z</time></trkpt><trkpt lat="34.071191" lon="-118.165064"><ele>139.473</ele><time>2020-10-05T00:15:03Z</time></trkpt><trkpt lat="34.071227" lon="-118.165111"><ele>139.613</ele><time>2020-10-05T00:15:04Z</time></trkpt><trkpt lat="34.071272" lon="-118.165150"><ele>139.840</ele><time>2020-10-05T00:15:05Z</time></trkpt><trkpt lat="34.071298" lon="-118.165200"><ele>140.052</ele><time>2020-10-05T00:15:06Z</time></trkpt><trkpt lat="34.071334" lon="-118.165245"><ele>140.274</ele><time>2020-10-05T00:15:07Z</time></trkpt><trkpt lat="34.071368" lon="-118.165285"><ele>140.420</ele><time>2020-10-05T00:15:08Z</time></trkpt><trkpt lat="34.071408" lon="-118.165327"><ele>140.655</ele><time>2020-10-05T00:15:09Z</time></trkpt><trkpt lat="34.071446" lon="-118.165363"><ele>140.807</ele><time>2020-10-05T00:15:10Z</time></trkpt><trkpt lat="34.071476" lon="-118.165403"><ele>140.917</ele><time>2020-10-05T00:15:11Z</time></trkpt><trkpt lat="34.071535" lon="-118.165482"><ele>141.408</ele><time>2020-10-05T00:15:13Z</time></trkpt><trkpt lat="34.071596" lon="-118.165547"><ele>141.960</ele><time>2020-10-05T00:15:15Z</time></trkpt><trkpt lat="34.071636" lon="-118.165617"><ele>142.432</ele><time>2020-10-05T00:15:17Z</time></trkpt><trkpt lat="34.071657" lon="-118.165681"><ele>142.544</ele><time>2020-10-05T00:15:19Z</time></trkpt><trkpt lat="34.071660" lon="-118.165738"><ele>142.654</ele><time>2020-10-05T00:15:49Z</time></trkpt><trkpt lat="34.071691" lon="-118.165784"><ele>142.731</ele><time>2020-10-05T00:15:56Z</time></trkpt><trkpt lat="34.071708" lon="-118.165855"><ele>142.813</ele><time>2020-10-05T00:15:59Z</time></trkpt><trkpt lat="34.071711" lon="-118.165932"><ele>142.995</ele><time>2020-10-05T00:16:01Z</time></trkpt><trkpt lat="34.071726" lon="-118.166017"><ele>143.291</ele><time>2020-10-05T00:16:03Z</time></trkpt><trkpt lat="34.071745" lon="-118.166101"><ele>143.629</ele><time>2020-10-05T00:16:05Z</time></trkpt><trkpt lat="34.071756" lon="-118.166195"><ele>144.100</ele><time>2020-10-05T00:16:07Z</time></trkpt><trkpt lat="34.071757" lon="-118.166291"><ele>144.520</ele><time>2020-10-05T00:16:09Z</time></trkpt><trkpt lat="34.071759" lon="-118.166391"><ele>144.908</ele><time>2020-10-05T00:16:11Z</time></trkpt><trkpt lat="34.071755" lon="-118.166496"><ele>145.287</ele><time>2020-10-05T00:16:13Z</time></trkpt><trkpt lat="34.071754" lon="-118.166599"><ele>145.519</ele><time>2020-10-05T00:16:15Z</time></trkpt><trkpt lat="34.071760" lon="-118.166695"><ele>145.811</ele><time>2020-10-05T00:16:17Z</time></trkpt><trkpt lat="34.071765" lon="-118.166797"><ele>146.131</ele><time>2020-10-05T00:16:19Z</time></trkpt><trkpt lat="34.071767" lon="-118.166898"><ele>146.438</ele><time>2020-10-05T00:16:21Z</time></trkpt><trkpt lat="34.071768" lon="-118.167003"><ele>146.880</ele><time>2020-10-05T00:16:23Z</time></trkpt><trkpt lat="34.071770" lon="-118.167108"><ele>147.292</ele><time>2020-10-05T00:16:25Z</time></trkpt><trkpt lat="34.071771" lon="-118.167162"><ele>147.628</ele><time>2020-10-05T00:16:26Z</time></trkpt><trkpt lat="34.071776" lon="-118.167227"><ele>147.899</ele><time>2020-10-05T00:16:27Z</time></trkpt><trkpt lat="34.071777" lon="-118.167333"><ele>148.207</ele><time>2020-10-05T00:16:29Z</time></trkpt><trkpt lat="34.071776" lon="-118.167395"><ele>148.427</ele><time>2020-10-05T00:16:30Z</time></trkpt><trkpt lat="34.071782" lon="-118.167499"><ele>148.908</ele><time>2020-10-05T00:16:32Z</time></trkpt><trkpt lat="34.071774" lon="-118.167611"><ele>149.464</ele><time>2020-10-05T00:16:34Z</time></trkpt><trkpt lat="34.071770" lon="-118.167667"><ele>149.696</ele><time>2020-10-05T00:16:35Z</time></trkpt><trkpt lat="34.071768" lon="-118.167723"><ele>149.898</ele><time>2020-10-05T00:16:36Z</time></trkpt><trkpt lat="34.071764" lon="-118.167782"><ele>150.058</ele><time>2020-10-05T00:16:37Z</time></trkpt><trkpt lat="34.071761" lon="-118.167837"><ele>150.285</ele><time>2020-10-05T00:16:38Z</time></trkpt><trkpt lat="34.071755" lon="-118.167891"><ele>150.417</ele><time>2020-10-05T00:16:39Z</time></trkpt><trkpt lat="34.071751" lon="-118.167995"><ele>150.889</ele><time>2020-10-05T00:16:41Z</time></trkpt><trkpt lat="34.071736" lon="-118.168096"><ele>151.185</ele><time>2020-10-05T00:16:43Z</time></trkpt><trkpt lat="34.071718" lon="-118.168155"><ele>151.268</ele><time>2020-10-05T00:16:44Z</time></trkpt><trkpt lat="34.071693" lon="-118.168257"><ele>151.542</ele><time>2020-10-05T00:16:46Z</time></trkpt><trkpt lat="34.071669" lon="-118.168303"><ele>151.626</ele><time>2020-10-05T00:16:47Z</time></trkpt><trkpt lat="34.071636" lon="-118.168403"><ele>151.908</ele><time>2020-10-05T00:16:49Z</time></trkpt><trkpt lat="34.071612" lon="-118.168470"><ele>152.091</ele><time>2020-10-05T00:16:50Z</time></trkpt><trkpt lat="34.071589" lon="-118.168520"><ele>152.153</ele><time>2020-10-05T00:16:51Z</time></trkpt><trkpt lat="34.071547" lon="-118.168603"><ele>152.375</ele><time>2020-10-05T00:16:53Z</time></trkpt><trkpt lat="34.071516" lon="-118.168648"><ele>152.445</ele><time>2020-10-05T00:16:54Z</time></trkpt><trkpt lat="34.071465" lon="-118.168736"><ele>152.772</ele><time>2020-10-05T00:16:56Z</time></trkpt><trkpt lat="34.071431" lon="-118.168775"><ele>152.844</ele><time>2020-10-05T00:16:57Z</time></trkpt><trkpt lat="34.071377" lon="-118.168841"><ele>153.166</ele><time>2020-10-05T00:16:59Z</time></trkpt><trkpt lat="34.071346" lon="-118.168885"><ele>153.292</ele><time>2020-10-05T00:17:00Z</time></trkpt><trkpt lat="34.071309" lon="-118.168927"><ele>153.388</ele><time>2020-10-05T00:17:01Z</time></trkpt><trkpt lat="34.071243" lon="-118.168992"><ele>153.524</ele><time>2020-10-05T00:17:03Z</time></trkpt><trkpt lat="34.071164" lon="-118.169030"><ele>153.826</ele><time>2020-10-05T00:17:05Z</time></trkpt><trkpt lat="34.071106" lon="-118.169051"><ele>153.908</ele><time>2020-10-05T00:17:06Z</time></trkpt><trkpt lat="34.071054" lon="-118.169066"><ele>154.133</ele><time>2020-10-05T00:17:07Z</time></trkpt><trkpt lat="34.071011" lon="-118.169084"><ele>154.285</ele><time>2020-10-05T00:17:08Z</time></trkpt><trkpt lat="34.070965" lon="-118.169100"><ele>154.377</ele><time>2020-10-05T00:17:09Z</time></trkpt><trkpt lat="34.070921" lon="-118.169111"><ele>154.497</ele><time>2020-10-05T00:17:10Z</time></trkpt><trkpt lat="34.070850" lon="-118.169125"><ele>154.794</ele><time>2020-10-05T00:17:12Z</time></trkpt><trkpt lat="34.070802" lon="-118.169135"><ele>154.836</ele><time>2020-10-05T00:17:13Z</time></trkpt><trkpt lat="34.070729" lon="-118.169160"><ele>155.098</ele><time>2020-10-05T00:17:15Z</time></trkpt><trkpt lat="34.070651" lon="-118.169163"><ele>155.284</ele><time>2020-10-05T00:17:17Z</time></trkpt><trkpt lat="34.070564" lon="-118.169166"><ele>155.445</ele><time>2020-10-05T00:17:19Z</time></trkpt><trkpt lat="34.070477" lon="-118.169170"><ele>155.647</ele><time>2020-10-05T00:17:21Z</time></trkpt><trkpt lat="34.070432" lon="-118.169172"><ele>155.711</ele><time>2020-10-05T00:17:22Z</time></trkpt><trkpt lat="34.070387" lon="-118.169173"><ele>155.708</ele><time>2020-10-05T00:17:23Z</time></trkpt><trkpt lat="34.070337" lon="-118.169166"><ele>155.749</ele><time>2020-10-05T00:17:24Z</time></trkpt><trkpt lat="34.070249" lon="-118.169169"><ele>155.951</ele><time>2020-10-05T00:17:26Z</time></trkpt><trkpt lat="34.070162" lon="-118.169173"><ele>156.233</ele><time>2020-10-05T00:17:28Z</time></trkpt><trkpt lat="34.070075" lon="-118.169172"><ele>156.583</ele><time>2020-10-05T00:17:30Z</time></trkpt><trkpt lat="34.069987" lon="-118.169182"><ele>156.760</ele><time>2020-10-05T00:17:32Z</time></trkpt><trkpt lat="34.069908" lon="-118.169200"><ele>156.992</ele><time>2020-10-05T00:17:34Z</time></trkpt><trkpt lat="34.069825" lon="-118.169232"><ele>157.264</ele><time>2020-10-05T00:17:36Z</time></trkpt><trkpt lat="34.069743" lon="-118.169262"><ele>157.470</ele><time>2020-10-05T00:17:38Z</time></trkpt><trkpt lat="34.069662" lon="-118.169298"><ele>157.657</ele><time>2020-10-05T00:17:40Z</time></trkpt><trkpt lat="34.069589" lon="-118.169352"><ele>157.900</ele><time>2020-10-05T00:17:42Z</time></trkpt><trkpt lat="34.069515" lon="-118.169413"><ele>158.220</ele><time>2020-10-05T00:17:44Z</time></trkpt><trkpt lat="34.069446" lon="-118.169467"><ele>158.608</ele><time>2020-10-05T00:17:46Z</time></trkpt><trkpt lat="34.069406" lon="-118.169497"><ele>158.720</ele><time>2020-10-05T00:17:47Z</time></trkpt><trkpt lat="34.069364" lon="-118.169529"><ele>158.852</ele><time>2020-10-05T00:17:48Z</time></trkpt><trkpt lat="34.069307" lon="-118.169599"><ele>159.154</ele><time>2020-10-05T00:17:50Z</time></trkpt><trkpt lat="34.069229" lon="-118.169653"><ele>159.434</ele><time>2020-10-05T00:17:52Z</time></trkpt><trkpt lat="34.069152" lon="-118.169691"><ele>159.621</ele><time>2020-10-05T00:17:54Z</time></trkpt><trkpt lat="34.069075" lon="-118.169736"><ele>159.793</ele><time>2020-10-05T00:17:56Z</time></trkpt><trkpt lat="34.068993" lon="-118.169771"><ele>159.925</ele><time>2020-10-05T00:17:58Z</time></trkpt><trkpt lat="34.068905" lon="-118.169792"><ele>160.141</ele><time>2020-10-05T00:18:00Z</time></trkpt><trkpt lat="34.068860" lon="-118.169802"><ele>160.219</ele><time>2020-10-05T00:18:01Z</time></trkpt><trkpt lat="34.068815" lon="-118.169811"><ele>160.309</ele><time>2020-10-05T00:18:02Z</time></trkpt><trkpt lat="34.068761" lon="-118.169813"><ele>160.419</ele><time>2020-10-05T00:18:03Z</time></trkpt><trkpt lat="34.068672" lon="-118.169820"><ele>160.608</ele><time>2020-10-05T00:18:05Z</time></trkpt><trkpt lat="34.068626" lon="-118.169817"><ele>160.776</ele><time>2020-10-05T00:18:06Z</time></trkpt><trkpt lat="34.068580" lon="-118.169815"><ele>160.818</ele><time>2020-10-05T00:18:07Z</time></trkpt><trkpt lat="34.068533" lon="-118.169808"><ele>161.010</ele><time>2020-10-05T00:18:08Z</time></trkpt><trkpt lat="34.068487" lon="-118.169795"><ele>161.290</ele><time>2020-10-05T00:18:09Z</time></trkpt><trkpt lat="34.068400" lon="-118.169780"><ele>161.577</ele><time>2020-10-05T00:18:11Z</time></trkpt><trkpt lat="34.068354" lon="-118.169771"><ele>161.639</ele><time>2020-10-05T00:18:12Z</time></trkpt><trkpt lat="34.068312" lon="-118.169747"><ele>161.791</ele><time>2020-10-05T00:18:13Z</time></trkpt><trkpt lat="34.068231" lon="-118.169709"><ele>161.947</ele><time>2020-10-05T00:18:15Z</time></trkpt><trkpt lat="34.068149" lon="-118.169677"><ele>162.025</ele><time>2020-10-05T00:18:17Z</time></trkpt><trkpt lat="34.068104" lon="-118.169660"><ele>162.126</ele><time>2020-10-05T00:18:18Z</time></trkpt><trkpt lat="34.068058" lon="-118.169639"><ele>162.208</ele><time>2020-10-05T00:18:19Z</time></trkpt><trkpt lat="34.068012" lon="-118.169618"><ele>162.208</ele><time>2020-10-05T00:18:20Z</time></trkpt><trkpt lat="34.067966" lon="-118.169597"><ele>162.277</ele><time>2020-10-05T00:18:21Z</time></trkpt><trkpt lat="34.067913" lon="-118.169573"><ele>162.239</ele><time>2020-10-05T00:18:22Z</time></trkpt><trkpt lat="34.067864" lon="-118.169553"><ele>162.141</ele><time>2020-10-05T00:18:23Z</time></trkpt><trkpt lat="34.067814" lon="-118.169533"><ele>162.011</ele><time>2020-10-05T00:18:24Z</time></trkpt><trkpt lat="34.067765" lon="-118.169518"><ele>161.918</ele><time>2020-10-05T00:18:25Z</time></trkpt><trkpt lat="34.067707" lon="-118.169509"><ele>161.850</ele><time>2020-10-05T00:18:26Z</time></trkpt><trkpt lat="34.067646" lon="-118.169503"><ele>161.682</ele><time>2020-10-05T00:18:27Z</time></trkpt><trkpt lat="34.067601" lon="-118.169490"><ele>161.488</ele><time>2020-10-05T00:18:28Z</time></trkpt><trkpt lat="34.067549" lon="-118.169488"><ele>161.239</ele><time>2020-10-05T00:18:29Z</time></trkpt><trkpt lat="34.067491" lon="-118.169486"><ele>161.101</ele><time>2020-10-05T00:18:30Z</time></trkpt><trkpt lat="34.067433" lon="-118.169496"><ele>160.921</ele><time>2020-10-05T00:18:31Z</time></trkpt><trkpt lat="34.067374" lon="-118.169503"><ele>160.708</ele><time>2020-10-05T00:18:32Z</time></trkpt><trkpt lat="34.067314" lon="-118.169518"><ele>160.598</ele><time>2020-10-05T00:18:33Z</time></trkpt><trkpt lat="34.067256" lon="-118.169535"><ele>160.380</ele><time>2020-10-05T00:18:34Z</time></trkpt><trkpt lat="34.067191" lon="-118.169560"><ele>160.182</ele><time>2020-10-05T00:18:35Z</time></trkpt><trkpt lat="34.067129" lon="-118.169585"><ele>159.842</ele><time>2020-10-05T00:18:36Z</time></trkpt><trkpt lat="34.067064" lon="-118.169620"><ele>159.639</ele><time>2020-10-05T00:18:37Z</time></trkpt><trkpt lat="34.067008" lon="-118.169658"><ele>159.511</ele><time>2020-10-05T00:18:38Z</time></trkpt><trkpt lat="34.066958" lon="-118.169707"><ele>159.493</ele><time>2020-10-05T00:18:39Z</time></trkpt><trkpt lat="34.066910" lon="-118.169749"><ele>159.329</ele><time>2020-10-05T00:18:40Z</time></trkpt><trkpt lat="34.066855" lon="-118.169799"><ele>159.221</ele><time>2020-10-05T00:18:41Z</time></trkpt><trkpt lat="34.066803" lon="-118.169861"><ele>159.141</ele><time>2020-10-05T00:18:42Z</time></trkpt><trkpt lat="34.066748" lon="-118.169922"><ele>158.705</ele><time>2020-10-05T00:18:43Z</time></trkpt><trkpt lat="34.066697" lon="-118.169987"><ele>158.408</ele><time>2020-10-05T00:18:44Z</time></trkpt><trkpt lat="34.066647" lon="-118.170064"><ele>158.117</ele><time>2020-10-05T00:18:45Z</time></trkpt><trkpt lat="34.066611" lon="-118.170136"><ele>157.919</ele><time>2020-10-05T00:18:46Z</time></trkpt><trkpt lat="34.066584" lon="-118.170221"><ele>157.711</ele><time>2020-10-05T00:18:47Z</time></trkpt><trkpt lat="34.066548" lon="-118.170310"><ele>157.561</ele><time>2020-10-05T00:18:48Z</time></trkpt><trkpt lat="34.066517" lon="-118.170398"><ele>157.528</ele><time>2020-10-05T00:18:49Z</time></trkpt><trkpt lat="34.066497" lon="-118.170485"><ele>157.650</ele><time>2020-10-05T00:18:50Z</time></trkpt><trkpt lat="34.066485" lon="-118.170564"><ele>157.792</ele><time>2020-10-05T00:18:51Z</time></trkpt><trkpt lat="34.066470" lon="-118.170642"><ele>157.858</ele><time>2020-10-05T00:18:52Z</time></trkpt><trkpt lat="34.066457" lon="-118.170719"><ele>158.048</ele><time>2020-10-05T00:18:53Z</time></trkpt><trkpt lat="34.066440" lon="-118.170791"><ele>158.261</ele><time>2020-10-05T00:18:54Z</time></trkpt><trkpt lat="34.066429" lon="-118.170860"><ele>158.217</ele><time>2020-10-05T00:18:55Z</time></trkpt><trkpt lat="34.066413" lon="-118.170929"><ele>158.208</ele><time>2020-10-05T00:18:56Z</time></trkpt><trkpt lat="34.066398" lon="-118.170993"><ele>158.299</ele><time>2020-10-05T00:18:57Z</time></trkpt><trkpt lat="34.066385" lon="-118.171061"><ele>158.391</ele><time>2020-10-05T00:18:58Z</time></trkpt><trkpt lat="34.066376" lon="-118.171132"><ele>158.483</ele><time>2020-10-05T00:18:59Z</time></trkpt><trkpt lat="34.066367" lon="-118.171197"><ele>158.543</ele><time>2020-10-05T00:19:00Z</time></trkpt><trkpt lat="34.066352" lon="-118.171265"><ele>158.730</ele><time>2020-10-05T00:19:01Z</time></trkpt><trkpt lat="34.066340" lon="-118.171321"><ele>158.972</ele><time>2020-10-05T00:19:02Z</time></trkpt><trkpt lat="34.066326" lon="-118.171384"><ele>159.174</ele><time>2020-10-05T00:19:03Z</time></trkpt><trkpt lat="34.066311" lon="-118.171451"><ele>159.410</ele><time>2020-10-05T00:19:04Z</time></trkpt><trkpt lat="34.066291" lon="-118.171511"><ele>159.747</ele><time>2020-10-05T00:19:05Z</time></trkpt><trkpt lat="34.066272" lon="-118.171573"><ele>160.229</ele><time>2020-10-05T00:19:06Z</time></trkpt><trkpt lat="34.066255" lon="-118.171632"><ele>160.421</ele><time>2020-10-05T00:19:07Z</time></trkpt><trkpt lat="34.066233" lon="-118.171694"><ele>160.608</ele><time>2020-10-05T00:19:08Z</time></trkpt><trkpt lat="34.066196" lon="-118.171740"><ele>160.869</ele><time>2020-10-05T00:19:09Z</time></trkpt><trkpt lat="34.066147" lon="-118.171836"><ele>160.951</ele><time>2020-10-05T00:19:11Z</time></trkpt><trkpt lat="34.066124" lon="-118.171889"><ele>161.033</ele><time>2020-10-05T00:19:12Z</time></trkpt><trkpt lat="34.066104" lon="-118.171946"><ele>161.063</ele><time>2020-10-05T00:19:13Z</time></trkpt><trkpt lat="34.066085" lon="-118.172002"><ele>161.070</ele><time>2020-10-05T00:19:14Z</time></trkpt><trkpt lat="34.066027" lon="-118.172097"><ele>161.212</ele><time>2020-10-05T00:19:16Z</time></trkpt><trkpt lat="34.065997" lon="-118.172148"><ele>161.314</ele><time>2020-10-05T00:19:17Z</time></trkpt><trkpt lat="34.065960" lon="-118.172192"><ele>161.450</ele><time>2020-10-05T00:19:18Z</time></trkpt><trkpt lat="34.065924" lon="-118.172243"><ele>161.498</ele><time>2020-10-05T00:19:19Z</time></trkpt><trkpt lat="34.065889" lon="-118.172284"><ele>161.315</ele><time>2020-10-05T00:19:20Z</time></trkpt><trkpt lat="34.065851" lon="-118.172323"><ele>161.226</ele><time>2020-10-05T00:19:21Z</time></trkpt><trkpt lat="34.065811" lon="-118.172371"><ele>161.008</ele><time>2020-10-05T00:19:22Z</time></trkpt><trkpt lat="34.065766" lon="-118.172411"><ele>160.834</ele><time>2020-10-05T00:19:23Z</time></trkpt><trkpt lat="34.065726" lon="-118.172451"><ele>160.676</ele><time>2020-10-05T00:19:24Z</time></trkpt><trkpt lat="34.065681" lon="-118.172489"><ele>160.478</ele><time>2020-10-05T00:19:25Z</time></trkpt><trkpt lat="34.065632" lon="-118.172534"><ele>160.268</ele><time>2020-10-05T00:19:26Z</time></trkpt><trkpt lat="34.065585" lon="-118.172574"><ele>160.055</ele><time>2020-10-05T00:19:27Z</time></trkpt><trkpt lat="34.065530" lon="-118.172617"><ele>159.877</ele><time>2020-10-05T00:19:28Z</time></trkpt><trkpt lat="34.065467" lon="-118.172651"><ele>159.539</ele><time>2020-10-05T00:19:29Z</time></trkpt><trkpt lat="34.065405" lon="-118.172682"><ele>159.395</ele><time>2020-10-05T00:19:30Z</time></trkpt><trkpt lat="34.065341" lon="-118.172714"><ele>159.118</ele><time>2020-10-05T00:19:31Z</time></trkpt><trkpt lat="34.065273" lon="-118.172736"><ele>159.098</ele><time>2020-10-05T00:19:32Z</time></trkpt><trkpt lat="34.065203" lon="-118.172766"><ele>158.817</ele><time>2020-10-05T00:19:33Z</time></trkpt><trkpt lat="34.065127" lon="-118.172795"><ele>158.608</ele><time>2020-10-05T00:19:34Z</time></trkpt><trkpt lat="34.065056" lon="-118.172829"><ele>158.316</ele><time>2020-10-05T00:19:35Z</time></trkpt><trkpt lat="34.064990" lon="-118.172869"><ele>157.968</ele><time>2020-10-05T00:19:36Z</time></trkpt><trkpt lat="34.064922" lon="-118.172901"><ele>157.650</ele><time>2020-10-05T00:19:37Z</time></trkpt><trkpt lat="34.064852" lon="-118.172924"><ele>157.350</ele><time>2020-10-05T00:19:38Z</time></trkpt><trkpt lat="34.064777" lon="-118.172949"><ele>157.157</ele><time>2020-10-05T00:19:39Z</time></trkpt><trkpt lat="34.064699" lon="-118.172971"><ele>156.949</ele><time>2020-10-05T00:19:40Z</time></trkpt><trkpt lat="34.064618" lon="-118.172994"><ele>156.751</ele><time>2020-10-05T00:19:41Z</time></trkpt><trkpt lat="34.064534" lon="-118.173019"><ele>156.327</ele><time>2020-10-05T00:19:42Z</time></trkpt><trkpt lat="34.064459" lon="-118.173047"><ele>156.214</ele><time>2020-10-05T00:19:43Z</time></trkpt><trkpt lat="34.064384" lon="-118.173077"><ele>156.054</ele><time>2020-10-05T00:19:44Z</time></trkpt><trkpt lat="34.064309" lon="-118.173110"><ele>155.809</ele><time>2020-10-05T00:19:45Z</time></trkpt><trkpt lat="34.064234" lon="-118.173141"><ele>155.608</ele><time>2020-10-05T00:19:46Z</time></trkpt><trkpt lat="34.064156" lon="-118.173180"><ele>155.696</ele><time>2020-10-05T00:19:47Z</time></trkpt><trkpt lat="34.064075" lon="-118.173213"><ele>155.368</ele><time>2020-10-05T00:19:48Z</time></trkpt><trkpt lat="34.063993" lon="-118.173243"><ele>154.910</ele><time>2020-10-05T00:19:49Z</time></trkpt><trkpt lat="34.063914" lon="-118.173274"><ele>154.040</ele><time>2020-10-05T00:19:50Z</time></trkpt><trkpt lat="34.063833" lon="-118.173311"><ele>153.597</ele><time>2020-10-05T00:19:51Z</time></trkpt><trkpt lat="34.063753" lon="-118.173357"><ele>153.119</ele><time>2020-10-05T00:19:52Z</time></trkpt><trkpt lat="34.063677" lon="-118.173400"><ele>152.871</ele><time>2020-10-05T00:19:53Z</time></trkpt><trkpt lat="34.063602" lon="-118.173444"><ele>152.597</ele><time>2020-10-05T00:19:54Z</time></trkpt><trkpt lat="34.063526" lon="-118.173490"><ele>152.339</ele><time>2020-10-05T00:19:55Z</time></trkpt><trkpt lat="34.063450" lon="-118.173537"><ele>152.101</ele><time>2020-10-05T00:19:56Z</time></trkpt><trkpt lat="34.063373" lon="-118.173579"><ele>151.821</ele><time>2020-10-05T00:19:57Z</time></trkpt><trkpt lat="34.063301" lon="-118.173623"><ele>151.508</ele><time>2020-10-05T00:19:58Z</time></trkpt><trkpt lat="34.063228" lon="-118.173670"><ele>151.338</ele><time>2020-10-05T00:19:59Z</time></trkpt><trkpt lat="34.063156" lon="-118.173721"><ele>151.050</ele><time>2020-10-05T00:20:00Z</time></trkpt><trkpt lat="34.063083" lon="-118.173774"><ele>150.892</ele><time>2020-10-05T00:20:01Z</time></trkpt><trkpt lat="34.063024" lon="-118.173832"><ele>150.692</ele><time>2020-10-05T00:20:02Z</time></trkpt><trkpt lat="34.062960" lon="-118.173874"><ele>150.349</ele><time>2020-10-05T00:20:03Z</time></trkpt><trkpt lat="34.062891" lon="-118.173919"><ele>150.141</ele><time>2020-10-05T00:20:04Z</time></trkpt><trkpt lat="34.062827" lon="-118.173968"><ele>150.193</ele><time>2020-10-05T00:20:05Z</time></trkpt><trkpt lat="34.062760" lon="-118.174020"><ele>150.029</ele><time>2020-10-05T00:20:06Z</time></trkpt><trkpt lat="34.062700" lon="-118.174070"><ele>149.911</ele><time>2020-10-05T00:20:07Z</time></trkpt><trkpt lat="34.062643" lon="-118.174116"><ele>149.821</ele><time>2020-10-05T00:20:08Z</time></trkpt><trkpt lat="34.062583" lon="-118.174157"><ele>149.803</ele><time>2020-10-05T00:20:09Z</time></trkpt><trkpt lat="34.062524" lon="-118.174199"><ele>149.708</ele><time>2020-10-05T00:20:10Z</time></trkpt><trkpt lat="34.062463" lon="-118.174239"><ele>149.616</ele><time>2020-10-05T00:20:11Z</time></trkpt><trkpt lat="34.062395" lon="-118.174267"><ele>149.578</ele><time>2020-10-05T00:20:12Z</time></trkpt><trkpt lat="34.062335" lon="-118.174289"><ele>149.330</ele><time>2020-10-05T00:20:13Z</time></trkpt><trkpt lat="34.062268" lon="-118.174304"><ele>149.150</ele><time>2020-10-05T00:20:14Z</time></trkpt><trkpt lat="34.062195" lon="-118.174305"><ele>148.887</ele><time>2020-10-05T00:20:15Z</time></trkpt><trkpt lat="34.062125" lon="-118.174305"><ele>148.579</ele><time>2020-10-05T00:20:16Z</time></trkpt><trkpt lat="34.062049" lon="-118.174308"><ele>148.331</ele><time>2020-10-05T00:20:17Z</time></trkpt><trkpt lat="34.061977" lon="-118.174289"><ele>148.027</ele><time>2020-10-05T00:20:18Z</time></trkpt><trkpt lat="34.061905" lon="-118.174280"><ele>147.758</ele><time>2020-10-05T00:20:19Z</time></trkpt><trkpt lat="34.061836" lon="-118.174283"><ele>147.652</ele><time>2020-10-05T00:20:20Z</time></trkpt><trkpt lat="34.061769" lon="-118.174282"><ele>147.417</ele><time>2020-10-05T00:20:21Z</time></trkpt><trkpt lat="34.061687" lon="-118.174274"><ele>147.208</ele><time>2020-10-05T00:20:22Z</time></trkpt><trkpt lat="34.061617" lon="-118.174286"><ele>147.010</ele><time>2020-10-05T00:20:23Z</time></trkpt><trkpt lat="34.061552" lon="-118.174306"><ele>146.922</ele><time>2020-10-05T00:20:24Z</time></trkpt><trkpt lat="34.061493" lon="-118.174339"><ele>146.654</ele><time>2020-10-05T00:20:25Z</time></trkpt><trkpt lat="34.061451" lon="-118.174384"><ele>146.454</ele><time>2020-10-05T00:20:26Z</time></trkpt><trkpt lat="34.061425" lon="-118.174447"><ele>146.221</ele><time>2020-10-05T00:20:27Z</time></trkpt><trkpt lat="34.061416" lon="-118.174518"><ele>146.193</ele><time>2020-10-05T00:20:28Z</time></trkpt><trkpt lat="34.061418" lon="-118.174588"><ele>146.065</ele><time>2020-10-05T00:20:29Z</time></trkpt><trkpt lat="34.061418" lon="-118.174652"><ele>146.061</ele><time>2020-10-05T00:20:30Z</time></trkpt><trkpt lat="34.061415" lon="-118.174732"><ele>146.066</ele><time>2020-10-05T00:20:31Z</time></trkpt><trkpt lat="34.061420" lon="-118.174818"><ele>146.229</ele><time>2020-10-05T00:20:32Z</time></trkpt><trkpt lat="34.061412" lon="-118.174891"><ele>146.321</ele><time>2020-10-05T00:20:33Z</time></trkpt><trkpt lat="34.061418" lon="-118.174960"><ele>146.408</ele><time>2020-10-05T00:20:34Z</time></trkpt><trkpt lat="34.061415" lon="-118.175038"><ele>146.491</ele><time>2020-10-05T00:20:35Z</time></trkpt><trkpt lat="34.061417" lon="-118.175118"><ele>146.453</ele><time>2020-10-05T00:20:36Z</time></trkpt><trkpt lat="34.061410" lon="-118.175206"><ele>146.255</ele><time>2020-10-05T00:20:37Z</time></trkpt><trkpt lat="34.061407" lon="-118.175292"><ele>146.085</ele><time>2020-10-05T00:20:38Z</time></trkpt><trkpt lat="34.061408" lon="-118.175377"><ele>145.632</ele><time>2020-10-05T00:20:39Z</time></trkpt><trkpt lat="34.061405" lon="-118.175467"><ele>145.214</ele><time>2020-10-05T00:20:40Z</time></trkpt><trkpt lat="34.061408" lon="-118.175553"><ele>144.816</ele><time>2020-10-05T00:20:41Z</time></trkpt><trkpt lat="34.061408" lon="-118.175648"><ele>144.412</ele><time>2020-10-05T00:20:42Z</time></trkpt><trkpt lat="34.061406" lon="-118.175744"><ele>144.029</ele><time>2020-10-05T00:20:43Z</time></trkpt><trkpt lat="34.061402" lon="-118.175849"><ele>143.700</ele><time>2020-10-05T00:20:44Z</time></trkpt><trkpt lat="34.061404" lon="-118.175948"><ele>143.220</ele><time>2020-10-05T00:20:45Z</time></trkpt><trkpt lat="34.061398" lon="-118.176048"><ele>142.808</ele><time>2020-10-05T00:20:46Z</time></trkpt><trkpt lat="34.061399" lon="-118.176153"><ele>142.497</ele><time>2020-10-05T00:20:47Z</time></trkpt><trkpt lat="34.061397" lon="-118.176251"><ele>142.089</ele><time>2020-10-05T00:20:48Z</time></trkpt><trkpt lat="34.061396" lon="-118.176354"><ele>141.691</ele><time>2020-10-05T00:20:49Z</time></trkpt><trkpt lat="34.061398" lon="-118.176453"><ele>141.221</ele><time>2020-10-05T00:20:50Z</time></trkpt><trkpt lat="34.061395" lon="-118.176560"><ele>140.918</ele><time>2020-10-05T00:20:51Z</time></trkpt><trkpt lat="34.061393" lon="-118.176668"><ele>140.410</ele><time>2020-10-05T00:20:52Z</time></trkpt><trkpt lat="34.061390" lon="-118.176778"><ele>140.152</ele><time>2020-10-05T00:20:53Z</time></trkpt><trkpt lat="34.061386" lon="-118.176877"><ele>139.818</ele><time>2020-10-05T00:20:54Z</time></trkpt><trkpt lat="34.061385" lon="-118.176980"><ele>139.497</ele><time>2020-10-05T00:20:55Z</time></trkpt><trkpt lat="34.061383" lon="-118.177079"><ele>138.923</ele><time>2020-10-05T00:20:56Z</time></trkpt><trkpt lat="34.061387" lon="-118.177174"><ele>138.625</ele><time>2020-10-05T00:20:57Z</time></trkpt><trkpt lat="34.061380" lon="-118.177265"><ele>137.908</ele><time>2020-10-05T00:20:58Z</time></trkpt><trkpt lat="34.061369" lon="-118.177343"><ele>137.864</ele><time>2020-10-05T00:20:59Z</time></trkpt><trkpt lat="34.061371" lon="-118.177422"><ele>137.796</ele><time>2020-10-05T00:21:00Z</time></trkpt><trkpt lat="34.061374" lon="-118.177491"><ele>137.568</ele><time>2020-10-05T00:21:01Z</time></trkpt><trkpt lat="34.061382" lon="-118.177557"><ele>137.338</ele><time>2020-10-05T00:21:02Z</time></trkpt><trkpt lat="34.061379" lon="-118.177613"><ele>137.185</ele><time>2020-10-05T00:21:03Z</time></trkpt><trkpt lat="34.061364" lon="-118.177677"><ele>137.047</ele><time>2020-10-05T00:21:04Z</time></trkpt><trkpt lat="34.061339" lon="-118.177727"><ele>136.989</ele><time>2020-10-05T00:21:05Z</time></trkpt><trkpt lat="34.061321" lon="-118.177791"><ele>136.835</ele><time>2020-10-05T00:21:06Z</time></trkpt><trkpt lat="34.061320" lon="-118.177848"><ele>136.774</ele><time>2020-10-05T00:21:07Z</time></trkpt><trkpt lat="34.061326" lon="-118.177927"><ele>136.656</ele><time>2020-10-05T00:21:09Z</time></trkpt><trkpt lat="34.061338" lon="-118.177997"><ele>136.421</ele><time>2020-10-05T00:21:11Z</time></trkpt><trkpt lat="34.061336" lon="-118.178063"><ele>136.108</ele><time>2020-10-05T00:21:13Z</time></trkpt><trkpt lat="34.061330" lon="-118.178165"><ele>136.112</ele><time>2020-10-05T00:21:15Z</time></trkpt><trkpt lat="34.061322" lon="-118.178224"><ele>136.224</ele><time>2020-10-05T00:21:16Z</time></trkpt><trkpt lat="34.061311" lon="-118.178289"><ele>136.436</ele><time>2020-10-05T00:21:17Z</time></trkpt><trkpt lat="34.061303" lon="-118.178351"><ele>136.486</ele><time>2020-10-05T00:21:18Z</time></trkpt><trkpt lat="34.061291" lon="-118.178422"><ele>136.443</ele><time>2020-10-05T00:21:19Z</time></trkpt><trkpt lat="34.061267" lon="-118.178498"><ele>136.375</ele><time>2020-10-05T00:21:20Z</time></trkpt><trkpt lat="34.061246" lon="-118.178572"><ele>136.057</ele><time>2020-10-05T00:21:21Z</time></trkpt><trkpt lat="34.061231" lon="-118.178647"><ele>136.063</ele><time>2020-10-05T00:21:22Z</time></trkpt><trkpt lat="34.061203" lon="-118.178725"><ele>135.778</ele><time>2020-10-05T00:21:23Z</time></trkpt><trkpt lat="34.061181" lon="-118.178808"><ele>135.533</ele><time>2020-10-05T00:21:24Z</time></trkpt><trkpt lat="34.061159" lon="-118.178892"><ele>135.326</ele><time>2020-10-05T00:21:25Z</time></trkpt><trkpt lat="34.061137" lon="-118.178977"><ele>135.108</ele><time>2020-10-05T00:21:26Z</time></trkpt><trkpt lat="34.061109" lon="-118.179062"><ele>134.832</ele><time>2020-10-05T00:21:27Z</time></trkpt><trkpt lat="34.061087" lon="-118.179148"><ele>134.554</ele><time>2020-10-05T00:21:28Z</time></trkpt><trkpt lat="34.061057" lon="-118.179232"><ele>134.316</ele><time>2020-10-05T00:21:29Z</time></trkpt><trkpt lat="34.061034" lon="-118.179315"><ele>134.176</ele><time>2020-10-05T00:21:30Z</time></trkpt><trkpt lat="34.061004" lon="-118.179398"><ele>134.073</ele><time>2020-10-05T00:21:31Z</time></trkpt><trkpt lat="34.060981" lon="-118.179478"><ele>133.955</ele><time>2020-10-05T00:21:32Z</time></trkpt><trkpt lat="34.060955" lon="-118.179562"><ele>133.747</ele><time>2020-10-05T00:21:33Z</time></trkpt><trkpt lat="34.060935" lon="-118.179650"><ele>133.553</ele><time>2020-10-05T00:21:34Z</time></trkpt><trkpt lat="34.060913" lon="-118.179733"><ele>133.412</ele><time>2020-10-05T00:21:35Z</time></trkpt><trkpt lat="34.060892" lon="-118.179816"><ele>133.232</ele><time>2020-10-05T00:21:36Z</time></trkpt><trkpt lat="34.060865" lon="-118.179908"><ele>133.105</ele><time>2020-10-05T00:21:37Z</time></trkpt><trkpt lat="34.060840" lon="-118.179993"><ele>133.008</ele><time>2020-10-05T00:21:38Z</time></trkpt><trkpt lat="34.060822" lon="-118.180082"><ele>132.856</ele><time>2020-10-05T00:21:39Z</time></trkpt><trkpt lat="34.060798" lon="-118.180170"><ele>132.558</ele><time>2020-10-05T00:21:40Z</time></trkpt><trkpt lat="34.060779" lon="-118.180256"><ele>132.340</ele><time>2020-10-05T00:21:41Z</time></trkpt><trkpt lat="34.060757" lon="-118.180338"><ele>132.160</ele><time>2020-10-05T00:21:42Z</time></trkpt><trkpt lat="34.060734" lon="-118.180421"><ele>131.827</ele><time>2020-10-05T00:21:43Z</time></trkpt><trkpt lat="34.060712" lon="-118.180510"><ele>131.649</ele><time>2020-10-05T00:21:44Z</time></trkpt><trkpt lat="34.060690" lon="-118.180597"><ele>131.541</ele><time>2020-10-05T00:21:45Z</time></trkpt><trkpt lat="34.060666" lon="-118.180681"><ele>131.367</ele><time>2020-10-05T00:21:46Z</time></trkpt><trkpt lat="34.060649" lon="-118.180766"><ele>131.162</ele><time>2020-10-05T00:21:47Z</time></trkpt><trkpt lat="34.060630" lon="-118.180849"><ele>130.983</ele><time>2020-10-05T00:21:48Z</time></trkpt><trkpt lat="34.060609" lon="-118.180928"><ele>130.811</ele><time>2020-10-05T00:21:49Z</time></trkpt><trkpt lat="34.060586" lon="-118.181011"><ele>130.708</ele><time>2020-10-05T00:21:50Z</time></trkpt><trkpt lat="34.060569" lon="-118.181092"><ele>130.631</ele><time>2020-10-05T00:21:51Z</time></trkpt><trkpt lat="34.060545" lon="-118.181169"><ele>130.423</ele><time>2020-10-05T00:21:52Z</time></trkpt><trkpt lat="34.060524" lon="-118.181249"><ele>130.325</ele><time>2020-10-05T00:21:53Z</time></trkpt><trkpt lat="34.060504" lon="-118.181328"><ele>130.165</ele><time>2020-10-05T00:21:54Z</time></trkpt><trkpt lat="34.060481" lon="-118.181412"><ele>129.912</ele><time>2020-10-05T00:21:55Z</time></trkpt><trkpt lat="34.060466" lon="-118.181486"><ele>129.744</ele><time>2020-10-05T00:21:56Z</time></trkpt><trkpt lat="34.060445" lon="-118.181565"><ele>129.746</ele><time>2020-10-05T00:21:57Z</time></trkpt><trkpt lat="34.060426" lon="-118.181635"><ele>129.692</ele><time>2020-10-05T00:21:58Z</time></trkpt><trkpt lat="34.060412" lon="-118.181709"><ele>129.539</ele><time>2020-10-05T00:21:59Z</time></trkpt><trkpt lat="34.060393" lon="-118.181787"><ele>129.501</ele><time>2020-10-05T00:22:00Z</time></trkpt><trkpt lat="34.060377" lon="-118.181869"><ele>129.521</ele><time>2020-10-05T00:22:01Z</time></trkpt><trkpt lat="34.060361" lon="-118.181942"><ele>129.408</ele><time>2020-10-05T00:22:02Z</time></trkpt><trkpt lat="34.060343" lon="-118.182023"><ele>129.398</ele><time>2020-10-05T00:22:03Z</time></trkpt><trkpt lat="34.060320" lon="-118.182103"><ele>129.390</ele><time>2020-10-05T00:22:04Z</time></trkpt><trkpt lat="34.060299" lon="-118.182185"><ele>129.152</ele><time>2020-10-05T00:22:05Z</time></trkpt><trkpt lat="34.060274" lon="-118.182263"><ele>129.192</ele><time>2020-10-05T00:22:06Z</time></trkpt><trkpt lat="34.060253" lon="-118.182343"><ele>128.959</ele><time>2020-10-05T00:22:07Z</time></trkpt><trkpt lat="34.060232" lon="-118.182428"><ele>128.931</ele><time>2020-10-05T00:22:08Z</time></trkpt><trkpt lat="34.060215" lon="-118.182512"><ele>128.983</ele><time>2020-10-05T00:22:09Z</time></trkpt><trkpt lat="34.060195" lon="-118.182593"><ele>128.959</ele><time>2020-10-05T00:22:10Z</time></trkpt><trkpt lat="34.060181" lon="-118.182663"><ele>128.844</ele><time>2020-10-05T00:22:11Z</time></trkpt><trkpt lat="34.060163" lon="-118.182745"><ele>128.805</ele><time>2020-10-05T00:22:12Z</time></trkpt><trkpt lat="34.060144" lon="-118.182822"><ele>128.615</ele><time>2020-10-05T00:22:13Z</time></trkpt><trkpt lat="34.060121" lon="-118.182903"><ele>128.408</ele><time>2020-10-05T00:22:14Z</time></trkpt><trkpt lat="34.060098" lon="-118.182982"><ele>128.239</ele><time>2020-10-05T00:22:15Z</time></trkpt><trkpt lat="34.060075" lon="-118.183062"><ele>128.091</ele><time>2020-10-05T00:22:16Z</time></trkpt><trkpt lat="34.060051" lon="-118.183140"><ele>127.893</ele><time>2020-10-05T00:22:17Z</time></trkpt><trkpt lat="34.060027" lon="-118.183217"><ele>127.873</ele><time>2020-10-05T00:22:18Z</time></trkpt><trkpt lat="34.060001" lon="-118.183297"><ele>127.790</ele><time>2020-10-05T00:22:19Z</time></trkpt><trkpt lat="34.059972" lon="-118.183379"><ele>127.572</ele><time>2020-10-05T00:22:20Z</time></trkpt><trkpt lat="34.059950" lon="-118.183458"><ele>127.434</ele><time>2020-10-05T00:22:21Z</time></trkpt><trkpt lat="34.059928" lon="-118.183535"><ele>127.440</ele><time>2020-10-05T00:22:22Z</time></trkpt><trkpt lat="34.059905" lon="-118.183612"><ele>127.325</ele><time>2020-10-05T00:22:23Z</time></trkpt><trkpt lat="34.059882" lon="-118.183691"><ele>127.326</ele><time>2020-10-05T00:22:24Z</time></trkpt><trkpt lat="34.059860" lon="-118.183779"><ele>127.308</ele><time>2020-10-05T00:22:25Z</time></trkpt><trkpt lat="34.059835" lon="-118.183858"><ele>127.308</ele><time>2020-10-05T00:22:26Z</time></trkpt><trkpt lat="34.059810" lon="-118.183941"><ele>127.377</ele><time>2020-10-05T00:22:27Z</time></trkpt><trkpt lat="34.059785" lon="-118.184024"><ele>127.289</ele><time>2020-10-05T00:22:28Z</time></trkpt><trkpt lat="34.059769" lon="-118.184103"><ele>127.111</ele><time>2020-10-05T00:22:29Z</time></trkpt><trkpt lat="34.059756" lon="-118.184177"><ele>127.161</ele><time>2020-10-05T00:22:30Z</time></trkpt><trkpt lat="34.059740" lon="-118.184248"><ele>127.168</ele><time>2020-10-05T00:22:31Z</time></trkpt><trkpt lat="34.059721" lon="-118.184327"><ele>127.170</ele><time>2020-10-05T00:22:32Z</time></trkpt><trkpt lat="34.059708" lon="-118.184393"><ele>127.292</ele><time>2020-10-05T00:22:33Z</time></trkpt><trkpt lat="34.059689" lon="-118.184460"><ele>127.318</ele><time>2020-10-05T00:22:34Z</time></trkpt><trkpt lat="34.059670" lon="-118.184529"><ele>127.321</ele><time>2020-10-05T00:22:35Z</time></trkpt><trkpt lat="34.059654" lon="-118.184597"><ele>127.241</ele><time>2020-10-05T00:22:36Z</time></trkpt><trkpt lat="34.059631" lon="-118.184671"><ele>127.205</ele><time>2020-10-05T00:22:37Z</time></trkpt><trkpt lat="34.059618" lon="-118.184737"><ele>127.208</ele><time>2020-10-05T00:22:38Z</time></trkpt><trkpt lat="34.059588" lon="-118.184807"><ele>127.257</ele><time>2020-10-05T00:22:39Z</time></trkpt><trkpt lat="34.059562" lon="-118.184874"><ele>127.249</ele><time>2020-10-05T00:22:40Z</time></trkpt><trkpt lat="34.059533" lon="-118.184942"><ele>127.351</ele><time>2020-10-05T00:22:41Z</time></trkpt><trkpt lat="34.059518" lon="-118.185010"><ele>127.361</ele><time>2020-10-05T00:22:42Z</time></trkpt><trkpt lat="34.059505" lon="-118.185082"><ele>127.388</ele><time>2020-10-05T00:22:43Z</time></trkpt><trkpt lat="34.059505" lon="-118.185156"><ele>127.340</ele><time>2020-10-05T00:22:44Z</time></trkpt><trkpt lat="34.059513" lon="-118.185236"><ele>127.342</ele><time>2020-10-05T00:22:45Z</time></trkpt><trkpt lat="34.059531" lon="-118.185308"><ele>127.418</ele><time>2020-10-05T00:22:46Z</time></trkpt><trkpt lat="34.059553" lon="-118.185378"><ele>127.521</ele><time>2020-10-05T00:22:47Z</time></trkpt><trkpt lat="34.059576" lon="-118.185442"><ele>127.541</ele><time>2020-10-05T00:22:48Z</time></trkpt><trkpt lat="34.059604" lon="-118.185513"><ele>127.605</ele><time>2020-10-05T00:22:49Z</time></trkpt><trkpt lat="34.059626" lon="-118.185580"><ele>127.708</ele><time>2020-10-05T00:22:50Z</time></trkpt><trkpt lat="34.059654" lon="-118.185645"><ele>127.817</ele><time>2020-10-05T00:22:51Z</time></trkpt><trkpt lat="34.059685" lon="-118.185710"><ele>127.899</ele><time>2020-10-05T00:22:52Z</time></trkpt><trkpt lat="34.059712" lon="-118.185772"><ele>127.891</ele><time>2020-10-05T00:22:53Z</time></trkpt><trkpt lat="34.059746" lon="-118.185833"><ele>127.781</ele><time>2020-10-05T00:22:54Z</time></trkpt><trkpt lat="34.059771" lon="-118.185897"><ele>127.698</ele><time>2020-10-05T00:22:55Z</time></trkpt><trkpt lat="34.059790" lon="-118.185965"><ele>127.440</ele><time>2020-10-05T00:22:56Z</time></trkpt><trkpt lat="34.059797" lon="-118.186073"><ele>127.022</ele><time>2020-10-05T00:22:58Z</time></trkpt><trkpt lat="34.059759" lon="-118.186162"><ele>126.758</ele><time>2020-10-05T00:23:00Z</time></trkpt><trkpt lat="34.059729" lon="-118.186205"><ele>126.546</ele><time>2020-10-05T00:23:01Z</time></trkpt><trkpt lat="34.059692" lon="-118.186243"><ele>126.388</ele><time>2020-10-05T00:23:02Z</time></trkpt><trkpt lat="34.059639" lon="-118.186326"><ele>126.216</ele><time>2020-10-05T00:23:04Z</time></trkpt><trkpt lat="34.059615" lon="-118.186387"><ele>126.308</ele><time>2020-10-05T00:23:05Z</time></trkpt><trkpt lat="34.059589" lon="-118.186445"><ele>126.569</ele><time>2020-10-05T00:23:06Z</time></trkpt><trkpt lat="34.059560" lon="-118.186502"><ele>126.861</ele><time>2020-10-05T00:23:07Z</time></trkpt><trkpt lat="34.059530" lon="-118.186559"><ele>126.873</ele><time>2020-10-05T00:23:08Z</time></trkpt><trkpt lat="34.059492" lon="-118.186609"><ele>126.843</ele><time>2020-10-05T00:23:09Z</time></trkpt><trkpt lat="34.059469" lon="-118.186657"><ele>126.880</ele><time>2020-10-05T00:23:10Z</time></trkpt><trkpt lat="34.059438" lon="-118.186715"><ele>126.842</ele><time>2020-10-05T00:23:11Z</time></trkpt><trkpt lat="34.059410" lon="-118.186772"><ele>126.814</ele><time>2020-10-05T00:23:12Z</time></trkpt><trkpt lat="34.059383" lon="-118.186828"><ele>126.870</ele><time>2020-10-05T00:23:13Z</time></trkpt><trkpt lat="34.059353" lon="-118.186885"><ele>126.813</ele><time>2020-10-05T00:23:14Z</time></trkpt><trkpt lat="34.059332" lon="-118.186941"><ele>126.843</ele><time>2020-10-05T00:23:15Z</time></trkpt><trkpt lat="34.059304" lon="-118.186994"><ele>126.707</ele><time>2020-10-05T00:23:16Z</time></trkpt><trkpt lat="34.059283" lon="-118.187047"><ele>126.708</ele><time>2020-10-05T00:23:17Z</time></trkpt><trkpt lat="34.059234" lon="-118.187140"><ele>126.546</ele><time>2020-10-05T00:23:19Z</time></trkpt><trkpt lat="34.059204" lon="-118.187185"><ele>126.468</ele><time>2020-10-05T00:23:20Z</time></trkpt><trkpt lat="34.059179" lon="-118.187237"><ele>126.340</ele><time>2020-10-05T00:23:21Z</time></trkpt><trkpt lat="34.059143" lon="-118.187335"><ele>126.350</ele><time>2020-10-05T00:23:23Z</time></trkpt><trkpt lat="34.059103" lon="-118.187431"><ele>126.377</ele><time>2020-10-05T00:23:25Z</time></trkpt><trkpt lat="34.059077" lon="-118.187481"><ele>126.439</ele><time>2020-10-05T00:23:26Z</time></trkpt><trkpt lat="34.059048" lon="-118.187535"><ele>126.411</ele><time>2020-10-05T00:23:27Z</time></trkpt><trkpt lat="34.059003" lon="-118.187641"><ele>126.587</ele><time>2020-10-05T00:23:29Z</time></trkpt><trkpt lat="34.058977" lon="-118.187698"><ele>126.675</ele><time>2020-10-05T00:23:30Z</time></trkpt><trkpt lat="34.058946" lon="-118.187746"><ele>126.628</ele><time>2020-10-05T00:23:31Z</time></trkpt><trkpt lat="34.058923" lon="-118.187797"><ele>126.720</ele><time>2020-10-05T00:23:32Z</time></trkpt><trkpt lat="34.058896" lon="-118.187851"><ele>126.708</ele><time>2020-10-05T00:23:33Z</time></trkpt><trkpt lat="34.058866" lon="-118.187906"><ele>126.752</ele><time>2020-10-05T00:23:34Z</time></trkpt><trkpt lat="34.058838" lon="-118.187955"><ele>126.734</ele><time>2020-10-05T00:23:35Z</time></trkpt><trkpt lat="34.058810" lon="-118.188007"><ele>126.716</ele><time>2020-10-05T00:23:36Z</time></trkpt><trkpt lat="34.058783" lon="-118.188056"><ele>126.876</ele><time>2020-10-05T00:23:37Z</time></trkpt><trkpt lat="34.058753" lon="-118.188109"><ele>126.863</ele><time>2020-10-05T00:23:38Z</time></trkpt><trkpt lat="34.058730" lon="-118.188161"><ele>126.885</ele><time>2020-10-05T00:23:39Z</time></trkpt><trkpt lat="34.058710" lon="-118.188213"><ele>126.867</ele><time>2020-10-05T00:23:40Z</time></trkpt><trkpt lat="34.058690" lon="-118.188264"><ele>126.823</ele><time>2020-10-05T00:23:41Z</time></trkpt><trkpt lat="34.058657" lon="-118.188314"><ele>126.744</ele><time>2020-10-05T00:23:42Z</time></trkpt><trkpt lat="34.058626" lon="-118.188363"><ele>126.705</ele><time>2020-10-05T00:23:43Z</time></trkpt><trkpt lat="34.058600" lon="-118.188413"><ele>126.715</ele><time>2020-10-05T00:23:44Z</time></trkpt><trkpt lat="34.058575" lon="-118.188469"><ele>126.708</ele><time>2020-10-05T00:23:45Z</time></trkpt><trkpt lat="34.058546" lon="-118.188515"><ele>126.869</ele><time>2020-10-05T00:23:46Z</time></trkpt><trkpt lat="34.058495" lon="-118.188548"><ele>126.821</ele><time>2020-10-05T00:23:47Z</time></trkpt><trkpt lat="34.058412" lon="-118.188533"><ele>126.843</ele><time>2020-10-05T00:23:49Z</time></trkpt><trkpt lat="34.058319" lon="-118.188499"><ele>126.883</ele><time>2020-10-05T00:23:51Z</time></trkpt><trkpt lat="34.058281" lon="-118.188460"><ele>126.920</ele><time>2020-10-05T00:23:52Z</time></trkpt><trkpt lat="34.058205" lon="-118.188391"><ele>127.332</ele><time>2020-10-05T00:23:54Z</time></trkpt><trkpt lat="34.058167" lon="-118.188361"><ele>127.674</ele><time>2020-10-05T00:23:55Z</time></trkpt><trkpt lat="34.058104" lon="-118.188311"><ele>128.720</ele><time>2020-10-05T00:23:57Z</time></trkpt><trkpt lat="34.058029" lon="-118.188239"><ele>129.498</ele><time>2020-10-05T00:23:59Z</time></trkpt><trkpt lat="34.057981" lon="-118.188203"><ele>129.715</ele><time>2020-10-05T00:24:00Z</time></trkpt><trkpt lat="34.057946" lon="-118.188167"><ele>130.026</ele><time>2020-10-05T00:24:01Z</time></trkpt><trkpt lat="34.057899" lon="-118.188131"><ele>130.308</ele><time>2020-10-05T00:24:02Z</time></trkpt><trkpt lat="34.057859" lon="-118.188099"><ele>130.594</ele><time>2020-10-05T00:24:03Z</time></trkpt><trkpt lat="34.057818" lon="-118.188076"><ele>130.756</ele><time>2020-10-05T00:24:04Z</time></trkpt><trkpt lat="34.057776" lon="-118.188051"><ele>130.858</ele><time>2020-10-05T00:24:05Z</time></trkpt><trkpt lat="34.057735" lon="-118.188027"><ele>130.968</ele><time>2020-10-05T00:24:06Z</time></trkpt><trkpt lat="34.057647" lon="-118.187995"><ele>130.915</ele><time>2020-10-05T00:24:08Z</time></trkpt><trkpt lat="34.057566" lon="-118.187972"><ele>130.997</ele><time>2020-10-05T00:24:10Z</time></trkpt><trkpt lat="34.057519" lon="-118.187962"><ele>131.049</ele><time>2020-10-05T00:24:11Z</time></trkpt><trkpt lat="34.057431" lon="-118.187947"><ele>131.135</ele><time>2020-10-05T00:24:13Z</time></trkpt><trkpt lat="34.057345" lon="-118.187920"><ele>131.347</ele><time>2020-10-05T00:24:15Z</time></trkpt><trkpt lat="34.057265" lon="-118.187895"><ele>131.529</ele><time>2020-10-05T00:24:17Z</time></trkpt><trkpt lat="34.057189" lon="-118.187873"><ele>131.721</ele><time>2020-10-05T00:24:19Z</time></trkpt><trkpt lat="34.057125" lon="-118.187854"><ele>131.708</ele><time>2020-10-05T00:24:21Z</time></trkpt><trkpt lat="34.057066" lon="-118.187834"><ele>131.789</ele><time>2020-10-05T00:24:23Z</time></trkpt><trkpt lat="34.057012" lon="-118.187812"><ele>131.761</ele><time>2020-10-05T00:24:25Z</time></trkpt><trkpt lat="34.056956" lon="-118.187799"><ele>131.793</ele><time>2020-10-05T00:24:27Z</time></trkpt><trkpt lat="34.056910" lon="-118.187784"><ele>131.663</ele><time>2020-10-05T00:24:29Z</time></trkpt><trkpt lat="34.056880" lon="-118.187743"><ele>131.540</ele><time>2020-10-05T00:24:32Z</time></trkpt><trkpt lat="34.056924" lon="-118.187726"><ele>131.442</ele><time>2020-10-05T00:24:41Z</time></trkpt><trkpt lat="34.056947" lon="-118.187676"><ele>131.084</ele><time>2020-10-05T00:24:56Z</time></trkpt><trkpt lat="34.056937" lon="-118.187619"><ele>131.650</ele><time>2020-10-05T00:25:05Z</time></trkpt><trkpt lat="34.056932" lon="-118.187680"><ele>129.543</ele><time>2020-10-05T02:01:10Z</time></trkpt><trkpt lat="34.056962" lon="-118.187724"><ele>129.164</ele><time>2020-10-05T02:02:04Z</time></trkpt><trkpt lat="34.056924" lon="-118.187765"><ele>128.710</ele><time>2020-10-05T02:02:27Z</time></trkpt><trkpt lat="34.056879" lon="-118.187778"><ele>128.708</ele><time>2020-10-05T02:02:30Z</time></trkpt><trkpt lat="34.056815" lon="-118.187773"><ele>128.919</ele><time>2020-10-05T02:02:32Z</time></trkpt><trkpt lat="34.056740" lon="-118.187760"><ele>129.041</ele><time>2020-10-05T02:02:34Z</time></trkpt><trkpt lat="34.056677" lon="-118.187742"><ele>129.073</ele><time>2020-10-05T02:02:35Z</time></trkpt><trkpt lat="34.056589" lon="-118.187708"><ele>128.923</ele><time>2020-10-05T02:02:37Z</time></trkpt><trkpt lat="34.056537" lon="-118.187698"><ele>128.980</ele><time>2020-10-05T02:02:38Z</time></trkpt><trkpt lat="34.056483" lon="-118.187686"><ele>128.872</ele><time>2020-10-05T02:02:40Z</time></trkpt><trkpt lat="34.056544" lon="-118.187684"><ele>128.634</ele><time>2020-10-05T02:02:43Z</time></trkpt><trkpt lat="34.056619" lon="-118.187727"><ele>128.650</ele><time>2020-10-05T02:02:45Z</time></trkpt><trkpt lat="34.056703" lon="-118.187752"><ele>128.748</ele><time>2020-10-05T02:02:47Z</time></trkpt><trkpt lat="34.056794" lon="-118.187777"><ele>128.861</ele><time>2020-10-05T02:02:49Z</time></trkpt><trkpt lat="34.056883" lon="-118.187780"><ele>129.117</ele><time>2020-10-05T02:02:51Z</time></trkpt><trkpt lat="34.056974" lon="-118.187807"><ele>129.208</ele><time>2020-10-05T02:02:53Z</time></trkpt><trkpt lat="34.057028" lon="-118.187824"><ele>129.299</ele><time>2020-10-05T02:02:55Z</time></trkpt><trkpt lat="34.057102" lon="-118.187848"><ele>129.181</ele><time>2020-10-05T02:02:57Z</time></trkpt><trkpt lat="34.057150" lon="-118.187873"><ele>129.093</ele><time>2020-10-05T02:02:58Z</time></trkpt><trkpt lat="34.057238" lon="-118.187915"><ele>128.973</ele><time>2020-10-05T02:03:00Z</time></trkpt><trkpt lat="34.057312" lon="-118.187931"><ele>128.890</ele><time>2020-10-05T02:03:02Z</time></trkpt><trkpt lat="34.057356" lon="-118.187948"><ele>128.832</ele><time>2020-10-05T02:03:03Z</time></trkpt><trkpt lat="34.057405" lon="-118.187965"><ele>128.894</ele><time>2020-10-05T02:03:04Z</time></trkpt><trkpt lat="34.057464" lon="-118.187980"><ele>128.870</ele><time>2020-10-05T02:03:05Z</time></trkpt><trkpt lat="34.057524" lon="-118.187986"><ele>128.853</ele><time>2020-10-05T02:03:06Z</time></trkpt><trkpt lat="34.057577" lon="-118.187994"><ele>128.804</ele><time>2020-10-05T02:03:07Z</time></trkpt><trkpt lat="34.057631" lon="-118.188014"><ele>128.814</ele><time>2020-10-05T02:03:08Z</time></trkpt><trkpt lat="34.057682" lon="-118.188032"><ele>128.708</ele><time>2020-10-05T02:03:09Z</time></trkpt><trkpt lat="34.057732" lon="-118.188061"><ele>128.540</ele><time>2020-10-05T02:03:10Z</time></trkpt><trkpt lat="34.057776" lon="-118.188084"><ele>128.462</ele><time>2020-10-05T02:03:11Z</time></trkpt><trkpt lat="34.057822" lon="-118.188102"><ele>128.464</ele><time>2020-10-05T02:03:12Z</time></trkpt><trkpt lat="34.057871" lon="-118.188128"><ele>128.334</ele><time>2020-10-05T02:03:13Z</time></trkpt><trkpt lat="34.057922" lon="-118.188168"><ele>128.261</ele><time>2020-10-05T02:03:14Z</time></trkpt><trkpt lat="34.057967" lon="-118.188205"><ele>128.133</ele><time>2020-10-05T02:03:15Z</time></trkpt><trkpt lat="34.058009" lon="-118.188239"><ele>128.095</ele><time>2020-10-05T02:03:16Z</time></trkpt><trkpt lat="34.058059" lon="-118.188277"><ele>127.861</ele><time>2020-10-05T02:03:17Z</time></trkpt><trkpt lat="34.058107" lon="-118.188313"><ele>127.674</ele><time>2020-10-05T02:03:18Z</time></trkpt><trkpt lat="34.058155" lon="-118.188353"><ele>127.556</ele><time>2020-10-05T02:03:19Z</time></trkpt><trkpt lat="34.058198" lon="-118.188393"><ele>127.421</ele><time>2020-10-05T02:03:20Z</time></trkpt><trkpt lat="34.058252" lon="-118.188421"><ele>127.308</ele><time>2020-10-05T02:03:21Z</time></trkpt><trkpt lat="34.058299" lon="-118.188458"><ele>127.072</ele><time>2020-10-05T02:03:22Z</time></trkpt><trkpt lat="34.058341" lon="-118.188495"><ele>126.634</ele><time>2020-10-05T02:03:23Z</time></trkpt><trkpt lat="34.058398" lon="-118.188536"><ele>125.626</ele><time>2020-10-05T02:03:25Z</time></trkpt><trkpt lat="34.058444" lon="-118.188530"><ele>123.436</ele><time>2020-10-05T02:03:32Z</time></trkpt><trkpt lat="34.058480" lon="-118.188575"><ele>123.433</ele><time>2020-10-05T02:03:34Z</time></trkpt><trkpt lat="34.058485" lon="-118.188668"><ele>123.665</ele><time>2020-10-05T02:03:36Z</time></trkpt><trkpt lat="34.058438" lon="-118.188753"><ele>123.717</ele><time>2020-10-05T02:03:38Z</time></trkpt><trkpt lat="34.058412" lon="-118.188803"><ele>123.823</ele><time>2020-10-05T02:03:39Z</time></trkpt><trkpt lat="34.058386" lon="-118.188851"><ele>123.858</ele><time>2020-10-05T02:03:40Z</time></trkpt><trkpt lat="34.058361" lon="-118.188901"><ele>123.752</ele><time>2020-10-05T02:03:41Z</time></trkpt><trkpt lat="34.058326" lon="-118.188952"><ele>123.617</ele><time>2020-10-05T02:03:42Z</time></trkpt><trkpt lat="34.058291" lon="-118.189006"><ele>123.508</ele><time>2020-10-05T02:03:43Z</time></trkpt><trkpt lat="34.058258" lon="-118.189061"><ele>123.420</ele><time>2020-10-05T02:03:44Z</time></trkpt><trkpt lat="34.058224" lon="-118.189117"><ele>123.432</ele><time>2020-10-05T02:03:45Z</time></trkpt><trkpt lat="34.058199" lon="-118.189174"><ele>123.464</ele><time>2020-10-05T02:03:46Z</time></trkpt><trkpt lat="34.058164" lon="-118.189220"><ele>123.454</ele><time>2020-10-05T02:03:47Z</time></trkpt><trkpt lat="34.058133" lon="-118.189265"><ele>123.361</ele><time>2020-10-05T02:03:48Z</time></trkpt><trkpt lat="34.058100" lon="-118.189307"><ele>123.233</ele><time>2020-10-05T02:03:49Z</time></trkpt><trkpt lat="34.058066" lon="-118.189360"><ele>123.155</ele><time>2020-10-05T02:03:50Z</time></trkpt><trkpt lat="34.058037" lon="-118.189418"><ele>123.221</ele><time>2020-10-05T02:03:51Z</time></trkpt><trkpt lat="34.058004" lon="-118.189470"><ele>123.388</ele><time>2020-10-05T02:03:52Z</time></trkpt><trkpt lat="34.057971" lon="-118.189519"><ele>123.424</ele><time>2020-10-05T02:03:53Z</time></trkpt><trkpt lat="34.057936" lon="-118.189576"><ele>123.626</ele><time>2020-10-05T02:03:54Z</time></trkpt><trkpt lat="34.057902" lon="-118.189631"><ele>123.708</ele><time>2020-10-05T02:03:55Z</time></trkpt><trkpt lat="34.057871" lon="-118.189684"><ele>123.833</ele><time>2020-10-05T02:03:56Z</time></trkpt><trkpt lat="34.057840" lon="-118.189739"><ele>123.845</ele><time>2020-10-05T02:03:57Z</time></trkpt><trkpt lat="34.057801" lon="-118.189792"><ele>123.867</ele><time>2020-10-05T02:03:58Z</time></trkpt><trkpt lat="34.057770" lon="-118.189848"><ele>123.747</ele><time>2020-10-05T02:03:59Z</time></trkpt><trkpt lat="34.057743" lon="-118.189906"><ele>123.754</ele><time>2020-10-05T02:04:00Z</time></trkpt><trkpt lat="34.057715" lon="-118.189964"><ele>123.666</ele><time>2020-10-05T02:04:01Z</time></trkpt><trkpt lat="34.057689" lon="-118.190017"><ele>123.628</ele><time>2020-10-05T02:04:02Z</time></trkpt><trkpt lat="34.057656" lon="-118.190078"><ele>123.644</ele><time>2020-10-05T02:04:03Z</time></trkpt><trkpt lat="34.057620" lon="-118.190131"><ele>123.659</ele><time>2020-10-05T02:04:04Z</time></trkpt><trkpt lat="34.057585" lon="-118.190184"><ele>123.603</ele><time>2020-10-05T02:04:05Z</time></trkpt><trkpt lat="34.057552" lon="-118.190240"><ele>123.623</ele><time>2020-10-05T02:04:06Z</time></trkpt><trkpt lat="34.057513" lon="-118.190294"><ele>123.608</ele><time>2020-10-05T02:04:07Z</time></trkpt><trkpt lat="34.057480" lon="-118.190345"><ele>123.650</ele><time>2020-10-05T02:04:08Z</time></trkpt><trkpt lat="34.057448" lon="-118.190408"><ele>123.692</ele><time>2020-10-05T02:04:09Z</time></trkpt><trkpt lat="34.057420" lon="-118.190464"><ele>123.624</ele><time>2020-10-05T02:04:10Z</time></trkpt><trkpt lat="34.057392" lon="-118.190526"><ele>123.624</ele><time>2020-10-05T02:04:11Z</time></trkpt><trkpt lat="34.057362" lon="-118.190588"><ele>123.531</ele><time>2020-10-05T02:04:12Z</time></trkpt><trkpt lat="34.057331" lon="-118.190643"><ele>123.563</ele><time>2020-10-05T02:04:13Z</time></trkpt><trkpt lat="34.057299" lon="-118.190704"><ele>123.395</ele><time>2020-10-05T02:04:14Z</time></trkpt><trkpt lat="34.057268" lon="-118.190761"><ele>123.391</ele><time>2020-10-05T02:04:15Z</time></trkpt><trkpt lat="34.057231" lon="-118.190817"><ele>123.357</ele><time>2020-10-05T02:04:16Z</time></trkpt><trkpt lat="34.057203" lon="-118.190875"><ele>123.200</ele><time>2020-10-05T02:04:17Z</time></trkpt><trkpt lat="34.057167" lon="-118.190935"><ele>123.120</ele><time>2020-10-05T02:04:18Z</time></trkpt><trkpt lat="34.057127" lon="-118.190996"><ele>123.108</ele><time>2020-10-05T02:04:19Z</time></trkpt><trkpt lat="34.057087" lon="-118.191058"><ele>123.030</ele><time>2020-10-05T02:04:20Z</time></trkpt><trkpt lat="34.057063" lon="-118.191126"><ele>122.982</ele><time>2020-10-05T02:04:21Z</time></trkpt><trkpt lat="34.057026" lon="-118.191190"><ele>122.814</ele><time>2020-10-05T02:04:22Z</time></trkpt><trkpt lat="34.056984" lon="-118.191254"><ele>122.894</ele><time>2020-10-05T02:04:23Z</time></trkpt><trkpt lat="34.056947" lon="-118.191315"><ele>122.741</ele><time>2020-10-05T02:04:24Z</time></trkpt><trkpt lat="34.056910" lon="-118.191374"><ele>122.623</ele><time>2020-10-05T02:04:25Z</time></trkpt><trkpt lat="34.056873" lon="-118.191428"><ele>122.565</ele><time>2020-10-05T02:04:26Z</time></trkpt><trkpt lat="34.056852" lon="-118.191476"><ele>122.491</ele><time>2020-10-05T02:04:27Z</time></trkpt><trkpt lat="34.056826" lon="-118.191521"><ele>122.093</ele><time>2020-10-05T02:04:29Z</time></trkpt><trkpt lat="34.056815" lon="-118.191468"><ele>121.265</ele><time>2020-10-05T02:04:33Z</time></trkpt><trkpt lat="34.056853" lon="-118.191432"><ele>121.121</ele><time>2020-10-05T02:04:35Z</time></trkpt><trkpt lat="34.056893" lon="-118.191390"><ele>121.108</ele><time>2020-10-05T02:04:37Z</time></trkpt><trkpt lat="34.056920" lon="-118.191346"><ele>121.174</ele><time>2020-10-05T02:04:39Z</time></trkpt><trkpt lat="34.056951" lon="-118.191299"><ele>120.476</ele><time>2020-10-05T02:05:21Z</time></trkpt><trkpt lat="34.056914" lon="-118.191356"><ele>121.258</ele><time>2020-10-05T02:05:25Z</time></trkpt><trkpt lat="34.056882" lon="-118.191426"><ele>121.258</ele><time>2020-10-05T02:05:27Z</time></trkpt><trkpt lat="34.056855" lon="-118.191470"><ele>121.175</ele><time>2020-10-05T02:05:28Z</time></trkpt><trkpt lat="34.056827" lon="-118.191513"><ele>121.187</ele><time>2020-10-05T02:05:29Z</time></trkpt><trkpt lat="34.056782" lon="-118.191567"><ele>121.119</ele><time>2020-10-05T02:05:30Z</time></trkpt><trkpt lat="34.056749" lon="-118.191614"><ele>121.195</ele><time>2020-10-05T02:05:31Z</time></trkpt><trkpt lat="34.056725" lon="-118.191668"><ele>121.578</ele><time>2020-10-05T02:05:32Z</time></trkpt><trkpt lat="34.056695" lon="-118.191717"><ele>121.533</ele><time>2020-10-05T02:05:33Z</time></trkpt><trkpt lat="34.056664" lon="-118.191771"><ele>121.526</ele><time>2020-10-05T02:05:34Z</time></trkpt><trkpt lat="34.056646" lon="-118.191828"><ele>121.508</ele><time>2020-10-05T02:05:35Z</time></trkpt><trkpt lat="34.056615" lon="-118.191883"><ele>121.432</ele><time>2020-10-05T02:05:36Z</time></trkpt><trkpt lat="34.056584" lon="-118.191940"><ele>121.364</ele><time>2020-10-05T02:05:37Z</time></trkpt><trkpt lat="34.056555" lon="-118.191995"><ele>121.176</ele><time>2020-10-05T02:05:38Z</time></trkpt><trkpt lat="34.056522" lon="-118.192053"><ele>121.086</ele><time>2020-10-05T02:05:39Z</time></trkpt><trkpt lat="34.056491" lon="-118.192110"><ele>120.913</ele><time>2020-10-05T02:05:41Z</time></trkpt><trkpt lat="34.056456" lon="-118.192172"><ele>120.815</ele><time>2020-10-05T02:05:42Z</time></trkpt><trkpt lat="34.056419" lon="-118.192234"><ele>120.747</ele><time>2020-10-05T02:05:43Z</time></trkpt><trkpt lat="34.056379" lon="-118.192293"><ele>120.693</ele><time>2020-10-05T02:05:44Z</time></trkpt><trkpt lat="34.056342" lon="-118.192350"><ele>120.493</ele><time>2020-10-05T02:05:45Z</time></trkpt><trkpt lat="34.056323" lon="-118.192412"><ele>120.265</ele><time>2020-10-05T02:05:46Z</time></trkpt><trkpt lat="34.056314" lon="-118.192467"><ele>119.821</ele><time>2020-10-05T02:05:47Z</time></trkpt><trkpt lat="34.056326" lon="-118.192561"><ele>119.108</ele><time>2020-10-05T02:05:49Z</time></trkpt><trkpt lat="34.056375" lon="-118.192576"><ele>118.554</ele><time>2020-10-05T02:05:50Z</time></trkpt><trkpt lat="34.056425" lon="-118.192592"><ele>118.346</ele><time>2020-10-05T02:05:51Z</time></trkpt><trkpt lat="34.056483" lon="-118.192599"><ele>118.148</ele><time>2020-10-05T02:05:52Z</time></trkpt><trkpt lat="34.056530" lon="-118.192602"><ele>117.928</ele><time>2020-10-05T02:05:53Z</time></trkpt><trkpt lat="34.056585" lon="-118.192600"><ele>117.925</ele><time>2020-10-05T02:05:54Z</time></trkpt><trkpt lat="34.056635" lon="-118.192598"><ele>117.927</ele><time>2020-10-05T02:05:55Z</time></trkpt><trkpt lat="34.056687" lon="-118.192591"><ele>117.999</ele><time>2020-10-05T02:05:56Z</time></trkpt><trkpt lat="34.056734" lon="-118.192587"><ele>117.945</ele><time>2020-10-05T02:05:57Z</time></trkpt><trkpt lat="34.056831" lon="-118.192600"><ele>117.857</ele><time>2020-10-05T02:05:59Z</time></trkpt><trkpt lat="34.056879" lon="-118.192611"><ele>117.700</ele><time>2020-10-05T02:06:00Z</time></trkpt><trkpt lat="34.056931" lon="-118.192609"><ele>117.720</ele><time>2020-10-05T02:06:01Z</time></trkpt><trkpt lat="34.056977" lon="-118.192604"><ele>117.708</ele><time>2020-10-05T02:06:02Z</time></trkpt><trkpt lat="34.057033" lon="-118.192598"><ele>117.750</ele><time>2020-10-05T02:06:03Z</time></trkpt><trkpt lat="34.057096" lon="-118.192597"><ele>117.792</ele><time>2020-10-05T02:06:04Z</time></trkpt><trkpt lat="34.057154" lon="-118.192593"><ele>117.754</ele><time>2020-10-05T02:06:05Z</time></trkpt><trkpt lat="34.057217" lon="-118.192600"><ele>117.724</ele><time>2020-10-05T02:06:06Z</time></trkpt><trkpt lat="34.057280" lon="-118.192596"><ele>117.781</ele><time>2020-10-05T02:06:07Z</time></trkpt><trkpt lat="34.057344" lon="-118.192596"><ele>117.793</ele><time>2020-10-05T02:06:08Z</time></trkpt><trkpt lat="34.057404" lon="-118.192592"><ele>117.885</ele><time>2020-10-05T02:06:09Z</time></trkpt><trkpt lat="34.057466" lon="-118.192594"><ele>117.871</ele><time>2020-10-05T02:06:10Z</time></trkpt><trkpt lat="34.057539" lon="-118.192593"><ele>117.777</ele><time>2020-10-05T02:06:11Z</time></trkpt><trkpt lat="34.057610" lon="-118.192607"><ele>117.761</ele><time>2020-10-05T02:06:12Z</time></trkpt><trkpt lat="34.057681" lon="-118.192603"><ele>117.627</ele><time>2020-10-05T02:06:13Z</time></trkpt><trkpt lat="34.057747" lon="-118.192595"><ele>117.608</ele><time>2020-10-05T02:06:14Z</time></trkpt><trkpt lat="34.057812" lon="-118.192592"><ele>117.672</ele><time>2020-10-05T02:06:15Z</time></trkpt><trkpt lat="34.057885" lon="-118.192595"><ele>117.644</ele><time>2020-10-05T02:06:16Z</time></trkpt><trkpt lat="34.057951" lon="-118.192592"><ele>117.616</ele><time>2020-10-05T02:06:17Z</time></trkpt><trkpt lat="34.058010" lon="-118.192596"><ele>117.626</ele><time>2020-10-05T02:06:18Z</time></trkpt><trkpt lat="34.058081" lon="-118.192600"><ele>117.643</ele><time>2020-10-05T02:06:19Z</time></trkpt><trkpt lat="34.058148" lon="-118.192602"><ele>117.685</ele><time>2020-10-05T02:06:20Z</time></trkpt><trkpt lat="34.058217" lon="-118.192594"><ele>117.717</ele><time>2020-10-05T02:06:21Z</time></trkpt><trkpt lat="34.058287" lon="-118.192587"><ele>117.713</ele><time>2020-10-05T02:06:22Z</time></trkpt><trkpt lat="34.058360" lon="-118.192582"><ele>117.776</ele><time>2020-10-05T02:06:23Z</time></trkpt><trkpt lat="34.058428" lon="-118.192586"><ele>117.790</ele><time>2020-10-05T02:06:24Z</time></trkpt><trkpt lat="34.058498" lon="-118.192580"><ele>117.819</ele><time>2020-10-05T02:06:25Z</time></trkpt><trkpt lat="34.058566" lon="-118.192572"><ele>117.908</ele><time>2020-10-05T02:06:26Z</time></trkpt><trkpt lat="34.058628" lon="-118.192578"><ele>118.012</ele><time>2020-10-05T02:06:27Z</time></trkpt><trkpt lat="34.058694" lon="-118.192582"><ele>118.024</ele><time>2020-10-05T02:06:28Z</time></trkpt><trkpt lat="34.058769" lon="-118.192587"><ele>118.116</ele><time>2020-10-05T02:06:29Z</time></trkpt><trkpt lat="34.058840" lon="-118.192589"><ele>118.346</ele><time>2020-10-05T02:06:30Z</time></trkpt><trkpt lat="34.058906" lon="-118.192591"><ele>118.413</ele><time>2020-10-05T02:06:31Z</time></trkpt><trkpt lat="34.058976" lon="-118.192602"><ele>118.525</ele><time>2020-10-05T02:06:32Z</time></trkpt><trkpt lat="34.059042" lon="-118.192605"><ele>118.757</ele><time>2020-10-05T02:06:33Z</time></trkpt><trkpt lat="34.059105" lon="-118.192609"><ele>118.853</ele><time>2020-10-05T02:06:34Z</time></trkpt><trkpt lat="34.059168" lon="-118.192613"><ele>118.989</ele><time>2020-10-05T02:06:35Z</time></trkpt><trkpt lat="34.059247" lon="-118.192620"><ele>119.106</ele><time>2020-10-05T02:06:36Z</time></trkpt><trkpt lat="34.059307" lon="-118.192623"><ele>119.226</ele><time>2020-10-05T02:06:37Z</time></trkpt><trkpt lat="34.059373" lon="-118.192626"><ele>119.308</ele><time>2020-10-05T02:06:38Z</time></trkpt><trkpt lat="34.059433" lon="-118.192632"><ele>119.443</ele><time>2020-10-05T02:06:39Z</time></trkpt><trkpt lat="34.059500" lon="-118.192632"><ele>119.545</ele><time>2020-10-05T02:06:40Z</time></trkpt><trkpt lat="34.059563" lon="-118.192632"><ele>119.547</ele><time>2020-10-05T02:06:41Z</time></trkpt><trkpt lat="34.059634" lon="-118.192635"><ele>119.527</ele><time>2020-10-05T02:06:42Z</time></trkpt><trkpt lat="34.059701" lon="-118.192630"><ele>119.524</ele><time>2020-10-05T02:06:43Z</time></trkpt><trkpt lat="34.059758" lon="-118.192624"><ele>119.556</ele><time>2020-10-05T02:06:44Z</time></trkpt><trkpt lat="34.059827" lon="-118.192626"><ele>119.498</ele><time>2020-10-05T02:06:45Z</time></trkpt><trkpt lat="34.059893" lon="-118.192629"><ele>119.334</ele><time>2020-10-05T02:06:46Z</time></trkpt><trkpt lat="34.059953" lon="-118.192645"><ele>119.278</ele><time>2020-10-05T02:06:47Z</time></trkpt><trkpt lat="34.060009" lon="-118.192680"><ele>119.133</ele><time>2020-10-05T02:06:48Z</time></trkpt><trkpt lat="34.060059" lon="-118.192733"><ele>119.026</ele><time>2020-10-05T02:06:49Z</time></trkpt><trkpt lat="34.060100" lon="-118.192792"><ele>118.908</ele><time>2020-10-05T02:06:50Z</time></trkpt><trkpt lat="34.060140" lon="-118.192858"><ele>118.872</ele><time>2020-10-05T02:06:51Z</time></trkpt><trkpt lat="34.060176" lon="-118.192933"><ele>118.884</ele><time>2020-10-05T02:06:52Z</time></trkpt><trkpt lat="34.060207" lon="-118.193008"><ele>118.816</ele><time>2020-10-05T02:06:53Z</time></trkpt><trkpt lat="34.060234" lon="-118.193089"><ele>118.896</ele><time>2020-10-05T02:06:54Z</time></trkpt><trkpt lat="34.060265" lon="-118.193172"><ele>118.873</ele><time>2020-10-05T02:06:55Z</time></trkpt><trkpt lat="34.060292" lon="-118.193250"><ele>118.815</ele><time>2020-10-05T02:06:56Z</time></trkpt><trkpt lat="34.060323" lon="-118.193324"><ele>118.747</ele><time>2020-10-05T02:06:57Z</time></trkpt><trkpt lat="34.060354" lon="-118.193401"><ele>118.763</ele><time>2020-10-05T02:06:58Z</time></trkpt><trkpt lat="34.060381" lon="-118.193476"><ele>118.744</ele><time>2020-10-05T02:06:59Z</time></trkpt><trkpt lat="34.060413" lon="-118.193554"><ele>118.605</ele><time>2020-10-05T02:07:00Z</time></trkpt><trkpt lat="34.060443" lon="-118.193637"><ele>118.515</ele><time>2020-10-05T02:07:01Z</time></trkpt><trkpt lat="34.060473" lon="-118.193715"><ele>118.508</ele><time>2020-10-05T02:07:02Z</time></trkpt><trkpt lat="34.060502" lon="-118.193795"><ele>118.519</ele><time>2020-10-05T02:07:03Z</time></trkpt><trkpt lat="34.060533" lon="-118.193871"><ele>118.591</ele><time>2020-10-05T02:07:04Z</time></trkpt><trkpt lat="34.060564" lon="-118.193937"><ele>118.553</ele><time>2020-10-05T02:07:05Z</time></trkpt><trkpt lat="34.060593" lon="-118.194014"><ele>118.583</ele><time>2020-10-05T02:07:06Z</time></trkpt><trkpt lat="34.060628" lon="-118.194091"><ele>118.520</ele><time>2020-10-05T02:07:07Z</time></trkpt><trkpt lat="34.060655" lon="-118.194160"><ele>118.552</ele><time>2020-10-05T02:07:08Z</time></trkpt><trkpt lat="34.060689" lon="-118.194245"><ele>118.554</ele><time>2020-10-05T02:07:09Z</time></trkpt><trkpt lat="34.060722" lon="-118.194312"><ele>118.650</ele><time>2020-10-05T02:07:10Z</time></trkpt><trkpt lat="34.060753" lon="-118.194381"><ele>118.614</ele><time>2020-10-05T02:07:11Z</time></trkpt><trkpt lat="34.060779" lon="-118.194456"><ele>118.754</ele><time>2020-10-05T02:07:12Z</time></trkpt><trkpt lat="34.060811" lon="-118.194526"><ele>118.709</ele><time>2020-10-05T02:07:13Z</time></trkpt><trkpt lat="34.060843" lon="-118.194602"><ele>118.708</ele><time>2020-10-05T02:07:14Z</time></trkpt><trkpt lat="34.060868" lon="-118.194672"><ele>118.856</ele><time>2020-10-05T02:07:15Z</time></trkpt><trkpt lat="34.060895" lon="-118.194732"><ele>118.968</ele><time>2020-10-05T02:07:16Z</time></trkpt><trkpt lat="34.060925" lon="-118.194793"><ele>119.170</ele><time>2020-10-05T02:07:17Z</time></trkpt><trkpt lat="34.060948" lon="-118.194862"><ele>119.340</ele><time>2020-10-05T02:07:18Z</time></trkpt><trkpt lat="34.060975" lon="-118.194924"><ele>119.577</ele><time>2020-10-05T02:07:19Z</time></trkpt><trkpt lat="34.060999" lon="-118.194989"><ele>119.739</ele><time>2020-10-05T02:07:20Z</time></trkpt><trkpt lat="34.061033" lon="-118.195060"><ele>119.891</ele><time>2020-10-05T02:07:21Z</time></trkpt><trkpt lat="34.061058" lon="-118.195121"><ele>120.057</ele><time>2020-10-05T02:07:22Z</time></trkpt><trkpt lat="34.061080" lon="-118.195180"><ele>120.278</ele><time>2020-10-05T02:07:23Z</time></trkpt><trkpt lat="34.061106" lon="-118.195239"><ele>120.633</ele><time>2020-10-05T02:07:24Z</time></trkpt><trkpt lat="34.061133" lon="-118.195310"><ele>121.026</ele><time>2020-10-05T02:07:25Z</time></trkpt><trkpt lat="34.061154" lon="-118.195365"><ele>121.508</ele><time>2020-10-05T02:07:26Z</time></trkpt><trkpt lat="34.061177" lon="-118.195419"><ele>122.032</ele><time>2020-10-05T02:07:27Z</time></trkpt><trkpt lat="34.061198" lon="-118.195476"><ele>122.444</ele><time>2020-10-05T02:07:28Z</time></trkpt><trkpt lat="34.061239" lon="-118.195572"><ele>123.786</ele><time>2020-10-05T02:07:30Z</time></trkpt><trkpt lat="34.061264" lon="-118.195635"><ele>124.116</ele><time>2020-10-05T02:07:31Z</time></trkpt><trkpt lat="34.061286" lon="-118.195690"><ele>124.443</ele><time>2020-10-05T02:07:32Z</time></trkpt><trkpt lat="34.061306" lon="-118.195742"><ele>124.895</ele><time>2020-10-05T02:07:33Z</time></trkpt><trkpt lat="34.061351" lon="-118.195838"><ele>125.637</ele><time>2020-10-05T02:07:35Z</time></trkpt><trkpt lat="34.061378" lon="-118.195890"><ele>126.053</ele><time>2020-10-05T02:07:36Z</time></trkpt><trkpt lat="34.061397" lon="-118.195944"><ele>126.493</ele><time>2020-10-05T02:07:37Z</time></trkpt><trkpt lat="34.061415" lon="-118.195998"><ele>126.765</ele><time>2020-10-05T02:07:38Z</time></trkpt><trkpt lat="34.061436" lon="-118.196055"><ele>127.021</ele><time>2020-10-05T02:07:39Z</time></trkpt><trkpt lat="34.061464" lon="-118.196109"><ele>127.208</ele><time>2020-10-05T02:07:40Z</time></trkpt><trkpt lat="34.061484" lon="-118.196172"><ele>127.444</ele><time>2020-10-05T02:07:41Z</time></trkpt><trkpt lat="34.061508" lon="-118.196227"><ele>127.726</ele><time>2020-10-05T02:07:42Z</time></trkpt><trkpt lat="34.061533" lon="-118.196284"><ele>127.918</ele><time>2020-10-05T02:07:43Z</time></trkpt><trkpt lat="34.061562" lon="-118.196366"><ele>128.668</ele><time>2020-10-05T02:07:45Z</time></trkpt><trkpt lat="34.061589" lon="-118.196440"><ele>129.485</ele><time>2020-10-05T02:07:47Z</time></trkpt><trkpt lat="34.061625" lon="-118.196523"><ele>130.437</ele><time>2020-10-05T02:07:49Z</time></trkpt><trkpt lat="34.061650" lon="-118.196572"><ele>130.769</ele><time>2020-10-05T02:07:50Z</time></trkpt><trkpt lat="34.061694" lon="-118.196659"><ele>131.425</ele><time>2020-10-05T02:07:52Z</time></trkpt><trkpt lat="34.061732" lon="-118.196731"><ele>132.099</ele><time>2020-10-05T02:07:54Z</time></trkpt><trkpt lat="34.061767" lon="-118.196812"><ele>132.507</ele><time>2020-10-05T02:07:56Z</time></trkpt><trkpt lat="34.061807" lon="-118.196902"><ele>132.727</ele><time>2020-10-05T02:07:58Z</time></trkpt><trkpt lat="34.061841" lon="-118.196994"><ele>132.708</ele><time>2020-10-05T02:08:00Z</time></trkpt><trkpt lat="34.061861" lon="-118.197047"><ele>132.614</ele><time>2020-10-05T02:08:01Z</time></trkpt><trkpt lat="34.061882" lon="-118.197103"><ele>132.596</ele><time>2020-10-05T02:08:02Z</time></trkpt><trkpt lat="34.061910" lon="-118.197164"><ele>132.448</ele><time>2020-10-05T02:08:03Z</time></trkpt><trkpt lat="34.061935" lon="-118.197227"><ele>132.398</ele><time>2020-10-05T02:08:04Z</time></trkpt><trkpt lat="34.061960" lon="-118.197295"><ele>132.115</ele><time>2020-10-05T02:08:05Z</time></trkpt><trkpt lat="34.061988" lon="-118.197364"><ele>131.867</ele><time>2020-10-05T02:08:06Z</time></trkpt><trkpt lat="34.062022" lon="-118.197437"><ele>131.399</ele><time>2020-10-05T02:08:07Z</time></trkpt><trkpt lat="34.062055" lon="-118.197508"><ele>131.055</ele><time>2020-10-05T02:08:08Z</time></trkpt><trkpt lat="34.062079" lon="-118.197567"><ele>129.599</ele><time>2020-10-05T02:08:09Z</time></trkpt><trkpt lat="34.062105" lon="-118.197627"><ele>128.707</ele><time>2020-10-05T02:08:10Z</time></trkpt><trkpt lat="34.062130" lon="-118.197676"><ele>127.827</ele><time>2020-10-05T02:08:11Z</time></trkpt><trkpt lat="34.062157" lon="-118.197734"><ele>126.708</ele><time>2020-10-05T02:08:12Z</time></trkpt><trkpt lat="34.062172" lon="-118.197785"><ele>125.964</ele><time>2020-10-05T02:08:13Z</time></trkpt><trkpt lat="34.062212" lon="-118.197878"><ele>124.526</ele><time>2020-10-05T02:08:15Z</time></trkpt><trkpt lat="34.062236" lon="-118.197936"><ele>123.468</ele><time>2020-10-05T02:08:17Z</time></trkpt><trkpt lat="34.062260" lon="-118.197990"><ele>122.318</ele><time>2020-10-05T02:08:20Z</time></trkpt><trkpt lat="34.062301" lon="-118.198020"><ele>121.685</ele><time>2020-10-05T02:08:50Z</time></trkpt><trkpt lat="34.062346" lon="-118.198067"><ele>121.677</ele><time>2020-10-05T02:08:52Z</time></trkpt><trkpt lat="34.062395" lon="-118.198143"><ele>121.769</ele><time>2020-10-05T02:08:54Z</time></trkpt><trkpt lat="34.062421" lon="-118.198193"><ele>121.715</ele><time>2020-10-05T02:08:55Z</time></trkpt><trkpt lat="34.062447" lon="-118.198246"><ele>121.821</ele><time>2020-10-05T02:08:56Z</time></trkpt><trkpt lat="34.062474" lon="-118.198299"><ele>121.941</ele><time>2020-10-05T02:08:57Z</time></trkpt><trkpt lat="34.062503" lon="-118.198353"><ele>122.005</ele><time>2020-10-05T02:08:58Z</time></trkpt><trkpt lat="34.062543" lon="-118.198405"><ele>122.108</ele><time>2020-10-05T02:08:59Z</time></trkpt><trkpt lat="34.062574" lon="-118.198457"><ele>122.377</ele><time>2020-10-05T02:09:00Z</time></trkpt><trkpt lat="34.062605" lon="-118.198511"><ele>122.459</ele><time>2020-10-05T02:09:01Z</time></trkpt><trkpt lat="34.062635" lon="-118.198570"><ele>122.411</ele><time>2020-10-05T02:09:02Z</time></trkpt><trkpt lat="34.062660" lon="-118.198623"><ele>122.441</ele><time>2020-10-05T02:09:03Z</time></trkpt><trkpt lat="34.062692" lon="-118.198682"><ele>122.498</ele><time>2020-10-05T02:09:04Z</time></trkpt><trkpt lat="34.062720" lon="-118.198744"><ele>122.410</ele><time>2020-10-05T02:09:05Z</time></trkpt><trkpt lat="34.062754" lon="-118.198806"><ele>122.452</ele><time>2020-10-05T02:09:06Z</time></trkpt><trkpt lat="34.062777" lon="-118.198872"><ele>122.458</ele><time>2020-10-05T02:09:07Z</time></trkpt><trkpt lat="34.062805" lon="-118.198924"><ele>122.437</ele><time>2020-10-05T02:09:08Z</time></trkpt><trkpt lat="34.062841" lon="-118.198985"><ele>122.449</ele><time>2020-10-05T02:09:09Z</time></trkpt><trkpt lat="34.062867" lon="-118.199048"><ele>122.413</ele><time>2020-10-05T02:09:10Z</time></trkpt><trkpt lat="34.062892" lon="-118.199110"><ele>122.408</ele><time>2020-10-05T02:09:11Z</time></trkpt><trkpt lat="34.062920" lon="-118.199174"><ele>122.418</ele><time>2020-10-05T02:09:12Z</time></trkpt><trkpt lat="34.062952" lon="-118.199238"><ele>122.460</ele><time>2020-10-05T02:09:13Z</time></trkpt><trkpt lat="34.062981" lon="-118.199300"><ele>122.552</ele><time>2020-10-05T02:09:14Z</time></trkpt><trkpt lat="34.063012" lon="-118.199363"><ele>122.562</ele><time>2020-10-05T02:09:15Z</time></trkpt><trkpt lat="34.063056" lon="-118.199433"><ele>122.599</ele><time>2020-10-05T02:09:16Z</time></trkpt><trkpt lat="34.063088" lon="-118.199486"><ele>122.571</ele><time>2020-10-05T02:09:17Z</time></trkpt><trkpt lat="34.063119" lon="-118.199540"><ele>122.513</ele><time>2020-10-05T02:09:18Z</time></trkpt><trkpt lat="34.063149" lon="-118.199604"><ele>122.589</ele><time>2020-10-05T02:09:19Z</time></trkpt><trkpt lat="34.063168" lon="-118.199665"><ele>122.594</ele><time>2020-10-05T02:09:20Z</time></trkpt><trkpt lat="34.063192" lon="-118.199737"><ele>122.557</ele><time>2020-10-05T02:09:21Z</time></trkpt><trkpt lat="34.063209" lon="-118.199807"><ele>122.522</ele><time>2020-10-05T02:09:22Z</time></trkpt><trkpt lat="34.063232" lon="-118.199880"><ele>122.608</ele><time>2020-10-05T02:09:23Z</time></trkpt><trkpt lat="34.063252" lon="-118.199941"><ele>122.644</ele><time>2020-10-05T02:09:24Z</time></trkpt><trkpt lat="34.063276" lon="-118.200000"><ele>122.626</ele><time>2020-10-05T02:09:25Z</time></trkpt><trkpt lat="34.063296" lon="-118.200069"><ele>122.528</ele><time>2020-10-05T02:09:26Z</time></trkpt><trkpt lat="34.063319" lon="-118.200152"><ele>122.348</ele><time>2020-10-05T02:09:27Z</time></trkpt><trkpt lat="34.063337" lon="-118.200233"><ele>122.265</ele><time>2020-10-05T02:09:28Z</time></trkpt><trkpt lat="34.063360" lon="-118.200321"><ele>122.137</ele><time>2020-10-05T02:09:29Z</time></trkpt><trkpt lat="34.063376" lon="-118.200403"><ele>121.869</ele><time>2020-10-05T02:09:30Z</time></trkpt><trkpt lat="34.063390" lon="-118.200490"><ele>121.585</ele><time>2020-10-05T02:09:31Z</time></trkpt><trkpt lat="34.063401" lon="-118.200585"><ele>121.271</ele><time>2020-10-05T02:09:32Z</time></trkpt><trkpt lat="34.063412" lon="-118.200673"><ele>120.841</ele><time>2020-10-05T02:09:33Z</time></trkpt><trkpt lat="34.063415" lon="-118.200762"><ele>120.415</ele><time>2020-10-05T02:09:34Z</time></trkpt><trkpt lat="34.063425" lon="-118.200854"><ele>120.008</ele><time>2020-10-05T02:09:35Z</time></trkpt><trkpt lat="34.063427" lon="-118.200961"><ele>119.652</ele><time>2020-10-05T02:09:36Z</time></trkpt><trkpt lat="34.063430" lon="-118.201063"><ele>119.174</ele><time>2020-10-05T02:09:37Z</time></trkpt><trkpt lat="34.063434" lon="-118.201166"><ele>118.646</ele><time>2020-10-05T02:09:38Z</time></trkpt><trkpt lat="34.063441" lon="-118.201274"><ele>118.126</ele><time>2020-10-05T02:09:39Z</time></trkpt><trkpt lat="34.063444" lon="-118.201370"><ele>117.723</ele><time>2020-10-05T02:09:40Z</time></trkpt><trkpt lat="34.063447" lon="-118.201479"><ele>117.355</ele><time>2020-10-05T02:09:41Z</time></trkpt><trkpt lat="34.063451" lon="-118.201592"><ele>116.927</ele><time>2020-10-05T02:09:42Z</time></trkpt><trkpt lat="34.063454" lon="-118.201699"><ele>116.533</ele><time>2020-10-05T02:09:43Z</time></trkpt><trkpt lat="34.063446" lon="-118.201815"><ele>116.374</ele><time>2020-10-05T02:09:44Z</time></trkpt><trkpt lat="34.063441" lon="-118.201907"><ele>116.056</ele><time>2020-10-05T02:09:45Z</time></trkpt><trkpt lat="34.063454" lon="-118.201994"><ele>115.321</ele><time>2020-10-05T02:09:46Z</time></trkpt><trkpt lat="34.063463" lon="-118.202069"><ele>114.908</ele><time>2020-10-05T02:09:47Z</time></trkpt><trkpt lat="34.063479" lon="-118.202160"><ele>114.372</ele><time>2020-10-05T02:09:48Z</time></trkpt><trkpt lat="34.063479" lon="-118.202227"><ele>113.974</ele><time>2020-10-05T02:09:49Z</time></trkpt><trkpt lat="34.063478" lon="-118.202297"><ele>113.556</ele><time>2020-10-05T02:09:50Z</time></trkpt><trkpt lat="34.063477" lon="-118.202371"><ele>113.266</ele><time>2020-10-05T02:09:51Z</time></trkpt><trkpt lat="34.063476" lon="-118.202451"><ele>112.813</ele><time>2020-10-05T02:09:52Z</time></trkpt><trkpt lat="34.063482" lon="-118.202518"><ele>112.565</ele><time>2020-10-05T02:09:53Z</time></trkpt><trkpt lat="34.063491" lon="-118.202610"><ele>112.037</ele><time>2020-10-05T02:09:55Z</time></trkpt><trkpt lat="34.063531" lon="-118.202663"><ele>110.923</ele><time>2020-10-05T02:10:06Z</time></trkpt><trkpt lat="34.063537" lon="-118.202746"><ele>110.912</ele><time>2020-10-05T02:10:09Z</time></trkpt><trkpt lat="34.063529" lon="-118.202854"><ele>110.932</ele><time>2020-10-05T02:10:11Z</time></trkpt><trkpt lat="34.063533" lon="-118.202910"><ele>111.005</ele><time>2020-10-05T02:10:12Z</time></trkpt><trkpt lat="34.063537" lon="-118.202966"><ele>111.108</ele><time>2020-10-05T02:10:13Z</time></trkpt><trkpt lat="34.063540" lon="-118.203032"><ele>111.186</ele><time>2020-10-05T02:10:14Z</time></trkpt><trkpt lat="34.063540" lon="-118.203099"><ele>111.128</ele><time>2020-10-05T02:10:15Z</time></trkpt><trkpt lat="34.063542" lon="-118.203160"><ele>111.150</ele><time>2020-10-05T02:10:16Z</time></trkpt><trkpt lat="34.063546" lon="-118.203232"><ele>111.230</ele><time>2020-10-05T02:10:17Z</time></trkpt><trkpt lat="34.063550" lon="-118.203299"><ele>111.317</ele><time>2020-10-05T02:10:18Z</time></trkpt><trkpt lat="34.063563" lon="-118.203373"><ele>111.599</ele><time>2020-10-05T02:10:19Z</time></trkpt><trkpt lat="34.063565" lon="-118.203448"><ele>111.661</ele><time>2020-10-05T02:10:20Z</time></trkpt><trkpt lat="34.063569" lon="-118.203524"><ele>111.767</ele><time>2020-10-05T02:10:21Z</time></trkpt><trkpt lat="34.063572" lon="-118.203595"><ele>111.713</ele><time>2020-10-05T02:10:22Z</time></trkpt><trkpt lat="34.063579" lon="-118.203665"><ele>111.743</ele><time>2020-10-05T02:10:23Z</time></trkpt><trkpt lat="34.063582" lon="-118.203745"><ele>111.707</ele><time>2020-10-05T02:10:24Z</time></trkpt><trkpt lat="34.063590" lon="-118.203816"><ele>111.808</ele><time>2020-10-05T02:10:25Z</time></trkpt><trkpt lat="34.063589" lon="-118.203893"><ele>111.866</ele><time>2020-10-05T02:10:26Z</time></trkpt><trkpt lat="34.063590" lon="-118.203971"><ele>111.818</ele><time>2020-10-05T02:10:27Z</time></trkpt><trkpt lat="34.063593" lon="-118.204051"><ele>111.950</ele><time>2020-10-05T02:10:28Z</time></trkpt><trkpt lat="34.063600" lon="-118.204128"><ele>111.970</ele><time>2020-10-05T02:10:29Z</time></trkpt><trkpt lat="34.063601" lon="-118.204206"><ele>111.917</ele><time>2020-10-05T02:10:30Z</time></trkpt><trkpt lat="34.063604" lon="-118.204282"><ele>111.929</ele><time>2020-10-05T02:10:31Z</time></trkpt><trkpt lat="34.063611" lon="-118.204354"><ele>111.951</ele><time>2020-10-05T02:10:32Z</time></trkpt><trkpt lat="34.063620" lon="-118.204433"><ele>111.927</ele><time>2020-10-05T02:10:33Z</time></trkpt><trkpt lat="34.063628" lon="-118.204508"><ele>111.925</ele><time>2020-10-05T02:10:34Z</time></trkpt><trkpt lat="34.063629" lon="-118.204587"><ele>111.926</ele><time>2020-10-05T02:10:35Z</time></trkpt><trkpt lat="34.063631" lon="-118.204666"><ele>111.908</ele><time>2020-10-05T02:10:36Z</time></trkpt><trkpt lat="34.063631" lon="-118.204750"><ele>111.808</ele><time>2020-10-05T02:10:37Z</time></trkpt><trkpt lat="34.063635" lon="-118.204834"><ele>111.767</ele><time>2020-10-05T02:10:38Z</time></trkpt><trkpt lat="34.063639" lon="-118.204913"><ele>111.629</ele><time>2020-10-05T02:10:39Z</time></trkpt><trkpt lat="34.063643" lon="-118.204993"><ele>111.641</ele><time>2020-10-05T02:10:40Z</time></trkpt><trkpt lat="34.063645" lon="-118.205073"><ele>111.681</ele><time>2020-10-05T02:10:41Z</time></trkpt><trkpt lat="34.063654" lon="-118.205154"><ele>111.698</ele><time>2020-10-05T02:10:42Z</time></trkpt><trkpt lat="34.063664" lon="-118.205230"><ele>111.670</ele><time>2020-10-05T02:10:43Z</time></trkpt><trkpt lat="34.063674" lon="-118.205304"><ele>111.542</ele><time>2020-10-05T02:10:44Z</time></trkpt><trkpt lat="34.063676" lon="-118.205384"><ele>111.518</ele><time>2020-10-05T02:10:45Z</time></trkpt><trkpt lat="34.063682" lon="-118.205459"><ele>111.441</ele><time>2020-10-05T02:10:46Z</time></trkpt><trkpt lat="34.063691" lon="-118.205536"><ele>111.481</ele><time>2020-10-05T02:10:47Z</time></trkpt><trkpt lat="34.063702" lon="-118.205603"><ele>111.309</ele><time>2020-10-05T02:10:48Z</time></trkpt><trkpt lat="34.063701" lon="-118.205675"><ele>111.208</ele><time>2020-10-05T02:10:49Z</time></trkpt><trkpt lat="34.063701" lon="-118.205744"><ele>111.099</ele><time>2020-10-05T02:10:50Z</time></trkpt><trkpt lat="34.063702" lon="-118.205817"><ele>110.951</ele><time>2020-10-05T02:10:51Z</time></trkpt><trkpt lat="34.063713" lon="-118.205892"><ele>110.813</ele><time>2020-10-05T02:10:52Z</time></trkpt><trkpt lat="34.063740" lon="-118.205955"><ele>110.743</ele><time>2020-10-05T02:10:53Z</time></trkpt><trkpt lat="34.063777" lon="-118.206011"><ele>110.630</ele><time>2020-10-05T02:10:54Z</time></trkpt><trkpt lat="34.063829" lon="-118.206064"><ele>110.412</ele><time>2020-10-05T02:10:55Z</time></trkpt><trkpt lat="34.063886" lon="-118.206111"><ele>110.394</ele><time>2020-10-05T02:10:56Z</time></trkpt><trkpt lat="34.063942" lon="-118.206151"><ele>110.280</ele><time>2020-10-05T02:10:57Z</time></trkpt><trkpt lat="34.064002" lon="-118.206195"><ele>110.035</ele><time>2020-10-05T02:10:58Z</time></trkpt><trkpt lat="34.064057" lon="-118.206233"><ele>109.886</ele><time>2020-10-05T02:10:59Z</time></trkpt><trkpt lat="34.064113" lon="-118.206278"><ele>109.714</ele><time>2020-10-05T02:11:00Z</time></trkpt><trkpt lat="34.064175" lon="-118.206327"><ele>109.608</ele><time>2020-10-05T02:11:01Z</time></trkpt><trkpt lat="34.064222" lon="-118.206382"><ele>109.488</ele><time>2020-10-05T02:11:02Z</time></trkpt><trkpt lat="34.064262" lon="-118.206449"><ele>109.050</ele><time>2020-10-05T02:11:03Z</time></trkpt><trkpt lat="34.064303" lon="-118.206531"><ele>108.912</ele><time>2020-10-05T02:11:04Z</time></trkpt><trkpt lat="34.064333" lon="-118.206611"><ele>108.872</ele><time>2020-10-05T02:11:05Z</time></trkpt><trkpt lat="34.064358" lon="-118.206692"><ele>108.769</ele><time>2020-10-05T02:11:06Z</time></trkpt><trkpt lat="34.064387" lon="-118.206772"><ele>108.671</ele><time>2020-10-05T02:11:07Z</time></trkpt><trkpt lat="34.064414" lon="-118.206854"><ele>108.693</ele><time>2020-10-05T02:11:08Z</time></trkpt><trkpt lat="34.064440" lon="-118.206936"><ele>108.699</ele><time>2020-10-05T02:11:09Z</time></trkpt><trkpt lat="34.064462" lon="-118.207009"><ele>108.679</ele><time>2020-10-05T02:11:10Z</time></trkpt><trkpt lat="34.064491" lon="-118.207080"><ele>108.605</ele><time>2020-10-05T02:11:11Z</time></trkpt><trkpt lat="34.064516" lon="-118.207159"><ele>108.725</ele><time>2020-10-05T02:11:12Z</time></trkpt><trkpt lat="34.064540" lon="-118.207231"><ele>108.908</ele><time>2020-10-05T02:11:13Z</time></trkpt><trkpt lat="34.064557" lon="-118.207301"><ele>108.982</ele><time>2020-10-05T02:11:14Z</time></trkpt><trkpt lat="34.064586" lon="-118.207370"><ele>109.044</ele><time>2020-10-05T02:11:15Z</time></trkpt><trkpt lat="34.064615" lon="-118.207439"><ele>109.156</ele><time>2020-10-05T02:11:16Z</time></trkpt><trkpt lat="34.064639" lon="-118.207504"><ele>109.396</ele><time>2020-10-05T02:11:17Z</time></trkpt><trkpt lat="34.064667" lon="-118.207572"><ele>109.463</ele><time>2020-10-05T02:11:18Z</time></trkpt><trkpt lat="34.064688" lon="-118.207639"><ele>109.615</ele><time>2020-10-05T02:11:19Z</time></trkpt><trkpt lat="34.064702" lon="-118.207710"><ele>109.717</ele><time>2020-10-05T02:11:20Z</time></trkpt><trkpt lat="34.064710" lon="-118.207777"><ele>109.973</ele><time>2020-10-05T02:11:21Z</time></trkpt><trkpt lat="34.064717" lon="-118.207856"><ele>110.137</ele><time>2020-10-05T02:11:22Z</time></trkpt><trkpt lat="34.064703" lon="-118.207941"><ele>110.149</ele><time>2020-10-05T02:11:23Z</time></trkpt><trkpt lat="34.064689" lon="-118.208024"><ele>110.113</ele><time>2020-10-05T02:11:24Z</time></trkpt><trkpt lat="34.064676" lon="-118.208100"><ele>110.108</ele><time>2020-10-05T02:11:25Z</time></trkpt><trkpt lat="34.064653" lon="-118.208176"><ele>110.138</ele><time>2020-10-05T02:11:26Z</time></trkpt><trkpt lat="34.064641" lon="-118.208254"><ele>110.110</ele><time>2020-10-05T02:11:27Z</time></trkpt><trkpt lat="34.064629" lon="-118.208333"><ele>110.062</ele><time>2020-10-05T02:11:28Z</time></trkpt><trkpt lat="34.064614" lon="-118.208408"><ele>109.942</ele><time>2020-10-05T02:11:29Z</time></trkpt><trkpt lat="34.064600" lon="-118.208479"><ele>109.769</ele><time>2020-10-05T02:11:30Z</time></trkpt><trkpt lat="34.064581" lon="-118.208588"><ele>109.461</ele><time>2020-10-05T02:11:32Z</time></trkpt><trkpt lat="34.064570" lon="-118.208648"><ele>109.333</ele><time>2020-10-05T02:11:33Z</time></trkpt><trkpt lat="34.064556" lon="-118.208714"><ele>109.249</ele><time>2020-10-05T02:11:34Z</time></trkpt><trkpt lat="34.064543" lon="-118.208781"><ele>109.031</ele><time>2020-10-05T02:11:35Z</time></trkpt><trkpt lat="34.064514" lon="-118.208939"><ele>108.861</ele><time>2020-10-05T02:11:36Z</time></trkpt><trkpt lat="34.064496" lon="-118.209049"><ele>108.707</ele><time>2020-10-05T02:11:37Z</time></trkpt><trkpt lat="34.064482" lon="-118.209155"><ele>108.608</ele><time>2020-10-05T02:11:38Z</time></trkpt><trkpt lat="34.064447" lon="-118.209196"><ele>108.558</ele><time>2020-10-05T02:11:39Z</time></trkpt><trkpt lat="34.064420" lon="-118.209279"><ele>108.440</ele><time>2020-10-05T02:11:40Z</time></trkpt><trkpt lat="34.064395" lon="-118.209376"><ele>108.382</ele><time>2020-10-05T02:11:41Z</time></trkpt><trkpt lat="34.064373" lon="-118.209466"><ele>108.082</ele><time>2020-10-05T02:11:42Z</time></trkpt><trkpt lat="34.064334" lon="-118.209545"><ele>107.999</ele><time>2020-10-05T02:11:43Z</time></trkpt><trkpt lat="34.064295" lon="-118.209618"><ele>107.891</ele><time>2020-10-05T02:11:44Z</time></trkpt><trkpt lat="34.064243" lon="-118.209684"><ele>107.813</ele><time>2020-10-05T02:11:45Z</time></trkpt><trkpt lat="34.064179" lon="-118.209755"><ele>107.889</ele><time>2020-10-05T02:11:46Z</time></trkpt><trkpt lat="34.064127" lon="-118.209821"><ele>107.944</ele><time>2020-10-05T02:11:47Z</time></trkpt><trkpt lat="34.064071" lon="-118.209885"><ele>108.005</ele><time>2020-10-05T02:11:48Z</time></trkpt><trkpt lat="34.064017" lon="-118.209946"><ele>108.115</ele><time>2020-10-05T02:11:49Z</time></trkpt><trkpt lat="34.063968" lon="-118.209999"><ele>108.208</ele><time>2020-10-05T02:11:50Z</time></trkpt><trkpt lat="34.063917" lon="-118.210058"><ele>108.389</ele><time>2020-10-05T02:11:51Z</time></trkpt><trkpt lat="34.063865" lon="-118.210115"><ele>108.571</ele><time>2020-10-05T02:11:52Z</time></trkpt><trkpt lat="34.063814" lon="-118.210176"><ele>108.773</ele><time>2020-10-05T02:11:53Z</time></trkpt><trkpt lat="34.063768" lon="-118.210228"><ele>108.913</ele><time>2020-10-05T02:11:54Z</time></trkpt><trkpt lat="34.063724" lon="-118.210285"><ele>109.130</ele><time>2020-10-05T02:11:55Z</time></trkpt><trkpt lat="34.063673" lon="-118.210343"><ele>109.252</ele><time>2020-10-05T02:11:56Z</time></trkpt><trkpt lat="34.063626" lon="-118.210400"><ele>109.394</ele><time>2020-10-05T02:11:57Z</time></trkpt><trkpt lat="34.063570" lon="-118.210454"><ele>109.370</ele><time>2020-10-05T02:11:58Z</time></trkpt><trkpt lat="34.063513" lon="-118.210502"><ele>109.384</ele><time>2020-10-05T02:11:59Z</time></trkpt><trkpt lat="34.063460" lon="-118.210542"><ele>109.307</ele><time>2020-10-05T02:12:00Z</time></trkpt><trkpt lat="34.063396" lon="-118.210560"><ele>109.217</ele><time>2020-10-05T02:12:01Z</time></trkpt><trkpt lat="34.063336" lon="-118.210594"><ele>109.208</ele><time>2020-10-05T02:12:02Z</time></trkpt><trkpt lat="34.063282" lon="-118.210642"><ele>109.293</ele><time>2020-10-05T02:12:03Z</time></trkpt><trkpt lat="34.063239" lon="-118.210700"><ele>109.295</ele><time>2020-10-05T02:12:04Z</time></trkpt><trkpt lat="34.063194" lon="-118.210756"><ele>109.247</ele><time>2020-10-05T02:12:05Z</time></trkpt><trkpt lat="34.063147" lon="-118.210821"><ele>109.297</ele><time>2020-10-05T02:12:06Z</time></trkpt><trkpt lat="34.063115" lon="-118.210878"><ele>109.114</ele><time>2020-10-05T02:12:07Z</time></trkpt><trkpt lat="34.063081" lon="-118.210920"><ele>109.026</ele><time>2020-10-05T02:12:08Z</time></trkpt><trkpt lat="34.063031" lon="-118.210984"><ele>108.798</ele><time>2020-10-05T02:12:10Z</time></trkpt><trkpt lat="34.062995" lon="-118.211035"><ele>108.694</ele><time>2020-10-05T02:12:12Z</time></trkpt><trkpt lat="34.062974" lon="-118.211091"><ele>108.553</ele><time>2020-10-05T02:12:15Z</time></trkpt><trkpt lat="34.062962" lon="-118.211145"><ele>108.204</ele><time>2020-10-05T02:12:26Z</time></trkpt><trkpt lat="34.062920" lon="-118.211171"><ele>108.214</ele><time>2020-10-05T02:12:37Z</time></trkpt><trkpt lat="34.062872" lon="-118.211237"><ele>108.308</ele><time>2020-10-05T02:12:39Z</time></trkpt><trkpt lat="34.062806" lon="-118.211303"><ele>108.460</ele><time>2020-10-05T02:12:41Z</time></trkpt><trkpt lat="34.062745" lon="-118.211380"><ele>108.512</ele><time>2020-10-05T02:12:43Z</time></trkpt><trkpt lat="34.062706" lon="-118.211429"><ele>108.554</ele><time>2020-10-05T02:12:44Z</time></trkpt><trkpt lat="34.062666" lon="-118.211479"><ele>108.594</ele><time>2020-10-05T02:12:45Z</time></trkpt><trkpt lat="34.062630" lon="-118.211531"><ele>108.591</ele><time>2020-10-05T02:12:46Z</time></trkpt><trkpt lat="34.062598" lon="-118.211585"><ele>108.513</ele><time>2020-10-05T02:12:47Z</time></trkpt><trkpt lat="34.062558" lon="-118.211646"><ele>108.665</ele><time>2020-10-05T02:12:48Z</time></trkpt><trkpt lat="34.062517" lon="-118.211709"><ele>108.621</ele><time>2020-10-05T02:12:49Z</time></trkpt><trkpt lat="34.062474" lon="-118.211774"><ele>108.569</ele><time>2020-10-05T02:12:50Z</time></trkpt><trkpt lat="34.062436" lon="-118.211836"><ele>108.504</ele><time>2020-10-05T02:12:51Z</time></trkpt><trkpt lat="34.062396" lon="-118.211891"><ele>108.624</ele><time>2020-10-05T02:12:52Z</time></trkpt><trkpt lat="34.062354" lon="-118.211954"><ele>108.608</ele><time>2020-10-05T02:12:53Z</time></trkpt><trkpt lat="34.062308" lon="-118.212016"><ele>108.641</ele><time>2020-10-05T02:12:54Z</time></trkpt><trkpt lat="34.062270" lon="-118.212077"><ele>108.643</ele><time>2020-10-05T02:12:55Z</time></trkpt><trkpt lat="34.062225" lon="-118.212140"><ele>108.665</ele><time>2020-10-05T02:12:56Z</time></trkpt><trkpt lat="34.062174" lon="-118.212205"><ele>108.655</ele><time>2020-10-05T02:12:57Z</time></trkpt><trkpt lat="34.062135" lon="-118.212269"><ele>108.632</ele><time>2020-10-05T02:12:58Z</time></trkpt><trkpt lat="34.062082" lon="-118.212336"><ele>108.634</ele><time>2020-10-05T02:12:59Z</time></trkpt><trkpt lat="34.062044" lon="-118.212399"><ele>108.696</ele><time>2020-10-05T02:13:00Z</time></trkpt><trkpt lat="34.062002" lon="-118.212460"><ele>108.682</ele><time>2020-10-05T02:13:01Z</time></trkpt><trkpt lat="34.061963" lon="-118.212525"><ele>108.634</ele><time>2020-10-05T02:13:02Z</time></trkpt><trkpt lat="34.061929" lon="-118.212597"><ele>108.655</ele><time>2020-10-05T02:13:03Z</time></trkpt><trkpt lat="34.061884" lon="-118.212657"><ele>108.610</ele><time>2020-10-05T02:13:04Z</time></trkpt><trkpt lat="34.061834" lon="-118.212726"><ele>108.608</ele><time>2020-10-05T02:13:05Z</time></trkpt><trkpt lat="34.061786" lon="-118.212788"><ele>108.678</ele><time>2020-10-05T02:13:06Z</time></trkpt><trkpt lat="34.061748" lon="-118.212848"><ele>108.680</ele><time>2020-10-05T02:13:07Z</time></trkpt><trkpt lat="34.061708" lon="-118.212910"><ele>108.642</ele><time>2020-10-05T02:13:08Z</time></trkpt><trkpt lat="34.061676" lon="-118.212970"><ele>108.532</ele><time>2020-10-05T02:13:09Z</time></trkpt><trkpt lat="34.061640" lon="-118.213034"><ele>108.429</ele><time>2020-10-05T02:13:10Z</time></trkpt><trkpt lat="34.061591" lon="-118.213096"><ele>108.441</ele><time>2020-10-05T02:13:11Z</time></trkpt><trkpt lat="34.061553" lon="-118.213146"><ele>108.393</ele><time>2020-10-05T02:13:12Z</time></trkpt><trkpt lat="34.061518" lon="-118.213196"><ele>108.229</ele><time>2020-10-05T02:13:13Z</time></trkpt><trkpt lat="34.061493" lon="-118.213245"><ele>108.193</ele><time>2020-10-05T02:13:14Z</time></trkpt><trkpt lat="34.061453" lon="-118.213304"><ele>108.065</ele><time>2020-10-05T02:13:15Z</time></trkpt><trkpt lat="34.061416" lon="-118.213364"><ele>107.921</ele><time>2020-10-05T02:13:16Z</time></trkpt><trkpt lat="34.061378" lon="-118.213421"><ele>107.908</ele><time>2020-10-05T02:13:17Z</time></trkpt><trkpt lat="34.061344" lon="-118.213482"><ele>107.954</ele><time>2020-10-05T02:13:18Z</time></trkpt><trkpt lat="34.061301" lon="-118.213538"><ele>107.986</ele><time>2020-10-05T02:13:19Z</time></trkpt><trkpt lat="34.061259" lon="-118.213609"><ele>108.058</ele><time>2020-10-05T02:13:20Z</time></trkpt><trkpt lat="34.061221" lon="-118.213676"><ele>108.168</ele><time>2020-10-05T02:13:21Z</time></trkpt><trkpt lat="34.061185" lon="-118.213736"><ele>108.165</ele><time>2020-10-05T02:13:22Z</time></trkpt><trkpt lat="34.061144" lon="-118.213795"><ele>108.147</ele><time>2020-10-05T02:13:23Z</time></trkpt><trkpt lat="34.061101" lon="-118.213862"><ele>108.299</ele><time>2020-10-05T02:13:24Z</time></trkpt><trkpt lat="34.061065" lon="-118.213922"><ele>108.285</ele><time>2020-10-05T02:13:25Z</time></trkpt><trkpt lat="34.061026" lon="-118.213986"><ele>108.231</ele><time>2020-10-05T02:13:26Z</time></trkpt><trkpt lat="34.060978" lon="-118.214053"><ele>108.161</ele><time>2020-10-05T02:13:27Z</time></trkpt><trkpt lat="34.060935" lon="-118.214118"><ele>107.907</ele><time>2020-10-05T02:13:28Z</time></trkpt><trkpt lat="34.060887" lon="-118.214186"><ele>107.808</ele><time>2020-10-05T02:13:29Z</time></trkpt><trkpt lat="34.060837" lon="-118.214255"><ele>107.748</ele><time>2020-10-05T02:13:30Z</time></trkpt><trkpt lat="34.060790" lon="-118.214323"><ele>107.620</ele><time>2020-10-05T02:13:31Z</time></trkpt><trkpt lat="34.060739" lon="-118.214389"><ele>107.592</ele><time>2020-10-05T02:13:32Z</time></trkpt><trkpt lat="34.060690" lon="-118.214450"><ele>107.462</ele><time>2020-10-05T02:13:33Z</time></trkpt><trkpt lat="34.060641" lon="-118.214512"><ele>107.369</ele><time>2020-10-05T02:13:34Z</time></trkpt><trkpt lat="34.060590" lon="-118.214579"><ele>107.341</ele><time>2020-10-05T02:13:35Z</time></trkpt><trkpt lat="34.060544" lon="-118.214644"><ele>107.153</ele><time>2020-10-05T02:13:36Z</time></trkpt><trkpt lat="34.060494" lon="-118.214713"><ele>107.069</ele><time>2020-10-05T02:13:37Z</time></trkpt><trkpt lat="34.060442" lon="-118.214777"><ele>106.945</ele><time>2020-10-05T02:13:38Z</time></trkpt><trkpt lat="34.060390" lon="-118.214843"><ele>106.847</ele><time>2020-10-05T02:13:39Z</time></trkpt><trkpt lat="34.060335" lon="-118.214912"><ele>106.711</ele><time>2020-10-05T02:13:40Z</time></trkpt><trkpt lat="34.060282" lon="-118.214978"><ele>106.708</ele><time>2020-10-05T02:13:41Z</time></trkpt><trkpt lat="34.060223" lon="-118.215051"><ele>106.769</ele><time>2020-10-05T02:13:42Z</time></trkpt><trkpt lat="34.060171" lon="-118.215118"><ele>106.711</ele><time>2020-10-05T02:13:43Z</time></trkpt><trkpt lat="34.060104" lon="-118.215187"><ele>106.673</ele><time>2020-10-05T02:13:44Z</time></trkpt><trkpt lat="34.060049" lon="-118.215246"><ele>106.563</ele><time>2020-10-05T02:13:45Z</time></trkpt><trkpt lat="34.059998" lon="-118.215307"><ele>106.540</ele><time>2020-10-05T02:13:46Z</time></trkpt><trkpt lat="34.059947" lon="-118.215370"><ele>106.452</ele><time>2020-10-05T02:13:47Z</time></trkpt><trkpt lat="34.059898" lon="-118.215431"><ele>106.494</ele><time>2020-10-05T02:13:48Z</time></trkpt><trkpt lat="34.059842" lon="-118.215498"><ele>106.440</ele><time>2020-10-05T02:13:49Z</time></trkpt><trkpt lat="34.059786" lon="-118.215564"><ele>106.469</ele><time>2020-10-05T02:13:50Z</time></trkpt><trkpt lat="34.059726" lon="-118.215628"><ele>106.404</ele><time>2020-10-05T02:13:51Z</time></trkpt><trkpt lat="34.059666" lon="-118.215691"><ele>106.424</ele><time>2020-10-05T02:13:52Z</time></trkpt><trkpt lat="34.059607" lon="-118.215750"><ele>106.308</ele><time>2020-10-05T02:13:53Z</time></trkpt><trkpt lat="34.059549" lon="-118.215816"><ele>106.321</ele><time>2020-10-05T02:13:54Z</time></trkpt><trkpt lat="34.059493" lon="-118.215885"><ele>106.153</ele><time>2020-10-05T02:13:55Z</time></trkpt><trkpt lat="34.059438" lon="-118.215948"><ele>106.025</ele><time>2020-10-05T02:13:56Z</time></trkpt><trkpt lat="34.059382" lon="-118.216012"><ele>105.995</ele><time>2020-10-05T02:13:57Z</time></trkpt><trkpt lat="34.059327" lon="-118.216081"><ele>105.812</ele><time>2020-10-05T02:13:58Z</time></trkpt><trkpt lat="34.059274" lon="-118.216153"><ele>105.814</ele><time>2020-10-05T02:13:59Z</time></trkpt><trkpt lat="34.059217" lon="-118.216222"><ele>105.816</ele><time>2020-10-05T02:14:00Z</time></trkpt><trkpt lat="34.059158" lon="-118.216297"><ele>105.882</ele><time>2020-10-05T02:14:01Z</time></trkpt><trkpt lat="34.059100" lon="-118.216370"><ele>105.975</ele><time>2020-10-05T02:14:02Z</time></trkpt><trkpt lat="34.059043" lon="-118.216441"><ele>105.928</ele><time>2020-10-05T02:14:03Z</time></trkpt><trkpt lat="34.058984" lon="-118.216510"><ele>105.920</ele><time>2020-10-05T02:14:04Z</time></trkpt><trkpt lat="34.058930" lon="-118.216580"><ele>105.908</ele><time>2020-10-05T02:14:05Z</time></trkpt><trkpt lat="34.058873" lon="-118.216649"><ele>105.942</ele><time>2020-10-05T02:14:06Z</time></trkpt><trkpt lat="34.058814" lon="-118.216714"><ele>105.854</ele><time>2020-10-05T02:14:07Z</time></trkpt><trkpt lat="34.058761" lon="-118.216784"><ele>105.826</ele><time>2020-10-05T02:14:08Z</time></trkpt><trkpt lat="34.058711" lon="-118.216851"><ele>105.826</ele><time>2020-10-05T02:14:09Z</time></trkpt><trkpt lat="34.058660" lon="-118.216918"><ele>105.883</ele><time>2020-10-05T02:14:10Z</time></trkpt><trkpt lat="34.058614" lon="-118.216997"><ele>105.815</ele><time>2020-10-05T02:14:11Z</time></trkpt><trkpt lat="34.058560" lon="-118.217067"><ele>105.857</ele><time>2020-10-05T02:14:12Z</time></trkpt><trkpt lat="34.058507" lon="-118.217129"><ele>105.873</ele><time>2020-10-05T02:14:13Z</time></trkpt><trkpt lat="34.058453" lon="-118.217197"><ele>105.826</ele><time>2020-10-05T02:14:14Z</time></trkpt><trkpt lat="34.058408" lon="-118.217263"><ele>105.947</ele><time>2020-10-05T02:14:15Z</time></trkpt><trkpt lat="34.058360" lon="-118.217334"><ele>105.911</ele><time>2020-10-05T02:14:16Z</time></trkpt><trkpt lat="34.058309" lon="-118.217401"><ele>106.008</ele><time>2020-10-05T02:14:17Z</time></trkpt><trkpt lat="34.058258" lon="-118.217467"><ele>106.027</ele><time>2020-10-05T02:14:18Z</time></trkpt><trkpt lat="34.058208" lon="-118.217536"><ele>106.039</ele><time>2020-10-05T02:14:19Z</time></trkpt><trkpt lat="34.058163" lon="-118.217611"><ele>106.031</ele><time>2020-10-05T02:14:20Z</time></trkpt><trkpt lat="34.058110" lon="-118.217684"><ele>106.141</ele><time>2020-10-05T02:14:21Z</time></trkpt><trkpt lat="34.058060" lon="-118.217749"><ele>106.178</ele><time>2020-10-05T02:14:22Z</time></trkpt><trkpt lat="34.058009" lon="-118.217820"><ele>106.250</ele><time>2020-10-05T02:14:23Z</time></trkpt><trkpt lat="34.057965" lon="-118.217890"><ele>106.322</ele><time>2020-10-05T02:14:24Z</time></trkpt><trkpt lat="34.057911" lon="-118.217955"><ele>106.398</ele><time>2020-10-05T02:14:25Z</time></trkpt><trkpt lat="34.057858" lon="-118.218019"><ele>106.336</ele><time>2020-10-05T02:14:26Z</time></trkpt><trkpt lat="34.057808" lon="-118.218086"><ele>106.317</ele><time>2020-10-05T02:14:27Z</time></trkpt><trkpt lat="34.057754" lon="-118.218152"><ele>106.318</ele><time>2020-10-05T02:14:28Z</time></trkpt><trkpt lat="34.057701" lon="-118.218219"><ele>106.308</ele><time>2020-10-05T02:14:29Z</time></trkpt><trkpt lat="34.057648" lon="-118.218283"><ele>106.368</ele><time>2020-10-05T02:14:30Z</time></trkpt><trkpt lat="34.057596" lon="-118.218346"><ele>106.360</ele><time>2020-10-05T02:14:31Z</time></trkpt><trkpt lat="34.057545" lon="-118.218407"><ele>106.342</ele><time>2020-10-05T02:14:32Z</time></trkpt><trkpt lat="34.057497" lon="-118.218474"><ele>106.422</ele><time>2020-10-05T02:14:33Z</time></trkpt><trkpt lat="34.057444" lon="-118.218539"><ele>106.569</ele><time>2020-10-05T02:14:34Z</time></trkpt><trkpt lat="34.057397" lon="-118.218604"><ele>106.581</ele><time>2020-10-05T02:14:35Z</time></trkpt><trkpt lat="34.057348" lon="-118.218671"><ele>106.663</ele><time>2020-10-05T02:14:36Z</time></trkpt><trkpt lat="34.057301" lon="-118.218734"><ele>106.639</ele><time>2020-10-05T02:14:37Z</time></trkpt><trkpt lat="34.057247" lon="-118.218803"><ele>106.612</ele><time>2020-10-05T02:14:38Z</time></trkpt><trkpt lat="34.057200" lon="-118.218866"><ele>106.632</ele><time>2020-10-05T02:14:39Z</time></trkpt><trkpt lat="34.057152" lon="-118.218936"><ele>106.605</ele><time>2020-10-05T02:14:40Z</time></trkpt><trkpt lat="34.057105" lon="-118.219006"><ele>106.708</ele><time>2020-10-05T02:14:41Z</time></trkpt><trkpt lat="34.057065" lon="-118.219082"><ele>106.726</ele><time>2020-10-05T02:14:42Z</time></trkpt><trkpt lat="34.057030" lon="-118.219162"><ele>106.738</ele><time>2020-10-05T02:14:43Z</time></trkpt><trkpt lat="34.056997" lon="-118.219245"><ele>106.770</ele><time>2020-10-05T02:14:44Z</time></trkpt><trkpt lat="34.056965" lon="-118.219329"><ele>106.760</ele><time>2020-10-05T02:14:45Z</time></trkpt><trkpt lat="34.056941" lon="-118.219414"><ele>106.717</ele><time>2020-10-05T02:14:46Z</time></trkpt><trkpt lat="34.056915" lon="-118.219500"><ele>106.659</ele><time>2020-10-05T02:14:47Z</time></trkpt><trkpt lat="34.056893" lon="-118.219581"><ele>106.691</ele><time>2020-10-05T02:14:48Z</time></trkpt><trkpt lat="34.056865" lon="-118.219662"><ele>106.677</ele><time>2020-10-05T02:14:49Z</time></trkpt><trkpt lat="34.056833" lon="-118.219742"><ele>106.577</ele><time>2020-10-05T02:14:50Z</time></trkpt><trkpt lat="34.056804" lon="-118.219828"><ele>106.561</ele><time>2020-10-05T02:14:51Z</time></trkpt><trkpt lat="34.056775" lon="-118.219910"><ele>106.427</ele><time>2020-10-05T02:14:52Z</time></trkpt><trkpt lat="34.056748" lon="-118.219992"><ele>106.408</ele><time>2020-10-05T02:14:53Z</time></trkpt><trkpt lat="34.056717" lon="-118.220075"><ele>106.432</ele><time>2020-10-05T02:14:54Z</time></trkpt><trkpt lat="34.056690" lon="-118.220153"><ele>106.444</ele><time>2020-10-05T02:14:55Z</time></trkpt><trkpt lat="34.056665" lon="-118.220235"><ele>106.416</ele><time>2020-10-05T02:14:56Z</time></trkpt><trkpt lat="34.056626" lon="-118.220323"><ele>106.486</ele><time>2020-10-05T02:14:57Z</time></trkpt><trkpt lat="34.056597" lon="-118.220404"><ele>106.383</ele><time>2020-10-05T02:14:58Z</time></trkpt><trkpt lat="34.056567" lon="-118.220490"><ele>106.275</ele><time>2020-10-05T02:14:59Z</time></trkpt><trkpt lat="34.056543" lon="-118.220571"><ele>106.227</ele><time>2020-10-05T02:15:00Z</time></trkpt><trkpt lat="34.056517" lon="-118.220651"><ele>106.213</ele><time>2020-10-05T02:15:01Z</time></trkpt><trkpt lat="34.056486" lon="-118.220736"><ele>106.276</ele><time>2020-10-05T02:15:02Z</time></trkpt><trkpt lat="34.056461" lon="-118.220816"><ele>106.290</ele><time>2020-10-05T02:15:03Z</time></trkpt><trkpt lat="34.056432" lon="-118.220902"><ele>106.319</ele><time>2020-10-05T02:15:04Z</time></trkpt><trkpt lat="34.056402" lon="-118.220984"><ele>106.308</ele><time>2020-10-05T02:15:05Z</time></trkpt><trkpt lat="34.056371" lon="-118.221070"><ele>106.362</ele><time>2020-10-05T02:15:06Z</time></trkpt><trkpt lat="34.056339" lon="-118.221162"><ele>106.384</ele><time>2020-10-05T02:15:07Z</time></trkpt><trkpt lat="34.056310" lon="-118.221248"><ele>106.366</ele><time>2020-10-05T02:15:08Z</time></trkpt><trkpt lat="34.056282" lon="-118.221329"><ele>106.376</ele><time>2020-10-05T02:15:09Z</time></trkpt><trkpt lat="34.056260" lon="-118.221410"><ele>106.323</ele><time>2020-10-05T02:15:10Z</time></trkpt><trkpt lat="34.056231" lon="-118.221491"><ele>106.435</ele><time>2020-10-05T02:15:11Z</time></trkpt><trkpt lat="34.056195" lon="-118.221577"><ele>106.487</ele><time>2020-10-05T02:15:12Z</time></trkpt><trkpt lat="34.056171" lon="-118.221653"><ele>106.413</ele><time>2020-10-05T02:15:13Z</time></trkpt><trkpt lat="34.056145" lon="-118.221732"><ele>106.279</ele><time>2020-10-05T02:15:14Z</time></trkpt><trkpt lat="34.056114" lon="-118.221814"><ele>106.105</ele><time>2020-10-05T02:15:15Z</time></trkpt><trkpt lat="34.056097" lon="-118.221905"><ele>106.025</ele><time>2020-10-05T02:15:16Z</time></trkpt><trkpt lat="34.056062" lon="-118.221993"><ele>106.008</ele><time>2020-10-05T02:15:17Z</time></trkpt><trkpt lat="34.056029" lon="-118.222073"><ele>106.042</ele><time>2020-10-05T02:15:18Z</time></trkpt><trkpt lat="34.055996" lon="-118.222162"><ele>106.024</ele><time>2020-10-05T02:15:19Z</time></trkpt><trkpt lat="34.055962" lon="-118.222245"><ele>106.056</ele><time>2020-10-05T02:15:20Z</time></trkpt><trkpt lat="34.055926" lon="-118.222325"><ele>106.086</ele><time>2020-10-05T02:15:21Z</time></trkpt><trkpt lat="34.055888" lon="-118.222403"><ele>106.083</ele><time>2020-10-05T02:15:22Z</time></trkpt><trkpt lat="34.055848" lon="-118.222477"><ele>106.035</ele><time>2020-10-05T02:15:23Z</time></trkpt><trkpt lat="34.055816" lon="-118.222557"><ele>105.957</ele><time>2020-10-05T02:15:24Z</time></trkpt><trkpt lat="34.055775" lon="-118.222639"><ele>105.933</ele><time>2020-10-05T02:15:25Z</time></trkpt><trkpt lat="34.055736" lon="-118.222716"><ele>105.931</ele><time>2020-10-05T02:15:26Z</time></trkpt><trkpt lat="34.055698" lon="-118.222792"><ele>105.961</ele><time>2020-10-05T02:15:27Z</time></trkpt><trkpt lat="34.055661" lon="-118.222866"><ele>105.907</ele><time>2020-10-05T02:15:28Z</time></trkpt><trkpt lat="34.055632" lon="-118.222949"><ele>106.008</ele><time>2020-10-05T02:15:29Z</time></trkpt><trkpt lat="34.055591" lon="-118.223030"><ele>106.058</ele><time>2020-10-05T02:15:30Z</time></trkpt><trkpt lat="34.055553" lon="-118.223099"><ele>106.060</ele><time>2020-10-05T02:15:31Z</time></trkpt><trkpt lat="34.055511" lon="-118.223178"><ele>106.052</ele><time>2020-10-05T02:15:32Z</time></trkpt><trkpt lat="34.055473" lon="-118.223252"><ele>106.032</ele><time>2020-10-05T02:15:33Z</time></trkpt><trkpt lat="34.055434" lon="-118.223330"><ele>106.039</ele><time>2020-10-05T02:15:34Z</time></trkpt><trkpt lat="34.055394" lon="-118.223405"><ele>106.091</ele><time>2020-10-05T02:15:35Z</time></trkpt><trkpt lat="34.055362" lon="-118.223479"><ele>106.053</ele><time>2020-10-05T02:15:36Z</time></trkpt><trkpt lat="34.055333" lon="-118.223555"><ele>106.019</ele><time>2020-10-05T02:15:37Z</time></trkpt><trkpt lat="34.055301" lon="-118.223633"><ele>106.047</ele><time>2020-10-05T02:15:38Z</time></trkpt><trkpt lat="34.055271" lon="-118.223710"><ele>106.029</ele><time>2020-10-05T02:15:39Z</time></trkpt><trkpt lat="34.055238" lon="-118.223794"><ele>106.021</ele><time>2020-10-05T02:15:40Z</time></trkpt><trkpt lat="34.055202" lon="-118.223879"><ele>105.908</ele><time>2020-10-05T02:15:41Z</time></trkpt><trkpt lat="34.055168" lon="-118.223963"><ele>105.899</ele><time>2020-10-05T02:15:42Z</time></trkpt><trkpt lat="34.055133" lon="-118.224045"><ele>105.721</ele><time>2020-10-05T02:15:43Z</time></trkpt><trkpt lat="34.055099" lon="-118.224123"><ele>105.513</ele><time>2020-10-05T02:15:44Z</time></trkpt><trkpt lat="34.055073" lon="-118.224202"><ele>105.473</ele><time>2020-10-05T02:15:45Z</time></trkpt><trkpt lat="34.055039" lon="-118.224279"><ele>105.350</ele><time>2020-10-05T02:15:46Z</time></trkpt><trkpt lat="34.055004" lon="-118.224364"><ele>105.292</ele><time>2020-10-05T02:15:47Z</time></trkpt><trkpt lat="34.054967" lon="-118.224444"><ele>105.184</ele><time>2020-10-05T02:15:48Z</time></trkpt><trkpt lat="34.054934" lon="-118.224525"><ele>104.840</ele><time>2020-10-05T02:15:49Z</time></trkpt><trkpt lat="34.054899" lon="-118.224609"><ele>104.718</ele><time>2020-10-05T02:15:50Z</time></trkpt><trkpt lat="34.054869" lon="-118.224698"><ele>104.598</ele><time>2020-10-05T02:15:51Z</time></trkpt><trkpt lat="34.054835" lon="-118.224781"><ele>104.417</ele><time>2020-10-05T02:15:52Z</time></trkpt><trkpt lat="34.054807" lon="-118.224866"><ele>104.308</ele><time>2020-10-05T02:15:53Z</time></trkpt><trkpt lat="34.054777" lon="-118.224950"><ele>104.276</ele><time>2020-10-05T02:15:54Z</time></trkpt><trkpt lat="34.054745" lon="-118.225033"><ele>104.198</ele><time>2020-10-05T02:15:55Z</time></trkpt><trkpt lat="34.054711" lon="-118.225112"><ele>103.990</ele><time>2020-10-05T02:15:56Z</time></trkpt><trkpt lat="34.054674" lon="-118.225192"><ele>103.750</ele><time>2020-10-05T02:15:57Z</time></trkpt><trkpt lat="34.054637" lon="-118.225280"><ele>103.557</ele><time>2020-10-05T02:15:58Z</time></trkpt><trkpt lat="34.054606" lon="-118.225366"><ele>103.319</ele><time>2020-10-05T02:15:59Z</time></trkpt><trkpt lat="34.054570" lon="-118.225448"><ele>103.161</ele><time>2020-10-05T02:16:00Z</time></trkpt><trkpt lat="34.054539" lon="-118.225523"><ele>102.987</ele><time>2020-10-05T02:16:01Z</time></trkpt><trkpt lat="34.054506" lon="-118.225607"><ele>102.746</ele><time>2020-10-05T02:16:02Z</time></trkpt><trkpt lat="34.054477" lon="-118.225691"><ele>102.588</ele><time>2020-10-05T02:16:03Z</time></trkpt><trkpt lat="34.054451" lon="-118.225771"><ele>102.316</ele><time>2020-10-05T02:16:04Z</time></trkpt><trkpt lat="34.054435" lon="-118.225856"><ele>102.008</ele><time>2020-10-05T02:16:05Z</time></trkpt><trkpt lat="34.054454" lon="-118.225949"><ele>101.819</ele><time>2020-10-05T02:16:06Z</time></trkpt><trkpt lat="34.054488" lon="-118.226032"><ele>101.471</ele><time>2020-10-05T02:16:07Z</time></trkpt><trkpt lat="34.054527" lon="-118.226120"><ele>101.193</ele><time>2020-10-05T02:16:08Z</time></trkpt><trkpt lat="34.054574" lon="-118.226200"><ele>101.073</ele><time>2020-10-05T02:16:09Z</time></trkpt><trkpt lat="34.054616" lon="-118.226280"><ele>100.920</ele><time>2020-10-05T02:16:10Z</time></trkpt><trkpt lat="34.054659" lon="-118.226354"><ele>100.932</ele><time>2020-10-05T02:16:11Z</time></trkpt><trkpt lat="34.054705" lon="-118.226436"><ele>101.054</ele><time>2020-10-05T02:16:12Z</time></trkpt><trkpt lat="34.054736" lon="-118.226522"><ele>101.210</ele><time>2020-10-05T02:16:13Z</time></trkpt><trkpt lat="34.054773" lon="-118.226601"><ele>101.426</ele><time>2020-10-05T02:16:14Z</time></trkpt><trkpt lat="34.054807" lon="-118.226683"><ele>101.647</ele><time>2020-10-05T02:16:15Z</time></trkpt><trkpt lat="34.054850" lon="-118.226769"><ele>101.811</ele><time>2020-10-05T02:16:16Z</time></trkpt><trkpt lat="34.054887" lon="-118.226843"><ele>102.008</ele><time>2020-10-05T02:16:17Z</time></trkpt><trkpt lat="34.054930" lon="-118.226928"><ele>102.117</ele><time>2020-10-05T02:16:18Z</time></trkpt><trkpt lat="34.054963" lon="-118.227007"><ele>102.289</ele><time>2020-10-05T02:16:19Z</time></trkpt><trkpt lat="34.054994" lon="-118.227087"><ele>102.321</ele><time>2020-10-05T02:16:20Z</time></trkpt><trkpt lat="34.055024" lon="-118.227167"><ele>102.371</ele><time>2020-10-05T02:16:21Z</time></trkpt><trkpt lat="34.055060" lon="-118.227236"><ele>102.348</ele><time>2020-10-05T02:16:22Z</time></trkpt><trkpt lat="34.055086" lon="-118.227316"><ele>102.310</ele><time>2020-10-05T02:16:23Z</time></trkpt><trkpt lat="34.055125" lon="-118.227396"><ele>102.332</ele><time>2020-10-05T02:16:24Z</time></trkpt><trkpt lat="34.055156" lon="-118.227480"><ele>102.418</ele><time>2020-10-05T02:16:25Z</time></trkpt><trkpt lat="34.055182" lon="-118.227563"><ele>102.349</ele><time>2020-10-05T02:16:26Z</time></trkpt><trkpt lat="34.055210" lon="-118.227648"><ele>102.302</ele><time>2020-10-05T02:16:27Z</time></trkpt><trkpt lat="34.055239" lon="-118.227723"><ele>102.222</ele><time>2020-10-05T02:16:28Z</time></trkpt><trkpt lat="34.055270" lon="-118.227804"><ele>102.108</ele><time>2020-10-05T02:16:29Z</time></trkpt><trkpt lat="34.055294" lon="-118.227888"><ele>102.089</ele><time>2020-10-05T02:16:30Z</time></trkpt><trkpt lat="34.055323" lon="-118.227965"><ele>102.031</ele><time>2020-10-05T02:16:31Z</time></trkpt><trkpt lat="34.055348" lon="-118.228054"><ele>102.053</ele><time>2020-10-05T02:16:32Z</time></trkpt><trkpt lat="34.055378" lon="-118.228138"><ele>101.993</ele><time>2020-10-05T02:16:33Z</time></trkpt><trkpt lat="34.055413" lon="-118.228233"><ele>101.830</ele><time>2020-10-05T02:16:34Z</time></trkpt><trkpt lat="34.055448" lon="-118.228326"><ele>101.792</ele><time>2020-10-05T02:16:35Z</time></trkpt><trkpt lat="34.055480" lon="-118.228414"><ele>101.584</ele><time>2020-10-05T02:16:36Z</time></trkpt><trkpt lat="34.055515" lon="-118.228504"><ele>101.330</ele><time>2020-10-05T02:16:37Z</time></trkpt><trkpt lat="34.055548" lon="-118.228588"><ele>101.125</ele><time>2020-10-05T02:16:38Z</time></trkpt><trkpt lat="34.055580" lon="-118.228675"><ele>100.926</ele><time>2020-10-05T02:16:39Z</time></trkpt><trkpt lat="34.055615" lon="-118.228765"><ele>100.708</ele><time>2020-10-05T02:16:40Z</time></trkpt><trkpt lat="34.055639" lon="-118.228857"><ele>100.508</ele><time>2020-10-05T02:16:41Z</time></trkpt><trkpt lat="34.055668" lon="-118.228942"><ele>100.217</ele><time>2020-10-05T02:16:42Z</time></trkpt><trkpt lat="34.055699" lon="-118.229037"><ele>100.059</ele><time>2020-10-05T02:16:43Z</time></trkpt><trkpt lat="34.055729" lon="-118.229130"><ele>99.411</ele><time>2020-10-05T02:16:44Z</time></trkpt><trkpt lat="34.055753" lon="-118.229219"><ele>99.061</ele><time>2020-10-05T02:16:45Z</time></trkpt><trkpt lat="34.055789" lon="-118.229314"><ele>98.758</ele><time>2020-10-05T02:16:46Z</time></trkpt><trkpt lat="34.055819" lon="-118.229400"><ele>98.480</ele><time>2020-10-05T02:16:47Z</time></trkpt><trkpt lat="34.055857" lon="-118.229492"><ele>98.032</ele><time>2020-10-05T02:16:48Z</time></trkpt><trkpt lat="34.055888" lon="-118.229587"><ele>97.748</ele><time>2020-10-05T02:16:49Z</time></trkpt><trkpt lat="34.055919" lon="-118.229681"><ele>97.417</ele><time>2020-10-05T02:16:50Z</time></trkpt><trkpt lat="34.055950" lon="-118.229776"><ele>97.187</ele><time>2020-10-05T02:16:51Z</time></trkpt><trkpt lat="34.055985" lon="-118.229866"><ele>96.815</ele><time>2020-10-05T02:16:52Z</time></trkpt><trkpt lat="34.056017" lon="-118.229958"><ele>96.608</ele><time>2020-10-05T02:16:53Z</time></trkpt><trkpt lat="34.056050" lon="-118.230051"><ele>96.396</ele><time>2020-10-05T02:16:54Z</time></trkpt><trkpt lat="34.056085" lon="-118.230138"><ele>96.288</ele><time>2020-10-05T02:16:55Z</time></trkpt><trkpt lat="34.056115" lon="-118.230217"><ele>96.050</ele><time>2020-10-05T02:16:56Z</time></trkpt><trkpt lat="34.056147" lon="-118.230296"><ele>95.960</ele><time>2020-10-05T02:16:57Z</time></trkpt><trkpt lat="34.056170" lon="-118.230371"><ele>95.877</ele><time>2020-10-05T02:16:58Z</time></trkpt><trkpt lat="34.056190" lon="-118.230445"><ele>95.759</ele><time>2020-10-05T02:16:59Z</time></trkpt><trkpt lat="34.056210" lon="-118.230517"><ele>95.671</ele><time>2020-10-05T02:17:00Z</time></trkpt><trkpt lat="34.056230" lon="-118.230583"><ele>95.577</ele><time>2020-10-05T02:17:01Z</time></trkpt><trkpt lat="34.056255" lon="-118.230650"><ele>95.525</ele><time>2020-10-05T02:17:02Z</time></trkpt><trkpt lat="34.056274" lon="-118.230707"><ele>95.526</ele><time>2020-10-05T02:17:03Z</time></trkpt><trkpt lat="34.056295" lon="-118.230769"><ele>95.308</ele><time>2020-10-05T02:17:05Z</time></trkpt><trkpt lat="34.056335" lon="-118.230813"><ele>94.708</ele><time>2020-10-05T02:17:15Z</time></trkpt><trkpt lat="34.056363" lon="-118.230889"><ele>94.817</ele><time>2020-10-05T02:17:17Z</time></trkpt><trkpt lat="34.056390" lon="-118.230984"><ele>94.929</ele><time>2020-10-05T02:17:19Z</time></trkpt><trkpt lat="34.056420" lon="-118.231081"><ele>95.031</ele><time>2020-10-05T02:17:21Z</time></trkpt><trkpt lat="34.056433" lon="-118.231140"><ele>95.111</ele><time>2020-10-05T02:17:22Z</time></trkpt><trkpt lat="34.056449" lon="-118.231196"><ele>95.138</ele><time>2020-10-05T02:17:23Z</time></trkpt><trkpt lat="34.056461" lon="-118.231251"><ele>95.130</ele><time>2020-10-05T02:17:24Z</time></trkpt><trkpt lat="34.056476" lon="-118.231302"><ele>95.162</ele><time>2020-10-05T02:17:25Z</time></trkpt><trkpt lat="34.056490" lon="-118.231357"><ele>95.198</ele><time>2020-10-05T02:17:26Z</time></trkpt><trkpt lat="34.056506" lon="-118.231408"><ele>95.025</ele><time>2020-10-05T02:17:27Z</time></trkpt><trkpt lat="34.056538" lon="-118.231495"><ele>94.926</ele><time>2020-10-05T02:17:29Z</time></trkpt><trkpt lat="34.056558" lon="-118.231578"><ele>94.808</ele><time>2020-10-05T02:17:31Z</time></trkpt><trkpt lat="34.056583" lon="-118.231656"><ele>94.708</ele><time>2020-10-05T02:17:33Z</time></trkpt><trkpt lat="34.056610" lon="-118.231715"><ele>94.737</ele><time>2020-10-05T02:17:35Z</time></trkpt><trkpt lat="34.056629" lon="-118.231784"><ele>94.739</ele><time>2020-10-05T02:17:37Z</time></trkpt><trkpt lat="34.056659" lon="-118.231878"><ele>94.721</ele><time>2020-10-05T02:17:39Z</time></trkpt><trkpt lat="34.056676" lon="-118.231939"><ele>94.891</ele><time>2020-10-05T02:17:40Z</time></trkpt><trkpt lat="34.056689" lon="-118.231999"><ele>94.938</ele><time>2020-10-05T02:17:41Z</time></trkpt><trkpt lat="34.056707" lon="-118.232058"><ele>94.940</ele><time>2020-10-05T02:17:42Z</time></trkpt><trkpt lat="34.056733" lon="-118.232126"><ele>94.992</ele><time>2020-10-05T02:17:43Z</time></trkpt><trkpt lat="34.056754" lon="-118.232198"><ele>94.948</ele><time>2020-10-05T02:17:44Z</time></trkpt><trkpt lat="34.056772" lon="-118.232276"><ele>94.989</ele><time>2020-10-05T02:17:45Z</time></trkpt><trkpt lat="34.056795" lon="-118.232360"><ele>94.906</ele><time>2020-10-05T02:17:46Z</time></trkpt><trkpt lat="34.056817" lon="-118.232433"><ele>94.926</ele><time>2020-10-05T02:17:47Z</time></trkpt><trkpt lat="34.056835" lon="-118.232525"><ele>94.908</ele><time>2020-10-05T02:17:48Z</time></trkpt><trkpt lat="34.056839" lon="-118.232601"><ele>94.993</ele><time>2020-10-05T02:17:49Z</time></trkpt><trkpt lat="34.056837" lon="-118.232670"><ele>94.815</ele><time>2020-10-05T02:17:50Z</time></trkpt><trkpt lat="34.056842" lon="-118.232731"><ele>94.767</ele><time>2020-10-05T02:17:51Z</time></trkpt><trkpt lat="34.056878" lon="-118.232823"><ele>94.657</ele><time>2020-10-05T02:17:52Z</time></trkpt><trkpt lat="34.056900" lon="-118.232917"><ele>94.314</ele><time>2020-10-05T02:17:53Z</time></trkpt><trkpt lat="34.056921" lon="-118.233004"><ele>94.016</ele><time>2020-10-05T02:17:54Z</time></trkpt><trkpt lat="34.056957" lon="-118.233098"><ele>93.768</ele><time>2020-10-05T02:17:55Z</time></trkpt><trkpt lat="34.056880" lon="-118.233197"><ele>93.474</ele><time>2020-10-05T02:17:56Z</time></trkpt><trkpt lat="34.056871" lon="-118.233289"><ele>93.156</ele><time>2020-10-05T02:17:57Z</time></trkpt><trkpt lat="34.056839" lon="-118.233387"><ele>92.659</ele><time>2020-10-05T02:17:59Z</time></trkpt><trkpt lat="34.056827" lon="-118.233455"><ele>92.614</ele><time>2020-10-05T02:18:00Z</time></trkpt><trkpt lat="34.056818" lon="-118.233521"><ele>92.608</ele><time>2020-10-05T02:18:01Z</time></trkpt><trkpt lat="34.056807" lon="-118.233650"><ele>92.610</ele><time>2020-10-05T02:18:02Z</time></trkpt><trkpt lat="34.056797" lon="-118.233746"><ele>92.652</ele><time>2020-10-05T02:18:03Z</time></trkpt><trkpt lat="34.056788" lon="-118.233836"><ele>92.524</ele><time>2020-10-05T02:18:04Z</time></trkpt><trkpt lat="34.056838" lon="-118.233930"><ele>92.474</ele><time>2020-10-05T02:18:05Z</time></trkpt><trkpt lat="34.056837" lon="-118.234019"><ele>92.371</ele><time>2020-10-05T02:18:06Z</time></trkpt><trkpt lat="34.056836" lon="-118.234108"><ele>92.253</ele><time>2020-10-05T02:18:07Z</time></trkpt><trkpt lat="34.056816" lon="-118.234219"><ele>92.195</ele><time>2020-10-05T02:18:08Z</time></trkpt><trkpt lat="34.056811" lon="-118.234314"><ele>92.071</ele><time>2020-10-05T02:18:09Z</time></trkpt><trkpt lat="34.056813" lon="-118.234417"><ele>92.034</ele><time>2020-10-05T02:18:10Z</time></trkpt><trkpt lat="34.057122" lon="-118.234668"><ele>92.055</ele><time>2020-10-05T02:18:11Z</time></trkpt><trkpt lat="34.057080" lon="-118.234778"><ele>92.010</ele><time>2020-10-05T02:18:12Z</time></trkpt><trkpt lat="34.057143" lon="-118.235002"><ele>92.008</ele><time>2020-10-05T02:18:13Z</time></trkpt><trkpt lat="34.057290" lon="-118.235244"><ele>92.038</ele><time>2020-10-05T02:18:14Z</time></trkpt><trkpt lat="34.057137" lon="-118.235128"><ele>92.180</ele><time>2020-10-05T02:18:15Z</time></trkpt><trkpt lat="34.057215" lon="-118.235156"><ele>92.192</ele><time>2020-10-05T02:18:17Z</time></trkpt><trkpt lat="34.057251" lon="-118.235223"><ele>92.292</ele><time>2020-10-05T02:18:18Z</time></trkpt><trkpt lat="34.057304" lon="-118.235302"><ele>92.399</ele><time>2020-10-05T02:18:19Z</time></trkpt><trkpt lat="34.057351" lon="-118.235377"><ele>92.461</ele><time>2020-10-05T02:18:20Z</time></trkpt><trkpt lat="34.057408" lon="-118.235436"><ele>92.593</ele><time>2020-10-05T02:18:21Z</time></trkpt><trkpt lat="34.057438" lon="-118.235531"><ele>92.739</ele><time>2020-10-05T02:18:22Z</time></trkpt><trkpt lat="34.057477" lon="-118.235605"><ele>92.979</ele><time>2020-10-05T02:18:23Z</time></trkpt><trkpt lat="34.057518" lon="-118.235676"><ele>93.105</ele><time>2020-10-05T02:18:24Z</time></trkpt><trkpt lat="34.057550" lon="-118.235752"><ele>93.325</ele><time>2020-10-05T02:18:25Z</time></trkpt><trkpt lat="34.057584" lon="-118.235824"><ele>93.508</ele><time>2020-10-05T02:18:26Z</time></trkpt><trkpt lat="34.057624" lon="-118.235889"><ele>93.882</ele><time>2020-10-05T02:18:27Z</time></trkpt><trkpt lat="34.057657" lon="-118.235962"><ele>94.084</ele><time>2020-10-05T02:18:28Z</time></trkpt><trkpt lat="34.057694" lon="-118.236034"><ele>94.226</ele><time>2020-10-05T02:18:29Z</time></trkpt><trkpt lat="34.057722" lon="-118.236107"><ele>94.496</ele><time>2020-10-05T02:18:30Z</time></trkpt><trkpt lat="34.057751" lon="-118.236181"><ele>94.593</ele><time>2020-10-05T02:18:31Z</time></trkpt><trkpt lat="34.057782" lon="-118.236254"><ele>94.545</ele><time>2020-10-05T02:18:32Z</time></trkpt><trkpt lat="34.057807" lon="-118.236327"><ele>94.527</ele><time>2020-10-05T02:18:33Z</time></trkpt><trkpt lat="34.057838" lon="-118.236397"><ele>94.513</ele><time>2020-10-05T02:18:34Z</time></trkpt><trkpt lat="34.057866" lon="-118.236460"><ele>94.545</ele><time>2020-10-05T02:18:35Z</time></trkpt><trkpt lat="34.057889" lon="-118.236515"><ele>94.547</ele><time>2020-10-05T02:18:36Z</time></trkpt><trkpt lat="34.057911" lon="-118.236584"><ele>94.411</ele><time>2020-10-05T02:18:37Z</time></trkpt><trkpt lat="34.057937" lon="-118.236641"><ele>94.308</ele><time>2020-10-05T02:18:38Z</time></trkpt><trkpt lat="34.057955" lon="-118.236709"><ele>94.229</ele><time>2020-10-05T02:18:39Z</time></trkpt><trkpt lat="34.057972" lon="-118.236766"><ele>94.121</ele><time>2020-10-05T02:18:40Z</time></trkpt><trkpt lat="34.058000" lon="-118.236847"><ele>94.033</ele><time>2020-10-05T02:18:42Z</time></trkpt><trkpt lat="34.058025" lon="-118.236912"><ele>93.953</ele><time>2020-10-05T02:18:44Z</time></trkpt><trkpt lat="34.058068" lon="-118.236933"><ele>93.450</ele><time>2020-10-05T02:19:07Z</time></trkpt><trkpt lat="34.058097" lon="-118.237006"><ele>93.512</ele><time>2020-10-05T02:19:10Z</time></trkpt><trkpt lat="34.058127" lon="-118.237088"><ele>93.694</ele><time>2020-10-05T02:19:12Z</time></trkpt><trkpt lat="34.058157" lon="-118.237200"><ele>93.990</ele><time>2020-10-05T02:19:14Z</time></trkpt><trkpt lat="34.058174" lon="-118.237257"><ele>93.989</ele><time>2020-10-05T02:19:15Z</time></trkpt><trkpt lat="34.058189" lon="-118.237317"><ele>94.006</ele><time>2020-10-05T02:19:16Z</time></trkpt><trkpt lat="34.058205" lon="-118.237381"><ele>94.126</ele><time>2020-10-05T02:19:17Z</time></trkpt><trkpt lat="34.058215" lon="-118.237439"><ele>94.208</ele><time>2020-10-05T02:19:18Z</time></trkpt><trkpt lat="34.058253" lon="-118.237540"><ele>94.683</ele><time>2020-10-05T02:19:20Z</time></trkpt><trkpt lat="34.058280" lon="-118.237641"><ele>95.195</ele><time>2020-10-05T02:19:22Z</time></trkpt><trkpt lat="34.058290" lon="-118.237699"><ele>95.347</ele><time>2020-10-05T02:19:23Z</time></trkpt><trkpt lat="34.058303" lon="-118.237752"><ele>95.637</ele><time>2020-10-05T02:19:24Z</time></trkpt><trkpt lat="34.058305" lon="-118.237807"><ele>95.884</ele><time>2020-10-05T02:19:25Z</time></trkpt><trkpt lat="34.058302" lon="-118.237873"><ele>96.096</ele><time>2020-10-05T02:19:26Z</time></trkpt><trkpt lat="34.058302" lon="-118.237937"><ele>96.248</ele><time>2020-10-05T02:19:27Z</time></trkpt><trkpt lat="34.058308" lon="-118.238047"><ele>96.514</ele><time>2020-10-05T02:19:29Z</time></trkpt><trkpt lat="34.058304" lon="-118.238118"><ele>96.631</ele><time>2020-10-05T02:19:30Z</time></trkpt><trkpt lat="34.058298" lon="-118.238190"><ele>96.761</ele><time>2020-10-05T02:19:31Z</time></trkpt><trkpt lat="34.058283" lon="-118.238263"><ele>96.907</ele><time>2020-10-05T02:19:32Z</time></trkpt><trkpt lat="34.058284" lon="-118.238335"><ele>97.108</ele><time>2020-10-05T02:19:33Z</time></trkpt><trkpt lat="34.058286" lon="-118.238396"><ele>97.338</ele><time>2020-10-05T02:19:34Z</time></trkpt><trkpt lat="34.058284" lon="-118.238459"><ele>97.640</ele><time>2020-10-05T02:19:35Z</time></trkpt><trkpt lat="34.058290" lon="-118.238521"><ele>97.912</ele><time>2020-10-05T02:19:36Z</time></trkpt><trkpt lat="34.058288" lon="-118.238587"><ele>98.242</ele><time>2020-10-05T02:19:37Z</time></trkpt><trkpt lat="34.058292" lon="-118.238644"><ele>98.469</ele><time>2020-10-05T02:19:38Z</time></trkpt><trkpt lat="34.058292" lon="-118.238699"><ele>98.651</ele><time>2020-10-05T02:19:39Z</time></trkpt><trkpt lat="34.058284" lon="-118.238766"><ele>98.853</ele><time>2020-10-05T02:19:40Z</time></trkpt><trkpt lat="34.058283" lon="-118.238826"><ele>98.999</ele><time>2020-10-05T02:19:41Z</time></trkpt><trkpt lat="34.058293" lon="-118.238890"><ele>98.937</ele><time>2020-10-05T02:19:42Z</time></trkpt><trkpt lat="34.058288" lon="-118.238953"><ele>98.949</ele><time>2020-10-05T02:19:43Z</time></trkpt><trkpt lat="34.058285" lon="-118.239015"><ele>98.913</ele><time>2020-10-05T02:19:44Z</time></trkpt><trkpt lat="34.058290" lon="-118.239074"><ele>98.808</ele><time>2020-10-05T02:19:45Z</time></trkpt><trkpt lat="34.058295" lon="-118.239132"><ele>98.858</ele><time>2020-10-05T02:19:46Z</time></trkpt><trkpt lat="34.058297" lon="-118.239192"><ele>98.860</ele><time>2020-10-05T02:19:47Z</time></trkpt><trkpt lat="34.058303" lon="-118.239256"><ele>98.842</ele><time>2020-10-05T02:19:48Z</time></trkpt><trkpt lat="34.058309" lon="-118.239318"><ele>98.892</ele><time>2020-10-05T02:19:49Z</time></trkpt><trkpt lat="34.058321" lon="-118.239382"><ele>98.959</ele><time>2020-10-05T02:19:50Z</time></trkpt><trkpt lat="34.058331" lon="-118.239443"><ele>99.021</ele><time>2020-10-05T02:19:51Z</time></trkpt><trkpt lat="34.058343" lon="-118.239510"><ele>99.183</ele><time>2020-10-05T02:19:52Z</time></trkpt><trkpt lat="34.058357" lon="-118.239573"><ele>99.229</ele><time>2020-10-05T02:19:53Z</time></trkpt><trkpt lat="34.058373" lon="-118.239629"><ele>99.326</ele><time>2020-10-05T02:19:54Z</time></trkpt><trkpt lat="34.058412" lon="-118.239727"><ele>99.547</ele><time>2020-10-05T02:19:56Z</time></trkpt><trkpt lat="34.058447" lon="-118.239823"><ele>99.611</ele><time>2020-10-05T02:19:58Z</time></trkpt><trkpt lat="34.058464" lon="-118.239873"><ele>99.708</ele><time>2020-10-05T02:19:59Z</time></trkpt><trkpt lat="34.058488" lon="-118.239938"><ele>99.827</ele><time>2020-10-05T02:20:00Z</time></trkpt><trkpt lat="34.058541" lon="-118.240018"><ele>100.149</ele><time>2020-10-05T02:20:02Z</time></trkpt><trkpt lat="34.058580" lon="-118.240112"><ele>100.491</ele><time>2020-10-05T02:20:04Z</time></trkpt><trkpt lat="34.058617" lon="-118.240208"><ele>100.741</ele><time>2020-10-05T02:20:06Z</time></trkpt><trkpt lat="34.058665" lon="-118.240295"><ele>101.148</ele><time>2020-10-05T02:20:08Z</time></trkpt><trkpt lat="34.058698" lon="-118.240353"><ele>101.470</ele><time>2020-10-05T02:20:09Z</time></trkpt><trkpt lat="34.058723" lon="-118.240402"><ele>101.562</ele><time>2020-10-05T02:20:10Z</time></trkpt><trkpt lat="34.058749" lon="-118.240454"><ele>101.638</ele><time>2020-10-05T02:20:11Z</time></trkpt><trkpt lat="34.058775" lon="-118.240502"><ele>101.885</ele><time>2020-10-05T02:20:12Z</time></trkpt><trkpt lat="34.058784" lon="-118.240584"><ele>102.089</ele><time>2020-10-05T02:20:13Z</time></trkpt><trkpt lat="34.058800" lon="-118.240644"><ele>102.217</ele><time>2020-10-05T02:20:14Z</time></trkpt><trkpt lat="34.058824" lon="-118.240694"><ele>102.508</ele><time>2020-10-05T02:20:15Z</time></trkpt><trkpt lat="34.058847" lon="-118.240772"><ele>102.813</ele><time>2020-10-05T02:20:16Z</time></trkpt><trkpt lat="34.058882" lon="-118.240831"><ele>103.025</ele><time>2020-10-05T02:20:17Z</time></trkpt><trkpt lat="34.058934" lon="-118.240913"><ele>103.647</ele><time>2020-10-05T02:20:19Z</time></trkpt><trkpt lat="34.059002" lon="-118.240987"><ele>104.297</ele><time>2020-10-05T02:20:21Z</time></trkpt><trkpt lat="34.059057" lon="-118.241069"><ele>104.864</ele><time>2020-10-05T02:20:23Z</time></trkpt><trkpt lat="34.059084" lon="-118.241115"><ele>105.156</ele><time>2020-10-05T02:20:24Z</time></trkpt><trkpt lat="34.059138" lon="-118.241183"><ele>105.618</ele><time>2020-10-05T02:20:26Z</time></trkpt><trkpt lat="34.059160" lon="-118.241239"><ele>105.824</ele><time>2020-10-05T02:20:27Z</time></trkpt><trkpt lat="34.059190" lon="-118.241287"><ele>106.537</ele><time>2020-10-05T02:20:28Z</time></trkpt><trkpt lat="34.059224" lon="-118.241343"><ele>106.849</ele><time>2020-10-05T02:20:29Z</time></trkpt><trkpt lat="34.059256" lon="-118.241397"><ele>107.113</ele><time>2020-10-05T02:20:30Z</time></trkpt><trkpt lat="34.059288" lon="-118.241450"><ele>107.408</ele><time>2020-10-05T02:20:31Z</time></trkpt><trkpt lat="34.059313" lon="-118.241506"><ele>107.648</ele><time>2020-10-05T02:20:32Z</time></trkpt><trkpt lat="34.059340" lon="-118.241557"><ele>107.860</ele><time>2020-10-05T02:20:33Z</time></trkpt><trkpt lat="34.059365" lon="-118.241608"><ele>108.182</ele><time>2020-10-05T02:20:34Z</time></trkpt><trkpt lat="34.059397" lon="-118.241667"><ele>108.432</ele><time>2020-10-05T02:20:35Z</time></trkpt><trkpt lat="34.059424" lon="-118.241719"><ele>108.719</ele><time>2020-10-05T02:20:36Z</time></trkpt><trkpt lat="34.059480" lon="-118.241816"><ele>109.311</ele><time>2020-10-05T02:20:38Z</time></trkpt><trkpt lat="34.059518" lon="-118.241872"><ele>109.523</ele><time>2020-10-05T02:20:39Z</time></trkpt><trkpt lat="34.059561" lon="-118.241972"><ele>110.069</ele><time>2020-10-05T02:20:41Z</time></trkpt><trkpt lat="34.059608" lon="-118.242049"><ele>110.619</ele><time>2020-10-05T02:20:43Z</time></trkpt><trkpt lat="34.059634" lon="-118.242095"><ele>110.909</ele><time>2020-10-05T02:20:44Z</time></trkpt><trkpt lat="34.059654" lon="-118.242147"><ele>111.519</ele><time>2020-10-05T02:20:45Z</time></trkpt><trkpt lat="34.059709" lon="-118.242229"><ele>112.108</ele><time>2020-10-05T02:20:47Z</time></trkpt><trkpt lat="34.059733" lon="-118.242279"><ele>112.356</ele><time>2020-10-05T02:20:48Z</time></trkpt><trkpt lat="34.059767" lon="-118.242332"><ele>112.638</ele><time>2020-10-05T02:20:49Z</time></trkpt><trkpt lat="34.059814" lon="-118.242424"><ele>113.110</ele><time>2020-10-05T02:20:51Z</time></trkpt><trkpt lat="34.059841" lon="-118.242469"><ele>113.310</ele><time>2020-10-05T02:20:52Z</time></trkpt><trkpt lat="34.059886" lon="-118.242551"><ele>113.787</ele><time>2020-10-05T02:20:54Z</time></trkpt><trkpt lat="34.059946" lon="-118.242640"><ele>114.199</ele><time>2020-10-05T02:20:56Z</time></trkpt><trkpt lat="34.059973" lon="-118.242718"><ele>114.671</ele><time>2020-10-05T02:20:58Z</time></trkpt><trkpt lat="34.060023" lon="-118.242794"><ele>115.127</ele><time>2020-10-05T02:21:00Z</time></trkpt><trkpt lat="34.060061" lon="-118.242852"><ele>115.542</ele><time>2020-10-05T02:21:02Z</time></trkpt><trkpt lat="34.060091" lon="-118.242917"><ele>115.922</ele><time>2020-10-05T02:21:04Z</time></trkpt><trkpt lat="34.060127" lon="-118.242982"><ele>116.114</ele><time>2020-10-05T02:21:06Z</time></trkpt><trkpt lat="34.060146" lon="-118.243056"><ele>116.308</ele><time>2020-10-05T02:21:08Z</time></trkpt><trkpt lat="34.060152" lon="-118.243136"><ele>116.429</ele><time>2020-10-05T02:21:10Z</time></trkpt><trkpt lat="34.060173" lon="-118.243225"><ele>116.551</ele><time>2020-10-05T02:21:12Z</time></trkpt><trkpt lat="34.060212" lon="-118.243316"><ele>116.643</ele><time>2020-10-05T02:21:14Z</time></trkpt><trkpt lat="34.060259" lon="-118.243408"><ele>116.753</ele><time>2020-10-05T02:21:16Z</time></trkpt><trkpt lat="34.060293" lon="-118.243465"><ele>116.810</ele><time>2020-10-05T02:21:17Z</time></trkpt><trkpt lat="34.060319" lon="-118.243510"><ele>116.972</ele><time>2020-10-05T02:21:18Z</time></trkpt><trkpt lat="34.060348" lon="-118.243556"><ele>116.994</ele><time>2020-10-05T02:21:19Z</time></trkpt><trkpt lat="34.060376" lon="-118.243607"><ele>117.030</ele><time>2020-10-05T02:21:20Z</time></trkpt><trkpt lat="34.060416" lon="-118.243685"><ele>117.057</ele><time>2020-10-05T02:21:22Z</time></trkpt><trkpt lat="34.060452" lon="-118.243741"><ele>116.800</ele><time>2020-10-05T02:21:24Z</time></trkpt><trkpt lat="34.060484" lon="-118.243795"><ele>116.720</ele><time>2020-10-05T02:21:26Z</time></trkpt><trkpt lat="34.060530" lon="-118.243875"><ele>116.308</ele><time>2020-10-05T02:22:36Z</time></trkpt><trkpt lat="34.060577" lon="-118.243918"><ele>116.310</ele><time>2020-10-05T02:22:38Z</time></trkpt><trkpt lat="34.060596" lon="-118.244001"><ele>116.432</ele><time>2020-10-05T02:22:40Z</time></trkpt><trkpt lat="34.060560" lon="-118.244100"><ele>116.634</ele><time>2020-10-05T02:22:42Z</time></trkpt><trkpt lat="34.060524" lon="-118.244142"><ele>116.654</ele><time>2020-10-05T02:22:43Z</time></trkpt><trkpt lat="34.060483" lon="-118.244175"><ele>116.661</ele><time>2020-10-05T02:22:44Z</time></trkpt><trkpt lat="34.060443" lon="-118.244212"><ele>116.693</ele><time>2020-10-05T02:22:45Z</time></trkpt><trkpt lat="34.060400" lon="-118.244249"><ele>116.655</ele><time>2020-10-05T02:22:46Z</time></trkpt><trkpt lat="34.060351" lon="-118.244285"><ele>116.841</ele><time>2020-10-05T02:22:47Z</time></trkpt><trkpt lat="34.060311" lon="-118.244311"><ele>117.033</ele><time>2020-10-05T02:22:48Z</time></trkpt><trkpt lat="34.060271" lon="-118.244352"><ele>117.323</ele><time>2020-10-05T02:22:49Z</time></trkpt><trkpt lat="34.060233" lon="-118.244392"><ele>117.815</ele><time>2020-10-05T02:22:50Z</time></trkpt><trkpt lat="34.060184" lon="-118.244434"><ele>118.208</ele><time>2020-10-05T02:22:51Z</time></trkpt><trkpt lat="34.060140" lon="-118.244469"><ele>118.628</ele><time>2020-10-05T02:22:52Z</time></trkpt><trkpt lat="34.060099" lon="-118.244503"><ele>119.030</ele><time>2020-10-05T02:22:53Z</time></trkpt><trkpt lat="34.060058" lon="-118.244548"><ele>119.842</ele><time>2020-10-05T02:22:54Z</time></trkpt><trkpt lat="34.060017" lon="-118.244583"><ele>120.282</ele><time>2020-10-05T02:22:55Z</time></trkpt><trkpt lat="34.059975" lon="-118.244620"><ele>120.679</ele><time>2020-10-05T02:22:56Z</time></trkpt><trkpt lat="34.059942" lon="-118.244665"><ele>121.151</ele><time>2020-10-05T02:22:57Z</time></trkpt><trkpt lat="34.059898" lon="-118.244710"><ele>121.523</ele><time>2020-10-05T02:22:58Z</time></trkpt><trkpt lat="34.059860" lon="-118.244758"><ele>121.939</ele><time>2020-10-05T02:22:59Z</time></trkpt><trkpt lat="34.059823" lon="-118.244803"><ele>122.235</ele><time>2020-10-05T02:23:00Z</time></trkpt><trkpt lat="34.059785" lon="-118.244847"><ele>122.586</ele><time>2020-10-05T02:23:01Z</time></trkpt><trkpt lat="34.059757" lon="-118.244892"><ele>122.814</ele><time>2020-10-05T02:23:02Z</time></trkpt><trkpt lat="34.059721" lon="-118.244925"><ele>123.108</ele><time>2020-10-05T02:23:03Z</time></trkpt><trkpt lat="34.059654" lon="-118.244992"><ele>123.518</ele><time>2020-10-05T02:23:05Z</time></trkpt><trkpt lat="34.059579" lon="-118.245066"><ele>123.960</ele><time>2020-10-05T02:23:07Z</time></trkpt><trkpt lat="34.059543" lon="-118.245102"><ele>124.012</ele><time>2020-10-05T02:23:08Z</time></trkpt><trkpt lat="34.059475" lon="-118.245153"><ele>124.482</ele><time>2020-10-05T02:23:10Z</time></trkpt><trkpt lat="34.059440" lon="-118.245193"><ele>124.689</ele><time>2020-10-05T02:23:11Z</time></trkpt><trkpt lat="34.059386" lon="-118.245276"><ele>125.021</ele><time>2020-10-05T02:23:13Z</time></trkpt><trkpt lat="34.059323" lon="-118.245348"><ele>125.123</ele><time>2020-10-05T02:23:15Z</time></trkpt><trkpt lat="34.059287" lon="-118.245390"><ele>125.139</ele><time>2020-10-05T02:23:16Z</time></trkpt><trkpt lat="34.059252" lon="-118.245428"><ele>125.123</ele><time>2020-10-05T02:23:17Z</time></trkpt><trkpt lat="34.059220" lon="-118.245473"><ele>125.183</ele><time>2020-10-05T02:23:18Z</time></trkpt><trkpt lat="34.059158" lon="-118.245548"><ele>125.311</ele><time>2020-10-05T02:23:20Z</time></trkpt><trkpt lat="34.059082" lon="-118.245609"><ele>125.408</ele><time>2020-10-05T02:23:22Z</time></trkpt><trkpt lat="34.059044" lon="-118.245649"><ele>125.527</ele><time>2020-10-05T02:23:23Z</time></trkpt><trkpt lat="34.059002" lon="-118.245688"><ele>125.589</ele><time>2020-10-05T02:23:24Z</time></trkpt><trkpt lat="34.058956" lon="-118.245725"><ele>125.531</ele><time>2020-10-05T02:23:25Z</time></trkpt><trkpt lat="34.058887" lon="-118.245793"><ele>125.651</ele><time>2020-10-05T02:23:27Z</time></trkpt><trkpt lat="34.058846" lon="-118.245823"><ele>125.668</ele><time>2020-10-05T02:23:28Z</time></trkpt><trkpt lat="34.058804" lon="-118.245863"><ele>125.640</ele><time>2020-10-05T02:23:29Z</time></trkpt><trkpt lat="34.058766" lon="-118.245903"><ele>125.772</ele><time>2020-10-05T02:23:30Z</time></trkpt><trkpt lat="34.058729" lon="-118.245942"><ele>125.898</ele><time>2020-10-05T02:23:31Z</time></trkpt><trkpt lat="34.058693" lon="-118.245979"><ele>125.961</ele><time>2020-10-05T02:23:32Z</time></trkpt><trkpt lat="34.058654" lon="-118.246020"><ele>125.921</ele><time>2020-10-05T02:23:33Z</time></trkpt><trkpt lat="34.058611" lon="-118.246056"><ele>125.913</ele><time>2020-10-05T02:23:34Z</time></trkpt><trkpt lat="34.058573" lon="-118.246094"><ele>125.908</ele><time>2020-10-05T02:23:35Z</time></trkpt><trkpt lat="34.058535" lon="-118.246132"><ele>125.951</ele><time>2020-10-05T02:23:36Z</time></trkpt><trkpt lat="34.058497" lon="-118.246168"><ele>126.083</ele><time>2020-10-05T02:23:37Z</time></trkpt><trkpt lat="34.058458" lon="-118.246199"><ele>126.035</ele><time>2020-10-05T02:23:38Z</time></trkpt><trkpt lat="34.058420" lon="-118.246231"><ele>126.145</ele><time>2020-10-05T02:23:39Z</time></trkpt><trkpt lat="34.058385" lon="-118.246266"><ele>126.132</ele><time>2020-10-05T02:23:40Z</time></trkpt><trkpt lat="34.058349" lon="-118.246308"><ele>126.174</ele><time>2020-10-05T02:23:41Z</time></trkpt><trkpt lat="34.058311" lon="-118.246344"><ele>126.116</ele><time>2020-10-05T02:23:42Z</time></trkpt><trkpt lat="34.058274" lon="-118.246384"><ele>126.122</ele><time>2020-10-05T02:23:43Z</time></trkpt><trkpt lat="34.058238" lon="-118.246420"><ele>126.155</ele><time>2020-10-05T02:23:44Z</time></trkpt><trkpt lat="34.058198" lon="-118.246456"><ele>126.107</ele><time>2020-10-05T02:23:45Z</time></trkpt><trkpt lat="34.058158" lon="-118.246497"><ele>126.117</ele><time>2020-10-05T02:23:46Z</time></trkpt><trkpt lat="34.058124" lon="-118.246547"><ele>126.108</ele><time>2020-10-05T02:23:47Z</time></trkpt><trkpt lat="34.058087" lon="-118.246587"><ele>126.120</ele><time>2020-10-05T02:23:48Z</time></trkpt><trkpt lat="34.058053" lon="-118.246630"><ele>126.032</ele><time>2020-10-05T02:23:49Z</time></trkpt><trkpt lat="34.058018" lon="-118.246679"><ele>126.064</ele><time>2020-10-05T02:23:50Z</time></trkpt><trkpt lat="34.057982" lon="-118.246726"><ele>126.074</ele><time>2020-10-05T02:23:51Z</time></trkpt><trkpt lat="34.057943" lon="-118.246773"><ele>126.031</ele><time>2020-10-05T02:23:52Z</time></trkpt><trkpt lat="34.057903" lon="-118.246815"><ele>126.033</ele><time>2020-10-05T02:23:53Z</time></trkpt><trkpt lat="34.057870" lon="-118.246858"><ele>125.965</ele><time>2020-10-05T02:23:54Z</time></trkpt><trkpt lat="34.057833" lon="-118.246907"><ele>125.981</ele><time>2020-10-05T02:23:55Z</time></trkpt><trkpt lat="34.057792" lon="-118.246951"><ele>125.914</ele><time>2020-10-05T02:23:56Z</time></trkpt><trkpt lat="34.057751" lon="-118.247000"><ele>125.954</ele><time>2020-10-05T02:23:57Z</time></trkpt><trkpt lat="34.057714" lon="-118.247040"><ele>125.909</ele><time>2020-10-05T02:23:58Z</time></trkpt><trkpt lat="34.057677" lon="-118.247082"><ele>125.908</ele><time>2020-10-05T02:23:59Z</time></trkpt><trkpt lat="34.057635" lon="-118.247137"><ele>125.996</ele><time>2020-10-05T02:24:00Z</time></trkpt><trkpt lat="34.057591" lon="-118.247181"><ele>125.988</ele><time>2020-10-05T02:24:01Z</time></trkpt><trkpt lat="34.057551" lon="-118.247225"><ele>125.960</ele><time>2020-10-05T02:24:02Z</time></trkpt><trkpt lat="34.057514" lon="-118.247272"><ele>125.960</ele><time>2020-10-05T02:24:03Z</time></trkpt><trkpt lat="34.057471" lon="-118.247318"><ele>125.977</ele><time>2020-10-05T02:24:04Z</time></trkpt><trkpt lat="34.057422" lon="-118.247368"><ele>125.929</ele><time>2020-10-05T02:24:05Z</time></trkpt><trkpt lat="34.057377" lon="-118.247415"><ele>125.941</ele><time>2020-10-05T02:24:06Z</time></trkpt><trkpt lat="34.057322" lon="-118.247477"><ele>125.927</ele><time>2020-10-05T02:24:07Z</time></trkpt><trkpt lat="34.057275" lon="-118.247539"><ele>125.813</ele><time>2020-10-05T02:24:08Z</time></trkpt><trkpt lat="34.057226" lon="-118.247585"><ele>125.843</ele><time>2020-10-05T02:24:09Z</time></trkpt><trkpt lat="34.057181" lon="-118.247638"><ele>125.807</ele><time>2020-10-05T02:24:10Z</time></trkpt><trkpt lat="34.057134" lon="-118.247697"><ele>125.808</ele><time>2020-10-05T02:24:11Z</time></trkpt><trkpt lat="34.057087" lon="-118.247745"><ele>125.866</ele><time>2020-10-05T02:24:12Z</time></trkpt><trkpt lat="34.057038" lon="-118.247803"><ele>125.878</ele><time>2020-10-05T02:24:13Z</time></trkpt><trkpt lat="34.056981" lon="-118.247854"><ele>125.740</ele><time>2020-10-05T02:24:14Z</time></trkpt><trkpt lat="34.056930" lon="-118.247908"><ele>125.730</ele><time>2020-10-05T02:24:15Z</time></trkpt><trkpt lat="34.056877" lon="-118.247952"><ele>125.767</ele><time>2020-10-05T02:24:16Z</time></trkpt><trkpt lat="34.056823" lon="-118.248002"><ele>125.669</ele><time>2020-10-05T02:24:17Z</time></trkpt><trkpt lat="34.056764" lon="-118.248053"><ele>125.671</ele><time>2020-10-05T02:24:18Z</time></trkpt><trkpt lat="34.056717" lon="-118.248092"><ele>125.687</ele><time>2020-10-05T02:24:19Z</time></trkpt><trkpt lat="34.056663" lon="-118.248139"><ele>125.692</ele><time>2020-10-05T02:24:20Z</time></trkpt><trkpt lat="34.056604" lon="-118.248187"><ele>125.673</ele><time>2020-10-05T02:24:21Z</time></trkpt><trkpt lat="34.056548" lon="-118.248228"><ele>125.620</ele><time>2020-10-05T02:24:22Z</time></trkpt><trkpt lat="34.056487" lon="-118.248263"><ele>125.608</ele><time>2020-10-05T02:24:23Z</time></trkpt><trkpt lat="34.056424" lon="-118.248298"><ele>125.654</ele><time>2020-10-05T02:24:24Z</time></trkpt><trkpt lat="34.056372" lon="-118.248338"><ele>125.686</ele><time>2020-10-05T02:24:25Z</time></trkpt><trkpt lat="34.056317" lon="-118.248382"><ele>125.648</ele><time>2020-10-05T02:24:26Z</time></trkpt><trkpt lat="34.056259" lon="-118.248435"><ele>125.638</ele><time>2020-10-05T02:24:27Z</time></trkpt><trkpt lat="34.056198" lon="-118.248479"><ele>125.585</ele><time>2020-10-05T02:24:28Z</time></trkpt><trkpt lat="34.056144" lon="-118.248517"><ele>125.597</ele><time>2020-10-05T02:24:29Z</time></trkpt><trkpt lat="34.056093" lon="-118.248558"><ele>125.589</ele><time>2020-10-05T02:24:30Z</time></trkpt><trkpt lat="34.056043" lon="-118.248591"><ele>125.545</ele><time>2020-10-05T02:24:31Z</time></trkpt><trkpt lat="34.055981" lon="-118.248625"><ele>125.553</ele><time>2020-10-05T02:24:32Z</time></trkpt><trkpt lat="34.055928" lon="-118.248658"><ele>125.504</ele><time>2020-10-05T02:24:33Z</time></trkpt><trkpt lat="34.055873" lon="-118.248697"><ele>125.514</ele><time>2020-10-05T02:24:34Z</time></trkpt><trkpt lat="34.055817" lon="-118.248738"><ele>125.508</ele><time>2020-10-05T02:24:35Z</time></trkpt><trkpt lat="34.055769" lon="-118.248770"><ele>125.510</ele><time>2020-10-05T02:24:36Z</time></trkpt><trkpt lat="34.055717" lon="-118.248794"><ele>125.452</ele><time>2020-10-05T02:24:37Z</time></trkpt><trkpt lat="34.055655" lon="-118.248832"><ele>125.414</ele><time>2020-10-05T02:24:38Z</time></trkpt><trkpt lat="34.055601" lon="-118.248873"><ele>125.414</ele><time>2020-10-05T02:24:39Z</time></trkpt><trkpt lat="34.055553" lon="-118.248913"><ele>125.441</ele><time>2020-10-05T02:24:40Z</time></trkpt><trkpt lat="34.055513" lon="-118.248957"><ele>125.483</ele><time>2020-10-05T02:24:41Z</time></trkpt><trkpt lat="34.055466" lon="-118.249006"><ele>125.495</ele><time>2020-10-05T02:24:42Z</time></trkpt><trkpt lat="34.055423" lon="-118.249044"><ele>125.441</ele><time>2020-10-05T02:24:43Z</time></trkpt><trkpt lat="34.055356" lon="-118.249092"><ele>125.485</ele><time>2020-10-05T02:24:44Z</time></trkpt><trkpt lat="34.055287" lon="-118.249173"><ele>125.389</ele><time>2020-10-05T02:24:45Z</time></trkpt><trkpt lat="34.055227" lon="-118.249223"><ele>125.317</ele><time>2020-10-05T02:24:46Z</time></trkpt><trkpt lat="34.055180" lon="-118.249260"><ele>125.208</ele><time>2020-10-05T02:24:47Z</time></trkpt><trkpt lat="34.055131" lon="-118.249303"><ele>125.123</ele><time>2020-10-05T02:24:48Z</time></trkpt><trkpt lat="34.055081" lon="-118.249350"><ele>125.135</ele><time>2020-10-05T02:24:49Z</time></trkpt><trkpt lat="34.055028" lon="-118.249393"><ele>125.187</ele><time>2020-10-05T02:24:50Z</time></trkpt><trkpt lat="34.054981" lon="-118.249435"><ele>125.117</ele><time>2020-10-05T02:24:51Z</time></trkpt><trkpt lat="34.054941" lon="-118.249497"><ele>125.114</ele><time>2020-10-05T02:24:52Z</time></trkpt><trkpt lat="34.054893" lon="-118.249549"><ele>125.196</ele><time>2020-10-05T02:24:53Z</time></trkpt><trkpt lat="34.054852" lon="-118.249599"><ele>125.148</ele><time>2020-10-05T02:24:54Z</time></trkpt><trkpt lat="34.054801" lon="-118.249627"><ele>125.164</ele><time>2020-10-05T02:24:55Z</time></trkpt><trkpt lat="34.054717" lon="-118.249676"><ele>125.144</ele><time>2020-10-05T02:24:56Z</time></trkpt><trkpt lat="34.054678" lon="-118.249730"><ele>125.105</ele><time>2020-10-05T02:24:57Z</time></trkpt><trkpt lat="34.054629" lon="-118.249778"><ele>125.115</ele><time>2020-10-05T02:24:58Z</time></trkpt><trkpt lat="34.054581" lon="-118.249823"><ele>125.108</ele><time>2020-10-05T02:24:59Z</time></trkpt><trkpt lat="34.054529" lon="-118.249873"><ele>125.199</ele><time>2020-10-05T02:25:00Z</time></trkpt><trkpt lat="34.054485" lon="-118.249934"><ele>125.181</ele><time>2020-10-05T02:25:01Z</time></trkpt><trkpt lat="34.054441" lon="-118.249982"><ele>125.013</ele><time>2020-10-05T02:25:02Z</time></trkpt><trkpt lat="34.054403" lon="-118.250022"><ele>124.983</ele><time>2020-10-05T02:25:03Z</time></trkpt><trkpt lat="34.054361" lon="-118.250065"><ele>124.790</ele><time>2020-10-05T02:25:04Z</time></trkpt><trkpt lat="34.054317" lon="-118.250119"><ele>124.652</ele><time>2020-10-05T02:25:05Z</time></trkpt><trkpt lat="34.054234" lon="-118.250187"><ele>124.594</ele><time>2020-10-05T02:25:07Z</time></trkpt><trkpt lat="34.054167" lon="-118.250231"><ele>124.540</ele><time>2020-10-05T02:25:08Z</time></trkpt><trkpt lat="34.054123" lon="-118.250268"><ele>124.548</ele><time>2020-10-05T02:25:09Z</time></trkpt><trkpt lat="34.054056" lon="-118.250319"><ele>124.561</ele><time>2020-10-05T02:25:10Z</time></trkpt><trkpt lat="34.054009" lon="-118.250374"><ele>124.517</ele><time>2020-10-05T02:25:11Z</time></trkpt><trkpt lat="34.053996" lon="-118.250479"><ele>124.408</ele><time>2020-10-05T02:25:13Z</time></trkpt><trkpt lat="34.053934" lon="-118.250480"><ele>124.319</ele><time>2020-10-05T02:25:14Z</time></trkpt><trkpt lat="34.053883" lon="-118.250526"><ele>124.261</ele><time>2020-10-05T02:25:15Z</time></trkpt><trkpt lat="34.053814" lon="-118.250611"><ele>124.213</ele><time>2020-10-05T02:25:16Z</time></trkpt><trkpt lat="34.053755" lon="-118.250697"><ele>124.143</ele><time>2020-10-05T02:25:18Z</time></trkpt><trkpt lat="34.053715" lon="-118.250745"><ele>124.120</ele><time>2020-10-05T02:25:19Z</time></trkpt><trkpt lat="34.053652" lon="-118.250782"><ele>124.122</ele><time>2020-10-05T02:25:20Z</time></trkpt><trkpt lat="34.053621" lon="-118.250831"><ele>124.064</ele><time>2020-10-05T02:25:21Z</time></trkpt><trkpt lat="34.053554" lon="-118.250891"><ele>124.070</ele><time>2020-10-05T02:25:22Z</time></trkpt><trkpt lat="34.053503" lon="-118.250946"><ele>123.988</ele><time>2020-10-05T02:25:23Z</time></trkpt><trkpt lat="34.053450" lon="-118.251023"><ele>123.824</ele><time>2020-10-05T02:25:25Z</time></trkpt><trkpt lat="34.053397" lon="-118.251098"><ele>123.626</ele><time>2020-10-05T02:25:28Z</time></trkpt><trkpt lat="34.053344" lon="-118.251093"><ele>122.908</ele><time>2020-10-05T02:48:50Z</time></trkpt><trkpt lat="34.053361" lon="-118.251148"><ele>122.863</ele><time>2020-10-05T02:49:02Z</time></trkpt><trkpt lat="34.053318" lon="-118.251174"><ele>122.885</ele><time>2020-10-05T02:49:32Z</time></trkpt><trkpt lat="34.053277" lon="-118.251223"><ele>122.827</ele><time>2020-10-05T02:49:35Z</time></trkpt><trkpt lat="34.053239" lon="-118.251270"><ele>122.957</ele><time>2020-10-05T02:49:37Z</time></trkpt><trkpt lat="34.053179" lon="-118.251308"><ele>123.044</ele><time>2020-10-05T02:49:39Z</time></trkpt><trkpt lat="34.053099" lon="-118.251357"><ele>123.056</ele><time>2020-10-05T02:49:41Z</time></trkpt><trkpt lat="34.053048" lon="-118.251432"><ele>122.948</ele><time>2020-10-05T02:49:42Z</time></trkpt><trkpt lat="34.052986" lon="-118.251489"><ele>122.814</ele><time>2020-10-05T02:49:44Z</time></trkpt><trkpt lat="34.052914" lon="-118.251550"><ele>122.963</ele><time>2020-10-05T02:49:46Z</time></trkpt><trkpt lat="34.052874" lon="-118.251578"><ele>123.044</ele><time>2020-10-05T02:49:47Z</time></trkpt><trkpt lat="34.052831" lon="-118.251609"><ele>123.018</ele><time>2020-10-05T02:49:48Z</time></trkpt><trkpt lat="34.052782" lon="-118.251646"><ele>123.108</ele><time>2020-10-05T02:49:49Z</time></trkpt><trkpt lat="34.052730" lon="-118.251676"><ele>123.151</ele><time>2020-10-05T02:49:50Z</time></trkpt><trkpt lat="34.052668" lon="-118.251711"><ele>123.183</ele><time>2020-10-05T02:49:51Z</time></trkpt><trkpt lat="34.052620" lon="-118.251741"><ele>123.275</ele><time>2020-10-05T02:49:52Z</time></trkpt><trkpt lat="34.052573" lon="-118.251763"><ele>123.265</ele><time>2020-10-05T02:49:53Z</time></trkpt><trkpt lat="34.052529" lon="-118.251809"><ele>123.342</ele><time>2020-10-05T02:49:54Z</time></trkpt><trkpt lat="34.052488" lon="-118.251846"><ele>123.354</ele><time>2020-10-05T02:49:55Z</time></trkpt><trkpt lat="34.052449" lon="-118.251881"><ele>123.416</ele><time>2020-10-05T02:49:56Z</time></trkpt><trkpt lat="34.052400" lon="-118.251941"><ele>123.592</ele><time>2020-10-05T02:49:57Z</time></trkpt><trkpt lat="34.052349" lon="-118.251987"><ele>123.757</ele><time>2020-10-05T02:49:58Z</time></trkpt><trkpt lat="34.052317" lon="-118.252041"><ele>123.700</ele><time>2020-10-05T02:49:59Z</time></trkpt><trkpt lat="34.052260" lon="-118.252089"><ele>123.720</ele><time>2020-10-05T02:50:00Z</time></trkpt><trkpt lat="34.052210" lon="-118.252128"><ele>123.508</ele><time>2020-10-05T02:50:01Z</time></trkpt><trkpt lat="34.052153" lon="-118.252175"><ele>123.310</ele><time>2020-10-05T02:50:02Z</time></trkpt><trkpt lat="34.052090" lon="-118.252228"><ele>123.162</ele><time>2020-10-05T02:50:03Z</time></trkpt><trkpt lat="34.052034" lon="-118.252281"><ele>122.994</ele><time>2020-10-05T02:50:04Z</time></trkpt><trkpt lat="34.051980" lon="-118.252331"><ele>122.874</ele><time>2020-10-05T02:50:05Z</time></trkpt><trkpt lat="34.051920" lon="-118.252390"><ele>122.851</ele><time>2020-10-05T02:50:06Z</time></trkpt><trkpt lat="34.051855" lon="-118.252441"><ele>122.723</ele><time>2020-10-05T02:50:07Z</time></trkpt><trkpt lat="34.051796" lon="-118.252501"><ele>122.655</ele><time>2020-10-05T02:50:08Z</time></trkpt><trkpt lat="34.051755" lon="-118.252562"><ele>122.581</ele><time>2020-10-05T02:50:09Z</time></trkpt><trkpt lat="34.051692" lon="-118.252613"><ele>122.359</ele><time>2020-10-05T02:50:10Z</time></trkpt><trkpt lat="34.051625" lon="-118.252667"><ele>122.203</ele><time>2020-10-05T02:50:11Z</time></trkpt><trkpt lat="34.051557" lon="-118.252718"><ele>121.623</ele><time>2020-10-05T02:50:12Z</time></trkpt><trkpt lat="34.051497" lon="-118.252765"><ele>121.408</ele><time>2020-10-05T02:50:13Z</time></trkpt><trkpt lat="34.051457" lon="-118.252815"><ele>121.170</ele><time>2020-10-05T02:50:14Z</time></trkpt><trkpt lat="34.051409" lon="-118.252889"><ele>120.612</ele><time>2020-10-05T02:50:15Z</time></trkpt><trkpt lat="34.051341" lon="-118.252938"><ele>120.014</ele><time>2020-10-05T02:50:16Z</time></trkpt><trkpt lat="34.051271" lon="-118.252993"><ele>119.454</ele><time>2020-10-05T02:50:17Z</time></trkpt><trkpt lat="34.051214" lon="-118.253033"><ele>118.771</ele><time>2020-10-05T02:50:18Z</time></trkpt><trkpt lat="34.051143" lon="-118.253083"><ele>118.143</ele><time>2020-10-05T02:50:19Z</time></trkpt><trkpt lat="34.051072" lon="-118.253129"><ele>117.295</ele><time>2020-10-05T02:50:20Z</time></trkpt><trkpt lat="34.050987" lon="-118.253205"><ele>116.451</ele><time>2020-10-05T02:50:21Z</time></trkpt><trkpt lat="34.050916" lon="-118.253271"><ele>115.518</ele><time>2020-10-05T02:50:22Z</time></trkpt><trkpt lat="34.050864" lon="-118.253318"><ele>114.798</ele><time>2020-10-05T02:50:23Z</time></trkpt><trkpt lat="34.050786" lon="-118.253369"><ele>113.617</ele><time>2020-10-05T02:50:24Z</time></trkpt><trkpt lat="34.050648" lon="-118.253477"><ele>112.608</ele><time>2020-10-05T02:50:25Z</time></trkpt><trkpt lat="34.050541" lon="-118.253546"><ele>111.586</ele><time>2020-10-05T02:50:26Z</time></trkpt><trkpt lat="34.050444" lon="-118.253650"><ele>110.398</ele><time>2020-10-05T02:50:27Z</time></trkpt><trkpt lat="34.050350" lon="-118.253807"><ele>108.910</ele><time>2020-10-05T02:50:28Z</time></trkpt><trkpt lat="34.050255" lon="-118.253916"><ele>107.660</ele><time>2020-10-05T02:50:29Z</time></trkpt><trkpt lat="34.050192" lon="-118.253961"><ele>106.157</ele><time>2020-10-05T02:50:30Z</time></trkpt><trkpt lat="34.050077" lon="-118.254059"><ele>103.169</ele><time>2020-10-05T02:50:31Z</time></trkpt><trkpt lat="34.050002" lon="-118.254115"><ele>101.931</ele><time>2020-10-05T02:50:32Z</time></trkpt><trkpt lat="34.049936" lon="-118.254173"><ele>100.827</ele><time>2020-10-05T02:50:33Z</time></trkpt><trkpt lat="34.049855" lon="-118.254255"><ele>99.911</ele><time>2020-10-05T02:50:34Z</time></trkpt><trkpt lat="34.049788" lon="-118.254323"><ele>99.221</ele><time>2020-10-05T02:50:35Z</time></trkpt><trkpt lat="34.049681" lon="-118.254400"><ele>98.503</ele><time>2020-10-05T02:50:36Z</time></trkpt><trkpt lat="34.049629" lon="-118.254417"><ele>97.608</ele><time>2020-10-05T02:50:37Z</time></trkpt><trkpt lat="34.049549" lon="-118.254493"><ele>96.766</ele><time>2020-10-05T02:50:38Z</time></trkpt><trkpt lat="34.049456" lon="-118.254557"><ele>95.978</ele><time>2020-10-05T02:50:39Z</time></trkpt><trkpt lat="34.049359" lon="-118.254628"><ele>95.250</ele><time>2020-10-05T02:50:40Z</time></trkpt><trkpt lat="34.049277" lon="-118.254684"><ele>94.650</ele><time>2020-10-05T02:50:41Z</time></trkpt><trkpt lat="34.049197" lon="-118.254778"><ele>94.217</ele><time>2020-10-05T02:50:42Z</time></trkpt><trkpt lat="34.049133" lon="-118.254815"><ele>93.989</ele><time>2020-10-05T02:50:43Z</time></trkpt><trkpt lat="34.049085" lon="-118.254893"><ele>93.371</ele><time>2020-10-05T02:50:45Z</time></trkpt><trkpt lat="34.049037" lon="-118.254942"><ele>93.077</ele><time>2020-10-05T02:50:46Z</time></trkpt><trkpt lat="34.049036" lon="-118.255022"><ele>92.846</ele><time>2020-10-05T02:50:47Z</time></trkpt><trkpt lat="34.049014" lon="-118.255073"><ele>92.788</ele><time>2020-10-05T02:50:48Z</time></trkpt><trkpt lat="34.049004" lon="-118.255143"><ele>92.616</ele><time>2020-10-05T02:50:49Z</time></trkpt><trkpt lat="34.048928" lon="-118.255189"><ele>92.408</ele><time>2020-10-05T02:50:50Z</time></trkpt><trkpt lat="34.048850" lon="-118.255232"><ele>92.269</ele><time>2020-10-05T02:50:51Z</time></trkpt><trkpt lat="34.048725" lon="-118.255154"><ele>91.741</ele><time>2020-10-05T02:50:53Z</time></trkpt><trkpt lat="34.048666" lon="-118.255132"><ele>91.693</ele><time>2020-10-05T02:50:54Z</time></trkpt><trkpt lat="34.048607" lon="-118.255103"><ele>91.573</ele><time>2020-10-05T02:50:55Z</time></trkpt><trkpt lat="34.048559" lon="-118.255070"><ele>91.530</ele><time>2020-10-05T02:50:56Z</time></trkpt><trkpt lat="34.048496" lon="-118.255042"><ele>91.632</ele><time>2020-10-05T02:50:57Z</time></trkpt><trkpt lat="34.048447" lon="-118.254971"><ele>91.744</ele><time>2020-10-05T02:50:59Z</time></trkpt><trkpt lat="34.048399" lon="-118.254917"><ele>91.870</ele><time>2020-10-05T02:51:00Z</time></trkpt><trkpt lat="34.048330" lon="-118.254888"><ele>91.875</ele><time>2020-10-05T02:51:01Z</time></trkpt><trkpt lat="34.048300" lon="-118.254831"><ele>91.728</ele><time>2020-10-05T02:51:02Z</time></trkpt><trkpt lat="34.048291" lon="-118.254778"><ele>91.620</ele><time>2020-10-05T02:51:03Z</time></trkpt><trkpt lat="34.048253" lon="-118.254737"><ele>91.408</ele><time>2020-10-05T02:51:04Z</time></trkpt><trkpt lat="34.048210" lon="-118.254702"><ele>91.322</ele><time>2020-10-05T02:51:05Z</time></trkpt><trkpt lat="34.048129" lon="-118.254623"><ele>91.264</ele><time>2020-10-05T02:51:06Z</time></trkpt><trkpt lat="34.048051" lon="-118.254547"><ele>91.156</ele><time>2020-10-05T02:51:07Z</time></trkpt><trkpt lat="34.048016" lon="-118.254386"><ele>91.046</ele><time>2020-10-05T02:51:08Z</time></trkpt><trkpt lat="34.048002" lon="-118.254304"><ele>90.993</ele><time>2020-10-05T02:51:09Z</time></trkpt><trkpt lat="34.048057" lon="-118.254239"><ele>90.715</ele><time>2020-10-05T02:51:11Z</time></trkpt><trkpt lat="34.048089" lon="-118.254193"><ele>90.617</ele><time>2020-10-05T02:51:13Z</time></trkpt><trkpt lat="34.048070" lon="-118.254246"><ele>90.773</ele><time>2020-10-05T02:51:30Z</time></trkpt><trkpt lat="34.048084" lon="-118.254189"><ele>90.784</ele><time>2020-10-05T02:51:44Z</time></trkpt><trkpt lat="34.048005" lon="-118.254075"><ele>90.807</ele><time>2020-10-05T02:51:46Z</time></trkpt><trkpt lat="34.047972" lon="-118.254035"><ele>90.817</ele><time>2020-10-05T02:51:47Z</time></trkpt><trkpt lat="34.047939" lon="-118.253987"><ele>90.708</ele><time>2020-10-05T02:51:48Z</time></trkpt><trkpt lat="34.047905" lon="-118.253939"><ele>90.613</ele><time>2020-10-05T02:51:49Z</time></trkpt><trkpt lat="34.047867" lon="-118.253890"><ele>90.545</ele><time>2020-10-05T02:51:50Z</time></trkpt><trkpt lat="34.047840" lon="-118.253841"><ele>90.497</ele><time>2020-10-05T02:51:51Z</time></trkpt><trkpt lat="34.047801" lon="-118.253776"><ele>90.367</ele><time>2020-10-05T02:51:53Z</time></trkpt><trkpt lat="34.047769" lon="-118.253729"><ele>90.184</ele><time>2020-10-05T02:51:55Z</time></trkpt><trkpt lat="34.047740" lon="-118.253685"><ele>90.036</ele><time>2020-10-05T02:51:57Z</time></trkpt><trkpt lat="34.047704" lon="-118.253628"><ele>89.988</ele><time>2020-10-05T02:51:59Z</time></trkpt><trkpt lat="34.047659" lon="-118.253565"><ele>89.984</ele><time>2020-10-05T02:52:01Z</time></trkpt><trkpt lat="34.047615" lon="-118.253481"><ele>89.941</ele><time>2020-10-05T02:52:03Z</time></trkpt><trkpt lat="34.047588" lon="-118.253429"><ele>89.981</ele><time>2020-10-05T02:52:04Z</time></trkpt><trkpt lat="34.047560" lon="-118.253379"><ele>89.909</ele><time>2020-10-05T02:52:05Z</time></trkpt><trkpt lat="34.047518" lon="-118.253328"><ele>89.908</ele><time>2020-10-05T02:52:06Z</time></trkpt><trkpt lat="34.047480" lon="-118.253278"><ele>89.929</ele><time>2020-10-05T02:52:07Z</time></trkpt><trkpt lat="34.047439" lon="-118.253222"><ele>89.931</ele><time>2020-10-05T02:52:08Z</time></trkpt><trkpt lat="34.047402" lon="-118.253178"><ele>89.953</ele><time>2020-10-05T02:52:09Z</time></trkpt><trkpt lat="34.047376" lon="-118.253125"><ele>89.993</ele><time>2020-10-05T02:52:10Z</time></trkpt><trkpt lat="34.047353" lon="-118.253077"><ele>89.810</ele><time>2020-10-05T02:52:11Z</time></trkpt><trkpt lat="34.047320" lon="-118.253016"><ele>89.722</ele><time>2020-10-05T02:52:12Z</time></trkpt><trkpt lat="34.047281" lon="-118.252952"><ele>89.644</ele><time>2020-10-05T02:52:13Z</time></trkpt><trkpt lat="34.047223" lon="-118.252893"><ele>89.510</ele><time>2020-10-05T02:52:14Z</time></trkpt><trkpt lat="34.047180" lon="-118.252831"><ele>89.436</ele><time>2020-10-05T02:52:15Z</time></trkpt><trkpt lat="34.047155" lon="-118.252765"><ele>89.317</ele><time>2020-10-05T02:52:16Z</time></trkpt><trkpt lat="34.047142" lon="-118.252698"><ele>89.318</ele><time>2020-10-05T02:52:17Z</time></trkpt><trkpt lat="34.047082" lon="-118.252646"><ele>89.208</ele><time>2020-10-05T02:52:19Z</time></trkpt><trkpt lat="34.047047" lon="-118.252592"><ele>89.228</ele><time>2020-10-05T02:52:20Z</time></trkpt><trkpt lat="34.047029" lon="-118.252499"><ele>89.280</ele><time>2020-10-05T02:52:21Z</time></trkpt><trkpt lat="34.046993" lon="-118.252434"><ele>89.262</ele><time>2020-10-05T02:52:22Z</time></trkpt><trkpt lat="34.046967" lon="-118.252353"><ele>89.052</ele><time>2020-10-05T02:52:23Z</time></trkpt><trkpt lat="34.046850" lon="-118.252301"><ele>88.979</ele><time>2020-10-05T02:52:24Z</time></trkpt><trkpt lat="34.046758" lon="-118.252233"><ele>88.921</ele><time>2020-10-05T02:52:25Z</time></trkpt><trkpt lat="34.046727" lon="-118.252173"><ele>88.933</ele><time>2020-10-05T02:52:26Z</time></trkpt><trkpt lat="34.046700" lon="-118.252112"><ele>88.919</ele><time>2020-10-05T02:52:27Z</time></trkpt><trkpt lat="34.046669" lon="-118.252045"><ele>89.047</ele><time>2020-10-05T02:52:28Z</time></trkpt><trkpt lat="34.046631" lon="-118.251980"><ele>89.029</ele><time>2020-10-05T02:52:30Z</time></trkpt><trkpt lat="34.046635" lon="-118.251891"><ele>88.621</ele><time>2020-10-05T02:52:33Z</time></trkpt><trkpt lat="34.046568" lon="-118.251835"><ele>88.408</ele><time>2020-10-05T02:52:35Z</time></trkpt><trkpt lat="34.046606" lon="-118.251779"><ele>88.459</ele><time>2020-10-05T02:52:37Z</time></trkpt><trkpt lat="34.046575" lon="-118.251714"><ele>88.541</ele><time>2020-10-05T02:52:42Z</time></trkpt><trkpt lat="34.046539" lon="-118.251664"><ele>88.513</ele><time>2020-10-05T02:52:44Z</time></trkpt><trkpt lat="34.046512" lon="-118.251585"><ele>88.543</ele><time>2020-10-05T02:52:46Z</time></trkpt><trkpt lat="34.046486" lon="-118.251520"><ele>88.550</ele><time>2020-10-05T02:52:48Z</time></trkpt><trkpt lat="34.046446" lon="-118.251473"><ele>88.542</ele><time>2020-10-05T02:52:50Z</time></trkpt><trkpt lat="34.046407" lon="-118.251421"><ele>88.544</ele><time>2020-10-05T02:52:52Z</time></trkpt><trkpt lat="34.046378" lon="-118.251374"><ele>88.590</ele><time>2020-10-05T02:52:54Z</time></trkpt><trkpt lat="34.046329" lon="-118.251336"><ele>88.543</ele><time>2020-10-05T02:52:57Z</time></trkpt><trkpt lat="34.046270" lon="-118.251325"><ele>88.464</ele><time>2020-10-05T02:53:01Z</time></trkpt><trkpt lat="34.046221" lon="-118.251337"><ele>88.410</ele><time>2020-10-05T02:53:04Z</time></trkpt><trkpt lat="34.046210" lon="-118.251279"><ele>88.508</ele><time>2020-10-05T02:53:20Z</time></trkpt><trkpt lat="34.046173" lon="-118.251242"><ele>88.569</ele><time>2020-10-05T02:53:23Z</time></trkpt><trkpt lat="34.046131" lon="-118.251211"><ele>88.591</ele><time>2020-10-05T02:53:24Z</time></trkpt><trkpt lat="34.046089" lon="-118.251155"><ele>88.563</ele><time>2020-10-05T02:53:26Z</time></trkpt><trkpt lat="34.046061" lon="-118.251104"><ele>88.453</ele><time>2020-10-05T02:53:33Z</time></trkpt><trkpt lat="34.046044" lon="-118.251045"><ele>88.520</ele><time>2020-10-05T02:53:35Z</time></trkpt><trkpt lat="34.045997" lon="-118.250990"><ele>88.762</ele><time>2020-10-05T02:53:37Z</time></trkpt><trkpt lat="34.045948" lon="-118.250938"><ele>88.864</ele><time>2020-10-05T02:53:39Z</time></trkpt><trkpt lat="34.045919" lon="-118.250894"><ele>88.890</ele><time>2020-10-05T02:53:41Z</time></trkpt><trkpt lat="34.045873" lon="-118.250842"><ele>88.869</ele><time>2020-10-05T02:53:43Z</time></trkpt><trkpt lat="34.045781" lon="-118.250737"><ele>88.804</ele><time>2020-10-05T02:53:45Z</time></trkpt><trkpt lat="34.045730" lon="-118.250690"><ele>88.824</ele><time>2020-10-05T02:53:46Z</time></trkpt><trkpt lat="34.045676" lon="-118.250646"><ele>88.808</ele><time>2020-10-05T02:53:47Z</time></trkpt><trkpt lat="34.045625" lon="-118.250585"><ele>88.821</ele><time>2020-10-05T02:53:48Z</time></trkpt><trkpt lat="34.045593" lon="-118.250516"><ele>88.843</ele><time>2020-10-05T02:53:49Z</time></trkpt><trkpt lat="34.045563" lon="-118.250446"><ele>88.835</ele><time>2020-10-05T02:53:50Z</time></trkpt><trkpt lat="34.045534" lon="-118.250379"><ele>88.845</ele><time>2020-10-05T02:53:51Z</time></trkpt><trkpt lat="34.045477" lon="-118.250318"><ele>88.822</ele><time>2020-10-05T02:53:52Z</time></trkpt><trkpt lat="34.045433" lon="-118.250254"><ele>88.864</ele><time>2020-10-05T02:53:53Z</time></trkpt><trkpt lat="34.045398" lon="-118.250192"><ele>88.876</ele><time>2020-10-05T02:53:54Z</time></trkpt><trkpt lat="34.045368" lon="-118.250148"><ele>88.872</ele><time>2020-10-05T02:53:55Z</time></trkpt><trkpt lat="34.045326" lon="-118.250076"><ele>88.847</ele><time>2020-10-05T02:53:56Z</time></trkpt><trkpt lat="34.045288" lon="-118.250022"><ele>88.829</ele><time>2020-10-05T02:53:57Z</time></trkpt><trkpt lat="34.045251" lon="-118.249965"><ele>88.921</ele><time>2020-10-05T02:53:58Z</time></trkpt><trkpt lat="34.045213" lon="-118.249910"><ele>89.008</ele><time>2020-10-05T02:53:59Z</time></trkpt><trkpt lat="34.045181" lon="-118.249849"><ele>89.179</ele><time>2020-10-05T02:54:00Z</time></trkpt><trkpt lat="34.045144" lon="-118.249793"><ele>89.131</ele><time>2020-10-05T02:54:01Z</time></trkpt><trkpt lat="34.045097" lon="-118.249712"><ele>89.143</ele><time>2020-10-05T02:54:02Z</time></trkpt><trkpt lat="34.045059" lon="-118.249636"><ele>88.943</ele><time>2020-10-05T02:54:03Z</time></trkpt><trkpt lat="34.045018" lon="-118.249569"><ele>88.870</ele><time>2020-10-05T02:54:04Z</time></trkpt><trkpt lat="34.044935" lon="-118.249540"><ele>88.672</ele><time>2020-10-05T02:54:05Z</time></trkpt><trkpt lat="34.044889" lon="-118.249481"><ele>88.424</ele><time>2020-10-05T02:54:06Z</time></trkpt><trkpt lat="34.044834" lon="-118.249422"><ele>88.380</ele><time>2020-10-05T02:54:07Z</time></trkpt><trkpt lat="34.044787" lon="-118.249365"><ele>88.087</ele><time>2020-10-05T02:54:08Z</time></trkpt><trkpt lat="34.044740" lon="-118.249318"><ele>87.742</ele><time>2020-10-05T02:54:09Z</time></trkpt><trkpt lat="34.044685" lon="-118.249247"><ele>87.326</ele><time>2020-10-05T02:54:11Z</time></trkpt><trkpt lat="34.044651" lon="-118.249211"><ele>86.808</ele><time>2020-10-05T02:54:13Z</time></trkpt><trkpt lat="34.044617" lon="-118.249164"><ele>85.833</ele><time>2020-10-05T02:54:21Z</time></trkpt><trkpt lat="34.044565" lon="-118.249130"><ele>85.665</ele><time>2020-10-05T02:54:54Z</time></trkpt><trkpt lat="34.044536" lon="-118.249056"><ele>85.697</ele><time>2020-10-05T02:54:56Z</time></trkpt><trkpt lat="34.044482" lon="-118.248988"><ele>85.747</ele><time>2020-10-05T02:54:58Z</time></trkpt><trkpt lat="34.044426" lon="-118.248899"><ele>85.834</ele><time>2020-10-05T02:55:00Z</time></trkpt><trkpt lat="34.044407" lon="-118.248848"><ele>85.856</ele><time>2020-10-05T02:55:01Z</time></trkpt><trkpt lat="34.044380" lon="-118.248799"><ele>85.938</ele><time>2020-10-05T02:55:02Z</time></trkpt><trkpt lat="34.044350" lon="-118.248753"><ele>86.064</ele><time>2020-10-05T02:55:03Z</time></trkpt><trkpt lat="34.044312" lon="-118.248705"><ele>86.047</ele><time>2020-10-05T02:55:04Z</time></trkpt><trkpt lat="34.044281" lon="-118.248651"><ele>86.029</ele><time>2020-10-05T02:55:05Z</time></trkpt><trkpt lat="34.044226" lon="-118.248552"><ele>86.021</ele><time>2020-10-05T02:55:07Z</time></trkpt><trkpt lat="34.044190" lon="-118.248500"><ele>86.008</ele><time>2020-10-05T02:55:08Z</time></trkpt><trkpt lat="34.044157" lon="-118.248445"><ele>86.089</ele><time>2020-10-05T02:55:09Z</time></trkpt><trkpt lat="34.044118" lon="-118.248394"><ele>86.061</ele><time>2020-10-05T02:55:10Z</time></trkpt><trkpt lat="34.044081" lon="-118.248340"><ele>85.943</ele><time>2020-10-05T02:55:11Z</time></trkpt><trkpt lat="34.044050" lon="-118.248276"><ele>85.893</ele><time>2020-10-05T02:55:12Z</time></trkpt><trkpt lat="34.044022" lon="-118.248207"><ele>85.840</ele><time>2020-10-05T02:55:13Z</time></trkpt><trkpt lat="34.043994" lon="-118.248154"><ele>85.852</ele><time>2020-10-05T02:55:14Z</time></trkpt><trkpt lat="34.043961" lon="-118.248101"><ele>85.814</ele><time>2020-10-05T02:55:15Z</time></trkpt><trkpt lat="34.043919" lon="-118.248041"><ele>85.870</ele><time>2020-10-05T02:55:16Z</time></trkpt><trkpt lat="34.043879" lon="-118.247982"><ele>85.852</ele><time>2020-10-05T02:55:17Z</time></trkpt><trkpt lat="34.043849" lon="-118.247928"><ele>85.853</ele><time>2020-10-05T02:55:18Z</time></trkpt><trkpt lat="34.043813" lon="-118.247872"><ele>85.808</ele><time>2020-10-05T02:55:19Z</time></trkpt><trkpt lat="34.043779" lon="-118.247808"><ele>85.808</ele><time>2020-10-05T02:55:20Z</time></trkpt><trkpt lat="34.043746" lon="-118.247744"><ele>85.820</ele><time>2020-10-05T02:55:21Z</time></trkpt><trkpt lat="34.043712" lon="-118.247680"><ele>85.812</ele><time>2020-10-05T02:55:22Z</time></trkpt><trkpt lat="34.043666" lon="-118.247616"><ele>85.754</ele><time>2020-10-05T02:55:23Z</time></trkpt><trkpt lat="34.043629" lon="-118.247558"><ele>85.744</ele><time>2020-10-05T02:55:24Z</time></trkpt><trkpt lat="34.043601" lon="-118.247494"><ele>85.741</ele><time>2020-10-05T02:55:25Z</time></trkpt><trkpt lat="34.043555" lon="-118.247426"><ele>85.783</ele><time>2020-10-05T02:55:26Z</time></trkpt><trkpt lat="34.043515" lon="-118.247363"><ele>85.715</ele><time>2020-10-05T02:55:27Z</time></trkpt><trkpt lat="34.043479" lon="-118.247299"><ele>85.741</ele><time>2020-10-05T02:55:28Z</time></trkpt><trkpt lat="34.043447" lon="-118.247233"><ele>85.695</ele><time>2020-10-05T02:55:29Z</time></trkpt><trkpt lat="34.043407" lon="-118.247170"><ele>85.649</ele><time>2020-10-05T02:55:30Z</time></trkpt><trkpt lat="34.043373" lon="-118.247106"><ele>85.523</ele><time>2020-10-05T02:55:31Z</time></trkpt><trkpt lat="34.043341" lon="-118.247041"><ele>85.508</ele><time>2020-10-05T02:55:32Z</time></trkpt><trkpt lat="34.043315" lon="-118.246979"><ele>85.544</ele><time>2020-10-05T02:55:33Z</time></trkpt><trkpt lat="34.043274" lon="-118.246919"><ele>85.586</ele><time>2020-10-05T02:55:34Z</time></trkpt><trkpt lat="34.043227" lon="-118.246857"><ele>85.698</ele><time>2020-10-05T02:55:35Z</time></trkpt><trkpt lat="34.043190" lon="-118.246792"><ele>85.618</ele><time>2020-10-05T02:55:36Z</time></trkpt><trkpt lat="34.043152" lon="-118.246733"><ele>85.625</ele><time>2020-10-05T02:55:37Z</time></trkpt><trkpt lat="34.043106" lon="-118.246665"><ele>85.677</ele><time>2020-10-05T02:55:38Z</time></trkpt><trkpt lat="34.043068" lon="-118.246608"><ele>85.649</ele><time>2020-10-05T02:55:39Z</time></trkpt><trkpt lat="34.043022" lon="-118.246547"><ele>85.595</ele><time>2020-10-05T02:55:40Z</time></trkpt><trkpt lat="34.042985" lon="-118.246484"><ele>85.548</ele><time>2020-10-05T02:55:41Z</time></trkpt><trkpt lat="34.042943" lon="-118.246416"><ele>85.561</ele><time>2020-10-05T02:55:42Z</time></trkpt><trkpt lat="34.042905" lon="-118.246352"><ele>85.517</ele><time>2020-10-05T02:55:43Z</time></trkpt><trkpt lat="34.042856" lon="-118.246288"><ele>85.508</ele><time>2020-10-05T02:55:44Z</time></trkpt><trkpt lat="34.042822" lon="-118.246225"><ele>85.539</ele><time>2020-10-05T02:55:45Z</time></trkpt><trkpt lat="34.042785" lon="-118.246159"><ele>85.531</ele><time>2020-10-05T02:55:46Z</time></trkpt><trkpt lat="34.042740" lon="-118.246102"><ele>85.583</ele><time>2020-10-05T02:55:47Z</time></trkpt><trkpt lat="34.042696" lon="-118.246039"><ele>85.663</ele><time>2020-10-05T02:55:48Z</time></trkpt><trkpt lat="34.042654" lon="-118.245970"><ele>85.630</ele><time>2020-10-05T02:55:49Z</time></trkpt><trkpt lat="34.042620" lon="-118.245912"><ele>85.622</ele><time>2020-10-05T02:55:50Z</time></trkpt><trkpt lat="34.042584" lon="-118.245850"><ele>85.624</ele><time>2020-10-05T02:55:51Z</time></trkpt><trkpt lat="34.042541" lon="-118.245772"><ele>85.620</ele><time>2020-10-05T02:55:52Z</time></trkpt><trkpt lat="34.042504" lon="-118.245704"><ele>85.757</ele><time>2020-10-05T02:55:53Z</time></trkpt><trkpt lat="34.042461" lon="-118.245639"><ele>85.800</ele><time>2020-10-05T02:55:54Z</time></trkpt><trkpt lat="34.042419" lon="-118.245580"><ele>85.920</ele><time>2020-10-05T02:55:55Z</time></trkpt><trkpt lat="34.042381" lon="-118.245511"><ele>86.008</ele><time>2020-10-05T02:55:56Z</time></trkpt><trkpt lat="34.042339" lon="-118.245449"><ele>86.080</ele><time>2020-10-05T02:55:57Z</time></trkpt><trkpt lat="34.042306" lon="-118.245389"><ele>86.042</ele><time>2020-10-05T02:55:58Z</time></trkpt><trkpt lat="34.042261" lon="-118.245327"><ele>86.084</ele><time>2020-10-05T02:55:59Z</time></trkpt><trkpt lat="34.042220" lon="-118.245268"><ele>86.144</ele><time>2020-10-05T02:56:00Z</time></trkpt><trkpt lat="34.042182" lon="-118.245209"><ele>86.371</ele><time>2020-10-05T02:56:01Z</time></trkpt><trkpt lat="34.042140" lon="-118.245139"><ele>86.493</ele><time>2020-10-05T02:56:02Z</time></trkpt><trkpt lat="34.042099" lon="-118.245070"><ele>86.555</ele><time>2020-10-05T02:56:03Z</time></trkpt><trkpt lat="34.042056" lon="-118.244993"><ele>86.621</ele><time>2020-10-05T02:56:04Z</time></trkpt><trkpt lat="34.042029" lon="-118.244921"><ele>86.628</ele><time>2020-10-05T02:56:05Z</time></trkpt><trkpt lat="34.041983" lon="-118.244866"><ele>86.589</ele><time>2020-10-05T02:56:06Z</time></trkpt><trkpt lat="34.041946" lon="-118.244801"><ele>86.517</ele><time>2020-10-05T02:56:07Z</time></trkpt><trkpt lat="34.041907" lon="-118.244735"><ele>86.408</ele><time>2020-10-05T02:56:08Z</time></trkpt><trkpt lat="34.041868" lon="-118.244668"><ele>86.497</ele><time>2020-10-05T02:56:09Z</time></trkpt><trkpt lat="34.041834" lon="-118.244603"><ele>86.339</ele><time>2020-10-05T02:56:10Z</time></trkpt><trkpt lat="34.041797" lon="-118.244531"><ele>86.331</ele><time>2020-10-05T02:56:11Z</time></trkpt><trkpt lat="34.041754" lon="-118.244465"><ele>86.331</ele><time>2020-10-05T02:56:12Z</time></trkpt><trkpt lat="34.041718" lon="-118.244406"><ele>86.378</ele><time>2020-10-05T02:56:13Z</time></trkpt><trkpt lat="34.041674" lon="-118.244344"><ele>86.370</ele><time>2020-10-05T02:56:14Z</time></trkpt><trkpt lat="34.041632" lon="-118.244291"><ele>86.312</ele><time>2020-10-05T02:56:15Z</time></trkpt><trkpt lat="34.041596" lon="-118.244225"><ele>86.348</ele><time>2020-10-05T02:56:16Z</time></trkpt><trkpt lat="34.041557" lon="-118.244165"><ele>86.323</ele><time>2020-10-05T02:56:17Z</time></trkpt><trkpt lat="34.041517" lon="-118.244098"><ele>86.383</ele><time>2020-10-05T02:56:18Z</time></trkpt><trkpt lat="34.041476" lon="-118.244034"><ele>86.311</ele><time>2020-10-05T02:56:19Z</time></trkpt><trkpt lat="34.041450" lon="-118.243970"><ele>86.308</ele><time>2020-10-05T02:56:20Z</time></trkpt><trkpt lat="34.041415" lon="-118.243922"><ele>86.337</ele><time>2020-10-05T02:56:21Z</time></trkpt><trkpt lat="34.041386" lon="-118.243878"><ele>86.229</ele><time>2020-10-05T02:56:22Z</time></trkpt><trkpt lat="34.041362" lon="-118.243826"><ele>86.231</ele><time>2020-10-05T02:56:23Z</time></trkpt><trkpt lat="34.041318" lon="-118.243763"><ele>85.991</ele><time>2020-10-05T02:56:25Z</time></trkpt><trkpt lat="34.041290" lon="-118.243716"><ele>85.568</ele><time>2020-10-05T02:56:46Z</time></trkpt><trkpt lat="34.041243" lon="-118.243660"><ele>85.630</ele><time>2020-10-05T02:56:49Z</time></trkpt><trkpt lat="34.041193" lon="-118.243618"><ele>85.752</ele><time>2020-10-05T02:56:51Z</time></trkpt><trkpt lat="34.041132" lon="-118.243560"><ele>85.858</ele><time>2020-10-05T02:56:53Z</time></trkpt><trkpt lat="34.041092" lon="-118.243460"><ele>85.823</ele><time>2020-10-05T02:56:55Z</time></trkpt><trkpt lat="34.041068" lon="-118.243408"><ele>85.883</ele><time>2020-10-05T02:56:56Z</time></trkpt><trkpt lat="34.041042" lon="-118.243363"><ele>85.811</ele><time>2020-10-05T02:56:57Z</time></trkpt><trkpt lat="34.041006" lon="-118.243317"><ele>85.808</ele><time>2020-10-05T02:56:58Z</time></trkpt><trkpt lat="34.040972" lon="-118.243259"><ele>85.917</ele><time>2020-10-05T02:56:59Z</time></trkpt><trkpt lat="34.040940" lon="-118.243207"><ele>86.159</ele><time>2020-10-05T02:57:00Z</time></trkpt><trkpt lat="34.040912" lon="-118.243151"><ele>86.171</ele><time>2020-10-05T02:57:01Z</time></trkpt><trkpt lat="34.040881" lon="-118.243102"><ele>86.271</ele><time>2020-10-05T02:57:02Z</time></trkpt><trkpt lat="34.040848" lon="-118.243048"><ele>86.338</ele><time>2020-10-05T02:57:03Z</time></trkpt><trkpt lat="34.040819" lon="-118.242999"><ele>86.390</ele><time>2020-10-05T02:57:04Z</time></trkpt><trkpt lat="34.040785" lon="-118.242948"><ele>86.342</ele><time>2020-10-05T02:57:05Z</time></trkpt><trkpt lat="34.040749" lon="-118.242898"><ele>86.218</ele><time>2020-10-05T02:57:06Z</time></trkpt><trkpt lat="34.040715" lon="-118.242850"><ele>86.297</ele><time>2020-10-05T02:57:07Z</time></trkpt><trkpt lat="34.040679" lon="-118.242791"><ele>86.223</ele><time>2020-10-05T02:57:08Z</time></trkpt><trkpt lat="34.040646" lon="-118.242739"><ele>86.225</ele><time>2020-10-05T02:57:09Z</time></trkpt><trkpt lat="34.040607" lon="-118.242690"><ele>86.208</ele><time>2020-10-05T02:57:10Z</time></trkpt><trkpt lat="34.040560" lon="-118.242632"><ele>86.354</ele><time>2020-10-05T02:57:11Z</time></trkpt><trkpt lat="34.040526" lon="-118.242568"><ele>86.326</ele><time>2020-10-05T02:57:12Z</time></trkpt><trkpt lat="34.040492" lon="-118.242512"><ele>86.338</ele><time>2020-10-05T02:57:13Z</time></trkpt><trkpt lat="34.040450" lon="-118.242452"><ele>86.398</ele><time>2020-10-05T02:57:14Z</time></trkpt><trkpt lat="34.040414" lon="-118.242393"><ele>86.345</ele><time>2020-10-05T02:57:15Z</time></trkpt><trkpt lat="34.040373" lon="-118.242330"><ele>86.237</ele><time>2020-10-05T02:57:16Z</time></trkpt><trkpt lat="34.040323" lon="-118.242282"><ele>86.169</ele><time>2020-10-05T02:57:17Z</time></trkpt><trkpt lat="34.040289" lon="-118.242225"><ele>86.025</ele><time>2020-10-05T02:57:18Z</time></trkpt><trkpt lat="34.040255" lon="-118.242170"><ele>86.073</ele><time>2020-10-05T02:57:19Z</time></trkpt><trkpt lat="34.040218" lon="-118.242101"><ele>86.085</ele><time>2020-10-05T02:57:20Z</time></trkpt><trkpt lat="34.040182" lon="-118.242051"><ele>86.013</ele><time>2020-10-05T02:57:21Z</time></trkpt><trkpt lat="34.040152" lon="-118.241981"><ele>86.008</ele><time>2020-10-05T02:57:22Z</time></trkpt><trkpt lat="34.040116" lon="-118.241915"><ele>85.922</ele><time>2020-10-05T02:57:23Z</time></trkpt><trkpt lat="34.040082" lon="-118.241851"><ele>85.864</ele><time>2020-10-05T02:57:24Z</time></trkpt><trkpt lat="34.040041" lon="-118.241791"><ele>85.886</ele><time>2020-10-05T02:57:25Z</time></trkpt><trkpt lat="34.040001" lon="-118.241734"><ele>85.836</ele><time>2020-10-05T02:57:26Z</time></trkpt><trkpt lat="34.039963" lon="-118.241673"><ele>85.893</ele><time>2020-10-05T02:57:27Z</time></trkpt><trkpt lat="34.039925" lon="-118.241608"><ele>85.875</ele><time>2020-10-05T02:57:28Z</time></trkpt><trkpt lat="34.039886" lon="-118.241540"><ele>85.827</ele><time>2020-10-05T02:57:29Z</time></trkpt><trkpt lat="34.039849" lon="-118.241471"><ele>85.813</ele><time>2020-10-05T02:57:30Z</time></trkpt><trkpt lat="34.039808" lon="-118.241414"><ele>85.785</ele><time>2020-10-05T02:57:31Z</time></trkpt><trkpt lat="34.039775" lon="-118.241357"><ele>85.689</ele><time>2020-10-05T02:57:32Z</time></trkpt><trkpt lat="34.039738" lon="-118.241289"><ele>85.617</ele><time>2020-10-05T02:57:33Z</time></trkpt><trkpt lat="34.039706" lon="-118.241226"><ele>85.708</ele><time>2020-10-05T02:57:34Z</time></trkpt><trkpt lat="34.039661" lon="-118.241163"><ele>85.763</ele><time>2020-10-05T02:57:35Z</time></trkpt><trkpt lat="34.039623" lon="-118.241097"><ele>85.885</ele><time>2020-10-05T02:57:36Z</time></trkpt><trkpt lat="34.039595" lon="-118.241031"><ele>85.887</ele><time>2020-10-05T02:57:37Z</time></trkpt><trkpt lat="34.039556" lon="-118.240975"><ele>85.727</ele><time>2020-10-05T02:57:38Z</time></trkpt><trkpt lat="34.039522" lon="-118.240910"><ele>85.754</ele><time>2020-10-05T02:57:39Z</time></trkpt><trkpt lat="34.039480" lon="-118.240847"><ele>85.746</ele><time>2020-10-05T02:57:40Z</time></trkpt><trkpt lat="34.039445" lon="-118.240791"><ele>85.738</ele><time>2020-10-05T02:57:41Z</time></trkpt><trkpt lat="34.039408" lon="-118.240734"><ele>85.764</ele><time>2020-10-05T02:57:42Z</time></trkpt><trkpt lat="34.039376" lon="-118.240681"><ele>85.721</ele><time>2020-10-05T02:57:43Z</time></trkpt><trkpt lat="34.039339" lon="-118.240631"><ele>85.741</ele><time>2020-10-05T02:57:44Z</time></trkpt><trkpt lat="34.039302" lon="-118.240583"><ele>85.705</ele><time>2020-10-05T02:57:45Z</time></trkpt><trkpt lat="34.039272" lon="-118.240530"><ele>85.708</ele><time>2020-10-05T02:57:46Z</time></trkpt><trkpt lat="34.039250" lon="-118.240472"><ele>85.627</ele><time>2020-10-05T02:57:47Z</time></trkpt><trkpt lat="34.039223" lon="-118.240428"><ele>85.649</ele><time>2020-10-05T02:57:48Z</time></trkpt><trkpt lat="34.039197" lon="-118.240383"><ele>85.661</ele><time>2020-10-05T02:57:49Z</time></trkpt><trkpt lat="34.039147" lon="-118.240302"><ele>85.591</ele><time>2020-10-05T02:57:51Z</time></trkpt><trkpt lat="34.039111" lon="-118.240247"><ele>85.568</ele><time>2020-10-05T02:57:53Z</time></trkpt><trkpt lat="34.039084" lon="-118.240202"><ele>85.290</ele><time>2020-10-05T02:57:56Z</time></trkpt><trkpt lat="34.039051" lon="-118.240157"><ele>85.192</ele><time>2020-10-05T02:58:22Z</time></trkpt><trkpt lat="34.039004" lon="-118.240146"><ele>85.068</ele><time>2020-10-05T02:58:25Z</time></trkpt><trkpt lat="34.038965" lon="-118.240113"><ele>84.965</ele><time>2020-10-05T02:58:27Z</time></trkpt><trkpt lat="34.038934" lon="-118.240037"><ele>84.968</ele><time>2020-10-05T02:58:29Z</time></trkpt><trkpt lat="34.038891" lon="-118.239947"><ele>85.014</ele><time>2020-10-05T02:58:31Z</time></trkpt><trkpt lat="34.038874" lon="-118.239894"><ele>85.208</ele><time>2020-10-05T02:58:32Z</time></trkpt><trkpt lat="34.038845" lon="-118.239844"><ele>85.371</ele><time>2020-10-05T02:58:33Z</time></trkpt><trkpt lat="34.038817" lon="-118.239790"><ele>85.363</ele><time>2020-10-05T02:58:34Z</time></trkpt><trkpt lat="34.038789" lon="-118.239731"><ele>85.365</ele><time>2020-10-05T02:58:35Z</time></trkpt><trkpt lat="34.038755" lon="-118.239673"><ele>85.355</ele><time>2020-10-05T02:58:36Z</time></trkpt><trkpt lat="34.038725" lon="-118.239625"><ele>85.372</ele><time>2020-10-05T02:58:37Z</time></trkpt><trkpt lat="34.038693" lon="-118.239573"><ele>85.334</ele><time>2020-10-05T02:58:38Z</time></trkpt><trkpt lat="34.038662" lon="-118.239517"><ele>85.326</ele><time>2020-10-05T02:58:39Z</time></trkpt><trkpt lat="34.038635" lon="-118.239462"><ele>85.312</ele><time>2020-10-05T02:58:40Z</time></trkpt><trkpt lat="34.038611" lon="-118.239406"><ele>85.382</ele><time>2020-10-05T02:58:41Z</time></trkpt><trkpt lat="34.038586" lon="-118.239351"><ele>85.343</ele><time>2020-10-05T02:58:42Z</time></trkpt><trkpt lat="34.038558" lon="-118.239291"><ele>85.317</ele><time>2020-10-05T02:58:43Z</time></trkpt><trkpt lat="34.038526" lon="-118.239234"><ele>85.308</ele><time>2020-10-05T02:58:44Z</time></trkpt><trkpt lat="34.038503" lon="-118.239173"><ele>85.323</ele><time>2020-10-05T02:58:45Z</time></trkpt><trkpt lat="34.038468" lon="-118.239108"><ele>85.255</ele><time>2020-10-05T02:58:46Z</time></trkpt><trkpt lat="34.038444" lon="-118.239038"><ele>85.117</ele><time>2020-10-05T02:58:47Z</time></trkpt><trkpt lat="34.038417" lon="-118.238970"><ele>85.067</ele><time>2020-10-05T02:58:48Z</time></trkpt><trkpt lat="34.038387" lon="-118.238893"><ele>85.034</ele><time>2020-10-05T02:58:49Z</time></trkpt><trkpt lat="34.038355" lon="-118.238819"><ele>85.046</ele><time>2020-10-05T02:58:50Z</time></trkpt><trkpt lat="34.038317" lon="-118.238758"><ele>85.068</ele><time>2020-10-05T02:58:51Z</time></trkpt><trkpt lat="34.038278" lon="-118.238692"><ele>85.084</ele><time>2020-10-05T02:58:52Z</time></trkpt><trkpt lat="34.038258" lon="-118.238624"><ele>85.017</ele><time>2020-10-05T02:58:53Z</time></trkpt><trkpt lat="34.038237" lon="-118.238564"><ele>85.087</ele><time>2020-10-05T02:58:54Z</time></trkpt><trkpt lat="34.038228" lon="-118.238508"><ele>84.915</ele><time>2020-10-05T02:58:55Z</time></trkpt><trkpt lat="34.038239" lon="-118.238454"><ele>84.908</ele><time>2020-10-05T02:58:56Z</time></trkpt><trkpt lat="34.038270" lon="-118.238409"><ele>84.956</ele><time>2020-10-05T02:58:57Z</time></trkpt><trkpt lat="34.038318" lon="-118.238378"><ele>84.968</ele><time>2020-10-05T02:58:58Z</time></trkpt><trkpt lat="34.038361" lon="-118.238357"><ele>85.070</ele><time>2020-10-05T02:58:59Z</time></trkpt><trkpt lat="34.038414" lon="-118.238340"><ele>85.060</ele><time>2020-10-05T02:59:00Z</time></trkpt><trkpt lat="34.038466" lon="-118.238339"><ele>85.057</ele><time>2020-10-05T02:59:01Z</time></trkpt><trkpt lat="34.038520" lon="-118.238333"><ele>85.089</ele><time>2020-10-05T02:59:02Z</time></trkpt><trkpt lat="34.038580" lon="-118.238329"><ele>84.951</ele><time>2020-10-05T02:59:03Z</time></trkpt><trkpt lat="34.038634" lon="-118.238329"><ele>84.877</ele><time>2020-10-05T02:59:04Z</time></trkpt><trkpt lat="34.038687" lon="-118.238328"><ele>84.855</ele><time>2020-10-05T02:59:05Z</time></trkpt><trkpt lat="34.038743" lon="-118.238316"><ele>84.807</ele><time>2020-10-05T02:59:06Z</time></trkpt><trkpt lat="34.038798" lon="-118.238314"><ele>84.917</ele><time>2020-10-05T02:59:07Z</time></trkpt><trkpt lat="34.038861" lon="-118.238304"><ele>84.908</ele><time>2020-10-05T02:59:08Z</time></trkpt><trkpt lat="34.038917" lon="-118.238295"><ele>84.930</ele><time>2020-10-05T02:59:09Z</time></trkpt><trkpt lat="34.038973" lon="-118.238277"><ele>84.892</ele><time>2020-10-05T02:59:10Z</time></trkpt><trkpt lat="34.039027" lon="-118.238253"><ele>84.724</ele><time>2020-10-05T02:59:11Z</time></trkpt><trkpt lat="34.039070" lon="-118.238212"><ele>84.614</ele><time>2020-10-05T02:59:12Z</time></trkpt><trkpt lat="34.039074" lon="-118.238144"><ele>84.571</ele><time>2020-10-05T02:59:13Z</time></trkpt><trkpt lat="34.039073" lon="-118.238080"><ele>84.533</ele><time>2020-10-05T02:59:14Z</time></trkpt><trkpt lat="34.039077" lon="-118.238011"><ele>84.595</ele><time>2020-10-05T02:59:15Z</time></trkpt><trkpt lat="34.039081" lon="-118.237944"><ele>84.631</ele><time>2020-10-05T02:59:16Z</time></trkpt><trkpt lat="34.039086" lon="-118.237872"><ele>84.799</ele><time>2020-10-05T02:59:17Z</time></trkpt><trkpt lat="34.039090" lon="-118.237809"><ele>84.807</ele><time>2020-10-05T02:59:18Z</time></trkpt><trkpt lat="34.039092" lon="-118.237740"><ele>84.927</ele><time>2020-10-05T02:59:19Z</time></trkpt><trkpt lat="34.039090" lon="-118.237663"><ele>85.008</ele><time>2020-10-05T02:59:20Z</time></trkpt><trkpt lat="34.039089" lon="-118.237588"><ele>85.134</ele><time>2020-10-05T02:59:21Z</time></trkpt><trkpt lat="34.039098" lon="-118.237509"><ele>85.126</ele><time>2020-10-05T02:59:22Z</time></trkpt><trkpt lat="34.039098" lon="-118.237433"><ele>85.138</ele><time>2020-10-05T02:59:23Z</time></trkpt><trkpt lat="34.039100" lon="-118.237357"><ele>85.188</ele><time>2020-10-05T02:59:24Z</time></trkpt><trkpt lat="34.039101" lon="-118.237279"><ele>85.165</ele><time>2020-10-05T02:59:25Z</time></trkpt><trkpt lat="34.039100" lon="-118.237204"><ele>85.097</ele><time>2020-10-05T02:59:26Z</time></trkpt><trkpt lat="34.039094" lon="-118.237136"><ele>84.989</ele><time>2020-10-05T02:59:27Z</time></trkpt><trkpt lat="34.039086" lon="-118.237068"><ele>84.885</ele><time>2020-10-05T02:59:28Z</time></trkpt><trkpt lat="34.039093" lon="-118.236995"><ele>84.884</ele><time>2020-10-05T02:59:29Z</time></trkpt><trkpt lat="34.039099" lon="-118.236919"><ele>84.807</ele><time>2020-10-05T02:59:30Z</time></trkpt><trkpt lat="34.039100" lon="-118.236846"><ele>84.817</ele><time>2020-10-05T02:59:31Z</time></trkpt><trkpt lat="34.039108" lon="-118.236769"><ele>84.808</ele><time>2020-10-05T02:59:32Z</time></trkpt><trkpt lat="34.039111" lon="-118.236699"><ele>84.983</ele><time>2020-10-05T02:59:33Z</time></trkpt><trkpt lat="34.039117" lon="-118.236629"><ele>85.085</ele><time>2020-10-05T02:59:34Z</time></trkpt><trkpt lat="34.039125" lon="-118.236565"><ele>85.037</ele><time>2020-10-05T02:59:35Z</time></trkpt><trkpt lat="34.039130" lon="-118.236505"><ele>85.027</ele><time>2020-10-05T02:59:36Z</time></trkpt><trkpt lat="34.039133" lon="-118.236440"><ele>85.064</ele><time>2020-10-05T02:59:37Z</time></trkpt><trkpt lat="34.039136" lon="-118.236375"><ele>85.036</ele><time>2020-10-05T02:59:38Z</time></trkpt><trkpt lat="34.039132" lon="-118.236318"><ele>84.918</ele><time>2020-10-05T02:59:39Z</time></trkpt><trkpt lat="34.039128" lon="-118.236217"><ele>84.914</ele><time>2020-10-05T02:59:41Z</time></trkpt><trkpt lat="34.039117" lon="-118.236157"><ele>84.971</ele><time>2020-10-05T02:59:44Z</time></trkpt><trkpt lat="34.039152" lon="-118.236122"><ele>84.841</ele><time>2020-10-05T03:00:38Z</time></trkpt><trkpt lat="34.039107" lon="-118.236148"><ele>84.715</ele><time>2020-10-05T03:00:43Z</time></trkpt><trkpt lat="34.039074" lon="-118.236188"><ele>84.708</ele><time>2020-10-05T03:00:49Z</time></trkpt><trkpt lat="34.039023" lon="-118.236205"><ele>84.762</ele><time>2020-10-05T03:00:51Z</time></trkpt><trkpt lat="34.038943" lon="-118.236221"><ele>84.894</ele><time>2020-10-05T03:00:53Z</time></trkpt><trkpt lat="34.038856" lon="-118.236229"><ele>84.996</ele><time>2020-10-05T03:00:55Z</time></trkpt><trkpt lat="34.038773" lon="-118.236220"><ele>84.916</ele><time>2020-10-05T03:00:57Z</time></trkpt><trkpt lat="34.038716" lon="-118.236194"><ele>84.893</ele><time>2020-10-05T03:00:59Z</time></trkpt><trkpt lat="34.038698" lon="-118.236121"><ele>84.775</ele><time>2020-10-05T03:01:01Z</time></trkpt><trkpt lat="34.038693" lon="-118.236046"><ele>84.577</ele><time>2020-10-05T03:01:03Z</time></trkpt><trkpt lat="34.038708" lon="-118.235972"><ele>84.383</ele><time>2020-10-05T03:01:05Z</time></trkpt><trkpt lat="34.038717" lon="-118.235918"><ele>84.384</ele><time>2020-10-05T03:01:11Z</time></trkpt></trkseg></trk></gpx>